t_sec,x,y,yaw,u,v,r,applied_steer_ui,applied_steer_rad,applied_thrust,bow,target_steer_ui,target_thrust
1769434981.9398794,6.107002019882202,5.862330436706543,-2.509175543355257,0.47217556196263505,-0.04037517894542574,0.029692640822638363,0.0,0.0,0.0,0.0,0.0,0.0
1769434981.98991,6.107002019882202,5.862330436706543,-2.509175543355257,0.47217556196263505,-0.04037517894542574,0.029692640822638363,0.0,0.0,0.0,0.0,0.0,0.0
1769434982.0398362,6.074355602264404,5.831529140472412,-2.498693701445078,0.4647754848084573,-0.006471330895544809,0.04538375569279063,0.0,0.0,100.0,0.0,0.0,100.0
1769434982.0899231,6.074355602264404,5.831529140472412,-2.498693701445078,0.4647754848084573,-0.006471330895544809,0.04538375569279063,0.0,0.0,100.0,0.0,0.0,100.0
1769434982.1398847,6.042539834976196,5.800577640533447,-2.488878928859502,0.45699425734058335,0.014430898150265478,0.05766317684913341,0.0,0.0,100.0,0.0,0.0,100.0
1769434982.189848,6.042539834976196,5.800577640533447,-2.488878928859502,0.45699425734058335,0.014430898150265478,0.05766317684913341,0.0,0.0,100.0,0.0,0.0,100.0
1769434982.2398114,6.011894702911377,5.7691779136657715,-2.4787466500542874,0.4499883988426416,0.026991826913292043,0.06726081507431535,0.0,0.0,200.0,0.0,0.0,200.0
1769434982.2898397,6.011894702911377,5.7691779136657715,-2.4787466500542874,0.4499883988426416,0.026991826913292043,0.06726081507431535,0.0,0.0,200.0,0.0,0.0,200.0
1769434982.3398354,5.981985569000244,5.739953517913818,-2.4727240145483345,0.44369277770530463,0.034012826981932046,0.0715420030490652,0.0,0.0,200.0,0.0,0.0,200.0
1769434982.3898761,5.981985569000244,5.739953517913818,-2.4727240145483345,0.44369277770530463,0.034012826981932046,0.0715420030490652,0.0,0.0,200.0,0.0,0.0,200.0
1769434982.4398384,5.952926158905029,5.70941686630249,-2.4621280875449845,0.43818615338218897,0.03800762407591651,0.07537951723025368,0.0,0.0,300.0,0.0,0.0,300.0
1769434982.4898882,5.952926158905029,5.70941686630249,-2.4621280875449845,0.43818615338218897,0.03800762407591651,0.07537951723025368,0.0,0.0,300.0,0.0,0.0,300.0
1769434982.5397608,5.924742221832275,5.680646896362305,-2.455228377277697,0.43296302775916534,0.04015030581554424,0.07696882548627157,0.0,0.0,300.0,0.0,0.0,300.0
1769434982.5899587,5.924742221832275,5.680646896362305,-2.455228377277697,0.43296302775916534,0.04015030581554424,0.07696882548627157,0.0,0.0,400.0,0.0,0.0,400.0
1769434982.6397872,5.897536277770996,5.651858806610107,-2.4465425231944153,0.4276784362007237,0.04135386433772667,0.07809665313979391,0.0,0.0,400.0,0.0,0.0,400.0
1769434982.6898673,5.897536277770996,5.651858806610107,-2.4465425231944153,0.4276784362007237,0.04135386433772667,0.07809665313979391,0.0,0.0,400.0,0.0,0.0,400.0
1769434982.7397997,5.87055778503418,5.6233811378479,-2.439135751629141,0.42227930203591957,0.042033961820081955,0.07831006100079889,0.0,0.0,500.0,0.0,0.0,500.0
1769434982.7898712,5.87055778503418,5.6233811378479,-2.439135751629141,0.42227930203591957,0.042033961820081955,0.07831006100079889,0.0,0.0,500.0,0.0,0.0,500.0
1769434982.8397965,5.84401273727417,5.595364570617676,-2.4312810899100925,0.4167467914628881,0.04233304695309604,0.0782199661296496,0.0,0.0,600.0,0.0,0.0,600.0
1769434982.8898897,5.84401273727417,5.595364570617676,-2.4312810899100925,0.4167467914628881,0.04233304695309604,0.0782199661296496,0.0,0.0,600.0,0.0,0.0,600.0
1769434982.939844,5.819337844848633,5.567601203918457,-2.425877726666777,0.4107924977778126,0.04261813376433975,0.07619974326874335,0.0,0.0,600.0,0.0,0.0,600.0
1769434982.989885,5.819337844848633,5.567601203918457,-2.425877726666777,0.4107924977778126,0.04261813376433975,0.07619974326874335,0.0,0.0,700.0,0.0,0.0,700.0
1769434983.0397778,5.794809818267822,5.540136814117432,-2.4191119084639783,0.4044989474375823,0.04292371297376022,0.07390201946085852,0.0,0.0,700.0,0.0,0.0,700.0
1769434983.0898616,5.794809818267822,5.540136814117432,-2.4191119084639783,0.4044989474375823,0.04292371297376022,0.07390201946085852,0.0,0.0,700.0,0.0,0.0,700.0
1769434983.1398602,5.770961761474609,5.512816429138184,-2.415595817254188,0.39797178786913334,0.043297559458177405,0.06947786136041752,0.0,0.0,700.0,0.0,0.0,700.0
1769434983.189892,5.770961761474609,5.512816429138184,-2.415595817254188,0.39797178786913334,0.043297559458177405,0.06947786136041752,0.0,0.0,800.0,0.0,0.0,800.0
1769434983.2398787,5.747564792633057,5.486670970916748,-2.4095032504811376,0.39119535136881883,0.043483437510883384,0.0657584490803779,0.0,0.0,800.0,0.0,0.0,800.0
1769434983.2898679,5.747564792633057,5.486670970916748,-2.4095032504811376,0.39119535136881883,0.043483437510883384,0.0657584490803779,0.0,0.0,800.0,0.0,0.0,800.0
1769434983.3397934,5.725008010864258,5.460427284240723,-2.4046318136721454,0.3842287394644499,0.043558475913241544,0.06246134897735055,0.0,0.0,800.0,0.0,0.0,800.0
1769434983.3898873,5.725008010864258,5.460427284240723,-2.4046318136721454,0.3842287394644499,0.043558475913241544,0.06246134897735055,0.0,0.0,900.0,0.0,0.0,900.0
1769434983.439828,5.702648162841797,5.434082508087158,-2.4028990651711397,0.3773722276740726,0.04361032058344031,0.0571495008248338,0.0,0.0,900.0,0.0,0.0,900.0
1769434983.4898572,5.702648162841797,5.434082508087158,-2.4028990651711397,0.3773722276740726,0.04361032058344031,0.0571495008248338,0.0,0.0,900.0,0.0,0.0,900.0
1769434983.5397778,5.681103706359863,5.408687114715576,-2.3997123758084116,0.3705371831761975,0.043588772787959536,0.05162997854765907,0.0,0.0,900.0,0.0,0.0,900.0
1769434983.5898542,5.681103706359863,5.408687114715576,-2.3997123758084116,0.3705371831761975,0.043588772787959536,0.05162997854765907,0.0,0.0,1000.0,0.0,0.0,1000.0
1769434983.6397746,5.659792900085449,5.3834710121154785,-2.3962368728308188,0.36380994465350835,0.04346803927117843,0.047097065788854184,0.0,0.0,1000.0,0.0,0.0,1000.0
1769434983.6898758,5.659792900085449,5.3834710121154785,-2.3962368728308188,0.36380994465350835,0.04346803927117843,0.047097065788854184,0.0,0.0,1000.0,0.0,0.0,1000.0
1769434983.739776,5.639050006866455,5.358279705047607,-2.3949907679719327,0.3573004389049756,0.043359381349220676,0.0420390897999877,0.0,0.0,1000.0,0.0,0.0,1000.0
1769434983.7899592,5.639050006866455,5.358279705047607,-2.3949907679719327,0.3573004389049756,0.043359381349220676,0.0420390897999877,0.0,0.0,1000.0,0.0,0.0,1000.0
1769434983.8397865,5.618694305419922,5.333962917327881,-2.3915491120384873,0.35091073647327536,0.043157704345558,0.03841166612183157,0.0,0.0,1000.0,0.0,0.0,1000.0
1769434983.8898406,5.618694305419922,5.333962917327881,-2.3915491120384873,0.35091073647327536,0.043157704345558,0.03841166612183157,0.0,0.0,1000.0,0.0,0.0,1000.0
1769434983.93987,5.598927974700928,5.309539794921875,-2.3895554318942076,0.34468757900896063,0.042979783605540424,0.03524457170879991,0.0,0.0,1100.0,0.0,0.0,1100.0
1769434983.9898899,5.598927974700928,5.309539794921875,-2.3895554318942076,0.34468757900896063,0.042979783605540424,0.03524457170879991,0.0,0.0,1100.0,0.0,0.0,1100.0
1769434984.039849,5.5795722007751465,5.285573959350586,-2.389134916261085,0.3386099547939391,0.042841301579232424,0.03111193638735256,0.0,0.0,1100.0,0.0,0.0,1100.0
1769434984.0898767,5.5795722007751465,5.285573959350586,-2.389134916261085,0.3386099547939391,0.042841301579232424,0.03111193638735256,0.0,0.0,1100.0,0.0,0.0,1100.0
1769434984.139845,5.560726642608643,5.262153148651123,-2.38736793723331,0.33260186761764315,0.04271502984258899,0.027457537961797875,0.0,0.0,1100.0,0.0,0.0,1100.0
1769434984.1898868,5.560726642608643,5.262153148651123,-2.38736793723331,0.33260186761764315,0.04271502984258899,0.027457537961797875,0.0,0.0,1200.0,0.0,0.0,1200.0
1769434984.239849,5.54187536239624,5.238880157470703,-2.386365537175201,0.32677583956373024,0.04254579880202079,0.02411761833035652,0.0,0.0,1200.0,0.0,0.0,1200.0
1769434984.2898948,5.54187536239624,5.238880157470703,-2.386365537175201,0.32677583956373024,0.04254579880202079,0.02411761833035652,0.0,0.0,1200.0,0.0,0.0,1200.0
1769434984.339886,5.523496627807617,5.215852737426758,-2.3846611025799223,0.3211638738875646,0.04235966118685957,0.021730116439141512,0.0,0.0,1200.0,0.0,0.0,1200.0
1769434984.3898678,5.523496627807617,5.215852737426758,-2.3846611025799223,0.3211638738875646,0.04235966118685957,0.021730116439141512,0.0,0.0,1200.0,0.0,0.0,1200.0
1769434984.4398513,5.5054192543029785,5.192799091339111,-2.3849129394746056,0.3158554867452262,0.04224444011763697,0.01870010369843928,0.0,0.0,1200.0,0.0,0.0,1200.0
1769434984.4899216,5.5054192543029785,5.192799091339111,-2.3849129394746056,0.3158554867452262,0.04224444011763697,0.01870010369843928,0.0,0.0,1200.0,0.0,0.0,1200.0
1769434984.539898,5.487825393676758,5.170486927032471,-2.384395743820768,0.31070483751735045,0.04215147608036805,0.015746060861821835,0.0,0.0,1200.0,0.0,0.0,1200.0
1769434984.5898612,5.487825393676758,5.170486927032471,-2.384395743820768,0.31070483751735045,0.04215147608036805,0.015746060861821835,0.0,0.0,1200.0,0.0,0.0,1200.0
1769434984.6397789,5.470195293426514,5.146938800811768,-2.387678632588188,0.306070921106947,0.04235214976783336,0.01027009921568205,0.0,0.0,1200.0,0.0,0.0,1200.0
1769434984.6898725,5.470195293426514,5.146938800811768,-2.387678632588188,0.306070921106947,0.04235214976783336,0.01027009921568205,0.0,0.0,1200.0,0.0,0.0,1200.0
1769434984.739769,5.451665878295898,5.122689723968506,-2.3877959850320067,0.30250010089435614,0.04286459716656472,0.0056192898529266,0.0,0.0,1200.0,0.0,0.0,1200.0
1769434984.7899065,5.451665878295898,5.122689723968506,-2.3877959850320067,0.30250010089435614,0.04286459716656472,0.0056192898529266,0.0,0.0,1200.0,0.0,0.0,1200.0
1769434984.8397973,5.431572437286377,5.096991539001465,-2.3867058826626497,0.3007827235132289,0.04361015116049214,0.003575273057557658,0.0,0.0,1200.0,0.0,0.0,1200.0
1769434984.889864,5.431572437286377,5.096991539001465,-2.3867058826626497,0.3007827235132289,0.04361015116049214,0.003575273057557658,0.0,0.0,1200.0,0.0,0.0,1200.0
1769434984.9397843,5.410567283630371,5.0701141357421875,-2.3868832143963465,0.30136300173408626,0.04455726750261144,0.002628762532165556,0.0,0.0,1200.0,0.0,0.0,1200.0
1769434984.9898846,5.410567283630371,5.0701141357421875,-2.3868832143963465,0.30136300173408626,0.04455726750261144,0.002628762532165556,0.0,0.0,1200.0,0.0,0.0,1200.0
1769434985.0398335,5.3887810707092285,5.041369915008545,-2.386247597428719,0.30450476725196884,0.04588130716079063,0.0026499931781620452,0.0,0.0,1200.0,0.0,0.0,1200.0
1769434985.0898848,5.3887810707092285,5.041369915008545,-2.386247597428719,0.30450476725196884,0.04588130716079063,0.0026499931781620452,0.0,0.0,1200.0,0.0,0.0,1200.0
1769434985.1398954,5.36647891998291,5.01174783706665,-2.3862761807201687,0.30997775569066743,0.04761976702311617,0.0026706602600173913,0.0,0.0,1200.0,0.0,0.0,1200.0
1769434985.1898801,5.36647891998291,5.01174783706665,-2.3862761807201687,0.30997775569066743,0.04761976702311617,0.0026706602600173913,0.0,0.0,1200.0,0.0,0.0,1200.0
1769434985.2398005,5.3433756828308105,4.9806060791015625,-2.38688354816133,0.31751819965608835,0.04982166121096415,0.0019962537331288193,0.0,0.0,1200.0,0.0,0.0,1200.0
1769434985.2898862,5.3433756828308105,4.9806060791015625,-2.38688354816133,0.31751819965608835,0.04982166121096415,0.0019962537331288193,0.0,0.0,1200.0,0.0,0.0,1200.0
1769434985.339793,5.319348335266113,4.94829797744751,-2.3856027606698134,0.3267922828508105,0.052398260230882655,0.0022872039256924184,0.0,0.0,1200.0,0.0,0.0,1200.0
1769434985.3898983,5.319348335266113,4.94829797744751,-2.3856027606698134,0.3267922828508105,0.052398260230882655,0.0022872039256924184,0.0,0.0,1200.0,0.0,0.0,1200.0
1769434985.4398928,5.294756889343262,4.915528774261475,-2.3828133341751823,0.33723214671738067,0.055119660912380956,0.004697927747316148,0.0,0.0,1200.0,0.0,0.0,1200.0
1769434985.4898522,5.294756889343262,4.915528774261475,-2.3828133341751823,0.33723214671738067,0.055119660912380956,0.004697927747316148,0.0,0.0,1200.0,0.0,0.0,1200.0
1769434985.5398777,5.269153594970703,4.881318092346191,-2.3788941670532338,0.34857566633889825,0.05785604566797361,0.009302142555782086,0.0,0.0,1200.0,0.0,0.0,1200.0
1769434985.5898743,5.269153594970703,4.881318092346191,-2.3788941670532338,0.34857566633889825,0.05785604566797361,0.009302142555782086,0.0,0.0,1200.0,0.0,0.0,1200.0
1769434985.6399064,5.242560386657715,4.846436977386475,-2.3734623573675666,0.3605410175800582,0.06035075800048216,0.016005152565367893,0.0,0.0,1200.0,0.0,0.0,1200.0
1769434985.6898782,5.242560386657715,4.846436977386475,-2.3734623573675666,0.3605410175800582,0.06035075800048216,0.016005152565367893,0.0,0.0,1200.0,0.0,0.0,1200.0
1769434985.7397923,5.216176509857178,4.810794830322266,-2.3685391872594947,0.37262143280435867,0.06262832316980689,0.022959051656307426,0.0,0.0,1200.0,0.0,0.0,1200.0
1769434985.7898865,5.216176509857178,4.810794830322266,-2.3685391872594947,0.37262143280435867,0.06262832316980689,0.022959051656307426,0.0,0.0,1200.0,0.0,0.0,1200.0
1769434985.8398054,5.189195156097412,4.7734880447387695,-2.364485758439501,0.3847162400581479,0.06486067596409008,0.02837733266863878,0.0,0.0,1200.0,0.0,0.0,1200.0
1769434985.8898952,5.189195156097412,4.7734880447387695,-2.364485758439501,0.3847162400581479,0.06486067596409008,0.02837733266863878,0.0,0.0,1200.0,0.0,0.0,1200.0
1769434985.939782,5.162144660949707,4.736000061035156,-2.3586498275234287,0.3964611361788847,0.06700665452567826,0.03344795481549287,0.0,0.0,1200.0,0.0,0.0,1200.0
1769434985.989879,5.162144660949707,4.736000061035156,-2.3586498275234287,0.3964611361788847,0.06700665452567826,0.03344795481549287,0.0,0.0,1200.0,0.0,0.0,1200.0
1769434986.039812,5.134031772613525,4.697754383087158,-2.3531764438621496,0.4078330239798353,0.06885699956220966,0.037930776298385385,0.0,0.0,1200.0,0.0,0.0,1200.0
1769434986.089899,5.134031772613525,4.697754383087158,-2.3531764438621496,0.4078330239798353,0.06885699956220966,0.037930776298385385,0.0,0.0,1200.0,0.0,0.0,1200.0
1769434986.1398199,5.105430603027344,4.658185005187988,-2.349226627235195,0.4189603932533403,0.07044772173237415,0.04047308407513261,0.0,0.0,1200.0,0.0,0.0,1200.0
1769434986.1897984,5.105430603027344,4.658185005187988,-2.349226627235195,0.4189603932533403,0.07044772173237415,0.04047308407513261,0.0,0.0,1200.0,0.0,0.0,1200.0
1769434986.2398052,5.07735538482666,4.61881685256958,-2.3422436428612254,0.4294437468984609,0.0717810703844954,0.04375029691552764,0.0,0.0,1200.0,0.0,0.0,1200.0
1769434986.2899153,5.07735538482666,4.61881685256958,-2.3422436428612254,0.4294437468984609,0.0717810703844954,0.04375029691552764,0.0,0.0,1200.0,0.0,0.0,1200.0
1769434986.3397818,5.048547744750977,4.57776403427124,-2.337218288259275,0.43948242728843956,0.07300284985767044,0.046315737658313455,0.0,0.0,1200.0,0.0,0.0,1200.0
1769434986.3898675,5.048547744750977,4.57776403427124,-2.337218288259275,0.43948242728843956,0.07300284985767044,0.046315737658313455,0.0,0.0,1200.0,0.0,0.0,1200.0
1769434986.4397905,5.019688129425049,4.536203861236572,-2.3322503818251574,0.44907467818150015,0.07417136671132131,0.04787117462254879,0.0,0.0,1200.0,0.0,0.0,1200.0
1769434986.4898105,5.019688129425049,4.536203861236572,-2.3322503818251574,0.44907467818150015,0.07417136671132131,0.04787117462254879,0.0,0.0,1200.0,0.0,0.0,1200.0
1769434986.5398648,4.990699291229248,4.493869781494141,-2.3303215331726794,0.45822724426389966,0.0753589203849634,0.04627210913816237,0.0,0.0,1200.0,0.0,0.0,1200.0
1769434986.5898755,4.990699291229248,4.493869781494141,-2.3303215331726794,0.45822724426389966,0.0753589203849634,0.04627210913816237,0.0,0.0,1200.0,0.0,0.0,1200.0
1769434986.6398046,4.961000919342041,4.451431751251221,-2.321864450943527,0.4669441786310785,0.07632571769411287,0.047581125153512954,0.0,0.0,1200.0,0.0,0.0,1200.0
1769434986.6898994,4.961000919342041,4.451431751251221,-2.321864450943527,0.4669441786310785,0.07632571769411287,0.047581125153512954,1000.0,0.05235987755982988,1200.0,0.0,1000.0,1200.0
1769434986.7398155,4.931726455688477,4.407556056976318,-2.319058827219603,0.4752926682114231,0.07732654123024368,0.04751703492174953,1000.0,0.05235987755982988,1200.0,0.0,1000.0,1200.0
1769434986.789879,4.931726455688477,4.407556056976318,-2.319058827219603,0.4752926682114231,0.07732654123024368,0.04751703492174953,2000.0,0.10471975511965977,1200.0,0.0,2000.0,1200.0
1769434986.839771,4.902229309082031,4.363536834716797,-2.311599303962175,0.483222606871397,0.07831320187502903,0.04926586114640573,3000.0,0.15707963267948963,1200.0,0.0,3000.0,1200.0
1769434986.8898687,4.902229309082031,4.363536834716797,-2.311599303962175,0.483222606871397,0.07831320187502903,0.04926586114640573,3000.0,0.15707963267948963,1200.0,0.0,3000.0,1200.0
1769434986.9397855,4.872415542602539,4.3182806968688965,-2.3092109886388603,0.490913980907028,0.07935384870297296,0.04872471292263661,4000.0,0.20943951023931953,1200.0,0.0,4000.0,1200.0
1769434986.9898975,4.872415542602539,4.3182806968688965,-2.3092109886388603,0.490913980907028,0.07935384870297296,0.04872471292263661,4000.0,0.20943951023931953,1200.0,0.0,4000.0,1200.0
1769434987.0398576,4.8426899909973145,4.272733211517334,-2.303635620307702,0.4982961836013632,0.08042778858576745,0.048398359923705135,5000.0,0.2617993877991494,1200.0,0.0,5000.0,1200.0
1769434987.0898244,4.8426899909973145,4.272733211517334,-2.303635620307702,0.4982961836013632,0.08042778858576745,0.048398359923705135,6000.0,0.31415926535897926,1200.0,0.0,6000.0,1200.0
1769434987.1398578,4.812741756439209,4.226399898529053,-2.2979272700103137,0.5054234134537087,0.08151413978717743,0.04894460348112914,6000.0,0.31415926535897926,1200.0,0.0,6000.0,1200.0
1769434987.1898646,4.812741756439209,4.226399898529053,-2.2979272700103137,0.5054234134537087,0.08151413978717743,0.04894460348112914,6000.0,0.31415926535897926,1200.0,0.0,6000.0,1200.0
1769434987.2398078,4.782876968383789,4.1795220375061035,-2.2899929720856558,0.5122852461755875,0.08259555601845558,0.051854740270594106,5000.0,0.2617993877991494,1200.0,0.0,5000.0,1200.0
1769434987.289857,4.782876968383789,4.1795220375061035,-2.2899929720856558,0.5122852461755875,0.08259555601845558,0.051854740270594106,4000.0,0.20943951023931953,1200.0,0.0,4000.0,1200.0
1769434987.3398044,4.752813339233398,4.131991863250732,-2.2800308819391395,0.5189334594128925,0.08358506750432611,0.05784599056009749,3000.0,0.15707963267948963,1200.0,0.0,3000.0,1200.0
1769434987.389915,4.752813339233398,4.131991863250732,-2.2800308819391395,0.5189334594128925,0.08358506750432611,0.05784599056009749,2000.0,0.10471975511965977,1200.0,0.0,2000.0,1200.0
1769434987.4397674,4.723806381225586,4.084219455718994,-2.2668710635143485,0.5250825573359199,0.08455332992571557,0.06781096650182471,1000.0,0.05235987755982988,1200.0,0.0,1000.0,1200.0
1769434987.4898765,4.723806381225586,4.084219455718994,-2.2668710635143485,0.5250825573359199,0.08455332992571557,0.06781096650182471,0.0,0.0,1200.0,0.0,0.0,1200.0
1769434987.539733,4.693767070770264,4.035792350769043,-2.2446068402527617,0.5309541752267748,0.08513023543416426,0.08662360503234902,0.0,0.0,1200.0,0.0,0.0,1200.0
1769434987.5898926,4.693767070770264,4.035792350769043,-2.2446068402527617,0.5309541752267748,0.08513023543416426,0.08662360503234902,0.0,0.0,1200.0,0.0,0.0,1200.0
1769434987.639776,4.66385555267334,3.987025022506714,-2.222387233659143,0.5366168418616601,0.08498497613040053,0.11019255649355492,0.0,0.0,1200.0,0.0,0.0,1200.0
1769434987.6898398,4.66385555267334,3.987025022506714,-2.222387233659143,0.5366168418616601,0.08498497613040053,0.11019255649355492,0.0,0.0,1200.0,0.0,0.0,1200.0
1769434987.7398903,4.633899211883545,3.9380300045013428,-2.198596922232833,0.5420949976321491,0.08378197153168153,0.13484852115034449,0.0,0.0,1200.0,0.0,0.0,1200.0
1769434987.7900608,4.633899211883545,3.9380300045013428,-2.198596922232833,0.5420949976321491,0.08378197153168153,0.13484852115034449,0.0,0.0,1200.0,0.0,0.0,1200.0
1769434987.8399627,4.605698585510254,3.8881354331970215,-2.1792073686206406,0.5471548581821939,0.08185734018189793,0.15385615392418345,0.0,0.0,1200.0,0.0,0.0,1200.0
1769434987.889957,4.605698585510254,3.8881354331970215,-2.1792073686206406,0.5471548581821939,0.08185734018189793,0.15385615392418345,0.0,0.0,1200.0,0.0,0.0,1200.0
1769434987.939929,4.578044414520264,3.8371267318725586,-2.159904029601252,0.5518570056168295,0.07954871135659462,0.16639658560000478,0.0,0.0,1200.0,0.0,0.0,1200.0
1769434987.9899638,4.578044414520264,3.8371267318725586,-2.159904029601252,0.5518570056168295,0.07954871135659462,0.16639658560000478,0.0,0.0,1200.0,0.0,0.0,1200.0
1769434988.0400262,4.552082061767578,3.7853493690490723,-2.143266894177304,0.5560722171788898,0.07737080342022129,0.17197767133467148,0.0,0.0,1200.0,0.0,0.0,1200.0
1769434988.089814,4.552082061767578,3.7853493690490723,-2.143266894177304,0.5560722171788898,0.07737080342022129,0.17197767133467148,0.0,0.0,1200.0,0.0,0.0,1200.0
1769434988.1399133,4.526365756988525,3.7324681282043457,-2.1318743412352337,0.5600269063065254,0.07556302732510407,0.16892396559799885,0.0,0.0,1200.0,0.0,0.0,1200.0
1769434988.1899047,4.526365756988525,3.7324681282043457,-2.1318743412352337,0.5600269063065254,0.07556302732510407,0.16892396559799885,0.0,0.0,1200.0,0.0,0.0,1200.0
1769434988.2399497,4.5015153884887695,3.6798956394195557,-2.1211625032191974,0.5635283227565547,0.07410620758124745,0.1601889512716115,0.0,0.0,1200.0,0.0,0.0,1200.0
1769434988.2898781,4.5015153884887695,3.6798956394195557,-2.1211625032191974,0.5635283227565547,0.07410620758124745,0.1601889512716115,0.0,0.0,1200.0,0.0,0.0,1200.0
1769434988.3398528,4.4768242835998535,3.6267051696777344,-2.11407511230828,0.5666730469451261,0.07293614022421877,0.14681414362637096,0.0,0.0,1200.0,0.0,0.0,1200.0
1769434988.3898945,4.4768242835998535,3.6267051696777344,-2.11407511230828,0.5666730469451261,0.07293614022421877,0.14681414362637096,0.0,0.0,1200.0,0.0,0.0,1200.0
1769434988.439792,4.452874660491943,3.573181390762329,-2.1079417850845568,0.5694400350225484,0.07210166287625125,0.1312974224669399,0.0,0.0,1200.0,0.0,0.0,1200.0
1769434988.4898543,4.452874660491943,3.573181390762329,-2.1079417850845568,0.5694400350225484,0.07210166287625125,0.1312974224669399,0.0,0.0,1200.0,0.0,0.0,1200.0
1769434988.539817,4.4300031661987305,3.5190470218658447,-2.1060236745687586,0.5718160720367462,0.07187740115428431,0.11311563976369854,0.0,0.0,1200.0,0.0,0.0,1200.0
1769434988.5899067,4.4300031661987305,3.5190470218658447,-2.1060236745687586,0.5718160720367462,0.07187740115428431,0.11311563976369854,0.0,0.0,1200.0,0.0,0.0,1200.0
1769434988.6398513,4.407375812530518,3.46478271484375,-2.105623717512964,0.5738207752499287,0.07228930816780196,0.09350376683915812,0.0,0.0,1200.0,0.0,0.0,1200.0
1769434988.6899998,4.407375812530518,3.46478271484375,-2.105623717512964,0.5738207752499287,0.07228930816780196,0.09350376683915812,0.0,0.0,1200.0,0.0,0.0,1200.0
1769434988.7399476,4.384821891784668,3.4099268913269043,-2.1035107309527423,0.5756624528995481,0.07328751677314378,0.07627925637967473,0.0,0.0,1200.0,0.0,0.0,1200.0
1769434988.7899404,4.384821891784668,3.4099268913269043,-2.1035107309527423,0.5756624528995481,0.07328751677314378,0.07627925637967473,0.0,0.0,1200.0,0.0,0.0,1200.0
1769434988.8398728,4.362060546875,3.3550214767456055,-2.104128137655733,0.5774256938853256,0.07462647266631581,0.060524639380328926,0.0,0.0,1200.0,0.0,0.0,1200.0
1769434988.889957,4.362060546875,3.3550214767456055,-2.104128137655733,0.5774256938853256,0.07462647266631581,0.060524639380328926,1000.0,0.05235987755982988,1200.0,0.0,1000.0,1200.0
1769434988.9399846,4.339931488037109,3.2997982501983643,-2.105064153535072,0.5791009461951315,0.07631492580236103,0.04641054834874342,2000.0,0.10471975511965977,1200.0,0.0,2000.0,1200.0
1769434988.98997,4.339931488037109,3.2997982501983643,-2.105064153535072,0.5791009461951315,0.07631492580236103,0.04641054834874342,2000.0,0.10471975511965977,1200.0,0.0,2000.0,1200.0
1769434989.0399644,4.317759990692139,3.2444303035736084,-2.101238903531513,0.5806976361069802,0.07822076690071296,0.03809624095397464,3000.0,0.15707963267948963,1200.0,0.0,3000.0,1200.0
1769434989.0898767,4.317759990692139,3.2444303035736084,-2.101238903531513,0.5806976361069802,0.07822076690071296,0.03809624095397464,4000.0,0.20943951023931953,1200.0,0.0,4000.0,1200.0
1769434989.1399026,4.295518398284912,3.1881279945373535,-2.1017774887367464,0.5824718153031873,0.08030281472793306,0.03136502523762173,4000.0,0.20943951023931953,1200.0,0.0,4000.0,1200.0
1769434989.1898677,4.295518398284912,3.1881279945373535,-2.1017774887367464,0.5824718153031873,0.08030281472793306,0.03136502523762173,5000.0,0.2617993877991494,1200.0,0.0,5000.0,1200.0
1769434989.2398784,4.273247241973877,3.1318182945251465,-2.0984409097515657,0.5844385817167335,0.08240022059881288,0.028058222471769135,5000.0,0.2617993877991494,1200.0,0.0,5000.0,1200.0
1769434989.290052,4.273247241973877,3.1318182945251465,-2.0984409097515657,0.5844385817167335,0.08240022059881288,0.028058222471769135,6000.0,0.31415926535897926,1200.0,0.0,6000.0,1200.0
1769434989.3399138,4.251391887664795,3.075261354446411,-2.094999641305898,0.5865254273513859,0.08448207458253289,0.027510196192286507,7000.0,0.36651914291880916,1200.0,0.0,7000.0,1200.0
1769434989.389957,4.251391887664795,3.075261354446411,-2.094999641305898,0.5865254273513859,0.08448207458253289,0.027510196192286507,7000.0,0.36651914291880916,1200.0,0.0,7000.0,1200.0
1769434989.4398618,4.230074882507324,3.0183932781219482,-2.0877066322408258,0.5886153513654917,0.0865867437596512,0.031435290247772654,8000.0,0.41887902047863906,1200.0,0.0,8000.0,1200.0
1769434989.4899719,4.230074882507324,3.0183932781219482,-2.0877066322408258,0.5886153513654917,0.0865867437596512,0.031435290247772654,9000.0,0.47123889803846897,1200.0,0.0,9000.0,1200.0
1769434989.5398638,4.208909511566162,2.96103835105896,-2.075503836916667,0.5907164139582215,0.08862763314993874,0.04188415874330009,9000.0,0.47123889803846897,1200.0,0.0,9000.0,1200.0
1769434989.5899475,4.208909511566162,2.96103835105896,-2.075503836916667,0.5907164139582215,0.08862763314993874,0.04188415874330009,9000.0,0.47123889803846897,1200.0,0.0,9000.0,1200.0
1769434989.6399071,4.187620639801025,2.9038445949554443,-2.058417691764181,0.5927791678524423,0.0902242549587117,0.05957431973910092,9000.0,0.47123889803846897,1200.0,0.0,9000.0,1200.0
1769434989.6899033,4.187620639801025,2.9038445949554443,-2.058417691764181,0.5927791678524423,0.0902242549587117,0.05957431973910092,9000.0,0.47123889803846897,1200.0,0.0,9000.0,1200.0
1769434989.7398844,4.166934967041016,2.8465988636016846,-2.031839183499303,0.5947033222249067,0.09108631885563591,0.08763718517748571,9000.0,0.47123889803846897,1200.0,0.0,9000.0,1200.0
1769434989.7899618,4.166934967041016,2.8465988636016846,-2.031839183499303,0.5947033222249067,0.09108631885563591,0.08763718517748571,9000.0,0.47123889803846897,1200.0,0.0,9000.0,1200.0
1769434989.8399901,4.1468377113342285,2.7889516353607178,-2.001583811148158,0.5965128817191393,0.0909827798124058,0.12308778068414672,9000.0,0.47123889803846897,1200.0,0.0,9000.0,1200.0
1769434989.8898726,4.1468377113342285,2.7889516353607178,-2.001583811148158,0.5965128817191393,0.0909827798124058,0.12308778068414672,9000.0,0.47123889803846897,1200.0,0.0,9000.0,1200.0
1769434989.939829,4.127756118774414,2.73022198677063,-1.9567109241687448,0.5984262056022546,0.08983663493276951,0.17071346691309938,9000.0,0.47123889803846897,1200.0,0.0,9000.0,1200.0
1769434989.9899457,4.127756118774414,2.73022198677063,-1.9567109241687448,0.5984262056022546,0.08983663493276951,0.17071346691309938,9000.0,0.47123889803846897,1200.0,0.0,9000.0,1200.0
1769434990.0398529,4.110066890716553,2.672814130783081,-1.9196704803585019,0.5999760423470174,0.08734325892420772,0.2166006038195563,9000.0,0.47123889803846897,1200.0,0.0,9000.0,1200.0
1769434990.0898266,4.110066890716553,2.672814130783081,-1.9196704803585019,0.5999760423470174,0.08734325892420772,0.2166006038195563,9000.0,0.47123889803846897,1200.0,0.0,9000.0,1200.0
1769434990.1398575,4.093451976776123,2.614445209503174,-1.8742930591427507,0.6012200179356647,0.08341118717290104,0.26100771687727226,9000.0,0.47123889803846897,1200.0,0.0,9000.0,1200.0
1769434990.1898835,4.093451976776123,2.614445209503174,-1.8742930591427507,0.6012200179356647,0.08341118717290104,0.26100771687727226,9000.0,0.47123889803846897,1200.0,0.0,9000.0,1200.0
1769434990.23985,4.079100131988525,2.555954694747925,-1.8257845181921897,0.6020451585615028,0.07824804543250188,0.30359687316529194,9000.0,0.47123889803846897,1200.0,0.0,9000.0,1200.0
1769434990.2899184,4.079100131988525,2.555954694747925,-1.8257845181921897,0.6020451585615028,0.07824804543250188,0.30359687316529194,9000.0,0.47123889803846897,1200.0,0.0,9000.0,1200.0
1769434990.3398035,4.066848278045654,2.498063802719116,-1.7847926067556286,0.6021267174847723,0.0720643441451451,0.3358483769820322,9000.0,0.47123889803846897,1200.0,0.0,9000.0,1200.0
1769434990.3899148,4.066848278045654,2.498063802719116,-1.7847926067556286,0.6021267174847723,0.0720643441451451,0.3358483769820322,9000.0,0.47123889803846897,1200.0,0.0,9000.0,1200.0
1769434990.4398377,4.05761194229126,2.4395570755004883,-1.7240510198388057,0.6014220713537398,0.06540664892678782,0.37303038269173266,9000.0,0.47123889803846897,1200.0,0.0,9000.0,1200.0
1769434990.4899738,4.05761194229126,2.4395570755004883,-1.7240510198388057,0.6014220713537398,0.06540664892678782,0.37303038269173266,9000.0,0.47123889803846897,1200.0,0.0,9000.0,1200.0
1769434990.5398145,4.050198078155518,2.3820273876190186,-1.6785692113441555,0.5997849146176556,0.058352538716206374,0.40192881511677914,9000.0,0.47123889803846897,1200.0,0.0,9000.0,1200.0
1769434990.5899394,4.050198078155518,2.3820273876190186,-1.6785692113441555,0.5997849146176556,0.058352538716206374,0.40192881511677914,9000.0,0.47123889803846897,1200.0,0.0,9000.0,1200.0
1769434990.639847,4.045602321624756,2.32395339012146,-1.6377921310860457,0.5973641042867247,0.05132024161889834,0.41687231998334284,9000.0,0.47123889803846897,1200.0,0.0,9000.0,1200.0
1769434990.6899374,4.045602321624756,2.32395339012146,-1.6377921310860457,0.5973641042867247,0.05132024161889834,0.41687231998334284,9000.0,0.47123889803846897,1200.0,0.0,9000.0,1200.0
1769434990.7398624,4.043666362762451,2.267270803451538,-1.5983532251768673,0.5939815783224053,0.04465805314618256,0.42022003267506186,9000.0,0.47123889803846897,1200.0,0.0,9000.0,1200.0
1769434990.7899287,4.043666362762451,2.267270803451538,-1.5983532251768673,0.5939815783224053,0.04465805314618256,0.42022003267506186,9000.0,0.47123889803846897,1200.0,0.0,9000.0,1200.0
1769434990.8398561,4.0435991287231445,2.21069073677063,-1.5582624693299079,0.5898393973458876,0.038528007725900565,0.4177651656377497,9000.0,0.47123889803846897,1200.0,0.0,9000.0,1200.0
1769434990.8899252,4.0435991287231445,2.21069073677063,-1.5582624693299079,0.5898393973458876,0.038528007725900565,0.4177651656377497,9000.0,0.47123889803846897,1200.0,0.0,9000.0,1200.0
1769434990.9397855,4.045445919036865,2.1549670696258545,-1.5199373265306013,0.5850619315841021,0.03296562432730526,0.412219912458931,9000.0,0.47123889803846897,1200.0,0.0,9000.0,1200.0
1769434990.9899309,4.045445919036865,2.1549670696258545,-1.5199373265306013,0.5850619315841021,0.03296562432730526,0.412219912458931,9000.0,0.47123889803846897,1200.0,0.0,9000.0,1200.0
1769434991.039943,4.049866199493408,2.099702835083008,-1.4802597217235307,0.5798708858781056,0.0281947148337737,0.40710578525976543,9000.0,0.47123889803846897,1200.0,0.0,9000.0,1200.0
1769434991.0898926,4.049866199493408,2.099702835083008,-1.4802597217235307,0.5798708858781056,0.0281947148337737,0.40710578525976543,9000.0,0.47123889803846897,1200.0,0.0,9000.0,1200.0
1769434991.1398196,4.0576910972595215,2.0445430278778076,-1.431103518937087,0.574575812369628,0.024653099892899856,0.4108801936116732,9000.0,0.47123889803846897,1200.0,0.0,9000.0,1200.0
1769434991.189935,4.0576910972595215,2.0445430278778076,-1.431103518937087,0.574575812369628,0.024653099892899856,0.4108801936116732,9000.0,0.47123889803846897,1200.0,0.0,9000.0,1200.0
1769434991.2398465,4.06467342376709,1.9910043478012085,-1.4117249433037105,0.5691826677515123,0.02148788714755507,0.39822222317990214,9000.0,0.47123889803846897,1200.0,0.0,9000.0,1200.0
1769434991.2899153,4.06467342376709,1.9910043478012085,-1.4117249433037105,0.5691826677515123,0.02148788714755507,0.39822222317990214,9000.0,0.47123889803846897,1200.0,0.0,9000.0,1200.0
1769434991.3398478,4.074340343475342,1.9374655485153198,-1.3862790139102699,0.5639156547278452,0.018761580560369695,0.3756387585026602,9000.0,0.47123889803846897,1200.0,0.0,9000.0,1200.0
1769434991.3898618,4.074340343475342,1.9374655485153198,-1.3862790139102699,0.5639156547278452,0.018761580560369695,0.3756387585026602,9000.0,0.47123889803846897,1200.0,0.0,9000.0,1200.0
1769434991.4398303,4.087316989898682,1.8843458890914917,-1.349290031543229,0.5590401494555743,0.017045918399196093,0.3598748189318494,9000.0,0.47123889803846897,1200.0,0.0,9000.0,1200.0
1769434991.489965,4.087316989898682,1.8843458890914917,-1.349290031543229,0.5590401494555743,0.017045918399196093,0.3598748189318494,9000.0,0.47123889803846897,1200.0,0.0,9000.0,1200.0
1769434991.5398297,4.101632118225098,1.8326629400253296,-1.3224629094592764,0.5543963228243285,0.01636896569471285,0.34531277320599724,9000.0,0.47123889803846897,1200.0,0.0,9000.0,1200.0
1769434991.5898824,4.101632118225098,1.8326629400253296,-1.3224629094592764,0.5543963228243285,0.01636896569471285,0.34531277320599724,9000.0,0.47123889803846897,1200.0,0.0,9000.0,1200.0
1769434991.6397614,4.1160664558410645,1.7809100151062012,-1.2905992688411765,0.5501996564537577,0.016094132459248348,0.335209026059606,9000.0,0.47123889803846897,1200.0,0.0,9000.0,1200.0
1769434991.6897783,4.1160664558410645,1.7809100151062012,-1.2905992688411765,0.5501996564537577,0.016094132459248348,0.335209026059606,9000.0,0.47123889803846897,1200.0,0.0,9000.0,1200.0
1769434991.739802,4.1337056159973145,1.7296921014785767,-1.262772810451049,0.5465898488431666,0.016432623714387713,0.326045270291223,9000.0,0.47123889803846897,1200.0,0.0,9000.0,1200.0
1769434991.789867,4.1337056159973145,1.7296921014785767,-1.262772810451049,0.5465898488431666,0.016432623714387713,0.326045270291223,9000.0,0.47123889803846897,1200.0,0.0,9000.0,1200.0
1769434991.8398507,4.15224027633667,1.679367184638977,-1.2338568265223426,0.5435304713878477,0.017165097410395815,0.31818389154731325,9000.0,0.47123889803846897,1200.0,0.0,9000.0,1200.0
1769434991.8899221,4.15224027633667,1.679367184638977,-1.2338568265223426,0.5435304713878477,0.017165097410395815,0.31818389154731325,9000.0,0.47123889803846897,1200.0,0.0,9000.0,1200.0
1769434991.939839,4.1734619140625,1.6302053928375244,-1.207755541119895,0.5408376605913595,0.018548916655160348,0.3094999325783145,9000.0,0.47123889803846897,1200.0,0.0,9000.0,1200.0
1769434991.9898684,4.1734619140625,1.6302053928375244,-1.207755541119895,0.5408376605913595,0.018548916655160348,0.3094999325783145,9000.0,0.47123889803846897,1200.0,0.0,9000.0,1200.0
1769434992.039769,4.195131301879883,1.5815337896347046,-1.1781980122483975,0.5384597552472926,0.0202119179594751,0.30323913671694,9000.0,0.47123889803846897,1200.0,0.0,9000.0,1200.0
1769434992.0898678,4.195131301879883,1.5815337896347046,-1.1781980122483975,0.5384597552472926,0.0202119179594751,0.30323913671694,9000.0,0.47123889803846897,1200.0,0.0,9000.0,1200.0
1769434992.1397972,4.216840744018555,1.5331473350524902,-1.1414988530165697,0.5363902525470682,0.02140449027119314,0.30524296938853684,9000.0,0.47123889803846897,1200.0,0.0,9000.0,1200.0
1769434992.1898985,4.216840744018555,1.5331473350524902,-1.1414988530165697,0.5363902525470682,0.02140449027119314,0.30524296938853684,9000.0,0.47123889803846897,1200.0,0.0,9000.0,1200.0
1769434992.2398617,4.242680072784424,1.4859496355056763,-1.1186043902802476,0.5346989236466252,0.02277627178585595,0.30245362237275303,9000.0,0.47123889803846897,1200.0,0.0,9000.0,1200.0
1769434992.28978,4.242680072784424,1.4859496355056763,-1.1186043902802476,0.5346989236466252,0.02277627178585595,0.30245362237275303,9000.0,0.47123889803846897,1200.0,0.0,9000.0,1200.0
1769434992.339805,4.267759799957275,1.4386874437332153,-1.0804340731250346,0.5334545622242298,0.02373945571031415,0.3058835018929315,9000.0,0.47123889803846897,1200.0,0.0,9000.0,1200.0
1769434992.3898618,4.267759799957275,1.4386874437332153,-1.0804340731250346,0.5334545622242298,0.02373945571031415,0.3058835018929315,9000.0,0.47123889803846897,1200.0,0.0,9000.0,1200.0
1769434992.4398174,4.295577049255371,1.3935784101486206,-1.0588903297631835,0.5323534323246217,0.024675247490437407,0.30230876564652887,9000.0,0.47123889803846897,1200.0,0.0,9000.0,1200.0
1769434992.489871,4.295577049255371,1.3935784101486206,-1.0588903297631835,0.5323534323246217,0.024675247490437407,0.30230876564652887,9000.0,0.47123889803846897,1200.0,0.0,9000.0,1200.0
1769434992.5397933,4.323605537414551,1.3488065004348755,-1.0300040879438286,0.5312876410381904,0.02536500271532266,0.2974698110399855,9000.0,0.47123889803846897,1200.0,0.0,9000.0,1200.0
1769434992.5899034,4.323605537414551,1.3488065004348755,-1.0300040879438286,0.5312876410381904,0.02536500271532266,0.2974698110399855,9000.0,0.47123889803846897,1200.0,0.0,9000.0,1200.0
1769434992.6397748,4.35471248626709,1.3052698373794556,-1.008573445900383,0.5303327277281605,0.02639163492443395,0.2878549458885731,9000.0,0.47123889803846897,1200.0,0.0,9000.0,1200.0
1769434992.6897871,4.35471248626709,1.3052698373794556,-1.008573445900383,0.5303327277281605,0.02639163492443395,0.2878549458885731,9000.0,0.47123889803846897,1200.0,0.0,9000.0,1200.0
1769434992.739882,4.3863725662231445,1.2621722221374512,-0.9826122759461607,0.5296305409813061,0.02769178209675443,0.27901374526353556,9000.0,0.47123889803846897,1200.0,0.0,9000.0,1200.0
1769434992.7900429,4.3863725662231445,1.2621722221374512,-0.9826122759461607,0.5296305409813061,0.02769178209675443,0.27901374526353556,9000.0,0.47123889803846897,1200.0,0.0,9000.0,1200.0
1769434992.839798,4.418115615844727,1.2201611995697021,-0.9510480258588446,0.5289679781857582,0.028861540670925525,0.2770007260889216,9000.0,0.47123889803846897,1200.0,0.0,9000.0,1200.0
1769434992.8899183,4.418115615844727,1.2201611995697021,-0.9510480258588446,0.5289679781857582,0.028861540670925525,0.2770007260889216,9000.0,0.47123889803846897,1200.0,0.0,9000.0,1200.0
1769434992.9397955,4.451879978179932,1.179145336151123,-0.9220771707257388,0.5283729717098316,0.029977683700576293,0.27853005392196606,9000.0,0.47123889803846897,1200.0,0.0,9000.0,1200.0
1769434992.989857,4.451879978179932,1.179145336151123,-0.9220771707257388,0.5283729717098316,0.029977683700576293,0.27853005392196606,9000.0,0.47123889803846897,1200.0,0.0,9000.0,1200.0
1769434993.0398717,4.485980033874512,1.1386524438858032,-0.8929420702033665,0.5278599115496122,0.03074112102882004,0.28127877208471724,9000.0,0.47123889803846897,1200.0,0.0,9000.0,1200.0
1769434993.0900044,4.485980033874512,1.1386524438858032,-0.8929420702033665,0.5278599115496122,0.03074112102882004,0.28127877208471724,9000.0,0.47123889803846897,1200.0,0.0,9000.0,1200.0
1769434993.139831,4.52271032333374,1.0996721982955933,-0.8653428804399158,0.5275299923932811,0.03157357540107849,0.28273479282823255,9000.0,0.47123889803846897,1200.0,0.0,9000.0,1200.0
1769434993.1898751,4.52271032333374,1.0996721982955933,-0.8653428804399158,0.5275299923932811,0.03157357540107849,0.28273479282823255,9000.0,0.47123889803846897,1200.0,0.0,9000.0,1200.0
1769434993.2398224,4.559857368469238,1.0617384910583496,-0.8405618701361269,0.5272786685047928,0.032438621024405596,0.28048884359723336,9000.0,0.47123889803846897,1200.0,0.0,9000.0,1200.0
1769434993.2898319,4.559857368469238,1.0617384910583496,-0.8405618701361269,0.5272786685047928,0.032438621024405596,0.28048884359723336,9000.0,0.47123889803846897,1200.0,0.0,9000.0,1200.0
1769434993.3397865,4.597526550292969,1.024314045906067,-0.8078791830020059,0.5271432816935658,0.03303790089945951,0.2819482679192331,9000.0,0.47123889803846897,1200.0,0.0,9000.0,1200.0
1769434993.3897715,4.597526550292969,1.024314045906067,-0.8078791830020059,0.5271432816935658,0.03303790089945951,0.2819482679192331,9000.0,0.47123889803846897,1200.0,0.0,9000.0,1200.0
1769434993.4398127,4.637209415435791,0.9886652231216431,-0.7852048894123259,0.52708993413274,0.03369224249726542,0.2793697243244151,9000.0,0.47123889803846897,1200.0,0.0,9000.0,1200.0
1769434993.4898696,4.637209415435791,0.9886652231216431,-0.7852048894123259,0.52708993413274,0.03369224249726542,0.2793697243244151,9000.0,0.47123889803846897,1200.0,0.0,9000.0,1200.0
1769434993.5398076,4.676229953765869,0.9539237022399902,-0.7569048673458513,0.5268244942530957,0.03405583919344856,0.2771735951988446,9000.0,0.47123889803846897,1200.0,0.0,9000.0,1200.0
1769434993.5898616,4.676229953765869,0.9539237022399902,-0.7569048673458513,0.5268244942530957,0.03405583919344856,0.2771735951988446,9000.0,0.47123889803846897,1200.0,0.0,9000.0,1200.0
1769434993.639854,4.718577861785889,0.9198212623596191,-0.7322717583774693,0.526861322590247,0.03457169406339063,0.2735808824370263,9000.0,0.47123889803846897,1200.0,0.0,9000.0,1200.0
1769434993.689886,4.718577861785889,0.9198212623596191,-0.7322717583774693,0.526861322590247,0.03457169406339063,0.2735808824370263,9000.0,0.47123889803846897,1200.0,0.0,9000.0,1200.0
1769434993.7398038,4.760714054107666,0.8876481056213379,-0.7008833105760753,0.5269657831407504,0.03523637089448169,0.27436019030599196,9000.0,0.47123889803846897,1200.0,0.0,9000.0,1200.0
1769434993.7899747,4.760714054107666,0.8876481056213379,-0.7008833105760753,0.5269657831407504,0.03523637089448169,0.27436019030599196,9000.0,0.47123889803846897,1200.0,0.0,9000.0,1200.0
1769434993.8398104,4.803707122802734,0.8561376333236694,-0.6717824371819657,0.5271143573337556,0.035867063491440046,0.2771689306539419,9000.0,0.47123889803846897,1200.0,0.0,9000.0,1200.0
1769434993.8898354,4.803707122802734,0.8561376333236694,-0.6717824371819657,0.5271143573337556,0.035867063491440046,0.2771689306539419,9000.0,0.47123889803846897,1200.0,0.0,9000.0,1200.0
1769434993.9398355,4.847624778747559,0.8256362676620483,-0.6431283629558068,0.5273822104591906,0.03632587835141446,0.28003399651871164,9000.0,0.47123889803846897,1200.0,0.0,9000.0,1200.0
1769434993.989813,4.847624778747559,0.8256362676620483,-0.6431283629558068,0.5273822104591906,0.03632587835141446,0.28003399651871164,9000.0,0.47123889803846897,1200.0,0.0,9000.0,1200.0
1769434994.0398128,4.892523288726807,0.7973811030387878,-0.6117777847915168,0.5275455232837148,0.03680783488026671,0.284306281155387,9000.0,0.47123889803846897,1200.0,0.0,9000.0,1200.0
1769434994.089835,4.892523288726807,0.7973811030387878,-0.6117777847915168,0.5275455232837148,0.03680783488026671,0.284306281155387,9000.0,0.47123889803846897,1200.0,0.0,9000.0,1200.0
1769434994.1398294,4.93805456161499,0.770717442035675,-0.5881956562260374,0.5274194968434995,0.03742131288288656,0.2832682871137987,9000.0,0.47123889803846897,1200.0,0.0,9000.0,1200.0
1769434994.189933,4.93805456161499,0.770717442035675,-0.5881956562260374,0.5274194968434995,0.03742131288288656,0.2832682871137987,9000.0,0.47123889803846897,1200.0,0.0,9000.0,1200.0
1769434994.2397695,4.986598014831543,0.7408236861228943,-0.5405931229859166,0.5285386374903747,0.03745499668059165,0.29647394876504046,9000.0,0.47123889803846897,1200.0,0.0,9000.0,1200.0
1769434994.2898161,4.986598014831543,0.7408236861228943,-0.5405931229859166,0.5285386374903747,0.03745499668059165,0.29647394876504046,9000.0,0.47123889803846897,1200.0,0.0,9000.0,1200.0
1769434994.339793,5.0326008796691895,0.7186421155929565,-0.5262708149309968,0.5290963097489314,0.03755064980537002,0.2955520399969412,9000.0,0.47123889803846897,1200.0,0.0,9000.0,1200.0
1769434994.3898394,5.0326008796691895,0.7186421155929565,-0.5262708149309968,0.5290963097489314,0.03755064980537002,0.2955520399969412,9000.0,0.47123889803846897,1200.0,0.0,9000.0,1200.0
1769434994.4398222,5.0789875984191895,0.6937583684921265,-0.48742434639928567,0.5291784793688058,0.036900019371021206,0.2988020252370837,9000.0,0.47123889803846897,1200.0,0.0,9000.0,1200.0
1769434994.4898264,5.0789875984191895,0.6937583684921265,-0.48742434639928567,0.5291784793688058,0.036900019371021206,0.2988020252370837,9000.0,0.47123889803846897,1200.0,0.0,9000.0,1200.0
1769434994.539799,5.124887943267822,0.6719294190406799,-0.45877358430330795,0.528284750539711,0.03554127197836101,0.30073026715251794,9000.0,0.47123889803846897,1200.0,0.0,9000.0,1200.0
1769434994.5898275,5.124887943267822,0.6719294190406799,-0.45877358430330795,0.528284750539711,0.03554127197836101,0.30073026715251794,9000.0,0.47123889803846897,1200.0,0.0,9000.0,1200.0
1769434994.6398041,5.1771440505981445,0.6523932814598083,-0.437749504482826,0.5277722150785338,0.035042162650443756,0.2944167368516405,9000.0,0.47123889803846897,1200.0,0.0,9000.0,1200.0
1769434994.6899168,5.1771440505981445,0.6523932814598083,-0.437749504482826,0.5277722150785338,0.035042162650443756,0.2944167368516405,9000.0,0.47123889803846897,1200.0,0.0,9000.0,1200.0
1769434994.7397904,5.22698974609375,0.6335381269454956,-0.4070649421473883,0.5275301876331207,0.035127168094655985,0.2897475952856856,9000.0,0.47123889803846897,1200.0,0.0,9000.0,1200.0
1769434994.7899294,5.22698974609375,0.6335381269454956,-0.4070649421473883,0.5275301876331207,0.035127168094655985,0.2897475952856856,9000.0,0.47123889803846897,1200.0,0.0,9000.0,1200.0
1769434994.8397777,5.275448322296143,0.6152300834655762,-0.37539242612302826,0.5270991453551639,0.034988178236996424,0.28960949515153717,9000.0,0.47123889803846897,1200.0,0.0,9000.0,1200.0
1769434994.8899612,5.275448322296143,0.6152300834655762,-0.37539242612302826,0.5270991453551639,0.034988178236996424,0.28960949515153717,9000.0,0.47123889803846897,1200.0,0.0,9000.0,1200.0
1769434994.9398162,5.325099945068359,0.5991986989974976,-0.3521390073992149,0.5263463847096934,0.034736675319506194,0.2861519251045819,9000.0,0.47123889803846897,1200.0,0.0,9000.0,1200.0
1769434994.989913,5.325099945068359,0.5991986989974976,-0.3521390073992149,0.5263463847096934,0.034736675319506194,0.2861519251045819,9000.0,0.47123889803846897,1200.0,0.0,9000.0,1200.0
1769434995.0398579,5.378320217132568,0.5844777226448059,-0.32292321519539124,0.5262452985537871,0.034912861380080144,0.283847034871114,9000.0,0.47123889803846897,1200.0,0.0,9000.0,1200.0
1769434995.0899065,5.378320217132568,0.5844777226448059,-0.32292321519539124,0.5262452985537871,0.034912861380080144,0.283847034871114,9000.0,0.47123889803846897,1200.0,0.0,9000.0,1200.0
1769434995.1398318,5.431082248687744,0.5709908604621887,-0.2880322163474044,0.5268556527155135,0.035376269431526663,0.28790278982153655,9000.0,0.47123889803846897,1200.0,0.0,9000.0,1200.0
1769434995.189831,5.431082248687744,0.5709908604621887,-0.2880322163474044,0.5268556527155135,0.035376269431526663,0.28790278982153655,9000.0,0.47123889803846897,1200.0,0.0,9000.0,1200.0
1769434995.2398214,5.483160018920898,0.5595560073852539,-0.26138412565991953,0.527658611491923,0.03597513873132377,0.29010655920385137,9000.0,0.47123889803846897,1200.0,0.0,9000.0,1200.0
1769434995.2899303,5.483160018920898,0.5595560073852539,-0.26138412565991953,0.527658611491923,0.03597513873132377,0.29010655920385137,9000.0,0.47123889803846897,1200.0,0.0,9000.0,1200.0
1769434995.3397763,5.535330772399902,0.5480366945266724,-0.23301029118749347,0.5285249577178212,0.036106307713467824,0.2904313461305967,9000.0,0.47123889803846897,1200.0,0.0,9000.0,1200.0
1769434995.3898864,5.535330772399902,0.5480366945266724,-0.23301029118749347,0.5285249577178212,0.036106307713467824,0.2904313461305967,9000.0,0.47123889803846897,1200.0,0.0,9000.0,1200.0
1769434995.4397657,5.587623119354248,0.5400205850601196,-0.19973142400043517,0.5290291505062739,0.03616372470352317,0.2934562434112159,9000.0,0.47123889803846897,1200.0,0.0,9000.0,1200.0
1769434995.489794,5.587623119354248,0.5400205850601196,-0.19973142400043517,0.5290291505062739,0.03616372470352317,0.2934562434112159,9000.0,0.47123889803846897,1200.0,0.0,9000.0,1200.0
1769434995.5397878,5.641839027404785,0.5318924188613892,-0.17458989817173096,0.5297733410774524,0.03602551900704477,0.2925568030951659,9000.0,0.47123889803846897,1200.0,0.0,9000.0,1200.0
1769434995.589738,5.641839027404785,0.5318924188613892,-0.17458989817173096,0.5297733410774524,0.03602551900704477,0.2925568030951659,9000.0,0.47123889803846897,1200.0,0.0,9000.0,1200.0
1769434995.6398046,5.692731857299805,0.5264268517494202,-0.1401512689116183,0.5297390916343591,0.035631581567667055,0.2951363458862458,9000.0,0.47123889803846897,1200.0,0.0,9000.0,1200.0
1769434995.6898437,5.692731857299805,0.5264268517494202,-0.1401512689116183,0.5297390916343591,0.035631581567667055,0.2951363458862458,9000.0,0.47123889803846897,1200.0,0.0,9000.0,1200.0
1769434995.7398078,5.744894504547119,0.5232260227203369,-0.10407917966315691,0.5289609181273044,0.03533774758217117,0.3026115803368892,9000.0,0.47123889803846897,1200.0,0.0,9000.0,1200.0
1769434995.789902,5.744894504547119,0.5232260227203369,-0.10407917966315691,0.5289609181273044,0.03533774758217117,0.3026115803368892,9000.0,0.47123889803846897,1200.0,0.0,9000.0,1200.0
1769434995.8397613,5.798427581787109,0.5206349492073059,-0.08289241524312638,0.5281131006531746,0.03510877650878539,0.30097026236131025,9000.0,0.47123889803846897,1200.0,0.0,9000.0,1200.0
1769434995.8898711,5.798427581787109,0.5206349492073059,-0.08289241524312638,0.5281131006531746,0.03510877650878539,0.30097026236131025,9000.0,0.47123889803846897,1200.0,0.0,9000.0,1200.0
1769434995.9397779,5.851815223693848,0.5180166363716125,-0.050817819777117273,0.52757830530409,0.034397157065764655,0.29933991862427745,9000.0,0.47123889803846897,1200.0,0.0,9000.0,1200.0
1769434995.9898555,5.851815223693848,0.5180166363716125,-0.050817819777117273,0.52757830530409,0.034397157065764655,0.29933991862427745,9000.0,0.47123889803846897,1200.0,0.0,9000.0,1200.0
1769434996.0397804,5.9058003425598145,0.5167858600616455,-0.0032079129152880748,0.5276306798223462,0.032957765571880016,0.3122613304955389,9000.0,0.47123889803846897,1200.0,0.0,9000.0,1200.0
1769434996.089863,5.9058003425598145,0.5167858600616455,-0.0032079129152880748,0.5276306798223462,0.032957765571880016,0.3122613304955389,9000.0,0.47123889803846897,1200.0,0.0,9000.0,1200.0
1769434996.1397948,5.9585394859313965,0.5193890929222107,0.019480582655001216,0.5277365156944595,0.03146649901278603,0.31656751123153876,9000.0,0.47123889803846897,1200.0,0.0,9000.0,1200.0
1769434996.1898425,5.9585394859313965,0.5193890929222107,0.019480582655001216,0.5277365156944595,0.03146649901278603,0.31656751123153876,9000.0,0.47123889803846897,1200.0,0.0,9000.0,1200.0
1769434996.2397985,6.012620210647583,0.5237843990325928,0.04069938612412152,0.528105816261997,0.030434339516528314,0.3087272794240321,9000.0,0.47123889803846897,1200.0,0.0,9000.0,1200.0
1769434996.2898645,6.012620210647583,0.5237843990325928,0.04069938612412152,0.528105816261997,0.030434339516528314,0.3087272794240321,9000.0,0.47123889803846897,1200.0,0.0,9000.0,1200.0
1769434996.3397667,6.06341290473938,0.529859185218811,0.08247298347181822,0.527785173755774,0.02988830382015421,0.30980012653645816,9000.0,0.47123889803846897,1200.0,0.0,9000.0,1200.0
1769434996.389884,6.06341290473938,0.529859185218811,0.08247298347181822,0.527785173755774,0.02988830382015421,0.30980012653645816,9000.0,0.47123889803846897,1200.0,0.0,9000.0,1200.0
1769434996.439769,6.116945266723633,0.5362939238548279,0.09837438127267753,0.527490377787051,0.029528087002826896,0.3007734129981993,9000.0,0.47123889803846897,1200.0,0.0,9000.0,1200.0
1769434996.4899352,6.116945266723633,0.5362939238548279,0.09837438127267753,0.527490377787051,0.029528087002826896,0.3007734129981993,9000.0,0.47123889803846897,1200.0,0.0,9000.0,1200.0
1769434996.5398219,6.16880989074707,0.5445345640182495,0.13220661410831802,0.5270494003376738,0.02926602157528866,0.2960579098958214,9000.0,0.47123889803846897,1200.0,0.0,9000.0,1200.0
1769434996.5898466,6.16880989074707,0.5445345640182495,0.13220661410831802,0.5270494003376738,0.02926602157528866,0.2960579098958214,9000.0,0.47123889803846897,1200.0,0.0,9000.0,1200.0
1769434996.6398296,6.220714330673218,0.5552946925163269,0.1633850185836696,0.5265366525405908,0.029378819400250215,0.2956511658093599,9000.0,0.47123889803846897,1200.0,0.0,9000.0,1200.0
1769434996.6900082,6.220714330673218,0.5552946925163269,0.1633850185836696,0.5265366525405908,0.029378819400250215,0.2956511658093599,9000.0,0.47123889803846897,1200.0,0.0,9000.0,1200.0
1769434996.7397928,6.272212505340576,0.5677342414855957,0.19610916559230152,0.5260158579900635,0.02992239565925699,0.2989589376769432,9000.0,0.47123889803846897,1200.0,0.0,9000.0,1200.0
1769434996.7900016,6.272212505340576,0.5677342414855957,0.19610916559230152,0.5260158579900635,0.02992239565925699,0.2989589376769432,9000.0,0.47123889803846897,1200.0,0.0,9000.0,1200.0
1769434996.8398066,6.322863340377808,0.5800698399543762,0.21335727794192216,0.525361833373426,0.03035125402995766,0.2918598800680506,9000.0,0.47123889803846897,1200.0,0.0,9000.0,1200.0
1769434996.8898885,6.322863340377808,0.5800698399543762,0.21335727794192216,0.525361833373426,0.03035125402995766,0.2918598800680506,9000.0,0.47123889803846897,1200.0,0.0,9000.0,1200.0
1769434996.939779,6.376294136047363,0.5938501954078674,0.237518928822972,0.5255653288821586,0.030446209404635195,0.28130667560866485,9000.0,0.47123889803846897,1200.0,0.0,9000.0,1200.0
1769434996.9898674,6.376294136047363,0.5938501954078674,0.237518928822972,0.5255653288821586,0.030446209404635195,0.28130667560866485,9000.0,0.47123889803846897,1200.0,0.0,9000.0,1200.0
1769434997.0397928,6.427363872528076,0.6098487377166748,0.2663210283966446,0.5262319218033047,0.030492983642662605,0.2749497304468863,9000.0,0.47123889803846897,1200.0,0.0,9000.0,1200.0
1769434997.0898886,6.427363872528076,0.6098487377166748,0.2663210283966446,0.5262319218033047,0.030492983642662605,0.2749497304468863,9000.0,0.47123889803846897,1200.0,0.0,9000.0,1200.0
1769434997.1398005,6.478439092636108,0.6282733678817749,0.30195313987631245,0.5272706278007548,0.030893101076559935,0.2787182783385153,9000.0,0.47123889803846897,1200.0,0.0,9000.0,1200.0
1769434997.1898012,6.478439092636108,0.6282733678817749,0.30195313987631245,0.5272706278007548,0.030893101076559935,0.2787182783385153,9000.0,0.47123889803846897,1200.0,0.0,9000.0,1200.0
1769434997.2397969,6.526782035827637,0.6474924683570862,0.32761914227015154,0.5278197845683792,0.03161486532014145,0.2816363293995383,9000.0,0.47123889803846897,1200.0,0.0,9000.0,1200.0
1769434997.289869,6.526782035827637,0.6474924683570862,0.32761914227015154,0.5278197845683792,0.03161486532014145,0.2816363293995383,9000.0,0.47123889803846897,1200.0,0.0,9000.0,1200.0
1769434997.3398058,6.5787200927734375,0.6668747663497925,0.3551362343715274,0.5288431355935612,0.031938901836793335,0.28257116303643365,9000.0,0.47123889803846897,1200.0,0.0,9000.0,1200.0
1769434997.3898916,6.5787200927734375,0.6668747663497925,0.3551362343715274,0.5288431355935612,0.031938901836793335,0.28257116303643365,9000.0,0.47123889803846897,1200.0,0.0,9000.0,1200.0
1769434997.4397764,6.626556873321533,0.6871175765991211,0.3683982777046806,0.5294521156994336,0.031767336351046505,0.27089377793463354,9000.0,0.47123889803846897,1200.0,0.0,9000.0,1200.0
1769434997.4899044,6.626556873321533,0.6871175765991211,0.3683982777046806,0.5294521156994336,0.031767336351046505,0.27089377793463354,9000.0,0.47123889803846897,1200.0,0.0,9000.0,1200.0
1769434997.5397892,6.67381739616394,0.7126396298408508,0.4194182101670183,0.5296400521677699,0.032364662785314795,0.27984197440272013,9000.0,0.47123889803846897,1200.0,0.0,9000.0,1200.0
1769434997.5898163,6.67381739616394,0.7126396298408508,0.4194182101670183,0.5296400521677699,0.032364662785314795,0.27984197440272013,9000.0,0.47123889803846897,1200.0,0.0,9000.0,1200.0
1769434997.6397967,6.718292236328125,0.7354106307029724,0.4288140557664617,0.528541510236536,0.033030183270837524,0.27546283755640455,9000.0,0.47123889803846897,1200.0,0.0,9000.0,1200.0
1769434997.6898782,6.718292236328125,0.7354106307029724,0.4288140557664617,0.528541510236536,0.033030183270837524,0.27546283755640455,9000.0,0.47123889803846897,1200.0,0.0,9000.0,1200.0
1769434997.7397702,6.766968488693237,0.7641692161560059,0.48288757606233546,0.5280659762549533,0.03436048744658085,0.2904666717954991,9000.0,0.47123889803846897,1200.0,0.0,9000.0,1200.0
1769434997.789844,6.766968488693237,0.7641692161560059,0.48288757606233546,0.5280659762549533,0.03436048744658085,0.2904666717954991,9000.0,0.47123889803846897,1200.0,0.0,9000.0,1200.0
1769434997.8398018,6.813649654388428,0.7900976538658142,0.5041482973637397,0.5281327701901175,0.03515103124155374,0.29774586258927244,9000.0,0.47123889803846897,1200.0,0.0,9000.0,1200.0
1769434997.8900385,6.813649654388428,0.7900976538658142,0.5041482973637397,0.5281327701901175,0.03515103124155374,0.29774586258927244,9000.0,0.47123889803846897,1200.0,0.0,9000.0,1200.0
1769434997.939782,6.858208656311035,0.8172928690910339,0.5230742817797402,0.5281103341511262,0.03516343510653899,0.2914837688447568,9000.0,0.47123889803846897,1200.0,0.0,9000.0,1200.0
1769434997.9898846,6.858208656311035,0.8172928690910339,0.5230742817797402,0.5281103341511262,0.03516343510653899,0.2914837688447568,9000.0,0.47123889803846897,1200.0,0.0,9000.0,1200.0
1769434998.0398166,6.903817176818848,0.8478278517723083,0.5566419541001171,0.5285586882192671,0.034882965608598826,0.28803454708943504,9000.0,0.47123889803846897,1200.0,0.0,9000.0,1200.0
1769434998.089885,6.903817176818848,0.8478278517723083,0.5566419541001171,0.5285586882192671,0.034882965608598826,0.28803454708943504,9000.0,0.47123889803846897,1200.0,0.0,9000.0,1200.0
1769434998.1400008,6.947133541107178,0.8791767954826355,0.5838694747215136,0.5291088233614895,0.034615624243347236,0.28549722296899277,9000.0,0.47123889803846897,1200.0,0.0,9000.0,1200.0
1769434998.1898565,6.947133541107178,0.8791767954826355,0.5838694747215136,0.5291088233614895,0.034615624243347236,0.28549722296899277,9000.0,0.47123889803846897,1200.0,0.0,9000.0,1200.0
1769434998.2398033,6.990491628646851,0.911650538444519,0.6148683943854998,0.5298737492126331,0.03433319931233834,0.28621857220422064,9000.0,0.47123889803846897,1200.0,0.0,9000.0,1200.0
1769434998.2898748,6.990491628646851,0.911650538444519,0.6148683943854998,0.5298737492126331,0.03433319931233834,0.28621857220422064,9000.0,0.47123889803846897,1200.0,0.0,9000.0,1200.0
1769434998.339818,7.031829833984375,0.9452988505363464,0.6434420000722811,0.5304788059513422,0.03416290704244707,0.2873776719666812,9000.0,0.47123889803846897,1200.0,0.0,9000.0,1200.0
1769434998.3898532,7.031829833984375,0.9452988505363464,0.6434420000722811,0.5304788059513422,0.03416290704244707,0.2873776719666812,9000.0,0.47123889803846897,1200.0,0.0,9000.0,1200.0
1769434998.4398966,7.070924520492554,0.9799622297286987,0.6665565312908219,0.5304261418253527,0.034326406763555174,0.2837458843354567,9000.0,0.47123889803846897,1200.0,0.0,9000.0,1200.0
1769434998.4898741,7.070924520492554,0.9799622297286987,0.6665565312908219,0.5304261418253527,0.034326406763555174,0.2837458843354567,9000.0,0.47123889803846897,1200.0,0.0,9000.0,1200.0
1769434998.5399086,7.1124701499938965,1.0152809619903564,0.7068267690925047,0.5305480988836628,0.034124987563990156,0.2898107014514439,9000.0,0.47123889803846897,1200.0,0.0,9000.0,1200.0
1769434998.5898705,7.1124701499938965,1.0152809619903564,0.7068267690925047,0.5305480988836628,0.034124987563990156,0.2898107014514439,9000.0,0.47123889803846897,1200.0,0.0,9000.0,1200.0
1769434998.6398473,7.150883436203003,1.0530966520309448,0.7271344011152499,0.5307889369289325,0.0340562971426625,0.288888555037284,9000.0,0.47123889803846897,1200.0,0.0,9000.0,1200.0
1769434998.6898894,7.150883436203003,1.0530966520309448,0.7271344011152499,0.5307889369289325,0.0340562971426625,0.288888555037284,9000.0,0.47123889803846897,1200.0,0.0,9000.0,1200.0
1769434998.7399125,7.190149784088135,1.0906431674957275,0.7636169108739583,0.5313717141351064,0.03355605509705008,0.29258533113026897,9000.0,0.47123889803846897,1200.0,0.0,9000.0,1200.0
1769434998.789903,7.190149784088135,1.0906431674957275,0.7636169108739583,0.5313717141351064,0.03355605509705008,0.29258533113026897,9000.0,0.47123889803846897,1200.0,0.0,9000.0,1200.0
1769434998.8398206,7.225666284561157,1.1299755573272705,0.7904609613535962,0.5317024491112748,0.03313870340004441,0.29393057202773915,9000.0,0.47123889803846897,1200.0,0.0,9000.0,1200.0
1769434998.8899112,7.225666284561157,1.1299755573272705,0.7904609613535962,0.5317024491112748,0.03313870340004441,0.29393057202773915,9000.0,0.47123889803846897,1200.0,0.0,9000.0,1200.0
1769434998.939854,7.260539293289185,1.1697183847427368,0.8159236881860013,0.5316310494608603,0.0327934897503597,0.29106338922743813,9000.0,0.47123889803846897,1200.0,0.0,9000.0,1200.0
1769434998.9899168,7.260539293289185,1.1697183847427368,0.8159236881860013,0.5316310494608603,0.0327934897503597,0.29106338922743813,9000.0,0.47123889803846897,1200.0,0.0,9000.0,1200.0
1769434999.0399148,7.295454263687134,1.210744023323059,0.8463146680475422,0.5315260830822185,0.0323587949531026,0.289387108446552,9000.0,0.47123889803846897,1200.0,0.0,9000.0,1200.0
1769434999.0899224,7.295454263687134,1.210744023323059,0.8463146680475422,0.5315260830822185,0.0323587949531026,0.289387108446552,9000.0,0.47123889803846897,1200.0,0.0,9000.0,1200.0
1769434999.1398273,7.328731060028076,1.252673864364624,0.8758618861070442,0.5314205182297983,0.03186204582363984,0.28919948155372277,9000.0,0.47123889803846897,1200.0,0.0,9000.0,1200.0
1769434999.1899257,7.328731060028076,1.252673864364624,0.8758618861070442,0.5314205182297983,0.03186204582363984,0.28919948155372277,9000.0,0.47123889803846897,1200.0,0.0,9000.0,1200.0
1769434999.239826,7.36133337020874,1.2961760759353638,0.9058330573545792,0.5315840780042231,0.031363732739167954,0.2902676784595571,9000.0,0.47123889803846897,1200.0,0.0,9000.0,1200.0
1769434999.2899415,7.36133337020874,1.2961760759353638,0.9058330573545792,0.5315840780042231,0.031363732739167954,0.2902676784595571,9000.0,0.47123889803846897,1200.0,0.0,9000.0,1200.0
1769434999.340014,7.391148567199707,1.3406672477722168,0.9351929300633097,0.5317404037447108,0.031236596097112695,0.29144712679800416,9000.0,0.47123889803846897,1200.0,0.0,9000.0,1200.0
1769434999.3899233,7.391148567199707,1.3406672477722168,0.9351929300633097,0.5317404037447108,0.031236596097112695,0.29144712679800416,9000.0,0.47123889803846897,1200.0,0.0,9000.0,1200.0
1769434999.439852,7.420206308364868,1.3853042125701904,0.9639782777059196,0.5317582988026738,0.03127821843652287,0.2918800689709022,9000.0,0.47123889803846897,1200.0,0.0,9000.0,1200.0
1769434999.489923,7.420206308364868,1.3853042125701904,0.9639782777059196,0.5317582988026738,0.03127821843652287,0.2918800689709022,9000.0,0.47123889803846897,1200.0,0.0,9000.0,1200.0
1769434999.5398662,7.451075077056885,1.430671215057373,1.0013352341807753,0.5322542925839763,0.0305624120777825,0.29833818312203814,9000.0,0.47123889803846897,1200.0,0.0,9000.0,1200.0
1769434999.589931,7.451075077056885,1.430671215057373,1.0013352341807753,0.5322542925839763,0.0305624120777825,0.29833818312203814,9000.0,0.47123889803846897,1200.0,0.0,9000.0,1200.0
1769434999.639829,7.477316617965698,1.4779382944107056,1.0295690461026128,0.5328859782282873,0.029840784320849863,0.30225159187355,9000.0,0.47123889803846897,1200.0,0.0,9000.0,1200.0
1769434999.6898959,7.477316617965698,1.4779382944107056,1.0295690461026128,0.5328859782282873,0.029840784320849863,0.30225159187355,9000.0,0.47123889803846897,1200.0,0.0,9000.0,1200.0
1769434999.7398274,7.500594854354858,1.5254080295562744,1.0545694035491033,0.5330332264838689,0.029736085723070023,0.2997688046216418,9000.0,0.47123889803846897,1200.0,0.0,9000.0,1200.0
1769434999.7899468,7.500594854354858,1.5254080295562744,1.0545694035491033,0.5330332264838689,0.029736085723070023,0.2997688046216418,9000.0,0.47123889803846897,1200.0,0.0,9000.0,1200.0
1769434999.8398292,7.526208877563477,1.5727989673614502,1.0882486741192796,0.5331061111629372,0.029288307428830887,0.2996716527604976,9000.0,0.47123889803846897,1200.0,0.0,9000.0,1200.0
1769434999.8899317,7.526208877563477,1.5727989673614502,1.0882486741192796,0.5331061111629372,0.029288307428830887,0.2996716527604976,9000.0,0.47123889803846897,1200.0,0.0,9000.0,1200.0
1769434999.9398148,7.548336982727051,1.6216298341751099,1.1143729505832436,0.5330519605852548,0.028864090607945952,0.2971915291238602,9000.0,0.47123889803846897,1200.0,0.0,9000.0,1200.0
1769434999.9899309,7.548336982727051,1.6216298341751099,1.1143729505832436,0.5330519605852548,0.028864090607945952,0.2971915291238602,9000.0,0.47123889803846897,1200.0,0.0,9000.0,1200.0
1769435000.039826,7.568686485290527,1.6713510751724243,1.1382870864689547,0.5329114750004595,0.028808737709332413,0.29066665927350094,9000.0,0.47123889803846897,1200.0,0.0,9000.0,1200.0
1769435000.089831,7.568686485290527,1.6713510751724243,1.1382870864689547,0.5329114750004595,0.028808737709332413,0.29066665927350094,9000.0,0.47123889803846897,1200.0,0.0,9000.0,1200.0
1769435000.1397817,7.588156461715698,1.7210195064544678,1.1670864326277126,0.5326305383438242,0.028960648063714102,0.28569931689763717,9000.0,0.47123889803846897,1200.0,0.0,9000.0,1200.0
1769435000.1897829,7.588156461715698,1.7210195064544678,1.1670864326277126,0.5326305383438242,0.028960648063714102,0.28569931689763717,9000.0,0.47123889803846897,1200.0,0.0,9000.0,1200.0
1769435000.239798,7.60717511177063,1.7711533308029175,1.2003005363832449,0.5323841460943544,0.028913357749407172,0.28688551929268963,9000.0,0.47123889803846897,1200.0,0.0,9000.0,1200.0
1769435000.2898293,7.60717511177063,1.7711533308029175,1.2003005363832449,0.5323841460943544,0.028913357749407172,0.28688551929268963,9000.0,0.47123889803846897,1200.0,0.0,9000.0,1200.0
1769435000.339851,7.623480796813965,1.8223260641098022,1.2246398966574858,0.532175287483363,0.02898839255347574,0.2856701083665083,9000.0,0.47123889803846897,1200.0,0.0,9000.0,1200.0
1769435000.3900242,7.623480796813965,1.8223260641098022,1.2246398966574858,0.532175287483363,0.02898839255347574,0.2856701083665083,9000.0,0.47123889803846897,1200.0,0.0,9000.0,1200.0
1769435000.4399252,7.638510227203369,1.8734935522079468,1.2562410888807856,0.5319132922107482,0.02916096339769685,0.28675775297407924,9000.0,0.47123889803846897,1200.0,0.0,9000.0,1200.0
1769435000.4899092,7.638510227203369,1.8734935522079468,1.2562410888807856,0.5319132922107482,0.02916096339769685,0.28675775297407924,9000.0,0.47123889803846897,1200.0,0.0,9000.0,1200.0
1769435000.5397894,7.651830673217773,1.9247798919677734,1.2846044858089218,0.5314643658411569,0.029417787115512767,0.2876971598462866,9000.0,0.47123889803846897,1200.0,0.0,9000.0,1200.0
1769435000.5898635,7.651830673217773,1.9247798919677734,1.2846044858089218,0.5314643658411569,0.029417787115512767,0.2876971598462866,9000.0,0.47123889803846897,1200.0,0.0,9000.0,1200.0
1769435000.6398373,7.665048599243164,1.9769014120101929,1.3161792831610875,0.5311622604855956,0.029373827415727055,0.290404444519241,9000.0,0.47123889803846897,1200.0,0.0,9000.0,1200.0
1769435000.6898751,7.665048599243164,1.9769014120101929,1.3161792831610875,0.5311622604855956,0.029373827415727055,0.290404444519241,9000.0,0.47123889803846897,1200.0,0.0,9000.0,1200.0
1769435000.7398143,7.675602436065674,2.029491901397705,1.34604072574919,0.5309917774935285,0.029261756992616603,0.2930296896155488,9000.0,0.47123889803846897,1200.0,0.0,9000.0,1200.0
1769435000.789879,7.675602436065674,2.029491901397705,1.34604072574919,0.5309917774935285,0.029261756992616603,0.2930296896155488,9000.0,0.47123889803846897,1200.0,0.0,9000.0,1200.0
1769435000.8398044,7.684536695480347,2.0816962718963623,1.374732825332151,0.5307257678048598,0.029133561122348557,0.29403860529469833,9000.0,0.47123889803846897,1200.0,0.0,9000.0,1200.0
1769435000.88988,7.684536695480347,2.0816962718963623,1.374732825332151,0.5307257678048598,0.029133561122348557,0.29403860529469833,9000.0,0.47123889803846897,1200.0,0.0,9000.0,1200.0
1769435000.939782,7.691614151000977,2.134722948074341,1.400683551112004,0.5304383355919162,0.029203767727592186,0.29151419021770614,9000.0,0.47123889803846897,1200.0,0.0,9000.0,1200.0
1769435000.989857,7.691614151000977,2.134722948074341,1.400683551112004,0.5304383355919162,0.029203767727592186,0.29151419021770614,9000.0,0.47123889803846897,1200.0,0.0,9000.0,1200.0
1769435001.0399277,7.698638439178467,2.1877262592315674,1.4391078351555002,0.5302534908522173,0.028996676519569112,0.2964533714914571,9000.0,0.47123889803846897,1200.0,0.0,9000.0,1200.0
1769435001.089957,7.698638439178467,2.1877262592315674,1.4391078351555002,0.5302534908522173,0.028996676519569112,0.2964533714914571,9000.0,0.47123889803846897,1200.0,0.0,9000.0,1200.0
1769435001.1398225,7.7037670612335205,2.2409114837646484,1.4703821631123537,0.5301844183096359,0.02843382245916359,0.3024013581966717,9000.0,0.47123889803846897,1200.0,0.0,9000.0,1200.0
1769435001.1897848,7.7037670612335205,2.2409114837646484,1.4703821631123537,0.5301844183096359,0.02843382245916359,0.3024013581966717,9000.0,0.47123889803846897,1200.0,0.0,9000.0,1200.0
1769435001.2397711,7.706316232681274,2.2942957878112793,1.4957108063610072,0.5301375716460214,0.02788892685628082,0.3022034263097511,9000.0,0.47123889803846897,1200.0,0.0,9000.0,1200.0
1769435001.2898676,7.706316232681274,2.2942957878112793,1.4957108063610072,0.5301375716460214,0.02788892685628082,0.3022034263097511,9000.0,0.47123889803846897,1200.0,0.0,9000.0,1200.0
1769435001.3397937,7.70837140083313,2.3473575115203857,1.527978323404355,0.5300463338895693,0.027154763680360024,0.3021890516540802,9000.0,0.47123889803846897,1200.0,0.0,9000.0,1200.0
1769435001.3898935,7.70837140083313,2.3473575115203857,1.527978323404355,0.5300463338895693,0.027154763680360024,0.3021890516540802,9000.0,0.47123889803846897,1200.0,0.0,9000.0,1200.0
1769435001.4398053,7.707754135131836,2.3999578952789307,1.5531105567165637,0.5296379049463986,0.026548095415054856,0.29821356393800436,9000.0,0.47123889803846897,1200.0,0.0,9000.0,1200.0
1769435001.4898798,7.707754135131836,2.3999578952789307,1.5531105567165637,0.5296379049463986,0.026548095415054856,0.29821356393800436,9000.0,0.47123889803846897,1200.0,0.0,9000.0,1200.0
1769435001.539806,7.70771050453186,2.4535787105560303,1.5904775121860721,0.5293616388877772,0.025556736867484553,0.3008924383310478,9000.0,0.47123889803846897,1200.0,0.0,9000.0,1200.0
1769435001.5898645,7.70771050453186,2.4535787105560303,1.5904775121860721,0.5293616388877772,0.025556736867484553,0.3008924383310478,9000.0,0.47123889803846897,1200.0,0.0,9000.0,1200.0
1769435001.639844,7.703437328338623,2.505774974822998,1.6104734174812103,0.528797783817196,0.024888157615800235,0.2961595952377266,9000.0,0.47123889803846897,1200.0,0.0,9000.0,1200.0
1769435001.689872,7.703437328338623,2.505774974822998,1.6104734174812103,0.528797783817196,0.024888157615800235,0.2961595952377266,9000.0,0.47123889803846897,1200.0,0.0,9000.0,1200.0
1769435001.7408173,7.69914174079895,2.5589852333068848,1.6402588888686829,0.528282671106169,0.024384752984859672,0.2917515877326276,9000.0,0.47123889803846897,1200.0,0.0,9000.0,1200.0
1769435001.789958,7.69914174079895,2.5589852333068848,1.6402588888686829,0.528282671106169,0.024384752984859672,0.2917515877326276,9000.0,0.47123889803846897,1200.0,0.0,9000.0,1200.0
1769435001.8397908,7.692692995071411,2.6114416122436523,1.669972366896844,0.527746684694681,0.02414709109742412,0.28972253932080866,9000.0,0.47123889803846897,1200.0,0.0,9000.0,1200.0
1769435001.8898683,7.692692995071411,2.6114416122436523,1.669972366896844,0.527746684694681,0.02414709109742412,0.28972253932080866,9000.0,0.47123889803846897,1200.0,0.0,9000.0,1200.0
1769435001.9398863,7.6834893226623535,2.663712501525879,1.694263803559159,0.5271821701404437,0.024600203960084038,0.2854742109259548,9000.0,0.47123889803846897,1200.0,0.0,9000.0,1200.0
1769435001.9898734,7.6834893226623535,2.663712501525879,1.694263803559159,0.5271821701404437,0.024600203960084038,0.2854742109259548,9000.0,0.47123889803846897,1200.0,0.0,9000.0,1200.0
1769435002.0397975,7.674955129623413,2.7155609130859375,1.7257328327428771,0.5266083961257856,0.02507132477920549,0.2848023897722489,9000.0,0.47123889803846897,1200.0,0.0,9000.0,1200.0
1769435002.0899048,7.674955129623413,2.7155609130859375,1.7257328327428771,0.5266083961257856,0.02507132477920549,0.2848023897722489,9000.0,0.47123889803846897,1200.0,0.0,9000.0,1200.0
1769435002.1397574,7.66450047492981,2.766815423965454,1.7537215186704387,0.5259291465526904,0.025412999662157605,0.28491971489672807,9000.0,0.47123889803846897,1200.0,0.0,9000.0,1200.0
1769435002.1898758,7.66450047492981,2.766815423965454,1.7537215186704387,0.5259291465526904,0.025412999662157605,0.28491971489672807,9000.0,0.47123889803846897,1200.0,0.0,9000.0,1200.0
1769435002.2399783,7.652649641036987,2.8187308311462402,1.7814863822482483,0.5254428667089306,0.025555258874948816,0.284597113244937,9000.0,0.47123889803846897,1200.0,0.0,9000.0,1200.0
1769435002.289878,7.652649641036987,2.8187308311462402,1.7814863822482483,0.5254428667089306,0.025555258874948816,0.284597113244937,9000.0,0.47123889803846897,1200.0,0.0,9000.0,1200.0
1769435002.3397944,7.639240264892578,2.870105266571045,1.8123987264306765,0.5252080284145353,0.025519776921183724,0.2862381794385186,9000.0,0.47123889803846897,1200.0,0.0,9000.0,1200.0
1769435002.3898995,7.639240264892578,2.870105266571045,1.8123987264306765,0.5252080284145353,0.025519776921183724,0.2862381794385186,9000.0,0.47123889803846897,1200.0,0.0,9000.0,1200.0
1769435002.4398596,7.623931646347046,2.9210448265075684,1.8397846534052409,0.5251928292710587,0.025489016172553093,0.2866891133817271,9000.0,0.47123889803846897,1200.0,0.0,9000.0,1200.0
1769435002.4899433,7.623931646347046,2.9210448265075684,1.8397846534052409,0.5251928292710587,0.025489016172553093,0.2866891133817271,9000.0,0.47123889803846897,1200.0,0.0,9000.0,1200.0
1769435002.5398772,7.606441259384155,2.9697213172912598,1.8576663170822059,0.524795691566726,0.025909671868931332,0.2781994219822909,9000.0,0.47123889803846897,1200.0,0.0,9000.0,1200.0
1769435002.5899749,7.606441259384155,2.9697213172912598,1.8576663170822059,0.524795691566726,0.025909671868931332,0.2781994219822909,9000.0,0.47123889803846897,1200.0,0.0,9000.0,1200.0
1769435002.6399536,7.588456392288208,3.019575357437134,1.8848648316207424,0.5243741995813734,0.026573062445362623,0.2706625659167565,9000.0,0.47123889803846897,1200.0,0.0,9000.0,1200.0
1769435002.6899858,7.588456392288208,3.019575357437134,1.8848648316207424,0.5243741995813734,0.026573062445362623,0.2706625659167565,9000.0,0.47123889803846897,1200.0,0.0,9000.0,1200.0
1769435002.7398276,7.569604396820068,3.06884765625,1.9065599007287606,0.5240153329118394,0.027227335247340615,0.26235204890643643,9000.0,0.47123889803846897,1200.0,0.0,9000.0,1200.0
1769435002.7899082,7.569604396820068,3.06884765625,1.9065599007287606,0.5240153329118394,0.027227335247340615,0.26235204890643643,9000.0,0.47123889803846897,1200.0,0.0,9000.0,1200.0
1769435002.8398128,7.549839019775391,3.1183440685272217,1.9455782859523794,0.5239845421538111,0.027539550590941667,0.2674400470921031,9000.0,0.47123889803846897,1200.0,0.0,9000.0,1200.0
1769435002.889894,7.549839019775391,3.1183440685272217,1.9455782859523794,0.5239845421538111,0.027539550590941667,0.2674400470921031,9000.0,0.47123889803846897,1200.0,0.0,9000.0,1200.0
1769435002.9398224,7.52777361869812,3.1645641326904297,1.950266780706551,0.5235019073846641,0.028032697522882007,0.25634506764117604,9000.0,0.47123889803846897,1200.0,0.0,9000.0,1200.0
1769435002.9899004,7.52777361869812,3.1645641326904297,1.950266780706551,0.5235019073846641,0.028032697522882007,0.25634506764117604,9000.0,0.47123889803846897,1200.0,0.0,9000.0,1200.0
1769435003.039843,7.503134250640869,3.213575601577759,1.9969216071839373,0.5235735543773282,0.028986820112816846,0.26250462565452576,9000.0,0.47123889803846897,1200.0,0.0,9000.0,1200.0
1769435003.0899062,7.503134250640869,3.213575601577759,1.9969216071839373,0.5235735543773282,0.028986820112816846,0.26250462565452576,9000.0,0.47123889803846897,1200.0,0.0,9000.0,1200.0
1769435003.1398287,7.479510307312012,3.260369300842285,2.0254911471738444,0.523804568775224,0.029727632928098224,0.27210161384601017,9000.0,0.47123889803846897,1200.0,0.0,9000.0,1200.0
1769435003.189893,7.479510307312012,3.260369300842285,2.0254911471738444,0.523804568775224,0.029727632928098224,0.27210161384601017,9000.0,0.47123889803846897,1200.0,0.0,9000.0,1200.0
1769435003.2398744,7.452884197235107,3.306166887283325,2.055932806164577,0.5240536919739092,0.030504832920854506,0.28096563318431583,9000.0,0.47123889803846897,1200.0,0.0,9000.0,1200.0
1769435003.2898774,7.452884197235107,3.306166887283325,2.055932806164577,0.5240536919739092,0.030504832920854506,0.28096563318431583,9000.0,0.47123889803846897,1200.0,0.0,9000.0,1200.0
1769435003.3398032,7.425006866455078,3.3502914905548096,2.078630433735235,0.523988687498374,0.031479892597130944,0.28162410836356233,9000.0,0.47123889803846897,1200.0,0.0,9000.0,1200.0
1769435003.3899302,7.425006866455078,3.3502914905548096,2.078630433735235,0.523988687498374,0.031479892597130944,0.28162410836356233,9000.0,0.47123889803846897,1200.0,0.0,9000.0,1200.0
1769435003.439847,7.397161483764648,3.3964943885803223,2.1158866357370236,0.5242683425785959,0.03189745882093806,0.2871080758203464,9000.0,0.47123889803846897,1200.0,0.0,9000.0,1200.0
1769435003.4897952,7.397161483764648,3.3964943885803223,2.1158866357370236,0.5242683425785959,0.03189745882093806,0.2871080758203464,9000.0,0.47123889803846897,1200.0,0.0,9000.0,1200.0
1769435003.539812,7.366933107376099,3.439938545227051,2.144057305006325,0.5246196084634474,0.0320628738248825,0.2910094865077943,9000.0,0.47123889803846897,1200.0,0.0,9000.0,1200.0
1769435003.5899258,7.366933107376099,3.439938545227051,2.144057305006325,0.5246196084634474,0.0320628738248825,0.2910094865077943,9000.0,0.47123889803846897,1200.0,0.0,9000.0,1200.0
1769435003.6399167,7.336259126663208,3.482522964477539,2.176145346551724,0.5248093985058133,0.031884998870078236,0.29518629807473407,9000.0,0.47123889803846897,1200.0,0.0,9000.0,1200.0
1769435003.6899016,7.336259126663208,3.482522964477539,2.176145346551724,0.5248093985058133,0.031884998870078236,0.29518629807473407,9000.0,0.47123889803846897,1200.0,0.0,9000.0,1200.0
1769435003.739931,7.303821563720703,3.5242857933044434,2.2004553510272205,0.5247954770299059,0.03155352446677158,0.29344912305969445,9000.0,0.47123889803846897,1200.0,0.0,9000.0,1200.0
1769435003.7898016,7.303821563720703,3.5242857933044434,2.2004553510272205,0.5247954770299059,0.03155352446677158,0.29344912305969445,9000.0,0.47123889803846897,1200.0,0.0,9000.0,1200.0
1769435003.839812,7.270459413528442,3.56538987159729,2.2305279902731128,0.5248014520647446,0.03108745494481665,0.29168954836694255,9000.0,0.47123889803846897,1200.0,0.0,9000.0,1200.0
1769435003.8898726,7.270459413528442,3.56538987159729,2.2305279902731128,0.5248014520647446,0.03108745494481665,0.29168954836694255,9000.0,0.47123889803846897,1200.0,0.0,9000.0,1200.0
1769435003.9399006,7.235745668411255,3.605422019958496,2.2610596920666053,0.5248415147798653,0.03059625811334516,0.2917440003503483,9000.0,0.47123889803846897,1200.0,0.0,9000.0,1200.0
1769435003.9898694,7.235745668411255,3.605422019958496,2.2610596920666053,0.5248415147798653,0.03059625811334516,0.2917440003503483,9000.0,0.47123889803846897,1200.0,0.0,9000.0,1200.0
1769435004.0397937,7.19978666305542,3.6444478034973145,2.2854442352084257,0.5249244082733164,0.030185451527356837,0.288463851522406,9000.0,0.47123889803846897,1200.0,0.0,9000.0,1200.0
1769435004.0898838,7.19978666305542,3.6444478034973145,2.2854442352084257,0.5249244082733164,0.030185451527356837,0.288463851522406,9000.0,0.47123889803846897,1200.0,0.0,9000.0,1200.0
1769435004.139791,7.162421226501465,3.682002067565918,2.3130416824834295,0.5249861332913686,0.030073360199561538,0.28478786230819386,9000.0,0.47123889803846897,1200.0,0.0,9000.0,1200.0
1769435004.1898863,7.162421226501465,3.682002067565918,2.3130416824834295,0.5249861332913686,0.030073360199561538,0.28478786230819386,9000.0,0.47123889803846897,1200.0,0.0,9000.0,1200.0
1769435004.2398047,7.1236913204193115,3.7187254428863525,2.3389402058431634,0.5251298954761506,0.030356715356120917,0.2805630015232619,9000.0,0.47123889803846897,1200.0,0.0,9000.0,1200.0
1769435004.2898514,7.1236913204193115,3.7187254428863525,2.3389402058431634,0.5251298954761506,0.030356715356120917,0.2805630015232619,9000.0,0.47123889803846897,1200.0,0.0,9000.0,1200.0
1769435004.3397968,7.084655046463013,3.7548131942749023,2.3683134497913136,0.5253708740948252,0.030715675468515096,0.2790448791321432,9000.0,0.47123889803846897,1200.0,0.0,9000.0,1200.0
1769435004.3898757,7.084655046463013,3.7548131942749023,2.3683134497913136,0.5253708740948252,0.030715675468515096,0.2790448791321432,9000.0,0.47123889803846897,1200.0,0.0,9000.0,1200.0
1769435004.4398916,7.0446858406066895,3.7900726795196533,2.3988968495510306,0.5257383888397188,0.030904203213725084,0.2809416437714847,9000.0,0.47123889803846897,1200.0,0.0,9000.0,1200.0
1769435004.489917,7.0446858406066895,3.7900726795196533,2.3988968495510306,0.5257383888397188,0.030904203213725084,0.2809416437714847,9000.0,0.47123889803846897,1200.0,0.0,9000.0,1200.0
1769435004.539773,7.0034425258636475,3.8238091468811035,2.4284083048776024,0.5261700265026701,0.03097926797444594,0.2839822779291591,9000.0,0.47123889803846897,1200.0,0.0,9000.0,1200.0
1769435004.5898755,7.0034425258636475,3.8238091468811035,2.4284083048776024,0.5261700265026701,0.03097926797444594,0.2839822779291591,9000.0,0.47123889803846897,1200.0,0.0,9000.0,1200.0
1769435004.6397858,6.9613940715789795,3.8565895557403564,2.4598791246194116,0.5266399490243715,0.030871929293906367,0.2884135726686446,9000.0,0.47123889803846897,1200.0,0.0,9000.0,1200.0
1769435004.689883,6.9613940715789795,3.8565895557403564,2.4598791246194116,0.5266399490243715,0.030871929293906367,0.2884135726686446,9000.0,0.47123889803846897,1200.0,0.0,9000.0,1200.0
1769435004.7397785,6.918370723724365,3.8873982429504395,2.4873137064229223,0.5269456496040726,0.030756560189574966,0.29019039724298457,9000.0,0.47123889803846897,1200.0,0.0,9000.0,1200.0
1769435004.7898176,6.918370723724365,3.8873982429504395,2.4873137064229223,0.5269456496040726,0.030756560189574966,0.29019039724298457,9000.0,0.47123889803846897,1200.0,0.0,9000.0,1200.0
1769435004.8398411,6.874346971511841,3.9179694652557373,2.519187106360079,0.5272905192359332,0.030493298506638296,0.29278351812342773,9000.0,0.47123889803846897,1200.0,0.0,9000.0,1200.0
1769435004.889873,6.874346971511841,3.9179694652557373,2.519187106360079,0.5272905192359332,0.030493298506638296,0.29278351812342773,9000.0,0.47123889803846897,1200.0,0.0,9000.0,1200.0
1769435004.939873,6.829493284225464,3.946751594543457,2.547852971106063,0.5276209827453626,0.03015164332397394,0.29399012285395665,9000.0,0.47123889803846897,1200.0,0.0,9000.0,1200.0
1769435004.9899116,6.829493284225464,3.946751594543457,2.547852971106063,0.5276209827453626,0.03015164332397394,0.29399012285395665,9000.0,0.47123889803846897,1200.0,0.0,9000.0,1200.0
1769435005.0397882,6.783693552017212,3.973935604095459,2.577368614563872,0.5278747007774608,0.029874745566252355,0.29442804979248466,9000.0,0.47123889803846897,1200.0,0.0,9000.0,1200.0
1769435005.08988,6.783693552017212,3.973935604095459,2.577368614563872,0.5278747007774608,0.029874745566252355,0.29442804979248466,9000.0,0.47123889803846897,1200.0,0.0,9000.0,1200.0
1769435005.1397784,6.737279653549194,4.000072956085205,2.608192667346621,0.5280635363816619,0.029597149585599006,0.2955703860071788,9000.0,0.47123889803846897,1200.0,0.0,9000.0,1200.0
1769435005.1898572,6.737279653549194,4.000072956085205,2.608192667346621,0.5280635363816619,0.029597149585599006,0.2955703860071788,9000.0,0.47123889803846897,1200.0,0.0,9000.0,1200.0
1769435005.2397728,6.690293073654175,4.024374961853027,2.634164883289022,0.5280614186329233,0.02939392920610285,0.2935880014106539,9000.0,0.47123889803846897,1200.0,0.0,9000.0,1200.0
1769435005.2897983,6.690293073654175,4.024374961853027,2.634164883289022,0.5280614186329233,0.02939392920610285,0.2935880014106539,9000.0,0.47123889803846897,1200.0,0.0,9000.0,1200.0
1769435005.3397462,6.64238977432251,4.047769069671631,2.663139791709537,0.5280070806536155,0.029227928932959838,0.2913806320304188,9000.0,0.47123889803846897,1200.0,0.0,9000.0,1200.0
1769435005.3898706,6.64238977432251,4.047769069671631,2.663139791709537,0.5280070806536155,0.029227928932959838,0.2913806320304188,9000.0,0.47123889803846897,1200.0,0.0,9000.0,1200.0
1769435005.4399033,6.593944549560547,4.069495677947998,2.692212757817861,0.5279079979013418,0.02913583086225496,0.2900348388561697,9000.0,0.47123889803846897,1200.0,0.0,9000.0,1200.0
1769435005.489851,6.593944549560547,4.069495677947998,2.692212757817861,0.5279079979013418,0.02913583086225496,0.2900348388561697,9000.0,0.47123889803846897,1200.0,0.0,9000.0,1200.0
1769435005.539826,6.544644832611084,4.089811325073242,2.722260377905234,0.5278127012671642,0.02916027107510154,0.29027102900150553,9000.0,0.47123889803846897,1200.0,0.0,9000.0,1200.0
1769435005.5898507,6.544644832611084,4.089811325073242,2.722260377905234,0.5278127012671642,0.02916027107510154,0.29027102900150553,9000.0,0.47123889803846897,1200.0,0.0,9000.0,1200.0
1769435005.6398294,6.495373725891113,4.108414649963379,2.748171958312716,0.527559064397309,0.02927834111079714,0.2883610584333973,9000.0,0.47123889803846897,1200.0,0.0,9000.0,1200.0
1769435005.6898956,6.495373725891113,4.108414649963379,2.748171958312716,0.527559064397309,0.02927834111079714,0.2883610584333973,9000.0,0.47123889803846897,1200.0,0.0,9000.0,1200.0
1769435005.7397919,6.445029258728027,4.125818729400635,2.7750400696276527,0.527308561188958,0.029516454881015956,0.28519704577168575,9000.0,0.47123889803846897,1200.0,0.0,9000.0,1200.0
1769435005.7899268,6.445029258728027,4.125818729400635,2.7750400696276527,0.527308561188958,0.029516454881015956,0.28519704577168575,9000.0,0.47123889803846897,1200.0,0.0,9000.0,1200.0
1769435005.8398006,6.394455909729004,4.141723155975342,2.803024294016182,0.5270585017838813,0.02984486464950198,0.2826585628303202,9000.0,0.47123889803846897,1200.0,0.0,9000.0,1200.0
1769435005.889791,6.394455909729004,4.141723155975342,2.803024294016182,0.5270585017838813,0.02984486464950198,0.2826585628303202,9000.0,0.47123889803846897,1200.0,0.0,9000.0,1200.0
1769435005.9398184,6.343344211578369,4.156195640563965,2.8329397692140317,0.5268394909027165,0.030235683504045666,0.28264057215089966,9000.0,0.47123889803846897,1200.0,0.0,9000.0,1200.0
1769435005.9897873,6.343344211578369,4.156195640563965,2.8329397692140317,0.5268394909027165,0.030235683504045666,0.28264057215089966,9000.0,0.47123889803846897,1200.0,0.0,9000.0,1200.0
1769435006.0398433,6.291858196258545,4.169404983520508,2.8605781391797995,0.526702472611541,0.030594122779630275,0.28276673936007135,9000.0,0.47123889803846897,1200.0,0.0,9000.0,1200.0
1769435006.0897713,6.291858196258545,4.169404983520508,2.8605781391797995,0.526702472611541,0.030594122779630275,0.28276673936007135,9000.0,0.47123889803846897,1200.0,0.0,9000.0,1200.0
1769435006.139825,6.239959955215454,4.1812262535095215,2.8899998207498094,0.5266768707596112,0.030855837993939036,0.2837722961827985,9000.0,0.47123889803846897,1200.0,0.0,9000.0,1200.0
1769435006.1899424,6.239959955215454,4.1812262535095215,2.8899998207498094,0.5266768707596112,0.030855837993939036,0.2837722961827985,9000.0,0.47123889803846897,1200.0,0.0,9000.0,1200.0
1769435006.2398045,6.187807321548462,4.191230297088623,2.9202469969458367,0.5266895215759818,0.031080816739443445,0.2860263410878173,9000.0,0.47123889803846897,1200.0,0.0,9000.0,1200.0
1769435006.28983,6.187807321548462,4.191230297088623,2.9202469969458367,0.5266895215759818,0.031080816739443445,0.2860263410878173,9000.0,0.47123889803846897,1200.0,0.0,9000.0,1200.0
1769435006.3397717,6.135129451751709,4.199251174926758,2.9479772241313023,0.5267081103511697,0.03146337263682123,0.2869100673444144,9000.0,0.47123889803846897,1200.0,0.0,9000.0,1200.0
1769435006.3898659,6.135129451751709,4.199251174926758,2.9479772241313023,0.5267081103511697,0.03146337263682123,0.2869100673444144,9000.0,0.47123889803846897,1200.0,0.0,9000.0,1200.0
1769435006.4397779,6.082581043243408,4.206813812255859,2.982996153285063,0.5267707944878041,0.031642733960025184,0.2920501897039018,9000.0,0.47123889803846897,1200.0,0.0,9000.0,1200.0
1769435006.4898505,6.082581043243408,4.206813812255859,2.982996153285063,0.5267707944878041,0.031642733960025184,0.2920501897039018,9000.0,0.47123889803846897,1200.0,0.0,9000.0,1200.0
1769435006.5398428,6.029577016830444,4.21284294128418,3.0134268933054673,0.5269535307727559,0.03149736236708757,0.29701898491668627,9000.0,0.47123889803846897,1200.0,0.0,9000.0,1200.0
1769435006.589808,6.029577016830444,4.21284294128418,3.0134268933054673,0.5269535307727559,0.03149736236708757,0.29701898491668627,9000.0,0.47123889803846897,1200.0,0.0,9000.0,1200.0
1769435006.6398046,5.976492881774902,4.217240333557129,3.0475033581350504,0.5272123710987278,0.03101167847321273,0.3032510386410213,9000.0,0.47123889803846897,1200.0,0.0,9000.0,1200.0
1769435006.689879,5.976492881774902,4.217240333557129,3.0475033581350504,0.5272123710987278,0.03101167847321273,0.3032510386410213,9000.0,0.47123889803846897,1200.0,0.0,9000.0,1200.0
1769435006.7397616,5.9233880043029785,4.218806743621826,3.075834489610467,0.527375431769365,0.030622586900605955,0.3055633718492522,9000.0,0.47123889803846897,1200.0,0.0,9000.0,1200.0
1769435006.7897677,5.9233880043029785,4.218806743621826,3.075834489610467,0.527375431769365,0.030622586900605955,0.3055633718492522,9000.0,0.47123889803846897,1200.0,0.0,9000.0,1200.0
1769435006.839732,5.870144844055176,4.219390392303467,3.1070284289142673,0.5274729529220199,0.030306295399601023,0.306412281214937,9000.0,0.47123889803846897,1200.0,0.0,9000.0,1200.0
1769435006.8898835,5.870144844055176,4.219390392303467,3.1070284289142673,0.5274729529220199,0.030306295399601023,0.306412281214937,9000.0,0.47123889803846897,1200.0,0.0,9000.0,1200.0
1769435006.9397368,5.816863059997559,4.218779563903809,3.1386653388865455,0.5275706421101484,0.029903351449800827,0.3073143836802188,9000.0,0.47123889803846897,1200.0,0.0,9000.0,1200.0
1769435006.9897616,5.816863059997559,4.218779563903809,3.1386653388865455,0.5275706421101484,0.029903351449800827,0.3073143836802188,9000.0,0.47123889803846897,1200.0,0.0,9000.0,1200.0
1769435007.0398993,5.764385223388672,4.216070175170898,3.1670238040401153,0.5274416442831941,0.02950073152368482,0.3060105959971832,9000.0,0.47123889803846897,1200.0,0.0,9000.0,1200.0
1769435007.089826,5.764385223388672,4.216070175170898,3.1670238040401153,0.5274416442831941,0.02950073152368482,0.3060105959971832,9000.0,0.47123889803846897,1200.0,0.0,9000.0,1200.0
1769435007.1397877,5.711496353149414,4.211605548858643,3.194816145929566,0.5271707904115986,0.029249793673597545,0.30249656820949017,9000.0,0.47123889803846897,1200.0,0.0,9000.0,1200.0
1769435007.1898203,5.711496353149414,4.211605548858643,3.194816145929566,0.5271707904115986,0.029249793673597545,0.30249656820949017,9000.0,0.47123889803846897,1200.0,0.0,9000.0,1200.0
1769435007.2397938,5.659073829650879,4.205811977386475,3.223449210254265,0.5267581605277458,0.029120601292268112,0.29867588574987425,9000.0,0.47123889803846897,1200.0,0.0,9000.0,1200.0
1769435007.2899237,5.659073829650879,4.205811977386475,3.223449210254265,0.5267581605277458,0.029120601292268112,0.29867588574987425,9000.0,0.47123889803846897,1200.0,0.0,9000.0,1200.0
1769435007.339791,5.60678768157959,4.198179721832275,3.251456144750376,0.5262611172998759,0.029200214919511684,0.2949561988808507,9000.0,0.47123889803846897,1200.0,0.0,9000.0,1200.0
1769435007.389904,5.60678768157959,4.198179721832275,3.251456144750376,0.5262611172998759,0.029200214919511684,0.2949561988808507,9000.0,0.47123889803846897,1200.0,0.0,9000.0,1200.0
1769435007.4398966,5.555256366729736,4.189486026763916,3.278165253555837,0.5255775392397739,0.029353386460733728,0.29066343340970313,9000.0,0.47123889803846897,1200.0,0.0,9000.0,1200.0
1769435007.489922,5.555256366729736,4.189486026763916,3.278165253555837,0.5255775392397739,0.029353386460733728,0.29066343340970313,9000.0,0.47123889803846897,1200.0,0.0,9000.0,1200.0
1769435007.539881,5.504014492034912,4.179617881774902,3.3062645120391507,0.524741424221152,0.02943530317490494,0.287334826313736,9000.0,0.47123889803846897,1200.0,0.0,9000.0,1200.0
1769435007.5898957,5.504014492034912,4.179617881774902,3.3062645120391507,0.524741424221152,0.02943530317490494,0.287334826313736,9000.0,0.47123889803846897,1200.0,0.0,9000.0,1200.0
1769435007.6399274,5.453390121459961,4.168123245239258,3.332876911208225,0.5236844403385841,0.02948271537356402,0.2839787197787864,9000.0,0.47123889803846897,1200.0,0.0,9000.0,1200.0
1769435007.6899629,5.453390121459961,4.168123245239258,3.332876911208225,0.5236844403385841,0.02948271537356402,0.2839787197787864,9000.0,0.47123889803846897,1200.0,0.0,9000.0,1200.0
1769435007.7399642,5.402882099151611,4.154669761657715,3.358676299028394,0.522563846837008,0.029717206105394002,0.2800214890657231,9000.0,0.47123889803846897,1200.0,0.0,9000.0,1200.0
1769435007.7899244,5.402882099151611,4.154669761657715,3.358676299028394,0.522563846837008,0.029717206105394002,0.2800214890657231,9000.0,0.47123889803846897,1200.0,0.0,9000.0,1200.0
1769435007.8398936,5.353239059448242,4.140313625335693,3.3844281678047494,0.5213331815007942,0.030068046810987095,0.2758453141346531,9000.0,0.47123889803846897,1200.0,0.0,9000.0,1200.0
1769435007.8899155,5.353239059448242,4.140313625335693,3.3844281678047494,0.5213331815007942,0.030068046810987095,0.2758453141346531,9000.0,0.47123889803846897,1200.0,0.0,9000.0,1200.0
1769435007.9398773,5.303678035736084,4.124646186828613,3.4113075506619532,0.5201421196275868,0.030469820042373665,0.2728523854504577,9000.0,0.47123889803846897,1200.0,0.0,9000.0,1200.0
1769435007.9899518,5.303678035736084,4.124646186828613,3.4113075506619532,0.5201421196275868,0.030469820042373665,0.2728523854504577,9000.0,0.47123889803846897,1200.0,0.0,9000.0,1200.0
1769435008.039868,5.255054473876953,4.108344078063965,3.4392267590314205,0.5188934170535706,0.030676042272613786,0.2719308408096204,9000.0,0.47123889803846897,1200.0,0.0,9000.0,1200.0
1769435008.0899441,5.255054473876953,4.108344078063965,3.4392267590314205,0.5188934170535706,0.030676042272613786,0.2719308408096204,9000.0,0.47123889803846897,1200.0,0.0,9000.0,1200.0
1769435008.139929,5.206658840179443,4.090011119842529,3.464548505293967,0.5176914959811166,0.03085306799793259,0.27043463821605157,9000.0,0.47123889803846897,1200.0,0.0,9000.0,1200.0
1769435008.1899128,5.206658840179443,4.090011119842529,3.464548505293967,0.5176914959811166,0.03085306799793259,0.27043463821605157,9000.0,0.47123889803846897,1200.0,0.0,9000.0,1200.0
1769435008.2399502,5.159224987030029,4.070821285247803,3.4923697725002283,0.5164569228986061,0.03096307220874077,0.2700516545956605,9000.0,0.47123889803846897,1200.0,0.0,9000.0,1200.0
1769435008.289919,5.159224987030029,4.070821285247803,3.4923697725002283,0.5164569228986061,0.03096307220874077,0.2700516545956605,9000.0,0.47123889803846897,1200.0,0.0,9000.0,1200.0
1769435008.3399134,5.112643241882324,4.050464153289795,3.52031744891225,0.5150955089362897,0.03099337533100992,0.2708495528823367,9000.0,0.47123889803846897,1200.0,0.0,9000.0,1200.0
1769435008.3899426,5.112643241882324,4.050464153289795,3.52031744891225,0.5150955089362897,0.03099337533100992,0.2708495528823367,9000.0,0.47123889803846897,1200.0,0.0,9000.0,1200.0
1769435008.4399102,5.065979480743408,4.0278754234313965,3.5425309882390645,0.5139102937505421,0.031239283894027733,0.26777691540536414,9000.0,0.47123889803846897,1200.0,0.0,9000.0,1200.0
1769435008.4899492,5.065979480743408,4.0278754234313965,3.5425309882390645,0.5139102937505421,0.031239283894027733,0.26777691540536414,9000.0,0.47123889803846897,1200.0,0.0,9000.0,1200.0
1769435008.5399296,5.019992828369141,4.005376815795898,3.5700522146364486,0.5128957003221628,0.0313720278783402,0.2656392271685676,9000.0,0.47123889803846897,1200.0,0.0,9000.0,1200.0
1769435008.5898542,5.019992828369141,4.005376815795898,3.5700522146364486,0.5128957003221628,0.0313720278783402,0.2656392271685676,9000.0,0.47123889803846897,1200.0,0.0,9000.0,1200.0
1769435008.6399298,4.975207328796387,3.9816620349884033,3.6007123292473033,0.5118800173755345,0.0313189371403249,0.26787194963006716,9000.0,0.47123889803846897,1200.0,0.0,9000.0,1200.0
1769435008.6899295,4.975207328796387,3.9816620349884033,3.6007123292473033,0.5118800173755345,0.0313189371403249,0.26787194963006716,9000.0,0.47123889803846897,1200.0,0.0,9000.0,1200.0
1769435008.739938,4.930294990539551,3.955636739730835,3.624619279137926,0.5111500078263157,0.0313587587932728,0.2679597121587533,9000.0,0.47123889803846897,1200.0,0.0,9000.0,1200.0
1769435008.7898684,4.930294990539551,3.955636739730835,3.624619279137926,0.5111500078263157,0.0313587587932728,0.2679597121587533,9000.0,0.47123889803846897,1200.0,0.0,9000.0,1200.0
1769435008.839861,4.887052059173584,3.9294371604919434,3.652009029637889,0.5104033682125606,0.0313790470870157,0.26794996723991926,9000.0,0.47123889803846897,1200.0,0.0,9000.0,1200.0
1769435008.8899293,4.887052059173584,3.9294371604919434,3.652009029637889,0.5104033682125606,0.0313790470870157,0.26794996723991926,9000.0,0.47123889803846897,1200.0,0.0,9000.0,1200.0
1769435008.9397712,4.844099521636963,3.902148962020874,3.6810257480090924,0.5096743602814884,0.03126641951954281,0.2696803332203878,9000.0,0.47123889803846897,1200.0,0.0,9000.0,1200.0
1769435008.98994,4.844099521636963,3.902148962020874,3.6810257480090924,0.5096743602814884,0.03126641951954281,0.2696803332203878,9000.0,0.47123889803846897,1200.0,0.0,9000.0,1200.0
1769435009.039775,4.801835536956787,3.873624086380005,3.710160564035718,0.5090015457675074,0.031003319349880876,0.2727921920970127,9000.0,0.47123889803846897,1200.0,0.0,9000.0,1200.0
1769435009.0898354,4.801835536956787,3.873624086380005,3.710160564035718,0.5090015457675074,0.031003319349880876,0.2727921920970127,9000.0,0.47123889803846897,1200.0,0.0,9000.0,1200.0
1769435009.1397948,4.760369300842285,3.8431859016418457,3.7354402205814257,0.5085171780036329,0.030844694843540726,0.2733449453432156,9000.0,0.47123889803846897,1200.0,0.0,9000.0,1200.0
1769435009.1898682,4.760369300842285,3.8431859016418457,3.7354402205814257,0.5085171780036329,0.030844694843540726,0.2733449453432156,9000.0,0.47123889803846897,1200.0,0.0,9000.0,1200.0
1769435009.2399325,4.719915866851807,3.812685966491699,3.764975471500492,0.5080487201760082,0.03058420120448079,0.2747448442640022,9000.0,0.47123889803846897,1200.0,0.0,9000.0,1200.0
1769435009.2899172,4.719915866851807,3.812685966491699,3.764975471500492,0.5080487201760082,0.03058420120448079,0.2747448442640022,9000.0,0.47123889803846897,1200.0,0.0,9000.0,1200.0
1769435009.3399189,4.680639266967773,3.780644655227661,3.791495886184633,0.5075114654355676,0.030344102770330818,0.2750026077966561,9000.0,0.47123889803846897,1200.0,0.0,9000.0,1200.0
1769435009.389921,4.680639266967773,3.780644655227661,3.791495886184633,0.5075114654355676,0.030344102770330818,0.2750026077966561,9000.0,0.47123889803846897,1200.0,0.0,9000.0,1200.0
1769435009.4399116,4.641550540924072,3.747774600982666,3.8176628387935945,0.5070653511653617,0.030013016294697777,0.27382444702835607,9000.0,0.47123889803846897,1200.0,0.0,9000.0,1200.0
1769435009.4900293,4.641550540924072,3.747774600982666,3.8176628387935945,0.5070653511653617,0.030013016294697777,0.27382444702835607,9000.0,0.47123889803846897,1200.0,0.0,9000.0,1200.0
1769435009.5399175,4.603651523590088,3.7134101390838623,3.8426458176804865,0.5067578881621434,0.029758550198743655,0.270911753923401,9000.0,0.47123889803846897,1200.0,0.0,9000.0,1200.0
1769435009.5899262,4.603651523590088,3.7134101390838623,3.8426458176804865,0.5067578881621434,0.029758550198743655,0.270911753923401,9000.0,0.47123889803846897,1200.0,0.0,9000.0,1200.0
1769435009.6399004,4.5664567947387695,3.678499698638916,3.871366566112243,0.5065756260346286,0.029476305443806295,0.2700924211430181,9000.0,0.47123889803846897,1200.0,0.0,9000.0,1200.0
1769435009.6899154,4.5664567947387695,3.678499698638916,3.871366566112243,0.5065756260346286,0.029476305443806295,0.2700924211430181,9000.0,0.47123889803846897,1200.0,0.0,9000.0,1200.0
1769435009.7399156,4.530691623687744,3.6420657634735107,3.8986952997064637,0.5064706764365774,0.029362435739130843,0.27040040952541866,9000.0,0.47123889803846897,1200.0,0.0,9000.0,1200.0
1769435009.7899241,4.530691623687744,3.6420657634735107,3.8986952997064637,0.5064706764365774,0.029362435739130843,0.27040040952541866,9000.0,0.47123889803846897,1200.0,0.0,9000.0,1200.0
1769435009.8398302,4.495666980743408,3.6053011417388916,3.927694584852018,0.5063552798180421,0.029241592730127913,0.2723868466189862,9000.0,0.47123889803846897,1200.0,0.0,9000.0,1200.0
1769435009.88993,4.495666980743408,3.6053011417388916,3.927694584852018,0.5063552798180421,0.029241592730127913,0.2723868466189862,9000.0,0.47123889803846897,1200.0,0.0,9000.0,1200.0
1769435009.9398217,4.461732387542725,3.5676798820495605,3.958756400421612,0.5061610740525451,0.02900923833605711,0.27692819389635726,9000.0,0.47123889803846897,1200.0,0.0,9000.0,1200.0
1769435009.989985,4.461732387542725,3.5676798820495605,3.958756400421612,0.5061610740525451,0.02900923833605711,0.27692819389635726,9000.0,0.47123889803846897,1200.0,0.0,9000.0,1200.0
1769435010.0398104,4.429471492767334,3.5286271572113037,3.9875530112440716,0.5058415245511207,0.028880780524477193,0.2810293752817738,9000.0,0.47123889803846897,1200.0,0.0,9000.0,1200.0
1769435010.0898478,4.429471492767334,3.5286271572113037,3.9875530112440716,0.5058415245511207,0.028880780524477193,0.2810293752817738,9000.0,0.47123889803846897,1200.0,0.0,9000.0,1200.0
1769435010.1398885,4.397672176361084,3.4885711669921875,4.016880734753206,0.5055809954428138,0.028799030929080878,0.2842105745197748,9000.0,0.47123889803846897,1200.0,0.0,9000.0,1200.0
1769435010.1898627,4.397672176361084,3.4885711669921875,4.016880734753206,0.5055809954428138,0.028799030929080878,0.2842105745197748,9000.0,0.47123889803846897,1200.0,0.0,9000.0,1200.0
1769435010.2398388,4.367181301116943,3.4478068351745605,4.048298078826145,0.50539410070976,0.028690902654227003,0.28815328590707734,9000.0,0.47123889803846897,1200.0,0.0,9000.0,1200.0
1769435010.2898893,4.367181301116943,3.4478068351745605,4.048298078826145,0.50539410070976,0.028690902654227003,0.28815328590707734,9000.0,0.47123889803846897,1200.0,0.0,9000.0,1200.0
1769435010.3399148,4.3376946449279785,3.406317949295044,4.077100750432166,0.5052928677003778,0.028447413348556196,0.2905996090762204,9000.0,0.47123889803846897,1200.0,0.0,9000.0,1200.0
1769435010.389956,4.3376946449279785,3.406317949295044,4.077100750432166,0.5052928677003778,0.028447413348556196,0.2905996090762204,9000.0,0.47123889803846897,1200.0,0.0,9000.0,1200.0
1769435010.439808,4.309813499450684,3.363804340362549,4.102512406877944,0.5051963412023563,0.028203264500255898,0.2887561702984824,9000.0,0.47123889803846897,1200.0,0.0,9000.0,1200.0
1769435010.4898396,4.309813499450684,3.363804340362549,4.102512406877944,0.5051963412023563,0.028203264500255898,0.2887561702984824,9000.0,0.47123889803846897,1200.0,0.0,9000.0,1200.0
1769435010.5398288,4.283730506896973,3.320544481277466,4.129796586411688,0.5049507877942151,0.028169680289850427,0.28539492015054974,9000.0,0.47123889803846897,1200.0,0.0,9000.0,1200.0
1769435010.5899088,4.283730506896973,3.320544481277466,4.129796586411688,0.5049507877942151,0.028169680289850427,0.28539492015054974,9000.0,0.47123889803846897,1200.0,0.0,9000.0,1200.0
1769435010.6399086,4.25817346572876,3.276482343673706,4.157545298903834,0.5047098241618952,0.02825750902780048,0.2824765921151132,9000.0,0.47123889803846897,1200.0,0.0,9000.0,1200.0
1769435010.689897,4.25817346572876,3.276482343673706,4.157545298903834,0.5047098241618952,0.02825750902780048,0.2824765921151132,9000.0,0.47123889803846897,1200.0,0.0,9000.0,1200.0
1769435010.7398002,4.234320640563965,3.2320120334625244,4.186146580836301,0.5043919815589842,0.028459301905810766,0.2812107819708313,9000.0,0.47123889803846897,1200.0,0.0,9000.0,1200.0
1769435010.7897923,4.234320640563965,3.2320120334625244,4.186146580836301,0.5043919815589842,0.028459301905810766,0.2812107819708313,9000.0,0.47123889803846897,1200.0,0.0,9000.0,1200.0
1769435010.839909,4.211002349853516,3.1867475509643555,4.215100069417904,0.5041506038632693,0.02858666077187043,0.28153606644042745,9000.0,0.47123889803846897,1200.0,0.0,9000.0,1200.0
1769435010.8898938,4.211002349853516,3.1867475509643555,4.215100069417904,0.5041506038632693,0.02858666077187043,0.28153606644042745,9000.0,0.47123889803846897,1200.0,0.0,9000.0,1200.0
1769435010.9397736,4.189287185668945,3.141180992126465,4.247673005190679,0.5038985614912475,0.028559187306925988,0.28557777271948426,9000.0,0.47123889803846897,1200.0,0.0,9000.0,1200.0
1769435010.9899316,4.189287185668945,3.141180992126465,4.247673005190679,0.5038985614912475,0.028559187306925988,0.28557777271948426,9000.0,0.47123889803846897,1200.0,0.0,9000.0,1200.0
1769435011.0398924,4.1677680015563965,3.0940074920654297,4.265473517051548,0.504075125376632,0.028310346881272628,0.280387008744114,9000.0,0.47123889803846897,1200.0,0.0,9000.0,1200.0
1769435011.0899062,4.1677680015563965,3.0940074920654297,4.265473517051548,0.504075125376632,0.028310346881272628,0.280387008744114,9000.0,0.47123889803846897,1200.0,0.0,9000.0,1200.0
1769435011.1399014,4.150261402130127,3.0474281311035156,4.306792751930219,0.5039617832660981,0.02833012080816391,0.2855369598554914,9000.0,0.47123889803846897,1200.0,0.0,9000.0,1200.0
1769435011.189908,4.150261402130127,3.0474281311035156,4.306792751930219,0.5039617832660981,0.02833012080816391,0.2855369598554914,9000.0,0.47123889803846897,1200.0,0.0,9000.0,1200.0
1769435011.2399092,4.132369518280029,2.9997217655181885,4.337052676934647,0.5038156257525924,0.02836457824199927,0.29235734294759985,9000.0,0.47123889803846897,1200.0,0.0,9000.0,1200.0
1769435011.2898934,4.132369518280029,2.9997217655181885,4.337052676934647,0.5038156257525924,0.02836457824199927,0.29235734294759985,9000.0,0.47123889803846897,1200.0,0.0,9000.0,1200.0
1769435011.339833,4.11580753326416,2.951169967651367,4.3616562209917955,0.503869998473777,0.0283350199255582,0.2930522326628051,9000.0,0.47123889803846897,1200.0,0.0,9000.0,1200.0
1769435011.3899448,4.11580753326416,2.951169967651367,4.3616562209917955,0.503869998473777,0.0283350199255582,0.2930522326628051,9000.0,0.47123889803846897,1200.0,0.0,9000.0,1200.0
1769435011.4398077,4.100718021392822,2.902277946472168,4.39278084199756,0.5041268102950452,0.02820759775388198,0.29337167695218413,9000.0,0.47123889803846897,1200.0,0.0,9000.0,1200.0
1769435011.48991,4.100718021392822,2.902277946472168,4.39278084199756,0.5041268102950452,0.02820759775388198,0.29337167695218413,9000.0,0.47123889803846897,1200.0,0.0,9000.0,1200.0
1769435011.539864,4.0876922607421875,2.8528106212615967,4.421448691915127,0.5044801342072633,0.028190908810298742,0.2929316733430805,9000.0,0.47123889803846897,1200.0,0.0,9000.0,1200.0
1769435011.589906,4.0876922607421875,2.8528106212615967,4.421448691915127,0.5044801342072633,0.028190908810298742,0.2929316733430805,9000.0,0.47123889803846897,1200.0,0.0,9000.0,1200.0
1769435011.6398244,4.075348377227783,2.8025496006011963,4.444571646074151,0.505087704458573,0.028216942146354146,0.28765419266453807,9000.0,0.47123889803846897,1200.0,0.0,9000.0,1200.0
1769435011.689926,4.075348377227783,2.8025496006011963,4.444571646074151,0.505087704458573,0.028216942146354146,0.28765419266453807,9000.0,0.47123889803846897,1200.0,0.0,9000.0,1200.0
1769435011.7398343,4.064406394958496,2.752169370651245,4.469774069821941,0.5058774181434217,0.028246841577644552,0.28064825295075396,9000.0,0.47123889803846897,1200.0,0.0,9000.0,1200.0
1769435011.7898958,4.064406394958496,2.752169370651245,4.469774069821941,0.5058774181434217,0.028246841577644552,0.28064825295075396,9000.0,0.47123889803846897,1200.0,0.0,9000.0,1200.0
1769435011.8398397,4.054689884185791,2.701446533203125,4.494143469211845,0.5067958947107049,0.02825984647430357,0.2733280980327073,9000.0,0.47123889803846897,1200.0,0.0,9000.0,1200.0
1769435011.8899336,4.054689884185791,2.701446533203125,4.494143469211845,0.5067958947107049,0.02825984647430357,0.2733280980327073,9000.0,0.47123889803846897,1200.0,0.0,9000.0,1200.0
1769435011.9398177,4.046630859375,2.6503143310546875,4.52316326995707,0.507772529657723,0.02836514772301097,0.2703768274885674,9000.0,0.47123889803846897,1200.0,0.0,9000.0,1200.0
1769435011.989876,4.046630859375,2.6503143310546875,4.52316326995707,0.507772529657723,0.02836514772301097,0.2703768274885674,9000.0,0.47123889803846897,1200.0,0.0,9000.0,1200.0
1769435012.0398152,4.039583683013916,2.5987279415130615,4.552774949886545,0.508861421789363,0.028481650432941492,0.27178649845082875,9000.0,0.47123889803846897,1200.0,0.0,9000.0,1200.0
1769435012.0899248,4.039583683013916,2.5987279415130615,4.552774949886545,0.508861421789363,0.028481650432941492,0.27178649845082875,9000.0,0.47123889803846897,1200.0,0.0,9000.0,1200.0
1769435012.1397908,4.035221099853516,2.5471768379211426,4.585343271068145,0.509849864321354,0.028894412670060106,0.27789643659448765,9000.0,0.47123889803846897,1200.0,0.0,9000.0,1200.0
1769435012.1898828,4.035221099853516,2.5471768379211426,4.585343271068145,0.509849864321354,0.028894412670060106,0.27789643659448765,9000.0,0.47123889803846897,1200.0,0.0,9000.0,1200.0
1769435012.2397974,4.031743049621582,2.495239019393921,4.615026351967774,0.5107829283038577,0.029455289811525943,0.2840323708641762,9000.0,0.47123889803846897,1200.0,0.0,9000.0,1200.0
1769435012.2898965,4.031743049621582,2.495239019393921,4.615026351967774,0.5107829283038577,0.029455289811525943,0.2840323708641762,9000.0,0.47123889803846897,1200.0,0.0,9000.0,1200.0
1769435012.339791,4.028768062591553,2.4428975582122803,4.639410532151285,0.511831312511077,0.029767572669032204,0.2843886433034852,9000.0,0.47123889803846897,1200.0,0.0,9000.0,1200.0
1769435012.3898802,4.028768062591553,2.4428975582122803,4.639410532151285,0.511831312511077,0.029767572669032204,0.2843886433034852,9000.0,0.47123889803846897,1200.0,0.0,9000.0,1200.0
1769435012.4397779,4.028504848480225,2.390531539916992,4.676412516858797,0.5129231922031953,0.030042158546251023,0.28988927832434186,9000.0,0.47123889803846897,1200.0,0.0,9000.0,1200.0
1769435012.4899092,4.028504848480225,2.390531539916992,4.676412516858797,0.5129231922031953,0.030042158546251023,0.28988927832434186,9000.0,0.47123889803846897,1200.0,0.0,9000.0,1200.0
1769435012.5398145,4.028968811035156,2.3383448123931885,4.702848049753646,0.5139755207559843,0.030085437961819703,0.29230552205058474,9000.0,0.47123889803846897,1200.0,0.0,9000.0,1200.0
1769435012.5899024,4.028968811035156,2.3383448123931885,4.702848049753646,0.5139755207559843,0.030085437961819703,0.29230552205058474,9000.0,0.47123889803846897,1200.0,0.0,9000.0,1200.0
1769435012.6397998,4.030731678009033,2.2860662937164307,4.729219248644055,0.5149747669125475,0.029811919835463826,0.29069335225622545,9000.0,0.47123889803846897,1200.0,0.0,9000.0,1200.0
1769435012.6898978,4.030731678009033,2.2860662937164307,4.729219248644055,0.5149747669125475,0.029811919835463826,0.29069335225622545,9000.0,0.47123889803846897,1200.0,0.0,9000.0,1200.0
1769435012.7397673,4.035176753997803,2.233715295791626,4.763515738054072,0.5158665332714659,0.029616767638107968,0.2928461053129169,9000.0,0.47123889803846897,1200.0,0.0,9000.0,1200.0
1769435012.7898667,4.035176753997803,2.233715295791626,4.763515738054072,0.5158665332714659,0.029616767638107968,0.2928461053129169,9000.0,0.47123889803846897,1200.0,0.0,9000.0,1200.0
1769435012.8398488,4.041377544403076,2.181865930557251,4.79631570766534,0.5165524124007578,0.029675123481179896,0.29777279096870174,9000.0,0.47123889803846897,1200.0,0.0,9000.0,1200.0
1769435012.8898156,4.041377544403076,2.181865930557251,4.79631570766534,0.5165524124007578,0.029675123481179896,0.29777279096870174,9000.0,0.47123889803846897,1200.0,0.0,9000.0,1200.0
1769435012.939777,4.0484089851379395,2.129228353500366,4.82666724924054,0.5173423658530198,0.02977063983371805,0.30172527990865283,9000.0,0.47123889803846897,1200.0,0.0,9000.0,1200.0
1769435012.9897723,4.0484089851379395,2.129228353500366,4.82666724924054,0.5173423658530198,0.02977063983371805,0.30172527990865283,9000.0,0.47123889803846897,1200.0,0.0,9000.0,1200.0
1769435013.0398,4.056551933288574,2.0780982971191406,4.848413038016397,0.5179070357424758,0.029661981031797565,0.29714200429511034,9000.0,0.47123889803846897,1200.0,0.0,9000.0,1200.0
1769435013.08976,4.056551933288574,2.0780982971191406,4.848413038016397,0.5179070357424758,0.029661981031797565,0.29714200429511034,9000.0,0.47123889803846897,1200.0,0.0,9000.0,1200.0
1769435013.1398263,4.0675201416015625,2.0271406173706055,4.876383786279981,0.5181620950741396,0.02977124406414256,0.29105532166384357,9000.0,0.47123889803846897,1200.0,0.0,9000.0,1200.0
1769435013.1897533,4.0675201416015625,2.0271406173706055,4.876383786279981,0.5181620950741396,0.02977124406414256,0.29105532166384357,9000.0,0.47123889803846897,1200.0,0.0,9000.0,1200.0
1769435013.239767,4.07977819442749,1.9759271144866943,4.909628493107631,0.5183350229182468,0.030161487320022037,0.2904489395680448,9000.0,0.47123889803846897,1200.0,0.0,9000.0,1200.0
1769435013.2899141,4.07977819442749,1.9759271144866943,4.909628493107631,0.5183350229182468,0.030161487320022037,0.2904489395680448,9000.0,0.47123889803846897,1200.0,0.0,9000.0,1200.0
1769435013.339768,4.093170642852783,1.9250715970993042,4.939130864787319,0.5185321318471655,0.030657780658999143,0.2918051941715138,9000.0,0.47123889803846897,1200.0,0.0,9000.0,1200.0
1769435013.3899333,4.093170642852783,1.9250715970993042,4.939130864787319,0.5185321318471655,0.030657780658999143,0.2918051941715138,9000.0,0.47123889803846897,1200.0,0.0,9000.0,1200.0
1769435013.4398742,4.10835075378418,1.8746311664581299,4.971665130123999,0.5188071397916619,0.031216749337641174,0.2957007173166902,9000.0,0.47123889803846897,1200.0,0.0,9000.0,1200.0
1769435013.4898534,4.10835075378418,1.8746311664581299,4.971665130123999,0.5188071397916619,0.031216749337641174,0.2957007173166902,9000.0,0.47123889803846897,1200.0,0.0,9000.0,1200.0
1769435013.5397952,4.124724864959717,1.8244237899780273,5.002485872696826,0.5192096185848554,0.03165674804766244,0.29952395503077883,9000.0,0.47123889803846897,1200.0,0.0,9000.0,1200.0
1769435013.5897665,4.124724864959717,1.8244237899780273,5.002485872696826,0.5192096185848554,0.03165674804766244,0.29952395503077883,9000.0,0.47123889803846897,1200.0,0.0,9000.0,1200.0
1769435013.6398025,4.142448902130127,1.7760494947433472,5.027467516570158,0.5193033663601138,0.03193963598162424,0.2978052217696341,9000.0,0.47123889803846897,1200.0,0.0,9000.0,1200.0
1769435013.6897562,4.142448902130127,1.7760494947433472,5.027467516570158,0.5193033663601138,0.03193963598162424,0.2978052217696341,9000.0,0.47123889803846897,1200.0,0.0,9000.0,1200.0
1769435013.7397738,4.162254333496094,1.7270691394805908,5.05761760948959,0.5193515127190929,0.032243764880650345,0.29572489607211166,9000.0,0.47123889803846897,1200.0,0.0,9000.0,1200.0
1769435013.7898762,4.162254333496094,1.7270691394805908,5.05761760948959,0.5193515127190929,0.032243764880650345,0.29572489607211166,9000.0,0.47123889803846897,1200.0,0.0,9000.0,1200.0
1769435013.8398886,4.183039665222168,1.6788100004196167,5.085753556790533,0.5194369166304849,0.032501250997761355,0.293342178436374,9000.0,0.47123889803846897,1200.0,0.0,9000.0,1200.0
1769435013.8898504,4.183039665222168,1.6788100004196167,5.085753556790533,0.5194369166304849,0.032501250997761355,0.293342178436374,9000.0,0.47123889803846897,1200.0,0.0,9000.0,1200.0
1769435013.9398015,4.205235958099365,1.631138801574707,5.114867307118663,0.5195758703336193,0.03269509038370974,0.29172418548044426,9000.0,0.47123889803846897,1200.0,0.0,9000.0,1200.0
1769435013.9898455,4.205235958099365,1.631138801574707,5.114867307118663,0.5195758703336193,0.03269509038370974,0.29172418548044426,9000.0,0.47123889803846897,1200.0,0.0,9000.0,1200.0
1769435014.0398421,4.229187488555908,1.5843771696090698,5.1429741991954145,0.5197142544432348,0.03296980147421794,0.2901467449271409,9000.0,0.47123889803846897,1200.0,0.0,9000.0,1200.0
1769435014.0899165,4.229187488555908,1.5843771696090698,5.1429741991954145,0.5197142544432348,0.03296980147421794,0.2901467449271409,9000.0,0.47123889803846897,1200.0,0.0,9000.0,1200.0
1769435014.139794,4.254477024078369,1.5380202531814575,5.180429219526047,0.51994395824702,0.03328510210441005,0.295879201066674,9000.0,0.47123889803846897,1200.0,0.0,9000.0,1200.0
1769435014.1898613,4.254477024078369,1.5380202531814575,5.180429219526047,0.51994395824702,0.03328510210441005,0.295879201066674,9000.0,0.47123889803846897,1200.0,0.0,9000.0,1200.0
1769435014.2398803,4.280787944793701,1.4927862882614136,5.209962445216773,0.5201173498671242,0.033498074200766566,0.3009072240808503,9000.0,0.47123889803846897,1200.0,0.0,9000.0,1200.0
1769435014.28994,4.280787944793701,1.4927862882614136,5.209962445216773,0.5201173498671242,0.033498074200766566,0.3009072240808503,9000.0,0.47123889803846897,1200.0,0.0,9000.0,1200.0
1769435014.33984,4.308029651641846,1.4468302726745605,5.2441304689441495,0.5205969116446763,0.03322759112497208,0.30679190740271306,9000.0,0.47123889803846897,1200.0,0.0,9000.0,1200.0
1769435014.3898518,4.308029651641846,1.4468302726745605,5.2441304689441495,0.5205969116446763,0.03322759112497208,0.30679190740271306,9000.0,0.47123889803846897,1200.0,0.0,9000.0,1200.0
1769435014.4399087,4.337739944458008,1.405029296875,5.262718393483766,0.5205934011443688,0.033178682310630904,0.3009076392181498,9000.0,0.47123889803846897,1200.0,0.0,9000.0,1200.0
1769435014.4898133,4.337739944458008,1.405029296875,5.262718393483766,0.5205934011443688,0.033178682310630904,0.3009076392181498,9000.0,0.47123889803846897,1200.0,0.0,9000.0,1200.0
1769435014.5398383,4.367883682250977,1.3600590229034424,5.303846170672134,0.5209907966436265,0.03283568236568491,0.303283113031501,9000.0,0.47123889803846897,1200.0,0.0,9000.0,1200.0
1769435014.5899606,4.367883682250977,1.3600590229034424,5.303846170672134,0.5209907966436265,0.03283568236568491,0.303283113031501,9000.0,0.47123889803846897,1200.0,0.0,9000.0,1200.0
1769435014.6398516,4.39970588684082,1.320536494255066,5.32237074955005,0.5207769824970399,0.032792916127219345,0.29743340563758036,9000.0,0.47123889803846897,1200.0,0.0,9000.0,1200.0
1769435014.689911,4.39970588684082,1.320536494255066,5.32237074955005,0.5207769824970399,0.032792916127219345,0.29743340563758036,9000.0,0.47123889803846897,1200.0,0.0,9000.0,1200.0
1769435014.73986,4.431691646575928,1.2790167331695557,5.356729205692538,0.5203856864558527,0.03256121966187736,0.295673710543709,7000.0,0.36651914291880916,1200.0,0.0,7000.0,1200.0
1769435014.7898529,4.431691646575928,1.2790167331695557,5.356729205692538,0.5203856864558527,0.03256121966187736,0.295673710543709,6000.0,0.31415926535897926,1200.0,0.0,6000.0,1200.0
1769435014.839835,4.464887619018555,1.2392594814300537,5.389627740487269,0.5198056627357059,0.03208140594842258,0.29828081817099134,5000.0,0.2617993877991494,1200.0,0.0,5000.0,1200.0
1769435014.88988,4.464887619018555,1.2392594814300537,5.389627740487269,0.5198056627357059,0.03208140594842258,0.29828081817099134,4000.0,0.20943951023931953,1200.0,0.0,4000.0,1200.0
1769435014.9399087,4.500070571899414,1.2003436088562012,5.416739464507274,0.5192666939930598,0.03160076850911472,0.29871786612570644,3000.0,0.15707963267948963,1200.0,0.0,3000.0,1200.0
1769435014.9899228,4.500070571899414,1.2003436088562012,5.416739464507274,0.5192666939930598,0.03160076850911472,0.29871786612570644,2000.0,0.10471975511965977,1200.0,0.0,2000.0,1200.0
1769435015.0398042,4.5365166664123535,1.162413477897644,5.44764725472155,0.5189145728882392,0.031247126300509166,0.29923894787900124,1000.0,0.05235987755982988,1200.0,0.0,1000.0,1200.0
1769435015.089903,4.5365166664123535,1.162413477897644,5.44764725472155,0.5189145728882392,0.031247126300509166,0.29923894787900124,0.0,0.0,1200.0,0.0,0.0,1200.0
1769435015.139841,4.574549198150635,1.1263072490692139,5.472827720978481,0.5186699896713012,0.031329525198449004,0.29582579285134,0.0,0.0,1200.0,0.0,0.0,1200.0
1769435015.1899128,4.574549198150635,1.1263072490692139,5.472827720978481,0.5186699896713012,0.031329525198449004,0.29582579285134,0.0,0.0,1200.0,0.0,0.0,1200.0
1769435015.2399383,4.611351013183594,1.0903849601745605,5.491769765447088,0.5183296841716879,0.031191439728759915,0.2845830850933558,0.0,0.0,1200.0,0.0,0.0,1200.0
1769435015.2900417,4.611351013183594,1.0903849601745605,5.491769765447088,0.5183296841716879,0.031191439728759915,0.2845830850933558,-1000.0,-0.05235987755982988,1200.0,0.0,-1000.0,1200.0
1769435015.3399467,4.6513261795043945,1.0556373596191406,5.514822681987107,0.5182038416953119,0.0312887642515682,0.271990035877755,-2000.0,-0.10471975511965977,1200.0,0.0,-2000.0,1200.0
1769435015.3898962,4.6513261795043945,1.0556373596191406,5.514822681987107,0.5182038416953119,0.0312887642515682,0.271990035877755,-2000.0,-0.10471975511965977,1200.0,0.0,-2000.0,1200.0
1769435015.4398055,4.69078254699707,1.021547794342041,5.528346078998184,0.518189849783421,0.03142782472778836,0.25373035440986486,-3000.0,-0.15707963267948963,1200.0,0.0,-3000.0,1200.0
1769435015.4899101,4.69078254699707,1.021547794342041,5.528346078998184,0.518189849783421,0.03142782472778836,0.25373035440986486,-4000.0,-0.20943951023931953,1200.0,0.0,-4000.0,1200.0
1769435015.5397515,4.731037616729736,0.9893022775650024,5.529227858330227,0.5180029438729179,0.031907850754157634,0.22273874849105796,-4000.0,-0.20943951023931953,1200.0,0.0,-4000.0,1200.0
1769435015.589969,4.731037616729736,0.9893022775650024,5.529227858330227,0.5180029438729179,0.031907850754157634,0.22273874849105796,-5000.0,-0.2617993877991494,1200.0,0.0,-5000.0,1200.0
1769435015.6397953,4.773315906524658,0.9585697054862976,5.524903313223773,0.5176597001921751,0.03352375527587594,0.18097041323969457,-6000.0,-0.31415926535897926,1200.0,0.0,-6000.0,1200.0
1769435015.6899006,4.773315906524658,0.9585697054862976,5.524903313223773,0.5176597001921751,0.03352375527587594,0.18097041323969457,-6000.0,-0.31415926535897926,1200.0,0.0,-6000.0,1200.0
1769435015.7398098,4.816278457641602,0.9276065826416016,5.522745300241571,0.5174903212469023,0.03642418881026335,0.13857853708810033,-7000.0,-0.36651914291880916,1200.0,0.0,-7000.0,1200.0
1769435015.7899523,4.816278457641602,0.9276065826416016,5.522745300241571,0.5174903212469023,0.03642418881026335,0.13857853708810033,-8000.0,-0.41887902047863906,1200.0,0.0,-8000.0,1200.0
1769435015.8398075,4.8592753410339355,0.8959500193595886,5.514259882800543,0.5177940702994602,0.04022320855253564,0.0966589537164336,-8000.0,-0.41887902047863906,1200.0,0.0,-8000.0,1200.0
1769435015.8898156,4.8592753410339355,0.8959500193595886,5.514259882800543,0.5177940702994602,0.04022320855253564,0.0966589537164336,-9000.0,-0.47123889803846897,1200.0,0.0,-9000.0,1200.0
1769435015.9398699,4.901987075805664,0.8644458055496216,5.497222016816863,0.5184744022108183,0.04457726554200013,0.051863260523726626,-9000.0,-0.47123889803846897,1200.0,0.0,-9000.0,1200.0
1769435015.9899032,4.901987075805664,0.8644458055496216,5.497222016816863,0.5184744022108183,0.04457726554200013,0.051863260523726626,-9000.0,-0.47123889803846897,1200.0,0.0,-9000.0,1200.0
1769435016.039832,4.945319175720215,0.8334192633628845,5.4839564294606,0.5194169496054857,0.049547705974532626,0.011099998232492997,-9000.0,-0.47123889803846897,1200.0,0.0,-9000.0,1200.0
1769435016.0898805,4.945319175720215,0.8334192633628845,5.4839564294606,0.5194169496054857,0.049547705974532626,0.011099998232492997,-9000.0,-0.47123889803846897,1200.0,0.0,-9000.0,1200.0
1769435016.1398416,4.989027500152588,0.8038605451583862,5.449513515491838,0.5201610993077072,0.05565012572624774,-0.039152811501138904,-9000.0,-0.47123889803846897,1200.0,0.0,-9000.0,1200.0
1769435016.1899023,4.989027500152588,0.8038605451583862,5.449513515491838,0.5201610993077072,0.05565012572624774,-0.039152811501138904,-9000.0,-0.47123889803846897,1200.0,0.0,-9000.0,1200.0
1769435016.239816,5.032529830932617,0.7729858756065369,5.416679996533458,0.5207302358356525,0.06276984063629495,-0.0928526400627597,-9000.0,-0.47123889803846897,1200.0,0.0,-9000.0,1200.0
1769435016.2898848,5.032529830932617,0.7729858756065369,5.416679996533458,0.5207302358356525,0.06276984063629495,-0.0928526400627597,-9000.0,-0.47123889803846897,1200.0,0.0,-9000.0,1200.0
1769435016.340032,5.0754780769348145,0.74055016040802,5.383835883097573,0.5212945322005867,0.0704639870838241,-0.1428825044425936,-9000.0,-0.47123889803846897,1200.0,0.0,-9000.0,1200.0
1769435016.3899717,5.0754780769348145,0.74055016040802,5.383835883097573,0.5212945322005867,0.0704639870838241,-0.1428825044425936,-9000.0,-0.47123889803846897,1200.0,0.0,-9000.0,1200.0
1769435016.4401004,5.117053508758545,0.7087340354919434,5.329123340031528,0.521330775589156,0.07868876163517231,-0.20228516502751276,-9000.0,-0.47123889803846897,1200.0,0.0,-9000.0,1200.0
1769435016.489993,5.117053508758545,0.7087340354919434,5.329123340031528,0.521330775589156,0.07868876163517231,-0.20228516502751276,-9000.0,-0.47123889803846897,1200.0,0.0,-9000.0,1200.0
1769435016.5398834,5.158563137054443,0.675183117389679,5.286612463747304,0.5209542039032851,0.08738461255730397,-0.25605369469122147,-9000.0,-0.47123889803846897,1200.0,0.0,-9000.0,1200.0
1769435016.5899022,5.158563137054443,0.675183117389679,5.286612463747304,0.5209542039032851,0.08738461255730397,-0.25605369469122147,-9000.0,-0.47123889803846897,1200.0,0.0,-9000.0,1200.0
1769435016.6398225,5.198646068572998,0.6412617564201355,5.244334832576262,0.5199632551381134,0.09645124330030798,-0.29846129829038565,-9000.0,-0.47123889803846897,1200.0,0.0,-9000.0,1200.0
1769435016.6898274,5.198646068572998,0.6412617564201355,5.244334832576262,0.5199632551381134,0.09645124330030798,-0.29846129829038565,-9000.0,-0.47123889803846897,1200.0,0.0,-9000.0,1200.0
1769435016.7398214,5.237518310546875,0.6054545640945435,5.197033106503449,0.5184482572836829,0.10554697501737813,-0.33363591440586243,-9000.0,-0.47123889803846897,1200.0,0.0,-9000.0,1200.0
1769435016.7898967,5.237518310546875,0.6054545640945435,5.197033106503449,0.5184482572836829,0.10554697501737813,-0.33363591440586243,-9000.0,-0.47123889803846897,1200.0,0.0,-9000.0,1200.0
1769435016.8398228,5.27398681640625,0.5683793425559998,5.1586680627056705,0.5163132496514152,0.11407362931390537,-0.35587887079186525,-9000.0,-0.47123889803846897,1200.0,0.0,-9000.0,1200.0
1769435016.8899589,5.27398681640625,0.5683793425559998,5.1586680627056705,0.5163132496514152,0.11407362931390537,-0.35587887079186525,-9000.0,-0.47123889803846897,1200.0,0.0,-9000.0,1200.0
1769435016.9397855,5.310451984405518,0.5306268930435181,5.115175681416699,0.5137593254959758,0.1221944902039668,-0.37161466918165165,-9000.0,-0.47123889803846897,1200.0,0.0,-9000.0,1200.0
1769435016.9899776,5.310451984405518,0.5306268930435181,5.115175681416699,0.5137593254959758,0.1221944902039668,-0.37161466918165165,-9000.0,-0.47123889803846897,1200.0,0.0,-9000.0,1200.0
1769435017.0399115,5.343522548675537,0.4908817708492279,5.082252657770892,0.5108070302565015,0.12917410910205,-0.37565841903684477,-9000.0,-0.47123889803846897,1200.0,0.0,-9000.0,1200.0
1769435017.089911,5.343522548675537,0.4908817708492279,5.082252657770892,0.5108070302565015,0.12917410910205,-0.37565841903684477,-9000.0,-0.47123889803846897,1200.0,0.0,-9000.0,1200.0
1769435017.1398919,5.3773884773254395,0.4511599540710449,5.041682283204918,0.507720556903534,0.13556637603529062,-0.3774595932098969,-9000.0,-0.47123889803846897,1200.0,0.0,-9000.0,1200.0
1769435017.189953,5.3773884773254395,0.4511599540710449,5.041682283204918,0.507720556903534,0.13556637603529062,-0.3774595932098969,-9000.0,-0.47123889803846897,1200.0,0.0,-9000.0,1200.0
1769435017.2399175,5.410414695739746,0.40954747796058655,5.0231268412318935,0.5049940076648944,0.1415004955077644,-0.36290361323301995,-9000.0,-0.47123889803846897,1200.0,0.0,-9000.0,1200.0
1769435017.2899015,5.410414695739746,0.40954747796058655,5.0231268412318935,0.5049940076648944,0.1415004955077644,-0.36290361323301995,-9000.0,-0.47123889803846897,1200.0,0.0,-9000.0,1200.0
1769435017.3398588,5.4390668869018555,0.36759620904922485,4.994246571350105,0.5021979578271374,0.14612486346947945,-0.3447343797396084,-9000.0,-0.47123889803846897,1200.0,0.0,-9000.0,1200.0
1769435017.389968,5.4390668869018555,0.36759620904922485,4.994246571350105,0.5021979578271374,0.14612486346947945,-0.3447343797396084,-9000.0,-0.47123889803846897,1200.0,0.0,-9000.0,1200.0
1769435017.4398277,5.466093063354492,0.3248898684978485,4.962806506073697,0.4992287213050504,0.14908590666725577,-0.3310682858719307,-9000.0,-0.47123889803846897,1200.0,0.0,-9000.0,1200.0
1769435017.4898949,5.466093063354492,0.3248898684978485,4.962806506073697,0.4992287213050504,0.14908590666725577,-0.3310682858719307,-9000.0,-0.47123889803846897,1200.0,0.0,-9000.0,1200.0
1769435017.5398672,5.492372989654541,0.2814362943172455,4.9372232134105785,0.49627792489905226,0.15061394614656295,-0.3184706240631998,-9000.0,-0.47123889803846897,1200.0,0.0,-9000.0,1200.0
1769435017.5898302,5.492372989654541,0.2814362943172455,4.9372232134105785,0.49627792489905226,0.15061394614656295,-0.3184706240631998,-9000.0,-0.47123889803846897,1200.0,0.0,-9000.0,1200.0
1769435017.6398203,5.51722526550293,0.2368113249540329,4.904981268026638,0.4936360814268803,0.1509598369465675,-0.311834677384043,-9000.0,-0.47123889803846897,1200.0,0.0,-9000.0,1200.0
1769435017.6899269,5.51722526550293,0.2368113249540329,4.904981268026638,0.4936360814268803,0.1509598369465675,-0.311834677384043,-9000.0,-0.47123889803846897,1200.0,0.0,-9000.0,1200.0
1769435017.7398968,5.541757106781006,0.1922975778579712,4.89406803021177,0.49134107913639286,0.15076027645254042,-0.29362997371993393,-9000.0,-0.47123889803846897,1200.0,0.0,-9000.0,1200.0
1769435017.7899268,5.541757106781006,0.1922975778579712,4.89406803021177,0.49134107913639286,0.15076027645254042,-0.29362997371993393,-9000.0,-0.47123889803846897,1200.0,0.0,-9000.0,1200.0
1769435017.839768,5.563901424407959,0.1470840871334076,4.860899912024655,0.4893089385648863,0.14999939093168352,-0.28334000253928276,-9000.0,-0.47123889803846897,1200.0,0.0,-9000.0,1200.0
1769435017.8898914,5.563901424407959,0.1470840871334076,4.860899912024655,0.4893089385648863,0.14999939093168352,-0.28334000253928276,-9000.0,-0.47123889803846897,1200.0,0.0,-9000.0,1200.0
1769435017.9398494,5.585305690765381,0.101329505443573,4.830174802706712,0.4875696875100004,0.14898036577192766,-0.2812942349431301,-9000.0,-0.47123889803846897,1200.0,0.0,-9000.0,1200.0
1769435017.9898942,5.585305690765381,0.101329505443573,4.830174802706712,0.4875696875100004,0.14898036577192766,-0.2812942349431301,-9000.0,-0.47123889803846897,1200.0,0.0,-9000.0,1200.0
1769435018.0398245,5.60715913772583,0.053782958537340164,4.813963740632148,0.4866336380299973,0.14828571868953028,-0.27279432380535706,-9000.0,-0.47123889803846897,1200.0,0.0,-9000.0,1200.0
1769435018.089802,5.60715913772583,0.053782958537340164,4.813963740632148,0.4866336380299973,0.14828571868953028,-0.27279432380535706,-9000.0,-0.47123889803846897,1200.0,0.0,-9000.0,1200.0
1769435018.139791,5.62664794921875,0.006811952218413353,4.803325100888491,0.48616728791174546,0.14774417686509786,-0.25331102722806786,-9000.0,-0.47123889803846897,1200.0,0.0,-9000.0,1200.0
1769435018.189881,5.62664794921875,0.006811952218413353,4.803325100888491,0.48616728791174546,0.14774417686509786,-0.25331102722806786,-9000.0,-0.47123889803846897,1200.0,0.0,-9000.0,1200.0
1769435018.2397728,5.645537853240967,-0.04078557714819908,4.781795100686702,0.48607421994112,0.14733069987567854,-0.23649429676391528,-9000.0,-0.47123889803846897,1200.0,0.0,-9000.0,1200.0
1769435018.2898955,5.645537853240967,-0.04078557714819908,4.781795100686702,0.48607421994112,0.14733069987567854,-0.23649429676391528,-9000.0,-0.47123889803846897,1200.0,0.0,-9000.0,1200.0
1769435018.3397927,5.660971164703369,-0.08837877959012985,4.758876190684416,0.4859793600034957,0.1462462317147697,-0.226953428389668,-9000.0,-0.47123889803846897,1200.0,0.0,-9000.0,1200.0
1769435018.39007,5.660971164703369,-0.08837877959012985,4.758876190684416,0.4859793600034957,0.1462462317147697,-0.226953428389668,-9000.0,-0.47123889803846897,1200.0,0.0,-9000.0,1200.0
1769435018.439818,5.675961971282959,-0.13720722496509552,4.718346984852787,0.4860403768357509,0.1445645071400485,-0.23725788018827185,-9000.0,-0.47123889803846897,1200.0,0.0,-9000.0,1200.0
1769435018.4898627,5.675961971282959,-0.13720722496509552,4.718346984852787,0.4860403768357509,0.1445645071400485,-0.23725788018827185,-9000.0,-0.47123889803846897,1200.0,0.0,-9000.0,1200.0
1769435018.5399692,5.683976173400879,-0.18312561511993408,4.70303754686799,0.48503505637238037,0.14081992035142277,-0.24143916593033787,-9000.0,-0.47123889803846897,1200.0,0.0,-9000.0,1200.0
1769435018.5898771,5.683976173400879,-0.18312561511993408,4.70303754686799,0.48503505637238037,0.14081992035142277,-0.24143916593033787,-9000.0,-0.47123889803846897,1200.0,0.0,-9000.0,1200.0
1769435018.6397846,5.688721179962158,-0.23087185621261597,4.693150813418667,0.48327085766475064,0.1341135319090885,-0.2311596482975424,-9000.0,-0.47123889803846897,1200.0,0.0,-9000.0,1200.0
1769435018.6898975,5.688721179962158,-0.23087185621261597,4.693150813418667,0.48327085766475064,0.1341135319090885,-0.2311596482975424,-9000.0,-0.47123889803846897,1200.0,0.0,-9000.0,1200.0
1769435018.7397685,5.687246799468994,-0.27839046716690063,4.695674832663502,0.48098081761692757,0.12309237765142779,-0.20162986088266793,-9000.0,-0.47123889803846897,1200.0,0.0,-9000.0,1200.0
1769435018.7898257,5.687246799468994,-0.27839046716690063,4.695674832663502,0.48098081761692757,0.12309237765142779,-0.20162986088266793,-9000.0,-0.47123889803846897,1200.0,0.0,-9000.0,1200.0
1769435018.8397996,5.692263126373291,-0.3267785310745239,4.637403884567799,0.47894496327854036,0.11091810265360891,-0.20985104321366738,-9000.0,-0.47123889803846897,1200.0,0.0,-9000.0,1200.0
1769435018.889866,5.692263126373291,-0.3267785310745239,4.637403884567799,0.47894496327854036,0.11091810265360891,-0.20985104321366738,-9000.0,-0.47123889803846897,1200.0,0.0,-9000.0,1200.0
1769435018.9398055,5.685393810272217,-0.37027832865715027,4.416579159296291,0.47555105776376655,0.09733221057110704,-0.3803968208943179,-9000.0,-0.47123889803846897,1200.0,0.0,-9000.0,1200.0
1769435018.9897923,5.685393810272217,-0.37027832865715027,4.416579159296291,0.47555105776376655,0.09733221057110704,-0.3803968208943179,-9000.0,-0.47123889803846897,1200.0,0.0,-9000.0,1200.0
1769435019.0399044,5.694283485412598,-0.4121863543987274,4.395513260187887,0.47025505668098005,0.0892460036977536,-0.5047399539093356,-9000.0,-0.47123889803846897,1200.0,0.0,-9000.0,1200.0
1769435019.0898795,5.694283485412598,-0.4121863543987274,4.395513260187887,0.47025505668098005,0.0892460036977536,-0.5047399539093356,-9000.0,-0.47123889803846897,1200.0,0.0,-9000.0,1200.0
1769435019.1397436,5.694283485412598,-0.4121863543987274,4.395513260187887,0.4497138862176674,0.08570459336746247,-0.5248913961018951,-9000.0,-0.47123889803846897,1200.0,0.0,-9000.0,1200.0
1769435019.1898637,5.694283485412598,-0.4121863543987274,4.395513260187887,0.4497138862176674,0.08570459336746247,-0.5248913961018951,-9000.0,-0.47123889803846897,1200.0,0.0,-9000.0,1200.0
1769435019.2397342,5.694283485412598,-0.4121863543987274,4.395513260187887,0.41235405175303186,0.08399514085017941,-0.46961752333488527,-9000.0,-0.47123889803846897,1200.0,0.0,-9000.0,1200.0
1769435019.2898843,5.694283485412598,-0.4121863543987274,4.395513260187887,0.41235405175303186,0.08399514085017941,-0.46961752333488527,-9000.0,-0.47123889803846897,1200.0,0.0,-9000.0,1200.0
1769435019.339786,5.694283485412598,-0.4121863543987274,4.395513260187887,0.36251198476586105,0.08161114454141447,-0.382664272265015,-9000.0,-0.47123889803846897,1200.0,0.0,-9000.0,1200.0
1769435019.3898664,5.694283485412598,-0.4121863543987274,4.395513260187887,0.36251198476586105,0.08161114454141447,-0.382664272265015,-9000.0,-0.47123889803846897,1200.0,0.0,-9000.0,1200.0
1769435019.4398022,5.694283485412598,-0.4121863543987274,4.395513260187887,0.30638709437151235,0.07724018686849403,-0.29504052412450193,-9000.0,-0.47123889803846897,1200.0,0.0,-9000.0,1200.0
1769435019.4897394,5.694283485412598,-0.4121863543987274,4.395513260187887,0.30638709437151235,0.07724018686849403,-0.29504052412450193,-9000.0,-0.47123889803846897,1200.0,0.0,-9000.0,1200.0
1769435019.5398223,5.694283485412598,-0.4121863543987274,4.395513260187887,0.24992033057120416,0.07073896919229515,-0.22167037912667154,-9000.0,-0.47123889803846897,1200.0,0.0,-9000.0,1200.0
1769435019.5898924,5.694283485412598,-0.4121863543987274,4.395513260187887,0.24992033057120416,0.07073896919229515,-0.22167037912667154,-9000.0,-0.47123889803846897,1200.0,0.0,-9000.0,1200.0
1769435019.6397781,5.694283485412598,-0.4121863543987274,4.395513260187887,0.19750121495501327,0.062655607269688,-0.1658351798669177,-9000.0,-0.47123889803846897,1200.0,0.0,-9000.0,1200.0
1769435019.6898932,5.694283485412598,-0.4121863543987274,4.395513260187887,0.19750121495501327,0.062655607269688,-0.1658351798669177,-9000.0,-0.47123889803846897,1200.0,0.0,-9000.0,1200.0
