t_sec,x,y,yaw,u,v,r,applied_steer_ui,applied_steer_rad,applied_thrust,bow,target_steer_ui,target_thrust
1769432494.0266469,4.758913516998291,2.8501760959625244,0.7698395391147042,0.4101030154042891,0.06336878668655861,-0.0002759049017251689,0.0,0.0,0.0,0.0,0.0,0.0
1769432494.0767546,4.780102252960205,2.8785791397094727,0.7721864028069767,0.40114319021857536,0.06269322477433617,-0.0009975350738132562,0.0,0.0,0.0,0.0,0.0,0.0
1769432494.1267028,4.780102252960205,2.8785791397094727,0.7721864028069767,0.40114319021857536,0.06269322477433617,-0.0009975350738132562,0.0,0.0,0.0,0.0,0.0,0.0
1769432494.1767046,4.8013596534729,2.906402587890625,0.7700672390304142,0.39247206281764274,0.06182145584339687,-0.0020969533985775485,0.0,0.0,0.0,0.0,0.0,0.0
1769432494.2267282,4.8013596534729,2.906402587890625,0.7700672390304142,0.39247206281764274,0.06182145584339687,-0.0020969533985775485,0.0,0.0,0.0,0.0,0.0,0.0
1769432494.2765834,4.822120666503906,2.9347329139709473,0.7707627905503749,0.38432704326060485,0.06095678316157807,-0.002109156714582052,0.0,0.0,0.0,0.0,0.0,0.0
1769432494.3267055,4.822120666503906,2.9347329139709473,0.7707627905503749,0.38432704326060485,0.06095678316157807,-0.002109156714582052,0.0,0.0,0.0,0.0,0.0,0.0
1769432494.3767161,4.842706203460693,2.962104558944702,0.7727162721707694,0.37669514370462337,0.06001900669026179,-0.0001521154943491961,0.0,0.0,0.0,0.0,0.0,0.0
1769432494.426687,4.842706203460693,2.962104558944702,0.7727162721707694,0.37669514370462337,0.06001900669026179,-0.0001521154943491961,0.0,0.0,0.0,0.0,0.0,0.0
1769432494.4767342,4.862129211425781,2.989412546157837,0.7699751268125326,0.36942324649484487,0.0592708086659733,-0.0006838104905201591,0.0,0.0,0.0,0.0,0.0,0.0
1769432494.5267305,4.862129211425781,2.989412546157837,0.7699751268125326,0.36942324649484487,0.0592708086659733,-0.0006838104905201591,0.0,0.0,0.0,0.0,0.0,0.0
1769432494.57671,4.881832122802734,3.0160505771636963,0.7697325232463239,0.36251848145488746,0.05859309087094603,-0.001737474119562404,0.0,0.0,0.0,0.0,0.0,0.0
1769432494.626747,4.881832122802734,3.0160505771636963,0.7697325232463239,0.36251848145488746,0.05859309087094603,-0.001737474119562404,0.0,0.0,0.0,0.0,0.0,0.0
1769432494.6766946,4.901191711425781,3.042585849761963,0.7702133533967856,0.3560168669367443,0.0579970334930943,-0.0019558874878860804,0.0,0.0,0.0,0.0,0.0,0.0
1769432494.726671,4.901191711425781,3.042585849761963,0.7702133533967856,0.3560168669367443,0.0579970334930943,-0.0019558874878860804,0.0,0.0,100.0,0.0,0.0,100.0
1769432494.776623,4.919994354248047,3.0672433376312256,0.770769298004919,0.34951548912217245,0.05718089962560246,-0.0012862640182821237,0.0,0.0,100.0,0.0,0.0,100.0
1769432494.826698,4.919994354248047,3.0672433376312256,0.770769298004919,0.34951548912217245,0.05718089962560246,-0.0012862640182821237,0.0,0.0,100.0,0.0,0.0,100.0
1769432494.8765886,4.938248634338379,3.0924229621887207,0.7744772579880621,0.3430481622402109,0.05632012394160697,0.0023217104082131857,0.0,0.0,100.0,0.0,0.0,100.0
1769432494.9266708,4.938248634338379,3.0924229621887207,0.7744772579880621,0.3430481622402109,0.05632012394160697,0.0023217104082131857,0.0,0.0,100.0,0.0,0.0,100.0
1769432494.976796,4.957094669342041,3.1173813343048096,0.7734580714924615,0.3369114228924769,0.055331360191752874,0.004129622357046155,0.0,0.0,200.0,0.0,0.0,200.0
1769432495.026715,4.957094669342041,3.1173813343048096,0.7734580714924615,0.3369114228924769,0.055331360191752874,0.004129622357046155,0.0,0.0,200.0,0.0,0.0,200.0
1769432495.0767338,4.974855899810791,3.142146348953247,0.7748789082943937,0.33106533920695225,0.054428797410694674,0.005510008989831033,0.0,0.0,200.0,0.0,0.0,200.0
1769432495.126763,4.974855899810791,3.142146348953247,0.7748789082943937,0.33106533920695225,0.054428797410694674,0.005510008989831033,0.0,0.0,200.0,0.0,0.0,200.0
1769432495.1767209,4.993324279785156,3.16674542427063,0.7760689350580403,0.325741479067045,0.05350344226173629,0.0066952054255647875,0.0,0.0,300.0,0.0,0.0,300.0
1769432495.2267423,4.993324279785156,3.16674542427063,0.7760689350580403,0.325741479067045,0.05350344226173629,0.0066952054255647875,0.0,0.0,300.0,0.0,0.0,300.0
1769432495.2767155,5.010295391082764,3.1910228729248047,0.7767845877681996,0.32068673071889453,0.05279827342353662,0.007361246743083513,0.0,0.0,300.0,0.0,0.0,300.0
1769432495.326703,5.010295391082764,3.1910228729248047,0.7767845877681996,0.32068673071889453,0.05279827342353662,0.007361246743083513,0.0,0.0,300.0,0.0,0.0,300.0
1769432495.3767338,5.027499675750732,3.2142655849456787,0.7783909897167396,0.31571154009115987,0.05208609176982404,0.008296528311589849,0.0,0.0,300.0,0.0,0.0,300.0
1769432495.426724,5.027499675750732,3.2142655849456787,0.7783909897167396,0.31571154009115987,0.05208609176982404,0.008296528311589849,0.0,0.0,300.0,0.0,0.0,300.0
1769432495.476753,5.044477939605713,3.237352132797241,0.7808231726713455,0.31081006078085116,0.05129951796483368,0.01015311566620797,0.0,0.0,400.0,0.0,0.0,400.0
1769432495.5267584,5.044477939605713,3.237352132797241,0.7808231726713455,0.31081006078085116,0.05129951796483368,0.01015311566620797,0.0,0.0,400.0,0.0,0.0,400.0
1769432495.5767243,5.061479091644287,3.2598838806152344,0.7838684856343523,0.3059992552190295,0.05029840587173236,0.013033538412677232,0.0,0.0,400.0,0.0,0.0,400.0
1769432495.6267817,5.061479091644287,3.2598838806152344,0.7838684856343523,0.3059992552190295,0.05029840587173236,0.013033538412677232,0.0,0.0,400.0,0.0,0.0,400.0
1769432495.676647,5.0777387619018555,3.282383680343628,0.7844728873271247,0.3012286835191013,0.049244060012434164,0.014385479684626447,0.0,0.0,400.0,0.0,0.0,400.0
1769432495.7267206,5.0777387619018555,3.282383680343628,0.7844728873271247,0.3012286835191013,0.049244060012434164,0.014385479684626447,0.0,0.0,500.0,0.0,0.0,500.0
1769432495.7766995,5.0941057205200195,3.304654359817505,0.7884097894528459,0.2966282671285643,0.04815591602232452,0.01673906402257981,0.0,0.0,500.0,0.0,0.0,500.0
1769432495.8267372,5.0941057205200195,3.304654359817505,0.7884097894528459,0.2966282671285643,0.04815591602232452,0.01673906402257981,0.0,0.0,500.0,0.0,0.0,500.0
1769432495.8767483,5.110162734985352,3.3269455432891846,0.7900426354957286,0.2922778222082524,0.047134563342513563,0.018301710202069305,0.0,0.0,500.0,0.0,0.0,500.0
1769432495.9267218,5.110162734985352,3.3269455432891846,0.7900426354957286,0.2922778222082524,0.047134563342513563,0.018301710202069305,0.0,0.0,500.0,0.0,0.0,500.0
1769432495.9766486,5.125941276550293,3.349355697631836,0.7914593026460057,0.2882608698703085,0.04631357704906919,0.018674997824877904,0.0,0.0,600.0,0.0,0.0,600.0
1769432496.0266933,5.125941276550293,3.349355697631836,0.7914593026460057,0.2882608698703085,0.04631357704906919,0.018674997824877904,0.0,0.0,600.0,0.0,0.0,600.0
1769432496.0767112,5.1412811279296875,3.3706798553466797,0.7924963812916115,0.2843454281684036,0.04557379705623018,0.017946786474081922,0.0,0.0,600.0,0.0,0.0,600.0
1769432496.1267538,5.1412811279296875,3.3706798553466797,0.7924963812916115,0.2843454281684036,0.04557379705623018,0.017946786474081922,0.0,0.0,700.0,0.0,0.0,700.0
1769432496.1767325,5.156426429748535,3.3914599418640137,0.7957235988420237,0.28036160273771804,0.044774845372868424,0.018381000322069206,0.0,0.0,700.0,0.0,0.0,700.0
1769432496.226763,5.156426429748535,3.3914599418640137,0.7957235988420237,0.28036160273771804,0.044774845372868424,0.018381000322069206,0.0,0.0,700.0,0.0,0.0,700.0
1769432496.2766902,5.17134428024292,3.4125025272369385,0.7986925512909311,0.2763870009340393,0.04398805618613402,0.019801874143348653,0.0,0.0,800.0,0.0,0.0,800.0
1769432496.3288887,5.17134428024292,3.4125025272369385,0.7986925512909311,0.2763870009340393,0.04398805618613402,0.019801874143348653,0.0,0.0,800.0,0.0,0.0,800.0
1769432496.3766787,5.1863484382629395,3.433128595352173,0.8017710865586007,0.27251492859550264,0.04313085077531942,0.021717763492558426,0.0,0.0,800.0,0.0,0.0,800.0
1769432496.426693,5.1863484382629395,3.433128595352173,0.8017710865586007,0.27251492859550264,0.04313085077531942,0.021717763492558426,0.0,0.0,900.0,0.0,0.0,900.0
1769432496.4766126,5.201081275939941,3.453460216522217,0.8021509383671264,0.2687645216458505,0.04219324228121242,0.021532858281386586,0.0,0.0,900.0,0.0,0.0,900.0
1769432496.5266023,5.201081275939941,3.453460216522217,0.8021509383671264,0.2687645216458505,0.04219324228121242,0.021532858281386586,0.0,0.0,900.0,0.0,0.0,900.0
1769432496.5765965,5.2156081199646,3.4741334915161133,0.803953123294459,0.2652599290058205,0.04132766494038307,0.020633408140805873,0.0,0.0,1000.0,0.0,0.0,1000.0
1769432496.6266406,5.2156081199646,3.4741334915161133,0.803953123294459,0.2652599290058205,0.04132766494038307,0.020633408140805873,0.0,0.0,1000.0,0.0,0.0,1000.0
1769432496.6766326,5.229684829711914,3.49460768699646,0.8055705216757723,0.2619698468988014,0.04065546947461119,0.019593078801565765,0.0,0.0,1000.0,0.0,0.0,1000.0
1769432496.7266262,5.229684829711914,3.49460768699646,0.8055705216757723,0.2619698468988014,0.04065546947461119,0.019593078801565765,0.0,0.0,1000.0,0.0,0.0,1000.0
1769432496.7767105,5.243804931640625,3.514828681945801,0.8083111367260694,0.25890231693310656,0.040125780774029125,0.01957631851343008,0.0,0.0,1000.0,0.0,0.0,1000.0
1769432496.8266633,5.243804931640625,3.514828681945801,0.8083111367260694,0.25890231693310656,0.040125780774029125,0.01957631851343008,0.0,0.0,1000.0,0.0,0.0,1000.0
1769432496.8766038,5.257353782653809,3.5343360900878906,0.8092004928347443,0.25580944176259446,0.03966128281139555,0.01898086623233238,0.0,0.0,1000.0,0.0,0.0,1000.0
1769432496.9266722,5.257353782653809,3.5343360900878906,0.8092004928347443,0.25580944176259446,0.03966128281139555,0.01898086623233238,0.0,0.0,1100.0,0.0,0.0,1100.0
1769432496.9766982,5.270618915557861,3.5535247325897217,0.8108023791487637,0.2525721211229733,0.03921667219982184,0.018266998184276014,0.0,0.0,1100.0,0.0,0.0,1100.0
1769432497.0266943,5.270618915557861,3.5535247325897217,0.8108023791487637,0.2525721211229733,0.03921667219982184,0.018266998184276014,0.0,0.0,1100.0,0.0,0.0,1100.0
1769432497.0765665,5.283969402313232,3.572598934173584,0.8115235402445871,0.24925867050178574,0.03872861988580792,0.01696208454275069,0.0,0.0,1100.0,0.0,0.0,1100.0
1769432497.1266198,5.283969402313232,3.572598934173584,0.8115235402445871,0.24925867050178574,0.03872861988580792,0.01696208454275069,0.0,0.0,1100.0,0.0,0.0,1100.0
1769432497.176603,5.296877384185791,3.5915257930755615,0.812990495943124,0.24589060102833452,0.03825754558213632,0.01589009919403748,0.0,0.0,1100.0,0.0,0.0,1100.0
1769432497.2266707,5.296877384185791,3.5915257930755615,0.812990495943124,0.24589060102833452,0.03825754558213632,0.01589009919403748,0.0,0.0,1100.0,0.0,0.0,1100.0
1769432497.2766976,5.3100175857543945,3.6107888221740723,0.8137649104867801,0.24273416723873678,0.03785497765621238,0.014696786129065274,0.0,0.0,1100.0,0.0,0.0,1100.0
1769432497.32667,5.3100175857543945,3.6107888221740723,0.8137649104867801,0.24273416723873678,0.03785497765621238,0.014696786129065274,0.0,0.0,1200.0,0.0,0.0,1200.0
1769432497.3765986,5.322727680206299,3.6294732093811035,0.8148316906047173,0.2397135623890818,0.03750249151643007,0.013666848477891355,0.0,0.0,1200.0,0.0,0.0,1200.0
1769432497.4266853,5.322727680206299,3.6294732093811035,0.8148316906047173,0.2397135623890818,0.03750249151643007,0.013666848477891355,0.0,0.0,1200.0,0.0,0.0,1200.0
1769432497.4765563,5.335328102111816,3.648249626159668,0.8161081983454821,0.23688060513490106,0.037233957782111936,0.01304890621137443,0.0,0.0,1200.0,0.0,0.0,1200.0
1769432497.5265734,5.335328102111816,3.648249626159668,0.8161081983454821,0.23688060513490106,0.037233957782111936,0.01304890621137443,0.0,0.0,1200.0,0.0,0.0,1200.0
1769432497.5765698,5.347592353820801,3.666576385498047,0.8173294404162554,0.23411689960415594,0.037022910400958814,0.012730748153872191,0.0,0.0,1200.0,0.0,0.0,1200.0
1769432497.6266246,5.347592353820801,3.666576385498047,0.8173294404162554,0.23411689960415594,0.037022910400958814,0.012730748153872191,0.0,0.0,1200.0,0.0,0.0,1200.0
1769432497.6765804,5.359533309936523,3.6846070289611816,0.8180393910435626,0.23131064209409385,0.0368563702405435,0.012181210851531942,0.0,0.0,1200.0,0.0,0.0,1200.0
1769432497.7266872,5.359533309936523,3.6846070289611816,0.8180393910435626,0.23131064209409385,0.0368563702405435,0.012181210851531942,0.0,0.0,1200.0,0.0,0.0,1200.0
1769432497.7766373,5.371332168579102,3.703206777572632,0.8183249267578265,0.2286217382566128,0.036879723548279855,0.011079748986058251,0.0,0.0,1200.0,0.0,0.0,1200.0
1769432497.8265612,5.371332168579102,3.703206777572632,0.8183249267578265,0.2286217382566128,0.036879723548279855,0.011079748986058251,0.0,0.0,1200.0,0.0,0.0,1200.0
1769432497.8765905,5.384099006652832,3.7229185104370117,0.8177011300673094,0.2266432565863215,0.03712883503853105,0.00895576317787883,0.0,0.0,1300.0,0.0,0.0,1300.0
1769432497.926601,5.384099006652832,3.7229185104370117,0.8177011300673094,0.2266432565863215,0.03712883503853105,0.00895576317787883,0.0,0.0,1300.0,0.0,0.0,1300.0
1769432497.9765804,5.397590637207031,3.743159770965576,0.818964437629746,0.22581441913476982,0.037505113529343416,0.007777296545833726,0.0,0.0,1300.0,0.0,0.0,1300.0
1769432498.0266166,5.397590637207031,3.743159770965576,0.818964437629746,0.22581441913476982,0.037505113529343416,0.007777296545833726,0.0,0.0,1300.0,0.0,0.0,1300.0
1769432498.076613,5.411883354187012,3.7649786472320557,0.8204374436202526,0.22663720168813822,0.03808072854906444,0.007880833586601719,0.0,0.0,1300.0,0.0,0.0,1300.0
1769432498.126666,5.411883354187012,3.7649786472320557,0.8204374436202526,0.22663720168813822,0.03808072854906444,0.007880833586601719,0.0,0.0,1300.0,0.0,0.0,1300.0
1769432498.1765938,5.426238059997559,3.7877562046051025,0.8208380041519581,0.22917336629792018,0.03901217634240447,0.007952163355445761,0.0,0.0,1300.0,0.0,0.0,1300.0
1769432498.226649,5.426238059997559,3.7877562046051025,0.8208380041519581,0.22917336629792018,0.03901217634240447,0.007952163355445761,0.0,0.0,1300.0,0.0,0.0,1300.0
1769432498.2765927,5.440685749053955,3.8113155364990234,0.8194899636669515,0.23319973189501914,0.04040464392904577,0.006305935375976301,0.0,0.0,1300.0,0.0,0.0,1300.0
1769432498.3266666,5.440685749053955,3.8113155364990234,0.8194899636669515,0.23319973189501914,0.04040464392904577,0.006305935375976301,0.0,0.0,1300.0,0.0,0.0,1300.0
1769432498.3766758,5.455888748168945,3.835395574569702,0.8191980304008233,0.23845741785761115,0.0420955572035283,0.0042172915761793835,0.0,0.0,1300.0,0.0,0.0,1300.0
1769432498.426712,5.455888748168945,3.835395574569702,0.8191980304008233,0.23845741785761115,0.0420955572035283,0.0042172915761793835,0.0,0.0,1300.0,0.0,0.0,1300.0
1769432498.476629,5.471805572509766,3.860178232192993,0.818137755345246,0.24471743708660545,0.04388939365079564,0.001750319858128031,0.0,0.0,1300.0,0.0,0.0,1300.0
1769432498.5266745,5.471805572509766,3.860178232192993,0.818137755345246,0.24471743708660545,0.04388939365079564,0.001750319858128031,0.0,0.0,1300.0,0.0,0.0,1300.0
1769432498.5766106,5.488319396972656,3.885835886001587,0.8189919111516915,0.2518025551625286,0.04567904820074346,0.0007805342540177134,0.0,0.0,1300.0,0.0,0.0,1300.0
1769432498.6266804,5.488319396972656,3.885835886001587,0.8189919111516915,0.2518025551625286,0.04567904820074346,0.0007805342540177134,0.0,0.0,1300.0,0.0,0.0,1300.0
1769432498.6766162,5.505040645599365,3.9121227264404297,0.8145765215712473,0.25943059163944904,0.04746839178538616,-0.0029281225548763155,0.0,0.0,1300.0,0.0,0.0,1300.0
1769432498.7266133,5.505040645599365,3.9121227264404297,0.8145765215712473,0.25943059163944904,0.04746839178538616,-0.0029281225548763155,0.0,0.0,1300.0,0.0,0.0,1300.0
1769432498.7766223,5.522308349609375,3.9401297569274902,0.8131757299293074,0.2676392331085139,0.04946879700574385,-0.006591754705760405,0.0,0.0,1300.0,0.0,0.0,1300.0
1769432498.82665,5.522308349609375,3.9401297569274902,0.8131757299293074,0.2676392331085139,0.04946879700574385,-0.006591754705760405,0.0,0.0,1300.0,0.0,0.0,1300.0
1769432498.8765807,5.539923191070557,3.9684462547302246,0.8107277788135381,0.2762009572502399,0.051666648114934474,-0.010078091108823614,0.0,0.0,1300.0,0.0,0.0,1300.0
1769432498.926696,5.539923191070557,3.9684462547302246,0.8107277788135381,0.2762009572502399,0.051666648114934474,-0.010078091108823614,0.0,0.0,1300.0,0.0,0.0,1300.0
1769432498.9766533,5.55832576751709,3.996863842010498,0.8060784718153435,0.28486103116065276,0.05381394355461159,-0.014883341676917504,0.0,0.0,1300.0,0.0,0.0,1300.0
1769432499.0266907,5.55832576751709,3.996863842010498,0.8060784718153435,0.28486103116065276,0.05381394355461159,-0.014883341676917504,0.0,0.0,1300.0,0.0,0.0,1300.0
1769432499.0766582,5.576992988586426,4.0258331298828125,0.803131642538288,0.2933923255739211,0.055846268455929465,-0.019099834757564983,0.0,0.0,1300.0,0.0,0.0,1300.0
1769432499.1267283,5.576992988586426,4.0258331298828125,0.803131642538288,0.2933923255739211,0.055846268455929465,-0.019099834757564983,0.0,0.0,1300.0,0.0,0.0,1300.0
1769432499.1766202,5.595701694488525,4.055234909057617,0.7995442512799995,0.30155989753794266,0.057821765757069966,-0.02268072329301568,0.0,0.0,1300.0,0.0,0.0,1300.0
1769432499.2266843,5.595701694488525,4.055234909057617,0.7995442512799995,0.30155989753794266,0.057821765757069966,-0.02268072329301568,0.0,0.0,1300.0,0.0,0.0,1300.0
1769432499.2766306,5.615297317504883,4.085498809814453,0.7972451751434466,0.30947372915321375,0.05973397691114998,-0.024597445189025933,0.0,0.0,1300.0,0.0,0.0,1300.0
1769432499.3266644,5.615297317504883,4.085498809814453,0.7972451751434466,0.30947372915321375,0.05973397691114998,-0.024597445189025933,0.0,0.0,1300.0,0.0,0.0,1300.0
1769432499.3766308,5.6349711418151855,4.116565227508545,0.7924209699376714,0.317175128932461,0.061734371808829194,-0.02713661127638083,0.0,0.0,1300.0,0.0,0.0,1300.0
1769432499.4266942,5.6349711418151855,4.116565227508545,0.7924209699376714,0.317175128932461,0.061734371808829194,-0.02713661127638083,0.0,0.0,1300.0,0.0,0.0,1300.0
1769432499.476646,5.6555256843566895,4.147529125213623,0.7916479849865672,0.32464984537326663,0.06361198287915454,-0.027223873364099312,0.0,0.0,1300.0,0.0,0.0,1300.0
1769432499.5265944,5.6555256843566895,4.147529125213623,0.7916479849865672,0.32464984537326663,0.06361198287915454,-0.027223873364099312,-1000.0,-0.05235987755982988,1300.0,0.0,-1000.0,1300.0
1769432499.576698,5.676266193389893,4.179141521453857,0.7884032882388281,0.33188684858090445,0.06538151546939747,-0.027079240336497352,-1000.0,-0.05235987755982988,1300.0,0.0,-1000.0,1300.0
1769432499.6267045,5.676266193389893,4.179141521453857,0.7884032882388281,0.33188684858090445,0.06538151546939747,-0.027079240336497352,-2000.0,-0.10471975511965977,1300.0,0.0,-2000.0,1300.0
1769432499.6766298,5.69752836227417,4.2115678787231445,0.7870557531330187,0.3389880343137159,0.06710438074526182,-0.02587016002611901,-3000.0,-0.15707963267948963,1300.0,0.0,-3000.0,1300.0
1769432499.7266762,5.69752836227417,4.2115678787231445,0.7870557531330187,0.3389880343137159,0.06710438074526182,-0.02587016002611901,-3000.0,-0.15707963267948963,1300.0,0.0,-3000.0,1300.0
1769432499.77668,5.718935966491699,4.24412727355957,0.7843258721240449,0.345858492461322,0.06878748750080327,-0.025030515789536835,-4000.0,-0.20943951023931953,1300.0,0.0,-4000.0,1300.0
1769432499.8266888,5.718935966491699,4.24412727355957,0.7843258721240449,0.345858492461322,0.06878748750080327,-0.025030515789536835,-5000.0,-0.2617993877991494,1300.0,0.0,-5000.0,1300.0
1769432499.876652,5.740962028503418,4.276548385620117,0.7806939025720094,0.3523961761906438,0.0702529106252912,-0.025525789941074406,-5000.0,-0.2617993877991494,1300.0,0.0,-5000.0,1300.0
1769432499.9267073,5.740962028503418,4.276548385620117,0.7806939025720094,0.3523961761906438,0.0702529106252912,-0.025525789941074406,-6000.0,-0.31415926535897926,1300.0,0.0,-6000.0,1300.0
1769432499.9767065,5.763362407684326,4.309516429901123,0.7809649692598359,0.35862349085622536,0.07148946155131605,-0.023925580750665414,-7000.0,-0.36651914291880916,1300.0,0.0,-7000.0,1300.0
1769432500.026736,5.763362407684326,4.309516429901123,0.7809649692598359,0.35862349085622536,0.07148946155131605,-0.023925580750665414,-7000.0,-0.36651914291880916,1300.0,0.0,-7000.0,1300.0
1769432500.0766385,5.786116600036621,4.342743873596191,0.7784916405310707,0.3645416744852646,0.07250249382602425,-0.02255442926197529,-8000.0,-0.41887902047863906,1300.0,0.0,-8000.0,1300.0
1769432500.126699,5.786116600036621,4.342743873596191,0.7784916405310707,0.3645416744852646,0.07250249382602425,-0.02255442926197529,-9000.0,-0.47123889803846897,1300.0,0.0,-9000.0,1300.0
1769432500.1766174,5.809442520141602,4.376280307769775,0.7757332107296815,0.3702365152169603,0.07328228889676418,-0.02222337430655078,-9000.0,-0.47123889803846897,1300.0,0.0,-9000.0,1300.0
1769432500.226674,5.809442520141602,4.376280307769775,0.7757332107296815,0.3702365152169603,0.07328228889676418,-0.02222337430655078,-9000.0,-0.47123889803846897,1300.0,0.0,-9000.0,1300.0
1769432500.2766397,5.832863807678223,4.41024923324585,0.7681113068189198,0.3757204538784009,0.07398007580079674,-0.026521389903185446,-9000.0,-0.47123889803846897,1300.0,0.0,-9000.0,1300.0
1769432500.3267038,5.832863807678223,4.41024923324585,0.7681113068189198,0.3757204538784009,0.07398007580079674,-0.026521389903185446,-9000.0,-0.47123889803846897,1300.0,0.0,-9000.0,1300.0
1769432500.3766387,5.856292247772217,4.445058345794678,0.75799339451431,0.3810376254023687,0.07493113206200973,-0.03597127835490736,-9000.0,-0.47123889803846897,1300.0,0.0,-9000.0,1300.0
1769432500.4266586,5.856292247772217,4.445058345794678,0.75799339451431,0.3810376254023687,0.07493113206200973,-0.03597127835490736,-9000.0,-0.47123889803846897,1300.0,0.0,-9000.0,1300.0
1769432500.4766424,5.8797712326049805,4.479546070098877,0.7439140122917065,0.3859817560915719,0.07623699593539944,-0.05086179900160355,-9000.0,-0.47123889803846897,1300.0,0.0,-9000.0,1300.0
1769432500.5266798,5.8797712326049805,4.479546070098877,0.7439140122917065,0.3859817560915719,0.07623699593539944,-0.05086179900160355,-9000.0,-0.47123889803846897,1300.0,0.0,-9000.0,1300.0
1769432500.5765872,5.903378963470459,4.51420783996582,0.7240415396922826,0.39042535187686916,0.07802316358000631,-0.07230201408195193,-9000.0,-0.47123889803846897,1300.0,0.0,-9000.0,1300.0
1769432500.6265934,5.903378963470459,4.51420783996582,0.7240415396922826,0.39042535187686916,0.07802316358000631,-0.07230201408195193,-9000.0,-0.47123889803846897,1300.0,0.0,-9000.0,1300.0
1769432500.6766093,5.927980899810791,4.5478105545043945,0.7049350197538669,0.39422350048456667,0.07994493913207021,-0.09549474755926729,-9000.0,-0.47123889803846897,1300.0,0.0,-9000.0,1300.0
1769432500.7266192,5.927980899810791,4.5478105545043945,0.7049350197538669,0.39422350048456667,0.07994493913207021,-0.09549474755926729,-9000.0,-0.47123889803846897,1300.0,0.0,-9000.0,1300.0
1769432500.7766833,5.952733516693115,4.582454681396484,0.679577864599672,0.39754380370601206,0.08225464420561615,-0.12158084295118503,-8000.0,-0.41887902047863906,1300.0,0.0,-8000.0,1300.0
1769432500.8267124,5.952733516693115,4.582454681396484,0.679577864599672,0.39754380370601206,0.08225464420561615,-0.12158084295118503,-7000.0,-0.36651914291880916,1300.0,0.0,-7000.0,1300.0
1769432500.8766582,5.977492332458496,4.616066932678223,0.6543917723568997,0.4001602931018668,0.08497118767871799,-0.1474245248650282,-6000.0,-0.31415926535897926,1300.0,0.0,-6000.0,1300.0
1769432500.9266675,5.977492332458496,4.616066932678223,0.6543917723568997,0.4001602931018668,0.08497118767871799,-0.1474245248650282,-5000.0,-0.2617993877991494,1300.0,0.0,-5000.0,1300.0
1769432500.9765718,6.003471612930298,4.650087833404541,0.6274771239212118,0.40234644434261074,0.08809523978915312,-0.17169241262264442,-4000.0,-0.20943951023931953,1300.0,0.0,-4000.0,1300.0
1769432501.0266428,6.003471612930298,4.650087833404541,0.6274771239212118,0.40234644434261074,0.08809523978915312,-0.17169241262264442,-3000.0,-0.15707963267948963,1300.0,0.0,-3000.0,1300.0
1769432501.0765777,6.030349016189575,4.683443069458008,0.5997697334819332,0.40421875409178126,0.09145050631109494,-0.19344046102612933,-2000.0,-0.10471975511965977,1300.0,0.0,-2000.0,1300.0
1769432501.126667,6.030349016189575,4.683443069458008,0.5997697334819332,0.40421875409178126,0.09145050631109494,-0.19344046102612933,-1000.0,-0.05235987755982988,1300.0,0.0,-1000.0,1300.0
1769432501.176624,6.056968450546265,4.716405868530273,0.5709149796840567,0.405612791051511,0.0951411208881951,-0.21269950751704694,0.0,0.0,1300.0,0.0,0.0,1300.0
1769432501.226622,6.056968450546265,4.716405868530273,0.5709149796840567,0.405612791051511,0.0951411208881951,-0.21269950751704694,0.0,0.0,1300.0,0.0,0.0,1300.0
1769432501.2766435,6.084508657455444,4.749269962310791,0.5422645526039691,0.4066468867577058,0.09918656116973576,-0.2288976821652987,0.0,0.0,1300.0,0.0,0.0,1300.0
1769432501.3266203,6.084508657455444,4.749269962310791,0.5422645526039691,0.4066468867577058,0.09918656116973576,-0.2288976821652987,0.0,0.0,1300.0,0.0,0.0,1300.0
1769432501.376708,6.113701343536377,4.7801127433776855,0.522617957523769,0.4073332341504492,0.10289660854037747,-0.2348748336770467,0.0,0.0,1300.0,0.0,0.0,1300.0
1769432501.426699,6.113701343536377,4.7801127433776855,0.522617957523769,0.4073332341504492,0.10289660854037747,-0.2348748336770467,0.0,0.0,1300.0,0.0,0.0,1300.0
1769432501.4765553,6.143065690994263,4.811272621154785,0.5057945115220512,0.40779764078640435,0.10627714203494551,-0.2305611556625642,0.0,0.0,1300.0,0.0,0.0,1300.0
1769432501.5266528,6.143065690994263,4.811272621154785,0.5057945115220512,0.40779764078640435,0.10627714203494551,-0.2305611556625642,0.0,0.0,1300.0,0.0,0.0,1300.0
1769432501.576576,6.173439264297485,4.841424465179443,0.492476753034369,0.4081455189465151,0.10908311850356112,-0.21791432674608738,0.0,0.0,1300.0,0.0,0.0,1300.0
1769432501.6265829,6.173439264297485,4.841424465179443,0.492476753034369,0.4081455189465151,0.10908311850356112,-0.21791432674608738,0.0,0.0,1300.0,0.0,0.0,1300.0
1769432501.6766114,6.204478979110718,4.870999336242676,0.48368613729211063,0.4084960619060676,0.11116035175538817,-0.19845411684436554,0.0,0.0,1300.0,0.0,0.0,1300.0
1769432501.7266273,6.204478979110718,4.870999336242676,0.48368613729211063,0.4084960619060676,0.11116035175538817,-0.19845411684436554,0.0,0.0,1300.0,0.0,0.0,1300.0
1769432501.776631,6.236262083053589,4.9002814292907715,0.47767425909779604,0.4090201244349936,0.11246322809603769,-0.17478994436079584,0.0,0.0,1300.0,0.0,0.0,1300.0
1769432501.8266373,6.236262083053589,4.9002814292907715,0.47767425909779604,0.4090201244349936,0.11246322809603769,-0.17478994436079584,0.0,0.0,1300.0,0.0,0.0,1300.0
1769432501.8766613,6.268200874328613,4.929129123687744,0.4771715305302262,0.4097019398789734,0.11303382531835826,-0.146906404129995,0.0,0.0,1300.0,0.0,0.0,1300.0
1769432501.9266484,6.268200874328613,4.929129123687744,0.4771715305302262,0.4097019398789734,0.11303382531835826,-0.146906404129995,0.0,0.0,1300.0,0.0,0.0,1300.0
1769432501.9765596,6.300785541534424,4.957559108734131,0.47957952058577114,0.4106096570616054,0.11283530782184749,-0.11653510273353357,0.0,0.0,1300.0,0.0,0.0,1300.0
1769432502.026649,6.300785541534424,4.957559108734131,0.47957952058577114,0.4106096570616054,0.11283530782184749,-0.11653510273353357,0.0,0.0,1300.0,0.0,0.0,1300.0
1769432502.0765584,6.333849191665649,4.985594272613525,0.48596997898117067,0.4117816444653397,0.11181020331391363,-0.08439638177898265,0.0,0.0,1300.0,0.0,0.0,1300.0
1769432502.1266656,6.333849191665649,4.985594272613525,0.48596997898117067,0.4117816444653397,0.11181020331391363,-0.08439638177898265,0.0,0.0,1300.0,0.0,0.0,1300.0
1769432502.1766157,6.36709451675415,5.013436317443848,0.4940008362754842,0.41318988826953246,0.10999512963479664,-0.052672699386273523,0.0,0.0,1300.0,0.0,0.0,1300.0
1769432502.2266197,6.36709451675415,5.013436317443848,0.4940008362754842,0.41318988826953246,0.10999512963479664,-0.052672699386273523,0.0,0.0,1300.0,0.0,0.0,1300.0
1769432502.2766387,6.400434970855713,5.041083812713623,0.5037735201499132,0.4147519092320896,0.10745975888089035,-0.0228363916354908,0.0,0.0,1300.0,0.0,0.0,1300.0
1769432502.3266492,6.400434970855713,5.041083812713623,0.5037735201499132,0.4147519092320896,0.10745975888089035,-0.0228363916354908,0.0,0.0,1300.0,0.0,0.0,1300.0
1769432502.376574,6.434070587158203,5.069605827331543,0.5152445445902671,0.41659989537307685,0.10453731203136604,0.004546071895923921,0.0,0.0,1300.0,0.0,0.0,1300.0
1769432502.4266543,6.434070587158203,5.069605827331543,0.5152445445902671,0.41659989537307685,0.10453731203136604,0.004546071895923921,0.0,0.0,1300.0,0.0,0.0,1300.0
1769432502.4766998,6.467712640762329,5.097794532775879,0.5258378661652436,0.41864065083946844,0.1012999575049368,0.027556329729241116,0.0,0.0,1300.0,0.0,0.0,1300.0
1769432502.5267284,6.467712640762329,5.097794532775879,0.5258378661652436,0.41864065083946844,0.1012999575049368,0.027556329729241116,0.0,0.0,1300.0,0.0,0.0,1300.0
1769432502.57674,6.5011560916900635,5.126606464385986,0.5355957613572784,0.4208032781181196,0.09801263762890725,0.04512055616066508,0.0,0.0,1300.0,0.0,0.0,1300.0
1769432502.6267414,6.5011560916900635,5.126606464385986,0.5355957613572784,0.4208032781181196,0.09801263762890725,0.04512055616066508,0.0,0.0,1300.0,0.0,0.0,1300.0
1769432502.67666,6.534967660903931,5.155242919921875,0.5453851713084372,0.4230708203322078,0.0946507819241191,0.05796270080415791,0.0,0.0,1300.0,0.0,0.0,1300.0
1769432502.7267818,6.534967660903931,5.155242919921875,0.5453851713084372,0.4230708203322078,0.0946507819241191,0.05796270080415791,0.0,0.0,1300.0,0.0,0.0,1300.0
1769432502.776578,6.568543434143066,5.184121131896973,0.5543040188279029,0.42533923009107155,0.09129572387755387,0.06659520882780048,0.0,0.0,1300.0,0.0,0.0,1300.0
1769432502.826648,6.568543434143066,5.184121131896973,0.5543040188279029,0.42533923009107155,0.09129572387755387,0.06659520882780048,0.0,0.0,1300.0,0.0,0.0,1300.0
1769432502.8766508,6.602205038070679,5.213103771209717,0.5637456016969704,0.42753579530678076,0.08796095823144294,0.07267456559234116,0.0,0.0,1300.0,0.0,0.0,1300.0
1769432502.9266407,6.602205038070679,5.213103771209717,0.5637456016969704,0.42753579530678076,0.08796095823144294,0.07267456559234116,0.0,0.0,1300.0,0.0,0.0,1300.0
1769432502.9766445,6.635765314102173,5.242785453796387,0.5715376243836818,0.42970933845282167,0.08485510766772882,0.07593495328735063,0.0,0.0,1300.0,0.0,0.0,1300.0
1769432503.026692,6.635765314102173,5.242785453796387,0.5715376243836818,0.42970933845282167,0.08485510766772882,0.07593495328735063,0.0,0.0,1300.0,0.0,0.0,1300.0
1769432503.0766103,6.669551134109497,5.272202968597412,0.5804310218934727,0.4318373196968247,0.08186674890254306,0.07812454645906412,0.0,0.0,1300.0,0.0,0.0,1300.0
1769432503.1266835,6.669551134109497,5.272202968597412,0.5804310218934727,0.4318373196968247,0.08186674890254306,0.07812454645906412,0.0,0.0,1300.0,0.0,0.0,1300.0
1769432503.1766636,6.703131914138794,5.302413463592529,0.5854590385806038,0.4339436693302392,0.07917174009668744,0.07692813927579013,0.0,0.0,1300.0,0.0,0.0,1300.0
1769432503.2266922,6.703131914138794,5.302413463592529,0.5854590385806038,0.4339436693302392,0.07917174009668744,0.07692813927579013,0.0,0.0,1300.0,0.0,0.0,1300.0
1769432503.2766278,6.736713886260986,5.333169460296631,0.5914458930517554,0.43609711878393537,0.07692223479219243,0.07407904432817115,0.0,0.0,1300.0,0.0,0.0,1300.0
1769432503.326659,6.736713886260986,5.333169460296631,0.5914458930517554,0.43609711878393537,0.07692223479219243,0.07407904432817115,0.0,0.0,1300.0,0.0,0.0,1300.0
1769432503.376588,6.770119905471802,5.363668441772461,0.5957212010534247,0.43816350998133674,0.07503096994314559,0.0695855829605564,0.0,0.0,1300.0,0.0,0.0,1300.0
1769432503.4266882,6.770119905471802,5.363668441772461,0.5957212010534247,0.43816350998133674,0.07503096994314559,0.0695855829605564,-1000.0,-0.05235987755982988,1300.0,0.0,-1000.0,1300.0
1769432503.4765842,6.8035783767700195,5.3945817947387695,0.5998271450685877,0.4401378146114807,0.07348182614515443,0.06437641948054988,-2000.0,-0.10471975511965977,1300.0,0.0,-2000.0,1300.0
1769432503.526626,6.8035783767700195,5.3945817947387695,0.5998271450685877,0.4401378146114807,0.07348182614515443,0.06437641948054988,-2000.0,-0.10471975511965977,1300.0,0.0,-2000.0,1300.0
1769432503.576648,6.837155103683472,5.4254231452941895,0.6048993002652763,0.4420075698362484,0.07213597296838423,0.06015132799406229,-3000.0,-0.15707963267948963,1300.0,0.0,-3000.0,1300.0
1769432503.62667,6.837155103683472,5.4254231452941895,0.6048993002652763,0.4420075698362484,0.07213597296838423,0.06015132799406229,-4000.0,-0.20943951023931953,1300.0,0.0,-4000.0,1300.0
1769432503.6766052,6.870767116546631,5.457095623016357,0.6064532535284419,0.44388369085950485,0.07109823608546621,0.054476794764602,-4000.0,-0.20943951023931953,1300.0,0.0,-4000.0,1300.0
1769432503.7267,6.870767116546631,5.457095623016357,0.6064532535284419,0.44388369085950485,0.07109823608546621,0.054476794764602,-5000.0,-0.2617993877991494,1300.0,0.0,-5000.0,1300.0
1769432503.7766137,6.9043684005737305,5.488423824310303,0.6094704024494,0.44569945034439956,0.07024330447744838,0.04897049364490165,-6000.0,-0.31415926535897926,1300.0,0.0,-6000.0,1300.0
1769432503.8266711,6.9043684005737305,5.488423824310303,0.6094704024494,0.44569945034439956,0.07024330447744838,0.04897049364490165,-6000.0,-0.31415926535897926,1300.0,0.0,-6000.0,1300.0
1769432503.8767128,6.938012599945068,5.520906448364258,0.6089740879274199,0.44759997219270525,0.06978154833714119,0.041632780922782366,-7000.0,-0.36651914291880916,1300.0,0.0,-7000.0,1300.0
1769432503.926582,6.938012599945068,5.520906448364258,0.6089740879274199,0.44759997219270525,0.06978154833714119,0.041632780922782366,-8000.0,-0.41887902047863906,1300.0,0.0,-8000.0,1300.0
1769432503.9766312,6.97161602973938,5.553525447845459,0.6048150417628184,0.4495868930260255,0.06978302670084614,0.03046603602068479,-8000.0,-0.41887902047863906,1300.0,0.0,-8000.0,1300.0
1769432504.026667,6.97161602973938,5.553525447845459,0.6048150417628184,0.4495868930260255,0.06978302670084614,0.03046603602068479,-9000.0,-0.47123889803846897,1300.0,0.0,-9000.0,1300.0
1769432504.0766435,7.0055437088012695,5.585762977600098,0.6004727916992749,0.4515996298073985,0.07005653541875714,0.017349474720856406,-9000.0,-0.47123889803846897,1300.0,0.0,-9000.0,1300.0
1769432504.126689,7.0055437088012695,5.585762977600098,0.6004727916992749,0.4515996298073985,0.07005653541875714,0.017349474720856406,-9000.0,-0.47123889803846897,1300.0,0.0,-9000.0,1300.0
1769432504.176624,7.039076805114746,5.618310928344727,0.5902971866306403,0.45346433375252715,0.07069330104594004,1.894771884909316e-05,-9000.0,-0.47123889803846897,1300.0,0.0,-9000.0,1300.0
1769432504.2266839,7.039076805114746,5.618310928344727,0.5902971866306403,0.45346433375252715,0.07069330104594004,1.894771884909316e-05,-9000.0,-0.47123889803846897,1300.0,0.0,-9000.0,1300.0
1769432504.2766945,7.072802305221558,5.650674343109131,0.5771742007551577,0.45507301254376065,0.0716867016780555,-0.021217914759121485,-9000.0,-0.47123889803846897,1300.0,0.0,-9000.0,1300.0
1769432504.326576,7.072802305221558,5.650674343109131,0.5771742007551577,0.45507301254376065,0.0716867016780555,-0.021217914759121485,-9000.0,-0.47123889803846897,1300.0,0.0,-9000.0,1300.0
1769432504.3766634,7.106036901473999,5.682413578033447,0.5608796363160238,0.45611998886883753,0.07303820949952294,-0.04542694420399528,-9000.0,-0.47123889803846897,1300.0,0.0,-9000.0,1300.0
1769432504.4265819,7.106036901473999,5.682413578033447,0.5608796363160238,0.45611998886883753,0.07303820949952294,-0.04542694420399528,-9000.0,-0.47123889803846897,1300.0,0.0,-9000.0,1300.0
1769432504.476621,7.140230655670166,5.715001583099365,0.5375447587074351,0.4569121532984132,0.07493703062060607,-0.07475414226998855,-9000.0,-0.47123889803846897,1300.0,0.0,-9000.0,1300.0
1769432504.5266857,7.140230655670166,5.715001583099365,0.5375447587074351,0.4569121532984132,0.07493703062060607,-0.07475414226998855,-9000.0,-0.47123889803846897,1300.0,0.0,-9000.0,1300.0
1769432504.5765781,7.174313545227051,5.747657775878906,0.5114229698410533,0.457571647467106,0.07764594523316683,-0.1073536879930873,-9000.0,-0.47123889803846897,1300.0,0.0,-9000.0,1300.0
1769432504.6266403,7.174313545227051,5.747657775878906,0.5114229698410533,0.457571647467106,0.07764594523316683,-0.1073536879930873,-9000.0,-0.47123889803846897,1300.0,0.0,-9000.0,1300.0
1769432504.6765947,7.208320379257202,5.77911376953125,0.4818024662571565,0.4578311079218454,0.08108879734864448,-0.14165290154674573,-9000.0,-0.47123889803846897,1300.0,0.0,-9000.0,1300.0
1769432504.7265778,7.208320379257202,5.77911376953125,0.4818024662571565,0.4578311079218454,0.08108879734864448,-0.14165290154674573,-9000.0,-0.47123889803846897,1300.0,0.0,-9000.0,1300.0
1769432504.7765136,7.242774724960327,5.811046123504639,0.4537975987860756,0.4577579920394918,0.08541911631845564,-0.17254322217093476,-9000.0,-0.47123889803846897,1300.0,0.0,-9000.0,1300.0
1769432504.8266482,7.242774724960327,5.811046123504639,0.4537975987860756,0.4577579920394918,0.08541911631845564,-0.17254322217093476,-9000.0,-0.47123889803846897,1300.0,0.0,-9000.0,1300.0
1769432504.8766353,7.277835369110107,5.8411993980407715,0.42417549154740364,0.4572253333099819,0.09020309940391688,-0.19905399813631636,-9000.0,-0.47123889803846897,1300.0,0.0,-9000.0,1300.0
1769432504.9265602,7.277835369110107,5.8411993980407715,0.42417549154740364,0.4572253333099819,0.09020309940391688,-0.19905399813631636,-9000.0,-0.47123889803846897,1300.0,0.0,-9000.0,1300.0
1769432504.9765835,7.313461780548096,5.869737148284912,0.39596360247383267,0.4561067276889024,0.09488985356407863,-0.21965494093068055,-9000.0,-0.47123889803846897,1300.0,0.0,-9000.0,1300.0
1769432505.0266354,7.313461780548096,5.869737148284912,0.39596360247383267,0.4561067276889024,0.09488985356407863,-0.21965494093068055,-9000.0,-0.47123889803846897,1300.0,0.0,-9000.0,1300.0
1769432505.0765631,7.349918603897095,5.898162841796875,0.3657768353931381,0.45464463636061025,0.09937919055339477,-0.23643321955204782,-9000.0,-0.47123889803846897,1300.0,0.0,-9000.0,1300.0
1769432505.1266496,7.349918603897095,5.898162841796875,0.3657768353931381,0.45464463636061025,0.09937919055339477,-0.23643321955204782,-9000.0,-0.47123889803846897,1300.0,0.0,-9000.0,1300.0
1769432505.176707,7.386875152587891,5.925169467926025,0.34091596403714153,0.4528873813796311,0.10345257309841271,-0.2460284294525124,-9000.0,-0.47123889803846897,1300.0,0.0,-9000.0,1300.0
1769432505.2267175,7.386875152587891,5.925169467926025,0.34091596403714153,0.4528873813796311,0.10345257309841271,-0.2460284294525124,-9000.0,-0.47123889803846897,1300.0,0.0,-9000.0,1300.0
1769432505.2766178,7.423501968383789,5.951722145080566,0.30967029097620014,0.4507662996994872,0.10730220465518692,-0.2549560966914197,-9000.0,-0.47123889803846897,1300.0,0.0,-9000.0,1300.0
1769432505.3266456,7.423501968383789,5.951722145080566,0.30967029097620014,0.4507662996994872,0.10730220465518692,-0.2549560966914197,-9000.0,-0.47123889803846897,1300.0,0.0,-9000.0,1300.0
1769432505.376642,7.4603962898254395,5.9770283699035645,0.2805187179365358,0.44821172921081115,0.11093734364854266,-0.2627762123667714,-9000.0,-0.47123889803846897,1300.0,0.0,-9000.0,1300.0
1769432505.4266315,7.4603962898254395,5.9770283699035645,0.2805187179365358,0.44821172921081115,0.11093734364854266,-0.2627762123667714,-9000.0,-0.47123889803846897,1300.0,0.0,-9000.0,1300.0
1769432505.4765663,7.498199939727783,6.000952243804932,0.25371712092877274,0.44536231572539386,0.11414992235740488,-0.2673807323058256,-9000.0,-0.47123889803846897,1300.0,0.0,-9000.0,1300.0
1769432505.5266457,7.498199939727783,6.000952243804932,0.25371712092877274,0.44536231572539386,0.11414992235740488,-0.2673807323058256,-9000.0,-0.47123889803846897,1300.0,0.0,-9000.0,1300.0
1769432505.576582,7.536448955535889,6.024473190307617,0.22867526205901534,0.44246141502297465,0.11703940179489244,-0.26790098992350436,-9000.0,-0.47123889803846897,1300.0,0.0,-9000.0,1300.0
1769432505.6266437,7.536448955535889,6.024473190307617,0.22867526205901534,0.44246141502297465,0.11703940179489244,-0.26790098992350436,-9000.0,-0.47123889803846897,1300.0,0.0,-9000.0,1300.0
1769432505.676696,7.574812412261963,6.045258045196533,0.2101476660404078,0.43935980926565854,0.11911391254525831,-0.2607059182187435,-9000.0,-0.47123889803846897,1300.0,0.0,-9000.0,1300.0
1769432505.7267241,7.574812412261963,6.045258045196533,0.2101476660404078,0.43935980926565854,0.11911391254525831,-0.2607059182187435,-9000.0,-0.47123889803846897,1300.0,0.0,-9000.0,1300.0
1769432505.776673,7.613582134246826,6.0655293464660645,0.19298068215055153,0.4361923102095322,0.12034674670643344,-0.24770934627829125,-9000.0,-0.47123889803846897,1300.0,0.0,-9000.0,1300.0
1769432505.8266902,7.613582134246826,6.0655293464660645,0.19298068215055153,0.4361923102095322,0.12034674670643344,-0.24770934627829125,-9000.0,-0.47123889803846897,1300.0,0.0,-9000.0,1300.0
1769432505.876694,7.652555465698242,6.085008144378662,0.17578397352501351,0.4330923841118675,0.12085410900361901,-0.23291348508155799,-9000.0,-0.47123889803846897,1300.0,0.0,-9000.0,1300.0
1769432505.9266655,7.652555465698242,6.085008144378662,0.17578397352501351,0.4330923841118675,0.12085410900361901,-0.23291348508155799,-9000.0,-0.47123889803846897,1300.0,0.0,-9000.0,1300.0
1769432505.9767377,7.6910223960876465,6.103272438049316,0.15878035348035446,0.42990301044129253,0.12072535113539354,-0.2190756888900736,-9000.0,-0.47123889803846897,1300.0,0.0,-9000.0,1300.0
1769432506.0266755,7.6910223960876465,6.103272438049316,0.15878035348035446,0.42990301044129253,0.12072535113539354,-0.2190756888900736,-9000.0,-0.47123889803846897,1300.0,0.0,-9000.0,1300.0
1769432506.076679,7.7308669090271,6.123170375823975,0.14100376703431472,0.427211074364479,0.1207497265169735,-0.20815819095928678,-9000.0,-0.47123889803846897,1300.0,0.0,-9000.0,1300.0
1769432506.1266487,7.7308669090271,6.123170375823975,0.14100376703431472,0.427211074364479,0.1207497265169735,-0.20815819095928678,-9000.0,-0.47123889803846897,1300.0,0.0,-9000.0,1300.0
1769432506.176603,7.77034854888916,6.140430450439453,0.12492740086488219,0.42485838207294313,0.12066384129357596,-0.19891411887583857,-9000.0,-0.47123889803846897,1300.0,0.0,-9000.0,1300.0
1769432506.2266674,7.77034854888916,6.140430450439453,0.12492740086488219,0.42485838207294313,0.12066384129357596,-0.19891411887583857,-9000.0,-0.47123889803846897,1300.0,0.0,-9000.0,1300.0
1769432506.2766018,7.809690237045288,6.156915187835693,0.10976897642013839,0.4226713631116083,0.12036833431800592,-0.19035008399730605,-9000.0,-0.47123889803846897,1300.0,0.0,-9000.0,1300.0
1769432506.32669,7.809690237045288,6.156915187835693,0.10976897642013839,0.4226713631116083,0.12036833431800592,-0.19035008399730605,-9000.0,-0.47123889803846897,1300.0,0.0,-9000.0,1300.0
1769432506.3766367,7.8494744300842285,6.172650337219238,0.09437656820534404,0.42065705092888733,0.1198110836839588,-0.18275930008061733,-9000.0,-0.47123889803846897,1300.0,0.0,-9000.0,1300.0
1769432506.4266384,7.8494744300842285,6.172650337219238,0.09437656820534404,0.42065705092888733,0.1198110836839588,-0.18275930008061733,-9000.0,-0.47123889803846897,1300.0,0.0,-9000.0,1300.0
1769432506.476678,7.889253616333008,6.187535285949707,0.0788419167865814,0.4187613759158134,0.11898251587694803,-0.1765075926409344,-9000.0,-0.47123889803846897,1300.0,0.0,-9000.0,1300.0
1769432506.5266593,7.889253616333008,6.187535285949707,0.0788419167865814,0.4187613759158134,0.11898251587694803,-0.1765075926409344,-9000.0,-0.47123889803846897,1300.0,0.0,-9000.0,1300.0
1769432506.5766306,7.929256916046143,6.201859474182129,0.06476468407415173,0.41699725855572034,0.11796723341987225,-0.17044665172078285,-9000.0,-0.47123889803846897,1300.0,0.0,-9000.0,1300.0
1769432506.6266706,7.929256916046143,6.201859474182129,0.06476468407415173,0.41699725855572034,0.11796723341987225,-0.17044665172078285,-9000.0,-0.47123889803846897,1300.0,0.0,-9000.0,1300.0
1769432506.6766324,7.9697020053863525,6.21626091003418,0.04573999289456401,0.41551187043412263,0.11709565728644895,-0.1685779382006565,-9000.0,-0.47123889803846897,1300.0,0.0,-9000.0,1300.0
1769432506.7266395,7.9697020053863525,6.21626091003418,0.04573999289456401,0.41551187043412263,0.11709565728644895,-0.1685779382006565,-9000.0,-0.47123889803846897,1300.0,0.0,-9000.0,1300.0
1769432506.7766817,8.009979605674744,6.228854179382324,0.03029654114360128,0.4141847108462119,0.11615391240962193,-0.16743682735623708,-9000.0,-0.47123889803846897,1300.0,0.0,-9000.0,1300.0
1769432506.8266864,8.009979605674744,6.228854179382324,0.03029654114360128,0.4141847108462119,0.11615391240962193,-0.16743682735623708,-9000.0,-0.47123889803846897,1300.0,0.0,-9000.0,1300.0
1769432506.8765967,8.05014193058014,6.241413116455078,0.015188070312603413,0.4128956109993649,0.11529658732009382,-0.1656784677917655,-9000.0,-0.47123889803846897,1300.0,0.0,-9000.0,1300.0
1769432506.9265497,8.05014193058014,6.241413116455078,0.015188070312603413,0.4128956109993649,0.11529658732009382,-0.1656784677917655,-9000.0,-0.47123889803846897,1300.0,0.0,-9000.0,1300.0
1769432506.976736,8.090835332870483,6.250170707702637,-0.005834485155535946,0.41163639048502193,0.1135966551254314,-0.16800871158793296,-9000.0,-0.47123889803846897,1300.0,0.0,-9000.0,1300.0
1769432507.0267117,8.090835332870483,6.250170707702637,-0.005834485155535946,0.41163639048502193,0.1135966551254314,-0.16800871158793296,-9000.0,-0.47123889803846897,1300.0,0.0,-9000.0,1300.0
1769432507.0766468,8.131631016731262,6.258035182952881,-0.03991137556014665,0.41042565793693764,0.11093888509638518,-0.1838866089388345,-9000.0,-0.47123889803846897,1300.0,0.0,-9000.0,1300.0
1769432507.1266775,8.131631016731262,6.258035182952881,-0.03991137556014665,0.41042565793693764,0.11093888509638518,-0.1838866089388345,-9000.0,-0.47123889803846897,1300.0,0.0,-9000.0,1300.0
1769432507.176654,8.171294808387756,6.259306907653809,-0.09898674736394728,0.40873190493019995,0.10597571798760189,-0.22820330833478505,-9000.0,-0.47123889803846897,1300.0,0.0,-9000.0,1300.0
1769432507.226721,8.171294808387756,6.259306907653809,-0.09898674736394728,0.40873190493019995,0.10597571798760189,-0.22820330833478505,-9000.0,-0.47123889803846897,1300.0,0.0,-9000.0,1300.0
1769432507.276676,8.21281373500824,6.269497871398926,-0.10140619154638184,0.40726205720413433,0.10201300768502561,-0.24455259091207296,-9000.0,-0.47123889803846897,1300.0,0.0,-9000.0,1300.0
1769432507.326671,8.21281373500824,6.269497871398926,-0.10140619154638184,0.40726205720413433,0.10201300768502561,-0.24455259091207296,-9000.0,-0.47123889803846897,1300.0,0.0,-9000.0,1300.0
1769432507.3765643,8.253204703330994,6.276677131652832,-0.13537252313864476,0.40579849732852263,0.09974349939860085,-0.25448484081110184,-9000.0,-0.47123889803846897,1300.0,0.0,-9000.0,1300.0
1769432507.4266698,8.253204703330994,6.276677131652832,-0.13537252313864476,0.40579849732852263,0.09974349939860085,-0.25448484081110184,-9000.0,-0.47123889803846897,1300.0,0.0,-9000.0,1300.0
1769432507.4766603,8.293846845626831,6.281359672546387,-0.1491913580963545,0.40428426513102617,0.098648857596604,-0.24944909381620226,-9000.0,-0.47123889803846897,1300.0,0.0,-9000.0,1300.0
1769432507.526698,8.293846845626831,6.281359672546387,-0.1491913580963545,0.40428426513102617,0.098648857596604,-0.24944909381620226,-9000.0,-0.47123889803846897,1300.0,0.0,-9000.0,1300.0
1769432507.5767057,8.334869027137756,6.288703918457031,-0.16879616020680208,0.4028266216895548,0.09941625060908853,-0.23870765159244162,-9000.0,-0.47123889803846897,1300.0,0.0,-9000.0,1300.0
1769432507.626718,8.334869027137756,6.288703918457031,-0.16879616020680208,0.4028266216895548,0.09941625060908853,-0.23870765159244162,-9000.0,-0.47123889803846897,1300.0,0.0,-9000.0,1300.0
1769432507.6766384,8.376869678497314,6.293858528137207,-0.17872433925855588,0.40176372814787403,0.10142160484084704,-0.22021482159337194,-9000.0,-0.47123889803846897,1300.0,0.0,-9000.0,1300.0
1769432507.726664,8.376869678497314,6.293858528137207,-0.17872433925855588,0.40176372814787403,0.10142160484084704,-0.22021482159337194,-9000.0,-0.47123889803846897,1300.0,0.0,-9000.0,1300.0
1769432507.7765937,8.418221712112427,6.299267768859863,-0.19633052386143132,0.4009404114689287,0.10435123355534963,-0.20428621396736507,-9000.0,-0.47123889803846897,1300.0,0.0,-9000.0,1300.0
1769432507.8266296,8.418221712112427,6.299267768859863,-0.19633052386143132,0.4009404114689287,0.10435123355534963,-0.20428621396736507,-9000.0,-0.47123889803846897,1300.0,0.0,-9000.0,1300.0
1769432507.8766258,8.459779739379883,6.30279541015625,-0.21234240639153654,0.4003374713380567,0.10738643339335219,-0.19234276391062766,-9000.0,-0.47123889803846897,1300.0,0.0,-9000.0,1300.0
1769432507.926658,8.459779739379883,6.30279541015625,-0.21234240639153654,0.4003374713380567,0.10738643339335219,-0.19234276391062766,-9000.0,-0.47123889803846897,1300.0,0.0,-9000.0,1300.0
1769432507.9766212,8.501230716705322,6.306217670440674,-0.23872515217264043,0.399845055978976,0.11028293634594728,-0.19209719923158483,-9000.0,-0.47123889803846897,1300.0,0.0,-9000.0,1300.0
1769432508.0266721,8.501230716705322,6.306217670440674,-0.23872515217264043,0.399845055978976,0.11028293634594728,-0.19209719923158483,-9000.0,-0.47123889803846897,1300.0,0.0,-9000.0,1300.0
1769432508.076651,8.542694568634033,6.307958126068115,-0.2578561321054972,0.39941948989872017,0.11260482056510406,-0.19477343983211012,-9000.0,-0.47123889803846897,1300.0,0.0,-9000.0,1300.0
1769432508.1265657,8.542694568634033,6.307958126068115,-0.2578561321054972,0.39941948989872017,0.11260482056510406,-0.19477343983211012,-9000.0,-0.47123889803846897,1300.0,0.0,-9000.0,1300.0
1769432508.1767113,8.584326267242432,6.308816432952881,-0.27621366013256055,0.39909699215635114,0.11421013436231398,-0.19614287458755914,-9000.0,-0.47123889803846897,1300.0,0.0,-9000.0,1300.0
1769432508.2266235,8.584326267242432,6.308816432952881,-0.27621366013256055,0.39909699215635114,0.11421013436231398,-0.19614287458755914,-9000.0,-0.47123889803846897,1300.0,0.0,-9000.0,1300.0
1769432508.2765992,8.62571394443512,6.310140132904053,-0.2963371622665322,0.39872871076865646,0.11553914953268063,-0.19700038715458357,-9000.0,-0.47123889803846897,1300.0,0.0,-9000.0,1300.0
1769432508.32667,8.62571394443512,6.310140132904053,-0.2963371622665322,0.39872871076865646,0.11553914953268063,-0.19700038715458357,-9000.0,-0.47123889803846897,1300.0,0.0,-9000.0,1300.0
1769432508.3767164,8.667085409164429,6.310983180999756,-0.3135040792405236,0.398247621952831,0.11688260310851849,-0.1953903549266081,-9000.0,-0.47123889803846897,1300.0,0.0,-9000.0,1300.0
1769432508.4266582,8.667085409164429,6.310983180999756,-0.3135040792405236,0.398247621952831,0.11688260310851849,-0.1953903549266081,-9000.0,-0.47123889803846897,1300.0,0.0,-9000.0,1300.0
1769432508.4766343,8.708385229110718,6.310567855834961,-0.33074824393895474,0.39767120667723305,0.11814566544651726,-0.19207530691904975,-9000.0,-0.47123889803846897,1300.0,0.0,-9000.0,1300.0
1769432508.5265713,8.708385229110718,6.310567855834961,-0.33074824393895474,0.39767120667723305,0.11814566544651726,-0.19207530691904975,-9000.0,-0.47123889803846897,1300.0,0.0,-9000.0,1300.0
1769432508.5766113,8.74997591972351,6.309146881103516,-0.3485256970064202,0.3971482708270616,0.11919942754258053,-0.18863186704489962,-9000.0,-0.47123889803846897,1300.0,0.0,-9000.0,1300.0
1769432508.6266284,8.74997591972351,6.309146881103516,-0.3485256970064202,0.3971482708270616,0.11919942754258053,-0.18863186704489962,-9000.0,-0.47123889803846897,1300.0,0.0,-9000.0,1300.0
1769432508.6765916,8.791167974472046,6.306461811065674,-0.3653959804684127,0.39667745628511764,0.119804613347824,-0.1850630974515308,-9000.0,-0.47123889803846897,1300.0,0.0,-9000.0,1300.0
1769432508.7266414,8.791167974472046,6.306461811065674,-0.3653959804684127,0.39667745628511764,0.119804613347824,-0.1850630974515308,-9000.0,-0.47123889803846897,1300.0,0.0,-9000.0,1300.0
1769432508.7765672,8.832043170928955,6.3025360107421875,-0.38270507218056304,0.39624515369514896,0.11975549156916876,-0.182058932943795,-9000.0,-0.47123889803846897,1300.0,0.0,-9000.0,1300.0
1769432508.8266528,8.832043170928955,6.3025360107421875,-0.38270507218056304,0.39624515369514896,0.11975549156916876,-0.182058932943795,-9000.0,-0.47123889803846897,1300.0,0.0,-9000.0,1300.0
1769432508.8765907,8.872541189193726,6.29886531829834,-0.40043416741479165,0.39566977948928045,0.11937371888771983,-0.18010121236621604,-9000.0,-0.47123889803846897,1300.0,0.0,-9000.0,1300.0
1769432508.9266505,8.872541189193726,6.29886531829834,-0.40043416741479165,0.39566977948928045,0.11937371888771983,-0.18010121236621604,-9000.0,-0.47123889803846897,1300.0,0.0,-9000.0,1300.0
1769432508.9766235,8.913079380989075,6.295088291168213,-0.42063711084718947,0.3949047166312036,0.11907980053705826,-0.18096333823343558,-9000.0,-0.47123889803846897,1300.0,0.0,-9000.0,1300.0
1769432509.0266128,8.913079380989075,6.295088291168213,-0.42063711084718947,0.3949047166312036,0.11907980053705826,-0.18096333823343558,-9000.0,-0.47123889803846897,1300.0,0.0,-9000.0,1300.0
1769432509.0766082,8.953652620315552,6.290309429168701,-0.4403947090133512,0.3940386245900488,0.11897345114131899,-0.18345015277681562,-9000.0,-0.47123889803846897,1300.0,0.0,-9000.0,1300.0
1769432509.1266837,8.953652620315552,6.290309429168701,-0.4403947090133512,0.3940386245900488,0.11897345114131899,-0.18345015277681562,-9000.0,-0.47123889803846897,1300.0,0.0,-9000.0,1300.0
1769432509.1765912,8.994173526763916,6.285038471221924,-0.45743350865356824,0.39314229654497657,0.11914171931539431,-0.18424870150513642,-9000.0,-0.47123889803846897,1300.0,0.0,-9000.0,1300.0
1769432509.226743,8.994173526763916,6.285038471221924,-0.45743350865356824,0.39314229654497657,0.11914171931539431,-0.18424870150513642,-9000.0,-0.47123889803846897,1300.0,0.0,-9000.0,1300.0
1769432509.2765543,9.034749329090118,6.278234958648682,-0.47569699790956943,0.3924172529191319,0.11933677863482728,-0.18416564081937026,-9000.0,-0.47123889803846897,1300.0,0.0,-9000.0,1300.0
1769432509.3267007,9.034749329090118,6.278234958648682,-0.47569699790956943,0.3924172529191319,0.11933677863482728,-0.18416564081937026,-9000.0,-0.47123889803846897,1300.0,0.0,-9000.0,1300.0
1769432509.3766847,9.074805498123169,6.271306991577148,-0.4945702374816975,0.3917402965317732,0.11958392266747613,-0.18425641548258379,-9000.0,-0.47123889803846897,1300.0,0.0,-9000.0,1300.0
1769432509.4267137,9.074805498123169,6.271306991577148,-0.4945702374816975,0.3917402965317732,0.11958392266747613,-0.18425641548258379,-9000.0,-0.47123889803846897,1300.0,0.0,-9000.0,1300.0
1769432509.4766471,9.114573776721954,6.262937545776367,-0.5129933772115051,0.39111705335486935,0.11964578320293319,-0.18434927098880413,-9000.0,-0.47123889803846897,1300.0,0.0,-9000.0,1300.0
1769432509.5266912,9.114573776721954,6.262937545776367,-0.5129933772115051,0.39111705335486935,0.11964578320293319,-0.18434927098880413,-9000.0,-0.47123889803846897,1300.0,0.0,-9000.0,1300.0
1769432509.5766807,9.15444129705429,6.25368070602417,-0.53431133839743,0.3906535641780247,0.11946326700489827,-0.18665969469672447,-9000.0,-0.47123889803846897,1300.0,0.0,-9000.0,1300.0
1769432509.626695,9.15444129705429,6.25368070602417,-0.53431133839743,0.3906535641780247,0.11946326700489827,-0.18665969469672447,-9000.0,-0.47123889803846897,1300.0,0.0,-9000.0,1300.0
1769432509.6767004,9.193164885044098,6.24519157409668,-0.5494466554188647,0.38989704901210487,0.11937244103903827,-0.1857645370483533,-9000.0,-0.47123889803846897,1300.0,0.0,-9000.0,1300.0
1769432509.7267478,9.193164885044098,6.24519157409668,-0.5494466554188647,0.38989704901210487,0.11937244103903827,-0.1857645370483533,-9000.0,-0.47123889803846897,1300.0,0.0,-9000.0,1300.0
1769432509.7766154,9.232479691505432,6.235576152801514,-0.5708029307744821,0.38901343934871424,0.11947787331084764,-0.18664059391449606,-9000.0,-0.47123889803846897,1300.0,0.0,-9000.0,1300.0
1769432509.8266218,9.232479691505432,6.235576152801514,-0.5708029307744821,0.38901343934871424,0.11947787331084764,-0.18664059391449606,-9000.0,-0.47123889803846897,1300.0,0.0,-9000.0,1300.0
1769432509.8766108,9.271981179714203,6.225480556488037,-0.587683690611892,0.388191221334784,0.11990028519390175,-0.18617919227739416,-9000.0,-0.47123889803846897,1300.0,0.0,-9000.0,1300.0
1769432509.9266522,9.271981179714203,6.225480556488037,-0.587683690611892,0.388191221334784,0.11990028519390175,-0.18617919227739416,-9000.0,-0.47123889803846897,1300.0,0.0,-9000.0,1300.0
1769432509.9765854,9.311104238033295,6.21458625793457,-0.6063307112325137,0.38746540612057884,0.12055592436716733,-0.18559655827239524,-9000.0,-0.47123889803846897,1300.0,0.0,-9000.0,1300.0
1769432510.026673,9.311104238033295,6.21458625793457,-0.6063307112325137,0.38746540612057884,0.12055592436716733,-0.18559655827239524,-9000.0,-0.47123889803846897,1300.0,0.0,-9000.0,1300.0
1769432510.0765774,9.349566876888275,6.20317268371582,-0.6249837105073174,0.3866991036976465,0.12132387250656113,-0.18530279402981298,-9000.0,-0.47123889803846897,1300.0,0.0,-9000.0,1300.0
1769432510.1266415,9.349566876888275,6.20317268371582,-0.6249837105073174,0.3866991036976465,0.12132387250656113,-0.18530279402981298,-9000.0,-0.47123889803846897,1300.0,0.0,-9000.0,1300.0
1769432510.1766524,9.388197422027588,6.188721656799316,-0.6487529283604757,0.3863537316613691,0.12154784181973453,-0.18931154311827306,-9000.0,-0.47123889803846897,1300.0,0.0,-9000.0,1300.0
1769432510.2266483,9.388197422027588,6.188721656799316,-0.6487529283604757,0.3863537316613691,0.12154784181973453,-0.18931154311827306,-9000.0,-0.47123889803846897,1300.0,0.0,-9000.0,1300.0
1769432510.2766006,9.427119791507721,6.173045635223389,-0.6641198773184623,0.3867924165036636,0.12104280915975087,-0.18987184207190588,-9000.0,-0.47123889803846897,1300.0,0.0,-9000.0,1300.0
1769432510.326556,9.427119791507721,6.173045635223389,-0.6641198773184623,0.3867924165036636,0.12104280915975087,-0.18987184207190588,-9000.0,-0.47123889803846897,1300.0,0.0,-9000.0,1300.0
1769432510.3766272,9.464553773403168,6.159367561340332,-0.6849870840421969,0.3871974653822569,0.12045473225738185,-0.19081960326644307,-9000.0,-0.47123889803846897,1300.0,0.0,-9000.0,1300.0
1769432510.4267306,9.464553773403168,6.159367561340332,-0.6849870840421969,0.3871974653822569,0.12045473225738185,-0.19081960326644307,-9000.0,-0.47123889803846897,1300.0,0.0,-9000.0,1300.0
1769432510.4767306,9.501740753650665,6.14703369140625,-0.6930313044509454,0.3868721965822748,0.12057934654505549,-0.18282040177027184,-9000.0,-0.47123889803846897,1300.0,0.0,-9000.0,1300.0
1769432510.526729,9.501740753650665,6.14703369140625,-0.6930313044509454,0.3868721965822748,0.12057934654505549,-0.18282040177027184,-9000.0,-0.47123889803846897,1300.0,0.0,-9000.0,1300.0
1769432510.5766165,9.538609266281128,6.133175849914551,-0.7117355502438426,0.3857992228557631,0.12128878031500931,-0.17634531423586075,-9000.0,-0.47123889803846897,1300.0,0.0,-9000.0,1300.0
1769432510.6266587,9.538609266281128,6.133175849914551,-0.7117355502438426,0.3857992228557631,0.12128878031500931,-0.17634531423586075,-9000.0,-0.47123889803846897,1300.0,0.0,-9000.0,1300.0
1769432510.6766346,9.575666815042496,6.113949298858643,-0.744681013407484,0.38517604097932157,0.1212908516713861,-0.1850218903570385,-9000.0,-0.47123889803846897,1300.0,0.0,-9000.0,1300.0
1769432510.726673,9.575666815042496,6.113949298858643,-0.744681013407484,0.38517604097932157,0.1212908516713861,-0.1850218903570385,-9000.0,-0.47123889803846897,1300.0,0.0,-9000.0,1300.0
1769432510.7768044,9.612016320228577,6.095459938049316,-0.7714581808891882,0.385051690737285,0.12060387567593653,-0.20020450193282124,-9000.0,-0.47123889803846897,1300.0,0.0,-9000.0,1300.0
1769432510.8266695,9.612016320228577,6.095459938049316,-0.7714581808891882,0.385051690737285,0.12060387567593653,-0.20020450193282124,-9000.0,-0.47123889803846897,1300.0,0.0,-9000.0,1300.0
1769432510.876726,9.64839991927147,6.0804009437561035,-0.7807100434230946,0.38462572521957045,0.12054225170421672,-0.20205448358104566,-9000.0,-0.47123889803846897,1300.0,0.0,-9000.0,1300.0
1769432510.926676,9.64839991927147,6.0804009437561035,-0.7807100434230946,0.38462572521957045,0.12054225170421672,-0.20205448358104566,-9000.0,-0.47123889803846897,1300.0,0.0,-9000.0,1300.0
1769432510.976719,9.684044003486633,6.060218334197998,-0.8162832873584126,0.38439577951974296,0.12037890125351049,-0.21187138693881433,-9000.0,-0.47123889803846897,1300.0,0.0,-9000.0,1300.0
1769432511.0266876,9.684044003486633,6.060218334197998,-0.8162832873584126,0.38439577951974296,0.12037890125351049,-0.21187138693881433,-9000.0,-0.47123889803846897,1300.0,0.0,-9000.0,1300.0
1769432511.076666,9.718783140182495,6.044131278991699,-0.8201966682493472,0.38342140349358905,0.1208956619170228,-0.20590705492171452,-9000.0,-0.47123889803846897,1300.0,0.0,-9000.0,1300.0
1769432511.1267028,9.718783140182495,6.044131278991699,-0.8201966682493472,0.38342140349358905,0.1208956619170228,-0.20590705492171452,-9000.0,-0.47123889803846897,1300.0,0.0,-9000.0,1300.0
1769432511.1766436,9.75584203004837,6.015991687774658,-0.8521550331402362,0.38455888188390963,0.1201024722915024,-0.2075268048065755,-9000.0,-0.47123889803846897,1300.0,0.0,-9000.0,1300.0
1769432511.2266386,9.75584203004837,6.015991687774658,-0.8521550331402362,0.38455888188390963,0.1201024722915024,-0.2075268048065755,-9000.0,-0.47123889803846897,1300.0,0.0,-9000.0,1300.0
1769432511.2766266,9.79110373556614,5.994449138641357,-0.8722573320101016,0.38662736782924195,0.11903027375930238,-0.2098057238921189,-9000.0,-0.47123889803846897,1300.0,0.0,-9000.0,1300.0
1769432511.3266394,9.79110373556614,5.994449138641357,-0.8722573320101016,0.38662736782924195,0.11903027375930238,-0.2098057238921189,-9000.0,-0.47123889803846897,1300.0,0.0,-9000.0,1300.0
1769432511.3767393,9.824736639857292,5.976991176605225,-0.8841199442874436,0.3875239646893003,0.11900799578648233,-0.20412074261061647,-9000.0,-0.47123889803846897,1300.0,0.0,-9000.0,1300.0
1769432511.4267077,9.824736639857292,5.976991176605225,-0.8841199442874436,0.3875239646893003,0.11900799578648233,-0.20412074261061647,-9000.0,-0.47123889803846897,1300.0,0.0,-9000.0,1300.0
1769432511.4766128,9.86083522439003,5.947171211242676,-0.9171328498046766,0.3898803228413053,0.1183608177438292,-0.2087862174507237,-9000.0,-0.47123889803846897,1300.0,0.0,-9000.0,1300.0
1769432511.5265427,9.86083522439003,5.947171211242676,-0.9171328498046766,0.3898803228413053,0.1183608177438292,-0.2087862174507237,-9000.0,-0.47123889803846897,1300.0,0.0,-9000.0,1300.0
1769432511.576669,9.893443554639816,5.925680637359619,-0.9237079302127978,0.391679485651443,0.11791438152703511,-0.20278742834529667,-9000.0,-0.47123889803846897,1300.0,0.0,-9000.0,1300.0
1769432511.6267037,9.893443554639816,5.925680637359619,-0.9237079302127978,0.391679485651443,0.11791438152703511,-0.20278742834529667,-9000.0,-0.47123889803846897,1300.0,0.0,-9000.0,1300.0
1769432511.6766417,9.925665199756622,5.902008056640625,-0.9489114155333042,0.3925244440449744,0.11761915610091618,-0.20059333072116609,-9000.0,-0.47123889803846897,1300.0,0.0,-9000.0,1300.0
1769432511.726675,9.925665199756622,5.902008056640625,-0.9489114155333042,0.3925244440449744,0.11761915610091618,-0.20059333072116609,-9000.0,-0.47123889803846897,1300.0,0.0,-9000.0,1300.0
1769432511.7767105,9.958129774779081,5.876155376434326,-0.9656524201065061,0.39296693960109547,0.1172560002533556,-0.19768555896076995,-9000.0,-0.47123889803846897,1300.0,0.0,-9000.0,1300.0
1769432511.8267,9.958129774779081,5.876155376434326,-0.9656524201065061,0.39296693960109547,0.1172560002533556,-0.19768555896076995,-9000.0,-0.47123889803846897,1300.0,0.0,-9000.0,1300.0
1769432511.8766026,9.990401428192854,5.851761817932129,-0.9861745263425231,0.3928480611562871,0.11726473236578284,-0.19642300615373276,-9000.0,-0.47123889803846897,1300.0,0.0,-9000.0,1300.0
1769432511.9266763,9.990401428192854,5.851761817932129,-0.9861745263425231,0.3928480611562871,0.11726473236578284,-0.19642300615373276,-9000.0,-0.47123889803846897,1300.0,0.0,-9000.0,1300.0
1769432511.9766202,10.022129327058792,5.826516628265381,-1.0050557564029776,0.3922716634152816,0.11767668772830917,-0.19550951407774478,-9000.0,-0.47123889803846897,1300.0,0.0,-9000.0,1300.0
1769432512.0265648,10.022129327058792,5.826516628265381,-1.0050557564029776,0.3922716634152816,0.11767668772830917,-0.19550951407774478,-9000.0,-0.47123889803846897,1300.0,0.0,-9000.0,1300.0
1769432512.0765445,10.053304828703403,5.800346374511719,-1.0188314658500648,0.3914707670389108,0.11829642048322098,-0.19054856758064437,-9000.0,-0.47123889803846897,1300.0,0.0,-9000.0,1300.0
1769432512.1266797,10.053304828703403,5.800346374511719,-1.0188314658500648,0.3914707670389108,0.11829642048322098,-0.19054856758064437,-9000.0,-0.47123889803846897,1300.0,0.0,-9000.0,1300.0
1769432512.1765924,10.08340834081173,5.773098468780518,-1.0359144132989173,0.3906549160583563,0.11871233513206873,-0.18518762161559363,-9000.0,-0.47123889803846897,1300.0,0.0,-9000.0,1300.0
1769432512.2266233,10.08340834081173,5.773098468780518,-1.0359144132989173,0.3906549160583563,0.11871233513206873,-0.18518762161559363,-9000.0,-0.47123889803846897,1300.0,0.0,-9000.0,1300.0
1769432512.2767663,10.113286286592484,5.745141506195068,-1.052985499207222,0.39002073284170174,0.11880105439691954,-0.18086853962352673,-9000.0,-0.47123889803846897,1300.0,0.0,-9000.0,1300.0
1769432512.3293598,10.113286286592484,5.745141506195068,-1.052985499207222,0.39002073284170174,0.11880105439691954,-0.18086853962352673,-9000.0,-0.47123889803846897,1300.0,0.0,-9000.0,1300.0
1769432512.3766253,10.143656775355339,5.716262340545654,-1.0705502475185,0.38993864073625584,0.11876972420315669,-0.1782533245651573,-9000.0,-0.47123889803846897,1300.0,0.0,-9000.0,1300.0
1769432512.4265585,10.143656775355339,5.716262340545654,-1.0705502475185,0.38993864073625584,0.11876972420315669,-0.1782533245651573,-9000.0,-0.47123889803846897,1300.0,0.0,-9000.0,1300.0
1769432512.4767315,10.17338241636753,5.687810897827148,-1.0921617672858992,0.39014826649781864,0.11888442994578986,-0.18013669463147375,-9000.0,-0.47123889803846897,1300.0,0.0,-9000.0,1300.0
1769432512.5266244,10.17338241636753,5.687810897827148,-1.0921617672858992,0.39014826649781864,0.11888442994578986,-0.18013669463147375,-9000.0,-0.47123889803846897,1300.0,0.0,-9000.0,1300.0
1769432512.5766017,10.20254211127758,5.6592583656311035,-1.1076680776733376,0.3903564432122336,0.1192842300002254,-0.18036616931805133,-9000.0,-0.47123889803846897,1300.0,0.0,-9000.0,1300.0
1769432512.6267285,10.20254211127758,5.6592583656311035,-1.1076680776733376,0.3903564432122336,0.1192842300002254,-0.18036616931805133,-9000.0,-0.47123889803846897,1300.0,0.0,-9000.0,1300.0
1769432512.6766791,10.230316877365112,5.6286773681640625,-1.1258842844999646,0.39068602013980636,0.11945351561859725,-0.18022438013587636,-9000.0,-0.47123889803846897,1300.0,0.0,-9000.0,1300.0
1769432512.7266865,10.230316877365112,5.6286773681640625,-1.1258842844999646,0.39068602013980636,0.11945351561859725,-0.18022438013587636,-9000.0,-0.47123889803846897,1300.0,0.0,-9000.0,1300.0
1769432512.7766008,10.25686514377594,5.598358631134033,-1.1400618322013822,0.3908489101526421,0.11914866180704194,-0.17703521098726765,-9000.0,-0.47123889803846897,1300.0,0.0,-9000.0,1300.0
1769432512.8266187,10.25686514377594,5.598358631134033,-1.1400618322013822,0.3908489101526421,0.11914866180704194,-0.17703521098726765,-9000.0,-0.47123889803846897,1300.0,0.0,-9000.0,1300.0
1769432512.8766787,10.283024579286575,5.567858695983887,-1.167080893053781,0.39072515086239307,0.11849902903486238,-0.18177519586555277,-9000.0,-0.47123889803846897,1300.0,0.0,-9000.0,1300.0
1769432512.9267359,10.283024579286575,5.567858695983887,-1.167080893053781,0.39072515086239307,0.11849902903486238,-0.18177519586555277,-9000.0,-0.47123889803846897,1300.0,0.0,-9000.0,1300.0
1769432512.9766583,10.311560899019241,5.537142753601074,-1.1776525161561677,0.3906631695980359,0.1184918502714418,-0.18045200128655445,-9000.0,-0.47123889803846897,1300.0,0.0,-9000.0,1300.0
1769432513.0267143,10.311560899019241,5.537142753601074,-1.1776525161561677,0.3906631695980359,0.1184918502714418,-0.18045200128655445,-9000.0,-0.47123889803846897,1300.0,0.0,-9000.0,1300.0
1769432513.0766826,10.337701141834259,5.507700443267822,-1.2081226847348232,0.39002472688227546,0.11919379966444141,-0.18794957158600975,-9000.0,-0.47123889803846897,1300.0,0.0,-9000.0,1300.0
1769432513.1267219,10.337701141834259,5.507700443267822,-1.2081226847348232,0.39002472688227546,0.11919379966444141,-0.18794957158600975,-9000.0,-0.47123889803846897,1300.0,0.0,-9000.0,1300.0
1769432513.176689,10.362965553998947,5.473394393920898,-1.2238449646666427,0.3898814094716033,0.11974847578265709,-0.1920137974708477,-9000.0,-0.47123889803846897,1300.0,0.0,-9000.0,1300.0
1769432513.2266018,10.362965553998947,5.473394393920898,-1.2238449646666427,0.3898814094716033,0.11974847578265709,-0.1920137974708477,-9000.0,-0.47123889803846897,1300.0,0.0,-9000.0,1300.0
1769432513.276597,10.385833859443665,5.440032482147217,-1.2391340771139887,0.3899431484176702,0.11951786743783678,-0.19043515719875037,-9000.0,-0.47123889803846897,1300.0,0.0,-9000.0,1300.0
1769432513.3266385,10.385833859443665,5.440032482147217,-1.2391340771139887,0.3899431484176702,0.11951786743783678,-0.19043515719875037,-9000.0,-0.47123889803846897,1300.0,0.0,-9000.0,1300.0
1769432513.3766294,10.40931898355484,5.406318664550781,-1.2597194737936472,0.3901847617742007,0.11878075550200444,-0.18933177327618103,-9000.0,-0.47123889803846897,1300.0,0.0,-9000.0,1300.0
1769432513.426672,10.40931898355484,5.406318664550781,-1.2597194737936472,0.3901847617742007,0.11878075550200444,-0.18933177327618103,-9000.0,-0.47123889803846897,1300.0,0.0,-9000.0,1300.0
1769432513.4766102,10.433920681476593,5.374183654785156,-1.2775787422944718,0.3901932511006295,0.11856028126952975,-0.18798197301853456,-9000.0,-0.47123889803846897,1300.0,0.0,-9000.0,1300.0
1769432513.5266366,10.433920681476593,5.374183654785156,-1.2775787422944718,0.3901932511006295,0.11856028126952975,-0.18798197301853456,-9000.0,-0.47123889803846897,1300.0,0.0,-9000.0,1300.0
1769432513.576598,10.458291590213776,5.341679096221924,-1.3016098190284384,0.3898376477936685,0.11930211622913907,-0.19124806626922952,-9000.0,-0.47123889803846897,1300.0,0.0,-9000.0,1300.0
1769432513.6266558,10.458291590213776,5.341679096221924,-1.3016098190284384,0.3898376477936685,0.11930211622913907,-0.19124806626922952,-9000.0,-0.47123889803846897,1300.0,0.0,-9000.0,1300.0
1769432513.676576,10.48095017671585,5.3057355880737305,-1.320663698967481,0.38990601023325006,0.12030499009832679,-0.19420101097001619,-9000.0,-0.47123889803846897,1300.0,0.0,-9000.0,1300.0
1769432513.7266433,10.48095017671585,5.3057355880737305,-1.320663698967481,0.38990601023325006,0.12030499009832679,-0.19420101097001619,-9000.0,-0.47123889803846897,1300.0,0.0,-9000.0,1300.0
1769432513.776627,10.5003582239151,5.269812107086182,-1.3381580916503633,0.3902296680762979,0.12048835260300444,-0.19431626364498833,-9000.0,-0.47123889803846897,1300.0,0.0,-9000.0,1300.0
1769432513.8266194,10.5003582239151,5.269812107086182,-1.3381580916503633,0.3902296680762979,0.12048835260300444,-0.19431626364498833,-9000.0,-0.47123889803846897,1300.0,0.0,-9000.0,1300.0
1769432513.8766174,10.521312654018402,5.234321117401123,-1.3597508748078115,0.3906678055553039,0.12034640677609892,-0.19537126910648064,-9000.0,-0.47123889803846897,1300.0,0.0,-9000.0,1300.0
1769432513.9266534,10.521312654018402,5.234321117401123,-1.3597508748078115,0.3906678055553039,0.12034640677609892,-0.19537126910648064,-9000.0,-0.47123889803846897,1300.0,0.0,-9000.0,1300.0
1769432513.9766066,10.543466985225677,5.198746681213379,-1.3800118763645615,0.3912023110747097,0.12077957967331797,-0.19677144960065032,-9000.0,-0.47123889803846897,1300.0,0.0,-9000.0,1300.0
1769432514.0266674,10.543466985225677,5.198746681213379,-1.3800118763645615,0.3912023110747097,0.12077957967331797,-0.19677144960065032,-9000.0,-0.47123889803846897,1300.0,0.0,-9000.0,1300.0
1769432514.0766244,10.564225375652313,5.163180351257324,-1.4051861590688148,0.3915621133822502,0.12187784673513245,-0.20196426608446955,-9000.0,-0.47123889803846897,1300.0,0.0,-9000.0,1300.0
1769432514.1267357,10.564225375652313,5.163180351257324,-1.4051861590688148,0.3915621133822502,0.12187784673513245,-0.20196426608446955,-9000.0,-0.47123889803846897,1300.0,0.0,-9000.0,1300.0
1769432514.176581,10.581518769264221,5.12666130065918,-1.4265427077934614,0.39157803792393964,0.12262551816512224,-0.2067735888061153,-9000.0,-0.47123889803846897,1300.0,0.0,-9000.0,1300.0
1769432514.226636,10.581518769264221,5.12666130065918,-1.4265427077934614,0.39157803792393964,0.12262551816512224,-0.2067735888061153,-9000.0,-0.47123889803846897,1300.0,0.0,-9000.0,1300.0
1769432514.2766268,10.59823203086853,5.0892653465271,-1.4424284432748395,0.3914673167668188,0.12266214971355609,-0.20568968221278106,-9000.0,-0.47123889803846897,1300.0,0.0,-9000.0,1300.0
1769432514.3266797,10.59823203086853,5.0892653465271,-1.4424284432748395,0.3914673167668188,0.12266214971355609,-0.20568968221278106,-9000.0,-0.47123889803846897,1300.0,0.0,-9000.0,1300.0
1769432514.3767064,10.61630642414093,5.053982734680176,-1.4618270035463783,0.3907349112243674,0.12281111873508502,-0.20268784766797895,-9000.0,-0.47123889803846897,1300.0,0.0,-9000.0,1300.0
1769432514.426606,10.61630642414093,5.053982734680176,-1.4618270035463783,0.3907349112243674,0.12281111873508502,-0.20268784766797895,-9000.0,-0.47123889803846897,1300.0,0.0,-9000.0,1300.0
1769432514.4765596,10.635016739368439,5.015746593475342,-1.4896488240040144,0.3902240042027932,0.12365196442410824,-0.20641940005864212,-9000.0,-0.47123889803846897,1300.0,0.0,-9000.0,1300.0
1769432514.5266256,10.635016739368439,5.015746593475342,-1.4896488240040144,0.3902240042027932,0.12365196442410824,-0.20641940005864212,-9000.0,-0.47123889803846897,1300.0,0.0,-9000.0,1300.0
1769432514.5765576,10.648975729942322,4.977981090545654,-1.503821496445139,0.3897331624170778,0.12405219043560686,-0.20514020992821816,-9000.0,-0.47123889803846897,1300.0,0.0,-9000.0,1300.0
1769432514.6267345,10.648975729942322,4.977981090545654,-1.503821496445139,0.3897331624170778,0.12405219043560686,-0.20514020992821816,-9000.0,-0.47123889803846897,1300.0,0.0,-9000.0,1300.0
1769432514.6765764,10.663513481616974,4.937633514404297,-1.5352842691076223,0.3900026011337793,0.12397276536634334,-0.21175336737878017,-9000.0,-0.47123889803846897,1300.0,0.0,-9000.0,1300.0
1769432514.7266018,10.663513481616974,4.937633514404297,-1.5352842691076223,0.3900026011337793,0.12397276536634334,-0.21175336737878017,-9000.0,-0.47123889803846897,1300.0,0.0,-9000.0,1300.0
1769432514.7766025,10.677998065948486,4.901724338531494,-1.5457232122704079,0.3897151880002909,0.1239788154128796,-0.20908044990588703,-9000.0,-0.47123889803846897,1300.0,0.0,-9000.0,1300.0
1769432514.8266902,10.677998065948486,4.901724338531494,-1.5457232122704079,0.3897151880002909,0.1239788154128796,-0.20908044990588703,-9000.0,-0.47123889803846897,1300.0,0.0,-9000.0,1300.0
1769432514.8765879,10.691955983638763,4.863748073577881,-1.5664447898395055,0.3890148695346064,0.12423207725053098,-0.20510861162695615,-9000.0,-0.47123889803846897,1300.0,0.0,-9000.0,1300.0
1769432514.9266384,10.691955983638763,4.863748073577881,-1.5664447898395055,0.3890148695346064,0.12423207725053098,-0.20510861162695615,-9000.0,-0.47123889803846897,1300.0,0.0,-9000.0,1300.0
1769432514.9765832,10.702264785766602,4.826153755187988,-1.5849544556301376,0.38777980332529016,0.12382147235677679,-0.2009531290434094,-9000.0,-0.47123889803846897,1300.0,0.0,-9000.0,1300.0
1769432515.0266647,10.702264785766602,4.826153755187988,-1.5849544556301376,0.38777980332529016,0.12382147235677679,-0.2009531290434094,-9000.0,-0.47123889803846897,1300.0,0.0,-9000.0,1300.0
1769432515.0766003,10.714471220970154,4.785244941711426,-1.6124435931969963,0.38719024413720515,0.1233077847195225,-0.2043224574367847,-9000.0,-0.47123889803846897,1300.0,0.0,-9000.0,1300.0
1769432515.126556,10.714471220970154,4.785244941711426,-1.6124435931969963,0.38719024413720515,0.1233077847195225,-0.2043224574367847,-9000.0,-0.47123889803846897,1300.0,0.0,-9000.0,1300.0
1769432515.1766975,10.72608482837677,4.746296405792236,-1.6328766364613294,0.38688999402764,0.12312234486697783,-0.20809314613217597,-9000.0,-0.47123889803846897,1300.0,0.0,-9000.0,1300.0
1769432515.226704,10.72608482837677,4.746296405792236,-1.6328766364613294,0.38688999402764,0.12312234486697783,-0.20809314613217597,-9000.0,-0.47123889803846897,1300.0,0.0,-9000.0,1300.0
1769432515.2766902,10.736265063285828,4.7059712409973145,-1.6549095787917123,0.38703916756004697,0.12318293792581268,-0.21131344303778196,-9000.0,-0.47123889803846897,1300.0,0.0,-9000.0,1300.0
1769432515.3266306,10.736265063285828,4.7059712409973145,-1.6549095787917123,0.38703916756004697,0.12318293792581268,-0.21131344303778196,-9000.0,-0.47123889803846897,1300.0,0.0,-9000.0,1300.0
1769432515.3767066,10.744869530200958,4.6662445068359375,-1.6769237622304654,0.38733111406410486,0.12319198221038438,-0.21371648344947358,-9000.0,-0.47123889803846897,1300.0,0.0,-9000.0,1300.0
1769432515.4267192,10.744869530200958,4.6662445068359375,-1.6769237622304654,0.38733111406410486,0.12319198221038438,-0.21371648344947358,-9000.0,-0.47123889803846897,1300.0,0.0,-9000.0,1300.0
1769432515.4766762,10.753007709980011,4.6286702156066895,-1.6858051234435454,0.38687070040233906,0.12310427017313272,-0.2051037451965782,-9000.0,-0.47123889803846897,1300.0,0.0,-9000.0,1300.0
1769432515.5267541,10.753007709980011,4.6286702156066895,-1.6858051234435454,0.38687070040233906,0.12310427017313272,-0.2051037451965782,-9000.0,-0.47123889803846897,1300.0,0.0,-9000.0,1300.0
1769432515.5764935,10.761234998703003,4.587393283843994,-1.71070316332006,0.38660021383416876,0.12318365609817002,-0.2008957220587375,-9000.0,-0.47123889803846897,1300.0,0.0,-9000.0,1300.0
1769432515.626585,10.761234998703003,4.587393283843994,-1.71070316332006,0.38660021383416876,0.12318365609817002,-0.2008957220587375,-9000.0,-0.47123889803846897,1300.0,0.0,-9000.0,1300.0
1769432515.676581,10.767107903957367,4.549267292022705,-1.7197018082879785,0.3858574920089547,0.12292880794667708,-0.19089383159939752,-9000.0,-0.47123889803846897,1300.0,0.0,-9000.0,1300.0
1769432515.7266138,10.767107903957367,4.549267292022705,-1.7197018082879785,0.3858574920089547,0.12292880794667708,-0.19089383159939752,-9000.0,-0.47123889803846897,1300.0,0.0,-9000.0,1300.0
1769432515.7766006,10.77342426776886,4.508119106292725,-1.74202401835902,0.3854119677901285,0.1226032622801376,-0.18626556056632518,-9000.0,-0.47123889803846897,1300.0,0.0,-9000.0,1300.0
1769432515.8266387,10.77342426776886,4.508119106292725,-1.74202401835902,0.3854119677901285,0.1226032622801376,-0.18626556056632518,-9000.0,-0.47123889803846897,1300.0,0.0,-9000.0,1300.0
1769432515.876555,10.778501570224762,4.469459056854248,-1.7608453066370866,0.3847205131305312,0.12213291652437076,-0.1850988495019776,-9000.0,-0.47123889803846897,1300.0,0.0,-9000.0,1300.0
1769432515.926637,10.778501570224762,4.469459056854248,-1.7608453066370866,0.3847205131305312,0.12213291652437076,-0.1850988495019776,-9000.0,-0.47123889803846897,1300.0,0.0,-9000.0,1300.0
1769432515.9765768,10.782348930835724,4.428879737854004,-1.7804874340002852,0.38423647863835425,0.12142122817390467,-0.18617175467523184,-9000.0,-0.47123889803846897,1300.0,0.0,-9000.0,1300.0
1769432516.026675,10.782348930835724,4.428879737854004,-1.7804874340002852,0.38423647863835425,0.12142122817390467,-0.18617175467523184,-9000.0,-0.47123889803846897,1300.0,0.0,-9000.0,1300.0
1769432516.0766194,10.785866379737854,4.388096809387207,-1.7973102881361689,0.3841493976171208,0.12064923093881412,-0.1859298620841507,-9000.0,-0.47123889803846897,1300.0,0.0,-9000.0,1300.0
1769432516.12657,10.785866379737854,4.388096809387207,-1.7973102881361689,0.3841493976171208,0.12064923093881412,-0.1859298620841507,-9000.0,-0.47123889803846897,1300.0,0.0,-9000.0,1300.0
1769432516.1765897,10.789021790027618,4.349838733673096,-1.8044399686220545,0.3836325799678417,0.1198924042044122,-0.17648430312149627,-9000.0,-0.47123889803846897,1300.0,0.0,-9000.0,1300.0
1769432516.2266293,10.789021790027618,4.349838733673096,-1.8044399686220545,0.3836325799678417,0.1198924042044122,-0.17648430312149627,-9000.0,-0.47123889803846897,1300.0,0.0,-9000.0,1300.0
1769432516.276627,10.791708171367645,4.305773735046387,-1.836783383226775,0.3842652673277023,0.11956649354198716,-0.18033188784107346,-9000.0,-0.47123889803846897,1300.0,0.0,-9000.0,1300.0
1769432516.3270059,10.791708171367645,4.305773735046387,-1.836783383226775,0.3842652673277023,0.11956649354198716,-0.18033188784107346,-9000.0,-0.47123889803846897,1300.0,0.0,-9000.0,1300.0
1769432516.3765872,10.793888747692108,4.2654314041137695,-1.8530292831103103,0.3851994804064038,0.119695255520631,-0.1844041718115455,-9000.0,-0.47123889803846897,1300.0,0.0,-9000.0,1300.0
1769432516.4266348,10.793888747692108,4.2654314041137695,-1.8530292831103103,0.3851994804064038,0.119695255520631,-0.1844041718115455,-9000.0,-0.47123889803846897,1300.0,0.0,-9000.0,1300.0
1769432516.4765217,10.793950259685516,4.226540565490723,-1.86472026921762,0.3856149876030426,0.11963658987094235,-0.18150073285378546,-9000.0,-0.47123889803846897,1300.0,0.0,-9000.0,1300.0
1769432516.5267196,10.793950259685516,4.226540565490723,-1.86472026921762,0.3856149876030426,0.11963658987094235,-0.18150073285378546,-9000.0,-0.47123889803846897,1300.0,0.0,-9000.0,1300.0
1769432516.5766265,10.792507529258728,4.189589977264404,-1.871568906637775,0.38473194131848,0.118695144246131,-0.16923122346116728,-9000.0,-0.47123889803846897,1300.0,0.0,-9000.0,1300.0
1769432516.6266923,10.792507529258728,4.189589977264404,-1.871568906637775,0.38473194131848,0.118695144246131,-0.16923122346116728,-9000.0,-0.47123889803846897,1300.0,0.0,-9000.0,1300.0
1769432516.6766434,10.791494488716125,4.14858865737915,-1.8877722057467048,0.38380754226233804,0.1173725531250407,-0.1593786829900015,-9000.0,-0.47123889803846897,1300.0,0.0,-9000.0,1300.0
1769432516.726606,10.791494488716125,4.14858865737915,-1.8877722057467048,0.38380754226233804,0.1173725531250407,-0.1593786829900015,-9000.0,-0.47123889803846897,1300.0,0.0,-9000.0,1300.0
1769432516.7765863,10.790484488010406,4.106624603271484,-1.9105445767928653,0.3836280431116802,0.1162909098160185,-0.15967999124624183,-9000.0,-0.47123889803846897,1300.0,0.0,-9000.0,1300.0
1769432516.826688,10.790484488010406,4.106624603271484,-1.9105445767928653,0.3836280431116802,0.1162909098160185,-0.15967999124624183,-9000.0,-0.47123889803846897,1300.0,0.0,-9000.0,1300.0
1769432516.8767345,10.787869393825531,4.065935134887695,-1.9285342643149472,0.3840434235385188,0.11533812564423244,-0.1639401363236015,-9000.0,-0.47123889803846897,1300.0,0.0,-9000.0,1300.0
1769432516.9267132,10.787869393825531,4.065935134887695,-1.9285342643149472,0.3840434235385188,0.11533812564423244,-0.1639401363236015,-9000.0,-0.47123889803846897,1300.0,0.0,-9000.0,1300.0
1769432516.9766474,10.784965813159943,4.02615213394165,-1.9467368091105288,0.3845470136149875,0.11453860806688024,-0.16877113361351803,-9000.0,-0.47123889803846897,1300.0,0.0,-9000.0,1300.0
1769432517.0267065,10.784965813159943,4.02615213394165,-1.9467368091105288,0.3845470136149875,0.11453860806688024,-0.16877113361351803,-9000.0,-0.47123889803846897,1300.0,0.0,-9000.0,1300.0
1769432517.0766425,10.781002342700958,3.9852423667907715,-1.9674411270991827,0.38528287247361503,0.11391229129369501,-0.17467359454846423,-9000.0,-0.47123889803846897,1300.0,0.0,-9000.0,1300.0
1769432517.1266522,10.781002342700958,3.9852423667907715,-1.9674411270991827,0.38528287247361503,0.11391229129369501,-0.17467359454846423,-9000.0,-0.47123889803846897,1300.0,0.0,-9000.0,1300.0
1769432517.1766312,10.777986407279968,3.9419682025909424,-1.9955702338845156,0.38678907279758085,0.11426829997219477,-0.18666281316423458,-9000.0,-0.47123889803846897,1300.0,0.0,-9000.0,1300.0
1769432517.2266712,10.777986407279968,3.9419682025909424,-1.9955702338845156,0.38678907279758085,0.11426829997219477,-0.18666281316423458,-9000.0,-0.47123889803846897,1300.0,0.0,-9000.0,1300.0
1769432517.2767298,10.771598279476166,3.904932975769043,-2.016567357677794,0.3874476493944364,0.1143753438775915,-0.19684518188741876,-9000.0,-0.47123889803846897,1300.0,0.0,-9000.0,1300.0
1769432517.326679,10.771598279476166,3.904932975769043,-2.016567357677794,0.3874476493944364,0.1143753438775915,-0.19684518188741876,-9000.0,-0.47123889803846897,1300.0,0.0,-9000.0,1300.0
1769432517.3767161,10.764322459697723,3.8651483058929443,-2.0218219905205705,0.387662534052713,0.11397523113503226,-0.19092138015591603,-9000.0,-0.47123889803846897,1300.0,0.0,-9000.0,1300.0
1769432517.4266715,10.764322459697723,3.8651483058929443,-2.0218219905205705,0.387662534052713,0.11397523113503226,-0.19092138015591603,-9000.0,-0.47123889803846897,1300.0,0.0,-9000.0,1300.0
1769432517.4766257,10.757047295570374,3.8265013694763184,-2.0438203166562015,0.38732254581662395,0.11317320520844588,-0.18584018011483006,-9000.0,-0.47123889803846897,1300.0,0.0,-9000.0,1300.0
1769432517.526753,10.757047295570374,3.8265013694763184,-2.0438203166562015,0.38732254581662395,0.11317320520844588,-0.18584018011483006,-9000.0,-0.47123889803846897,1300.0,0.0,-9000.0,1300.0
1769432517.5766983,10.752143621444702,3.781308650970459,-2.073211333646285,0.3881203698697995,0.11388406293262789,-0.1916119178457213,-9000.0,-0.47123889803846897,1300.0,0.0,-9000.0,1300.0
1769432517.6265543,10.752143621444702,3.781308650970459,-2.073211333646285,0.3881203698697995,0.11388406293262789,-0.1916119178457213,-9000.0,-0.47123889803846897,1300.0,0.0,-9000.0,1300.0
1769432517.676713,10.743593215942383,3.7416608333587646,-2.097458296410482,0.38917503836870854,0.11513003889225361,-0.2015790562630174,-9000.0,-0.47123889803846897,1300.0,0.0,-9000.0,1300.0
1769432517.7267404,10.743593215942383,3.7416608333587646,-2.097458296410482,0.38917503836870854,0.11513003889225361,-0.2015790562630174,-9000.0,-0.47123889803846897,1300.0,0.0,-9000.0,1300.0
1769432517.7766333,10.731709897518158,3.7068393230438232,-2.097080338605579,0.3890235583706986,0.11492683159439115,-0.19221364966456228,-9000.0,-0.47123889803846897,1300.0,0.0,-9000.0,1300.0
1769432517.8266628,10.731709897518158,3.7068393230438232,-2.097080338605579,0.3890235583706986,0.11492683159439115,-0.19221364966456228,-9000.0,-0.47123889803846897,1300.0,0.0,-9000.0,1300.0
1769432517.876629,10.72078937292099,3.6698412895202637,-2.116396882976917,0.3878651659618813,0.11349215649906413,-0.1821631869169733,-9000.0,-0.47123889803846897,1300.0,0.0,-9000.0,1300.0
1769432517.9266887,10.72078937292099,3.6698412895202637,-2.116396882976917,0.3878651659618813,0.11349215649906413,-0.1821631869169733,-9000.0,-0.47123889803846897,1300.0,0.0,-9000.0,1300.0
1769432517.9766195,10.711804687976837,3.6272594928741455,-2.148012868705672,0.38733244799554056,0.11283611028028033,-0.18675007075455155,-9000.0,-0.47123889803846897,1300.0,0.0,-9000.0,1300.0
1769432518.026674,10.711804687976837,3.6272594928741455,-2.148012868705672,0.38733244799554056,0.11283611028028033,-0.18675007075455155,-9000.0,-0.47123889803846897,1300.0,0.0,-9000.0,1300.0
1769432518.0766482,10.700897872447968,3.5885090827941895,-2.1678139264978227,0.3870573817116464,0.11283749125722198,-0.19386117952170764,-9000.0,-0.47123889803846897,1300.0,0.0,-9000.0,1300.0
1769432518.126661,10.700897872447968,3.5885090827941895,-2.1678139264978227,0.3870573817116464,0.11283749125722198,-0.19386117952170764,-9000.0,-0.47123889803846897,1300.0,0.0,-9000.0,1300.0
1769432518.1766014,10.687351107597351,3.5518598556518555,-2.17335074333487,0.3866192091317199,0.1124411852486529,-0.18770744856379415,-9000.0,-0.47123889803846897,1300.0,0.0,-9000.0,1300.0
1769432518.2266295,10.687351107597351,3.5518598556518555,-2.17335074333487,0.3866192091317199,0.1124411852486529,-0.18770744856379415,-9000.0,-0.47123889803846897,1300.0,0.0,-9000.0,1300.0
1769432518.2766902,10.675821602344513,3.5119636058807373,-2.195576325905947,0.38645850601323106,0.11258945824292961,-0.1836228665342898,-9000.0,-0.47123889803846897,1300.0,0.0,-9000.0,1300.0
1769432518.326596,10.675821602344513,3.5119636058807373,-2.195576325905947,0.38645850601323106,0.11258945824292961,-0.1836228665342898,-9000.0,-0.47123889803846897,1300.0,0.0,-9000.0,1300.0
1769432518.376639,10.661177396774292,3.472949266433716,-2.2155399510180613,0.38688754151340243,0.11279109684811063,-0.18304589032535115,-9000.0,-0.47123889803846897,1300.0,0.0,-9000.0,1300.0
1769432518.4266205,10.661177396774292,3.472949266433716,-2.2155399510180613,0.38688754151340243,0.11279109684811063,-0.18304589032535115,-9000.0,-0.47123889803846897,1300.0,0.0,-9000.0,1300.0
1769432518.4765987,10.647419929504395,3.437295913696289,-2.2304553942620493,0.38680801887840083,0.11273905851313469,-0.18093788874242023,-9000.0,-0.47123889803846897,1300.0,0.0,-9000.0,1300.0
1769432518.5266469,10.647419929504395,3.437295913696289,-2.2304553942620493,0.38680801887840083,0.11273905851313469,-0.18093788874242023,-9000.0,-0.47123889803846897,1300.0,0.0,-9000.0,1300.0
1769432518.5766854,10.63244116306305,3.401118040084839,-2.249753168387993,0.3861815659711011,0.11231260487729589,-0.18028892684361206,-9000.0,-0.47123889803846897,1300.0,0.0,-9000.0,1300.0
1769432518.626767,10.63244116306305,3.401118040084839,-2.249753168387993,0.3861815659711011,0.11231260487729589,-0.18028892684361206,-9000.0,-0.47123889803846897,1300.0,0.0,-9000.0,1300.0
1769432518.6765804,10.61654531955719,3.359703540802002,-2.2838321538040938,0.386640145321134,0.11254524670288528,-0.19285587404358576,-9000.0,-0.47123889803846897,1300.0,0.0,-9000.0,1300.0
1769432518.7266712,10.61654531955719,3.359703540802002,-2.2838321538040938,0.386640145321134,0.11254524670288528,-0.19285587404358576,-9000.0,-0.47123889803846897,1300.0,0.0,-9000.0,1300.0
1769432518.776595,10.599131286144257,3.3241806030273438,-2.294701964937643,0.38724475516978357,0.11254549350679911,-0.19670697728428171,-9000.0,-0.47123889803846897,1300.0,0.0,-9000.0,1300.0
1769432518.8266244,10.599131286144257,3.3241806030273438,-2.294701964937643,0.38724475516978357,0.11254549350679911,-0.19670697728428171,-9000.0,-0.47123889803846897,1300.0,0.0,-9000.0,1300.0
1769432518.876544,10.582989573478699,3.285808563232422,-2.3232700744658414,0.38802425809475194,0.11314040375163953,-0.2037398551862262,-9000.0,-0.47123889803846897,1300.0,0.0,-9000.0,1300.0
1769432518.9266348,10.582989573478699,3.285808563232422,-2.3232700744658414,0.38802425809475194,0.11314040375163953,-0.2037398551862262,-9000.0,-0.47123889803846897,1300.0,0.0,-9000.0,1300.0
1769432518.9765673,10.565299808979034,3.248420000076294,-2.344994370992843,0.38887428318605244,0.114237339362821,-0.20960468934644474,-9000.0,-0.47123889803846897,1300.0,0.0,-9000.0,1300.0
1769432519.0265808,10.565299808979034,3.248420000076294,-2.344994370992843,0.38887428318605244,0.114237339362821,-0.20960468934644474,-8000.0,-0.41887902047863906,1300.0,0.0,-8000.0,1300.0
1769432519.07656,10.546182453632355,3.2126777172088623,-2.365435924873102,0.3895089575101172,0.11525370563866714,-0.2122590959038586,-7000.0,-0.36651914291880916,1300.0,0.0,-7000.0,1300.0
1769432519.1266592,10.546182453632355,3.2126777172088623,-2.365435924873102,0.3895089575101172,0.11525370563866714,-0.2122590959038586,-6000.0,-0.31415926535897926,1300.0,0.0,-6000.0,1300.0
1769432519.1766176,10.526537954807281,3.1775848865509033,-2.375410695609721,0.38975217051399763,0.11589044561640575,-0.20416255571710193,-5000.0,-0.2617993877991494,1300.0,0.0,-5000.0,1300.0
1769432519.226663,10.526537954807281,3.1775848865509033,-2.375410695609721,0.38975217051399763,0.11589044561640575,-0.20416255571710193,-4000.0,-0.20943951023931953,1300.0,0.0,-4000.0,1300.0
1769432519.2765367,10.50730311870575,3.142608880996704,-2.3942404192885203,0.38946724267314664,0.11636758499204725,-0.19564086771045544,-3000.0,-0.15707963267948963,1300.0,0.0,-3000.0,1300.0
1769432519.32663,10.50730311870575,3.142608880996704,-2.3942404192885203,0.38946724267314664,0.11636758499204725,-0.19564086771045544,-2000.0,-0.10471975511965977,1300.0,0.0,-2000.0,1300.0
1769432519.376533,10.487383604049683,3.10774827003479,-2.4244317113709,0.38877493456364765,0.11686611596597066,-0.1989874133315373,-1000.0,-0.05235987755982988,1300.0,0.0,-1000.0,1300.0
1769432519.4265394,10.487383604049683,3.10774827003479,-2.4244317113709,0.38877493456364765,0.11686611596597066,-0.1989874133315373,0.0,0.0,1300.0,0.0,0.0,1300.0
1769432519.4767044,10.46537670493126,3.0733323097229004,-2.4289263350062167,0.3881494652864853,0.11706016844399084,-0.19176643330413942,0.0,0.0,1300.0,0.0,0.0,1300.0
1769432519.5267172,10.46537670493126,3.0733323097229004,-2.4289263350062167,0.3881494652864853,0.11706016844399084,-0.19176643330413942,0.0,0.0,1300.0,0.0,0.0,1300.0
1769432519.5766802,10.443553298711777,3.0393245220184326,-2.4512523298855897,0.3876096731501152,0.11704981310975712,-0.18748787816206575,0.0,0.0,1300.0,0.0,0.0,1300.0
1769432519.6267147,10.443553298711777,3.0393245220184326,-2.4512523298855897,0.3876096731501152,0.11704981310975712,-0.18748787816206575,0.0,0.0,1300.0,0.0,0.0,1300.0
1769432519.676616,10.42071908712387,3.0045342445373535,-2.4524164186882325,0.3875461907755665,0.1170259532251811,-0.1719853261130201,0.0,0.0,1400.0,0.0,0.0,1400.0
1769432519.7267172,10.42071908712387,3.0045342445373535,-2.4524164186882325,0.3875461907755665,0.1170259532251811,-0.1719853261130201,0.0,0.0,1400.0,0.0,0.0,1400.0
1769432519.7765815,10.397441804409027,2.970221519470215,-2.4595956834052406,0.3879884226612697,0.11698532353646371,-0.15248807661592692,0.0,0.0,1400.0,0.0,0.0,1400.0
1769432519.8266356,10.397441804409027,2.970221519470215,-2.4595956834052406,0.3879884226612697,0.11698532353646371,-0.15248807661592692,0.0,0.0,1400.0,0.0,0.0,1400.0
1769432519.8766713,10.374226123094559,2.9366350173950195,-2.4555100723206706,0.38866823017902175,0.11683129517336911,-0.125234541691984,0.0,0.0,1400.0,0.0,0.0,1400.0
1769432519.9267175,10.374226123094559,2.9366350173950195,-2.4555100723206706,0.38866823017902175,0.11683129517336911,-0.125234541691984,0.0,0.0,1400.0,0.0,0.0,1400.0
1769432519.9766164,10.3477343916893,2.9038288593292236,-2.4597670896157466,0.39000425002265354,0.11568551942741609,-0.10122322445396462,0.0,0.0,1400.0,0.0,0.0,1400.0
1769432520.0266879,10.3477343916893,2.9038288593292236,-2.4597670896157466,0.39000425002265354,0.11568551942741609,-0.10122322445396462,0.0,0.0,1400.0,0.0,0.0,1400.0
1769432520.076573,10.322465658187866,2.8730661869049072,-2.440195745658276,0.39131204059660374,0.11314900557177444,-0.06503488825686357,0.0,0.0,1400.0,0.0,0.0,1400.0
1769432520.1266556,10.322465658187866,2.8730661869049072,-2.440195745658276,0.39131204059660374,0.11314900557177444,-0.06503488825686357,0.0,0.0,1400.0,0.0,0.0,1400.0
1769432520.1766114,10.294815927743912,2.855435848236084,-2.3961762343494653,0.39018734475638966,0.10547277682625958,-0.0017375407003582671,0.0,0.0,1500.0,0.0,0.0,1500.0
1769432520.2267087,10.294815927743912,2.855435848236084,-2.3961762343494653,0.39018734475638966,0.10547277682625958,-0.0017375407003582671,0.0,0.0,1500.0,0.0,0.0,1500.0
1769432520.2766805,10.274953454732895,2.807690143585205,-2.432254859516378,0.39063802016237115,0.10133208813190035,0.013021564140189304,0.0,0.0,1500.0,0.0,0.0,1500.0
1769432520.3266501,10.274953454732895,2.807690143585205,-2.432254859516378,0.39063802016237115,0.10133208813190035,0.013021564140189304,0.0,0.0,1500.0,0.0,0.0,1500.0
1769432520.3766918,10.24845752120018,2.7737247943878174,-2.432126805129287,0.3926641732174206,0.0989512919933097,0.008584497832086077,0.0,0.0,1500.0,0.0,0.0,1500.0
1769432520.4266076,10.24845752120018,2.7737247943878174,-2.432126805129287,0.3926641732174206,0.0989512919933097,0.008584497832086077,0.0,0.0,1500.0,0.0,0.0,1500.0
1769432520.4766264,10.222059696912766,2.7411186695098877,-2.4090869818574254,0.39556948548254683,0.09689822461884717,0.01870536342131094,0.0,0.0,1500.0,0.0,0.0,1500.0
1769432520.5266483,10.222059696912766,2.7411186695098877,-2.4090869818574254,0.39556948548254683,0.09689822461884717,0.01870536342131094,0.0,0.0,1500.0,0.0,0.0,1500.0
1769432520.5765884,10.194864720106125,2.708352565765381,-2.3976288538706254,0.3990481657893562,0.09432620009784308,0.03558319172606089,0.0,0.0,1500.0,0.0,0.0,1500.0
1769432520.626717,10.194864720106125,2.708352565765381,-2.3976288538706254,0.3990481657893562,0.09432620009784308,0.03558319172606089,0.0,0.0,1500.0,0.0,0.0,1500.0
1769432520.6766958,10.169326364994049,2.6800150871276855,-2.350440464137338,0.40146469540570157,0.0900436593228272,0.08110403560099605,0.0,0.0,1500.0,0.0,0.0,1500.0
1769432520.7266526,10.169326364994049,2.6800150871276855,-2.350440464137338,0.40146469540570157,0.0900436593228272,0.08110403560099605,0.0,0.0,1500.0,0.0,0.0,1500.0
1769432520.7765763,10.145159751176834,2.6447081565856934,-2.3645287291668438,0.4034551161323217,0.08585011509170457,0.09680226213700188,0.0,0.0,1500.0,0.0,0.0,1500.0
1769432520.8266478,10.145159751176834,2.6447081565856934,-2.3645287291668438,0.4034551161323217,0.08585011509170457,0.09680226213700188,0.0,0.0,1500.0,0.0,0.0,1500.0
1769432520.8766525,10.118791781365871,2.6084585189819336,-2.369272281149948,0.4060544366453415,0.08228495259128685,0.0871291649392184,0.0,0.0,1500.0,0.0,0.0,1500.0
1769432520.9266574,10.118791781365871,2.6084585189819336,-2.369272281149948,0.4060544366453415,0.08228495259128685,0.0871291649392184,0.0,0.0,1600.0,0.0,0.0,1600.0
1769432520.9766357,10.092315822839737,2.576110363006592,-2.348060047056198,0.4086853415649585,0.07847256097202177,0.0851429281356506,0.0,0.0,1600.0,0.0,0.0,1600.0
1769432521.0266263,10.092315822839737,2.576110363006592,-2.348060047056198,0.4086853415649585,0.07847256097202177,0.0851429281356506,0.0,0.0,1600.0,0.0,0.0,1600.0
1769432521.0766869,10.067545130848885,2.5397017002105713,-2.3568314781237816,0.41150219479080624,0.0755118126782018,0.07235770457008799,0.0,0.0,1600.0,0.0,0.0,1600.0
1769432521.126639,10.067545130848885,2.5397017002105713,-2.3568314781237816,0.41150219479080624,0.0755118126782018,0.07235770457008799,0.0,0.0,1600.0,0.0,0.0,1600.0
1769432521.1766958,10.04435957968235,2.502375602722168,-2.366983818186051,0.41428172239308053,0.0743672612995953,0.04876558258226782,0.0,0.0,1600.0,0.0,0.0,1600.0
1769432521.2267337,10.04435957968235,2.502375602722168,-2.366983818186051,0.41428172239308053,0.0743672612995953,0.04876558258226782,0.0,0.0,1600.0,0.0,0.0,1600.0
1769432521.27667,10.01942953467369,2.4697864055633545,-2.3462735910094086,0.41621275116359235,0.07354549950433821,0.04500392860057976,0.0,0.0,1600.0,0.0,0.0,1600.0
1769432521.3267322,10.01942953467369,2.4697864055633545,-2.3462735910094086,0.41621275116359235,0.07354549950433821,0.04500392860057976,0.0,0.0,1600.0,0.0,0.0,1600.0
1769432521.3764973,9.992485906928778,2.431323289871216,-2.3536497098509157,0.41884384403367214,0.0732733707675667,0.038421593724492414,0.0,0.0,1600.0,0.0,0.0,1600.0
1769432521.4266648,9.992485906928778,2.431323289871216,-2.3536497098509157,0.41884384403367214,0.0732733707675667,0.038421593724492414,0.0,0.0,1700.0,0.0,0.0,1700.0
1769432521.476637,9.96644165739417,2.389143228530884,-2.3532336605591917,0.42323026958722715,0.07457277245326357,0.031289752250048375,0.0,0.0,1700.0,0.0,0.0,1700.0
1769432521.5266287,9.96644165739417,2.389143228530884,-2.3532336605591917,0.42323026958722715,0.07457277245326357,0.031289752250048375,0.0,0.0,1700.0,0.0,0.0,1700.0
1769432521.576556,9.934487365186214,2.348065137863159,-2.3440189732905004,0.4304034945437371,0.07584286905270993,0.031836782808124776,0.0,0.0,1700.0,0.0,0.0,1700.0
1769432521.6265454,9.934487365186214,2.348065137863159,-2.3440189732905004,0.4304034945437371,0.07584286905270993,0.031836782808124776,0.0,0.0,1700.0,0.0,0.0,1700.0
1769432521.6765716,9.899864301085472,2.310353994369507,-2.314908673906233,0.4398236432657205,0.07481200066728987,0.05436496653744082,0.0,0.0,1700.0,0.0,0.0,1700.0
1769432521.7266784,9.899864301085472,2.310353994369507,-2.314908673906233,0.4398236432657205,0.07481200066728987,0.05436496653744082,0.0,0.0,1700.0,0.0,0.0,1700.0
1769432521.776609,9.867285504937172,2.256978988647461,-2.3184977177585546,0.45356251700315936,0.07491021621512352,0.0655865264379282,0.0,0.0,1700.0,0.0,0.0,1700.0
1769432521.8267262,9.867285504937172,2.256978988647461,-2.3184977177585546,0.45356251700315936,0.07491021621512352,0.0655865264379282,0.0,0.0,1700.0,0.0,0.0,1700.0
1769432521.876714,9.832135111093521,2.203969955444336,-2.3222542670906283,0.47163286077695415,0.07649954919846873,0.06113921663644339,0.0,0.0,1700.0,0.0,0.0,1700.0
1769432521.92662,9.832135111093521,2.203969955444336,-2.3222542670906283,0.47163286077695415,0.07649954919846873,0.06113921663644339,0.0,0.0,1700.0,0.0,0.0,1700.0
1769432521.9766412,9.793008685112,2.1552608013153076,-2.311370266277535,0.49246302544693676,0.07735111824705876,0.05847469081458325,0.0,0.0,1700.0,0.0,0.0,1700.0
1769432522.0266593,9.793008685112,2.1552608013153076,-2.311370266277535,0.49246302544693676,0.07735111824705876,0.05847469081458325,0.0,0.0,1700.0,0.0,0.0,1700.0
1769432522.0766509,9.75796853005886,2.090664863586426,-2.3276313009492235,0.5168720611530147,0.08115420431770809,0.04005645285852067,0.0,0.0,1700.0,0.0,0.0,1700.0
1769432522.1268117,9.75796853005886,2.090664863586426,-2.3276313009492235,0.5168720611530147,0.08115420431770809,0.04005645285852067,0.0,0.0,1700.0,0.0,0.0,1700.0
1769432522.1766896,9.719500303268433,2.0313127040863037,-2.346833215585587,0.5431752420807627,0.08686574343730939,0.007465560883783258,0.0,0.0,1700.0,0.0,0.0,1700.0
1769432522.2267294,9.719500303268433,2.0313127040863037,-2.346833215585587,0.5431752420807627,0.08686574343730939,0.007465560883783258,0.0,0.0,1700.0,0.0,0.0,1700.0
1769432522.2765782,9.67964282631874,1.9729865789413452,-2.3305390997802733,0.5694838011132582,0.09301217725127195,-0.002494292834006191,0.0,0.0,1700.0,0.0,0.0,1700.0
1769432522.329322,9.67964282631874,1.9729865789413452,-2.3305390997802733,0.5694838011132582,0.09301217725127195,-0.002494292834006191,0.0,0.0,1700.0,0.0,0.0,1700.0
1769432522.3766809,9.63661316037178,1.9135541915893555,-2.3163666253082154,0.5951373581302325,0.0981098283813219,0.008682064016812058,0.0,0.0,1700.0,0.0,0.0,1700.0
1769432522.4266102,9.63661316037178,1.9135541915893555,-2.3163666253082154,0.5951373581302325,0.0981098283813219,0.008682064016812058,0.0,0.0,1700.0,0.0,0.0,1700.0
1769432522.4766917,9.594682693481445,1.8476786613464355,-2.3209293008247855,0.620462515051038,0.10319155992516021,0.01603195042951465,0.0,0.0,1700.0,0.0,0.0,1700.0
1769432522.5266867,9.594682693481445,1.8476786613464355,-2.3209293008247855,0.620462515051038,0.10319155992516021,0.01603195042951465,0.0,0.0,1700.0,0.0,0.0,1700.0
1769432522.5766,9.551741600036621,1.7833725214004517,-2.311571658818369,0.6447229405694903,0.10780736560147149,0.025368320977511682,0.0,0.0,1700.0,0.0,0.0,1700.0
1769432522.6267014,9.551741600036621,1.7833725214004517,-2.311571658818369,0.6447229405694903,0.10780736560147149,0.025368320977511682,0.0,0.0,1700.0,0.0,0.0,1700.0
1769432522.6767132,9.506317228078842,1.7230093479156494,-2.302144582630372,0.6667341636413856,0.1100952827113995,0.03659992953717017,0.0,0.0,1700.0,0.0,0.0,1700.0
1769432522.7267485,9.506317228078842,1.7230093479156494,-2.302144582630372,0.6667341636413856,0.1100952827113995,0.03659992953717017,0.0,0.0,1700.0,0.0,0.0,1700.0
1769432522.776743,9.465214550495148,1.6468569040298462,-2.3082304247793335,0.6885334639595531,0.11410223542829423,0.03585229384911034,0.0,0.0,1700.0,0.0,0.0,1700.0
1769432522.826739,9.465214550495148,1.6468569040298462,-2.3082304247793335,0.6885334639595531,0.11410223542829423,0.03585229384911034,0.0,0.0,1700.0,0.0,0.0,1700.0
1769432522.876669,9.420269131660461,1.5817168951034546,-2.286804516193062,0.7086287906494556,0.11746868860463647,0.0464549114261055,0.0,0.0,1700.0,0.0,0.0,1700.0
1769432522.9267192,9.420269131660461,1.5817168951034546,-2.286804516193062,0.7086287906494556,0.11746868860463647,0.0464549114261055,0.0,0.0,1700.0,0.0,0.0,1700.0
1769432522.9766457,9.375936448574066,1.5124155282974243,-2.276744789497721,0.7270212434139979,0.12003379064331143,0.05955804876304831,0.0,0.0,1700.0,0.0,0.0,1700.0
1769432523.0265503,9.375936448574066,1.5124155282974243,-2.276744789497721,0.7270212434139979,0.12003379064331143,0.05955804876304831,0.0,0.0,1700.0,0.0,0.0,1700.0
1769432523.0766072,9.33152586221695,1.441886067390442,-2.2654435978818364,0.7438475672462961,0.12176881567931618,0.07186337736677303,0.0,0.0,1700.0,0.0,0.0,1700.0
1769432523.1267207,9.33152586221695,1.441886067390442,-2.2654435978818364,0.7438475672462961,0.12176881567931618,0.07186337736677303,0.0,0.0,1700.0,0.0,0.0,1700.0
1769432523.176729,9.288757860660553,1.3676090240478516,-2.2664664028796633,0.7595233135616438,0.12377067096747875,0.07226856686948611,0.0,0.0,1700.0,0.0,0.0,1700.0
1769432523.226692,9.288757860660553,1.3676090240478516,-2.2664664028796633,0.7595233135616438,0.12377067096747875,0.07226856686948611,0.0,0.0,1700.0,0.0,0.0,1700.0
1769432523.2766743,9.24465823173523,1.2947405576705933,-2.2650248423390114,0.7739460549514261,0.12562356953791406,0.06503264945249755,0.0,0.0,1700.0,0.0,0.0,1700.0
1769432523.3266847,9.24465823173523,1.2947405576705933,-2.2650248423390114,0.7739460549514261,0.12562356953791406,0.06503264945249755,0.0,0.0,1700.0,0.0,0.0,1700.0
1769432523.3766544,9.201601922512054,1.2190930843353271,-2.260500654305538,0.787374632944098,0.12787310036603527,0.05747032844749508,0.0,0.0,1700.0,0.0,0.0,1700.0
1769432523.426649,9.201601922512054,1.2190930843353271,-2.260500654305538,0.787374632944098,0.12787310036603527,0.05747032844749508,0.0,0.0,1700.0,0.0,0.0,1700.0
1769432523.4766426,9.159806728363037,1.144242286682129,-2.25788717636113,0.7992349994636845,0.13063223724987402,0.0505911015978711,0.0,0.0,1700.0,0.0,0.0,1700.0
1769432523.5267677,9.159806728363037,1.144242286682129,-2.25788717636113,0.7992349994636845,0.13063223724987402,0.0505911015978711,0.0,0.0,1700.0,0.0,0.0,1700.0
1769432523.576595,9.116181492805481,1.072526454925537,-2.241180362006624,0.8089412585452987,0.1324491062220697,0.055957793858003826,0.0,0.0,1700.0,0.0,0.0,1700.0
1769432523.6266565,9.116181492805481,1.072526454925537,-2.241180362006624,0.8089412585452987,0.1324491062220697,0.055957793858003826,0.0,0.0,1700.0,0.0,0.0,1700.0
1769432523.676639,9.07409942150116,0.9948917031288147,-2.2513704658458558,0.8175412120926788,0.1344044493491143,0.04968072481958438,0.0,0.0,1700.0,0.0,0.0,1700.0
1769432523.7266595,9.07409942150116,0.9948917031288147,-2.2513704658458558,0.8175412120926788,0.1344044493491143,0.04968072481958438,0.0,0.0,1700.0,0.0,0.0,1700.0
1769432523.7766337,9.032176554203033,0.9199652075767517,-2.2446434031790563,0.8247391097355861,0.13624814176392938,0.04459617425215194,0.0,0.0,1700.0,0.0,0.0,1700.0
1769432523.8266876,9.032176554203033,0.9199652075767517,-2.2446434031790563,0.8247391097355861,0.13624814176392938,0.04459617425215194,0.0,0.0,1700.0,0.0,0.0,1700.0
1769432523.876643,8.989518761634827,0.8441889882087708,-2.2355803487617973,0.8308762764455021,0.13769701255006114,0.04558977520410082,0.0,0.0,1700.0,0.0,0.0,1700.0
1769432523.9266787,8.989518761634827,0.8441889882087708,-2.2355803487617973,0.8308762764455021,0.13769701255006114,0.04558977520410082,0.0,0.0,1700.0,0.0,0.0,1700.0
1769432523.9766304,8.947723150253296,0.7678776979446411,-2.236809241137762,0.8360910891185082,0.1388979103645273,0.043116472257068966,0.0,0.0,1700.0,0.0,0.0,1700.0
1769432524.026674,8.947723150253296,0.7678776979446411,-2.236809241137762,0.8360910891185082,0.1388979103645273,0.043116472257068966,0.0,0.0,1700.0,0.0,0.0,1700.0
1769432524.076644,8.907209992408752,0.6903747320175171,-2.2283573200549465,0.8405525212879159,0.14035872851302492,0.04409398260175447,0.0,0.0,1700.0,0.0,0.0,1700.0
1769432524.1265924,8.907209992408752,0.6903747320175171,-2.2283573200549465,0.8405525212879159,0.14035872851302492,0.04409398260175447,0.0,0.0,1700.0,0.0,0.0,1700.0
1769432524.1766837,8.866929292678833,0.6136602163314819,-2.2176176164123365,0.8441458935928879,0.14188202210328638,0.050464212029172346,0.0,0.0,1700.0,0.0,0.0,1700.0
1769432524.226669,8.866929292678833,0.6136602163314819,-2.2176176164123365,0.8441458935928879,0.14188202210328638,0.050464212029172346,0.0,0.0,1700.0,0.0,0.0,1700.0
1769432524.2766333,8.825738072395325,0.5347487330436707,-2.2150146370011257,0.8476791809899368,0.14336596252261813,0.05352416746548401,0.0,0.0,1700.0,0.0,0.0,1700.0
1769432524.3265855,8.825738072395325,0.5347487330436707,-2.2150146370011257,0.8476791809899368,0.14336596252261813,0.05352416746548401,0.0,0.0,1700.0,0.0,0.0,1700.0
1769432524.3767097,8.785784363746643,0.4580061435699463,-2.207232921578433,0.850615865713947,0.14441964257517537,0.05636410072100905,0.0,0.0,1700.0,0.0,0.0,1700.0
1769432524.4267597,8.785784363746643,0.4580061435699463,-2.207232921578433,0.850615865713947,0.14441964257517537,0.05636410072100905,0.0,0.0,1700.0,0.0,0.0,1700.0
1769432524.4767513,8.745060682296753,0.37938785552978516,-2.200355954815734,0.853397601863063,0.14492656028945938,0.058903163662745714,0.0,0.0,1700.0,0.0,0.0,1700.0
1769432524.5267117,8.745060682296753,0.37938785552978516,-2.200355954815734,0.853397601863063,0.14492656028945938,0.058903163662745714,0.0,0.0,1700.0,0.0,0.0,1700.0
1769432524.5766115,8.706684589385986,0.3007885217666626,-2.1957925614843226,0.8557476540887938,0.1453660778244804,0.05924126984418446,0.0,0.0,1700.0,0.0,0.0,1700.0
1769432524.626756,8.706684589385986,0.3007885217666626,-2.1957925614843226,0.8557476540887938,0.1453660778244804,0.05924126984418446,0.0,0.0,1700.0,0.0,0.0,1700.0
1769432524.6767063,8.666797161102295,0.2225983589887619,-2.187307202037673,0.8578090118729047,0.14529083470641357,0.060901819364619,0.0,0.0,1700.0,0.0,0.0,1700.0
1769432524.726704,8.666797161102295,0.2225983589887619,-2.187307202037673,0.8578090118729047,0.14529083470641357,0.060901819364619,0.0,0.0,1700.0,0.0,0.0,1700.0
1769432524.7766993,8.629987955093384,0.14325901865959167,-2.1871498809626897,0.859320856508265,0.14550555248753727,0.05752279552215722,0.0,0.0,1700.0,0.0,0.0,1700.0
1769432524.8267214,8.629987955093384,0.14325901865959167,-2.1871498809626897,0.859320856508265,0.14550555248753727,0.05752279552215722,0.0,0.0,1700.0,0.0,0.0,1700.0
1769432524.8766875,8.589613437652588,0.06478789448738098,-2.1813626474083456,0.8607631558325142,0.14507553344261673,0.05437968806234601,0.0,0.0,1700.0,0.0,0.0,1700.0
1769432524.926659,8.589613437652588,0.06478789448738098,-2.1813626474083456,0.8607631558325142,0.14507553344261673,0.05437968806234601,0.0,0.0,1700.0,0.0,0.0,1700.0
1769432524.976627,8.554167747497559,-0.015042265877127647,-2.1905411715467067,0.8617242270976984,0.14531113179209404,0.0411953810069491,0.0,0.0,1700.0,0.0,0.0,1700.0
1769432525.0266645,8.554167747497559,-0.015042265877127647,-2.1905411715467067,0.8617242270976984,0.14531113179209404,0.0411953810069491,0.0,0.0,1700.0,0.0,0.0,1700.0
1769432525.0766027,8.515586018562317,-0.09483618289232254,-2.1838830597028434,0.8626759523666206,0.14576275190881277,0.03315708134759942,0.0,0.0,1700.0,0.0,0.0,1700.0
1769432525.1266751,8.515586018562317,-0.09483618289232254,-2.1838830597028434,0.8626759523666206,0.14576275190881277,0.03315708134759942,0.0,0.0,1700.0,0.0,0.0,1700.0
1769432525.1765687,8.47926640510559,-0.1737859547138214,-2.1873252752143753,0.8631466446612025,0.1466207343611732,0.02453405688336891,0.0,0.0,1700.0,0.0,0.0,1700.0
1769432525.226643,8.47926640510559,-0.1737859547138214,-2.1873252752143753,0.8631466446612025,0.1466207343611732,0.02453405688336891,0.0,0.0,1700.0,0.0,0.0,1700.0
1769432525.2766325,8.441941738128662,-0.2532498240470886,-2.189618102834984,0.8633490422260262,0.1477287706609014,0.01573707093990309,0.0,0.0,1700.0,0.0,0.0,1700.0
1769432525.326638,8.441941738128662,-0.2532498240470886,-2.189618102834984,0.8633490422260262,0.1477287706609014,0.01573707093990309,0.0,0.0,1700.0,0.0,0.0,1700.0
1769432525.3766015,8.405478358268738,-0.33335405588150024,-2.1858159894523905,0.8634276632654508,0.14927141835881688,0.012407642497095802,0.0,0.0,1700.0,0.0,0.0,1700.0
1769432525.426642,8.405478358268738,-0.33335405588150024,-2.1858159894523905,0.8634276632654508,0.14927141835881688,0.012407642497095802,0.0,0.0,1700.0,0.0,0.0,1700.0
1769432525.476602,8.367740750312805,-0.41343429684638977,-2.1856150069892775,0.8637130345166208,0.15082845525726646,0.011035489972393835,0.0,0.0,1700.0,0.0,0.0,1700.0
1769432525.5267656,8.367740750312805,-0.41343429684638977,-2.1856150069892775,0.8637130345166208,0.15082845525726646,0.011035489972393835,-1000.0,-0.05235987755982988,1700.0,0.0,-1000.0,1700.0
1769432525.576677,8.330338835716248,-0.4942353367805481,-2.1814055563864025,0.8644123359308603,0.15233886291411247,0.013166362749533549,-1000.0,-0.05235987755982988,1700.0,0.0,-1000.0,1700.0
1769432525.6266255,8.330338835716248,-0.4942353367805481,-2.1814055563864025,0.8644123359308603,0.15233886291411247,0.013166362749533549,-2000.0,-0.10471975511965977,1700.0,0.0,-2000.0,1700.0
1769432525.6765673,8.293774843215942,-0.5753170251846313,-2.17807084561286,0.8654172952182232,0.15392577555981485,0.01683041957342098,-3000.0,-0.15707963267948963,1700.0,0.0,-3000.0,1700.0
1769432525.7266467,8.293774843215942,-0.5753170251846313,-2.17807084561286,0.8654172952182232,0.15392577555981485,0.01683041957342098,-3000.0,-0.15707963267948963,1700.0,0.0,-3000.0,1700.0
1769432525.7767496,8.256219506263733,-0.6560267210006714,-2.1664018900421804,0.8667247549121754,0.15507168495521537,0.027126675615287428,-4000.0,-0.20943951023931953,1700.0,0.0,-4000.0,1700.0
1769432525.8267124,8.256219506263733,-0.6560267210006714,-2.1664018900421804,0.8667247549121754,0.15507168495521537,0.027126675615287428,-5000.0,-0.2617993877991494,1700.0,0.0,-5000.0,1700.0
1769432525.8767152,8.221611976623535,-0.7362931370735168,-2.1605297723996384,0.8675684567087355,0.15610836317160978,0.03713196902701414,-5000.0,-0.2617993877991494,1700.0,0.0,-5000.0,1700.0
1769432525.9266794,8.221611976623535,-0.7362931370735168,-2.1605297723996384,0.8675684567087355,0.15610836317160978,0.03713196902701414,-6000.0,-0.31415926535897926,1700.0,0.0,-6000.0,1700.0
1769432525.9765992,8.182316660881042,-0.8168774843215942,-2.1488152318630696,0.8687228437699223,0.15574726882536108,0.04904749884303064,-6000.0,-0.31415926535897926,1700.0,0.0,-6000.0,1700.0
1769432526.0266647,8.182316660881042,-0.8168774843215942,-2.1488152318630696,0.8687228437699223,0.15574726882536108,0.04904749884303064,-7000.0,-0.36651914291880916,1700.0,0.0,-7000.0,1700.0
1769432526.076566,8.147978901863098,-0.8983010053634644,-2.1496435149285733,0.8697383551283985,0.15505817624699642,0.05184119551801839,-8000.0,-0.41887902047863906,1700.0,0.0,-8000.0,1700.0
1769432526.1266775,8.147978901863098,-0.8983010053634644,-2.1496435149285733,0.8697383551283985,0.15505817624699642,0.05184119551801839,-8000.0,-0.41887902047863906,1700.0,0.0,-8000.0,1700.0
1769432526.176563,8.113459467887878,-0.979751467704773,-2.158049196496771,0.8704837740628321,0.15453545438402397,0.04054622169806308,-9000.0,-0.47123889803846897,1700.0,0.0,-9000.0,1700.0
1769432526.226632,8.113459467887878,-0.979751467704773,-2.158049196496771,0.8704837740628321,0.15453545438402397,0.04054622169806308,-9000.0,-0.47123889803846897,1700.0,0.0,-9000.0,1700.0
1769432526.2765417,8.076642751693726,-1.060645580291748,-2.166726242471867,0.8711746715530327,0.1537835450635339,0.020630899030072432,-9000.0,-0.47123889803846897,1700.0,0.0,-9000.0,1700.0
1769432526.326633,8.076642751693726,-1.060645580291748,-2.166726242471867,0.8711746715530327,0.1537835450635339,0.020630899030072432,-9000.0,-0.47123889803846897,1700.0,0.0,-9000.0,1700.0
1769432526.376671,8.0428067445755,-1.14128839969635,-2.2040924241070274,0.8712117321780988,0.15395614570662763,-0.02377105071076583,-9000.0,-0.47123889803846897,1700.0,0.0,-9000.0,1700.0
1769432526.42663,8.0428067445755,-1.14128839969635,-2.2040924241070274,0.8712117321780988,0.15395614570662763,-0.02377105071076583,-9000.0,-0.47123889803846897,1700.0,0.0,-9000.0,1700.0
1769432526.4766402,8.008158206939697,-1.2215598821640015,-2.237607780711216,0.8704213149628638,0.15579762987932444,-0.07959453297712367,-9000.0,-0.47123889803846897,1700.0,0.0,-9000.0,1700.0
1769432526.5267093,8.008158206939697,-1.2215598821640015,-2.237607780711216,0.8704213149628638,0.15579762987932444,-0.07959453297712367,-9000.0,-0.47123889803846897,1700.0,0.0,-9000.0,1700.0
1769432526.5765738,7.9727606773376465,-1.2997851371765137,-2.2771778778464626,0.8683087170095516,0.15955930445562508,-0.1391637831450206,-9000.0,-0.47123889803846897,1700.0,0.0,-9000.0,1700.0
1769432526.6266897,7.9727606773376465,-1.2997851371765137,-2.2771778778464626,0.8683087170095516,0.15955930445562508,-0.1391637831450206,-9000.0,-0.47123889803846897,1700.0,0.0,-9000.0,1700.0
1769432526.67663,7.934431314468384,-1.3769389390945435,-2.3265427292066327,0.8650886093878788,0.16496999248581845,-0.20189558172475358,-9000.0,-0.47123889803846897,1700.0,0.0,-9000.0,1700.0
1769432526.7267041,7.934431314468384,-1.3769389390945435,-2.3265427292066327,0.8650886093878788,0.16496999248581845,-0.20189558172475358,-9000.0,-0.47123889803846897,1700.0,0.0,-9000.0,1700.0
1769432526.7766807,7.893009901046753,-1.4516710042953491,-2.371756756202937,0.8608577081581978,0.17134019510668616,-0.2582127772925281,-9000.0,-0.47123889803846897,1700.0,0.0,-9000.0,1700.0
1769432526.8266068,7.893009901046753,-1.4516710042953491,-2.371756756202937,0.8608577081581978,0.17134019510668616,-0.2582127772925281,-9000.0,-0.47123889803846897,1700.0,0.0,-9000.0,1700.0
1769432526.8766642,7.848393201828003,-1.5239919424057007,-2.4262906118750296,0.8558396528100883,0.17800632794029173,-0.3113086745979462,-9000.0,-0.47123889803846897,1700.0,0.0,-9000.0,1700.0
1769432526.9267337,7.848393201828003,-1.5239919424057007,-2.4262906118750296,0.8558396528100883,0.17800632794029173,-0.3113086745979462,-9000.0,-0.47123889803846897,1700.0,0.0,-9000.0,1700.0
1769432526.9765227,7.802143812179565,-1.5945571660995483,-2.4688106493048765,0.8500767109765925,0.18492698946752345,-0.34987031568791715,-9000.0,-0.47123889803846897,1700.0,0.0,-9000.0,1700.0
1769432527.0267045,7.802143812179565,-1.5945571660995483,-2.4688106493048765,0.8500767109765925,0.18492698946752345,-0.34987031568791715,-9000.0,-0.47123889803846897,1700.0,0.0,-9000.0,1700.0
1769432527.0765965,7.7529542446136475,-1.6602712869644165,-2.506620799969107,0.8431507048217146,0.1912073492892679,-0.3705184634888302,-9000.0,-0.47123889803846897,1700.0,0.0,-9000.0,1700.0
1769432527.126556,7.7529542446136475,-1.6602712869644165,-2.506620799969107,0.8431507048217146,0.1912073492892679,-0.3705184634888302,-9000.0,-0.47123889803846897,1700.0,0.0,-9000.0,1700.0
1769432527.1766672,7.706636667251587,-1.7214304208755493,-2.539968932983917,0.8336168868876068,0.19703631227482174,-0.3750127862856346,-9000.0,-0.47123889803846897,1700.0,0.0,-9000.0,1700.0
1769432527.2266226,7.706636667251587,-1.7214304208755493,-2.539968932983917,0.8336168868876068,0.19703631227482174,-0.3750127862856346,-9000.0,-0.47123889803846897,1700.0,0.0,-9000.0,1700.0
1769432527.276737,7.6643171310424805,-1.7780851125717163,-2.5689117295864174,0.8196834082554033,0.20294586603944872,-0.3669096644468606,-9000.0,-0.47123889803846897,1700.0,0.0,-9000.0,1700.0
1769432527.326693,7.6643171310424805,-1.7780851125717163,-2.5689117295864174,0.8196834082554033,0.20294586603944872,-0.3669096644468606,-9000.0,-0.47123889803846897,1700.0,0.0,-9000.0,1700.0
1769432527.3765843,7.624139785766602,-1.8295459747314453,-2.575209247059101,0.8002616344978061,0.20842253272522912,-0.3353513639428196,-9000.0,-0.47123889803846897,1700.0,0.0,-9000.0,1700.0
1769432527.4266803,7.624139785766602,-1.8295459747314453,-2.575209247059101,0.8002616344978061,0.20842253272522912,-0.3353513639428196,-9000.0,-0.47123889803846897,1700.0,0.0,-9000.0,1700.0
1769432527.476565,7.577416896820068,-1.8759030103683472,-2.5912016233740114,0.7772496785434234,0.21065657009583227,-0.2977904636222238,-9000.0,-0.47123889803846897,1700.0,0.0,-9000.0,1700.0
1769432527.5266705,7.577416896820068,-1.8759030103683472,-2.5912016233740114,0.7772496785434234,0.21065657009583227,-0.2977904636222238,-9000.0,-0.47123889803846897,1700.0,0.0,-9000.0,1700.0
1769432527.5764675,7.528907775878906,-1.9192707538604736,-2.61750756170062,0.7528713469241397,0.20830837084587675,-0.27206562146319657,-9000.0,-0.47123889803846897,1700.0,0.0,-9000.0,1700.0
1769432527.626646,7.528907775878906,-1.9192707538604736,-2.61750756170062,0.7528713469241397,0.20830837084587675,-0.27206562146319657,-9000.0,-0.47123889803846897,1700.0,0.0,-9000.0,1700.0
1769432527.676577,7.488083362579346,-1.9632935523986816,-2.629364383879025,0.7274523932458654,0.20383241265675758,-0.2482572481876133,-9000.0,-0.47123889803846897,1700.0,0.0,-9000.0,1700.0
1769432527.7265713,7.488083362579346,-1.9632935523986816,-2.629364383879025,0.7274523932458654,0.20383241265675758,-0.2482572481876133,-9000.0,-0.47123889803846897,1700.0,0.0,-9000.0,1700.0
1769432527.776639,7.44927978515625,-2.0056118965148926,-2.6347487384312434,0.701252411797083,0.19885884293019107,-0.21986373475921756,-9000.0,-0.47123889803846897,1700.0,0.0,-9000.0,1700.0
1769432527.8266563,7.44927978515625,-2.0056118965148926,-2.6347487384312434,0.701252411797083,0.19885884293019107,-0.21986373475921756,-9000.0,-0.47123889803846897,1700.0,0.0,-9000.0,1700.0
1769432527.8765612,7.407029867172241,-2.0448029041290283,-2.6384590839324704,0.6757316497545498,0.19290395781626252,-0.18818274694888168,-9000.0,-0.47123889803846897,1700.0,0.0,-9000.0,1700.0
1769432527.926661,7.407029867172241,-2.0448029041290283,-2.6384590839324704,0.6757316497545498,0.19290395781626252,-0.18818274694888168,-9000.0,-0.47123889803846897,1700.0,0.0,-9000.0,1700.0
1769432527.9765732,7.366007089614868,-2.0818965435028076,-2.65300693697743,0.6514765343436322,0.1859494023091039,-0.1658967768738502,-9000.0,-0.47123889803846897,1700.0,0.0,-9000.0,1700.0
1769432528.0266912,7.366007089614868,-2.0818965435028076,-2.65300693697743,0.6514765343436322,0.1859494023091039,-0.1658967768738502,-9000.0,-0.47123889803846897,1700.0,0.0,-9000.0,1700.0
1769432528.0766919,7.325668573379517,-2.116809606552124,-2.6616164757047307,0.6286696265960151,0.17805912559234266,-0.14919768603035072,-9000.0,-0.47123889803846897,1700.0,0.0,-9000.0,1700.0
1769432528.126687,7.325668573379517,-2.116809606552124,-2.6616164757047307,0.6286696265960151,0.17805912559234266,-0.14919768603035072,-9000.0,-0.47123889803846897,1700.0,0.0,-9000.0,1700.0
1769432528.1767366,7.2874791622161865,-2.150048017501831,-2.6759276392906037,0.606975288602392,0.1697709660273169,-0.1405557942486167,-9000.0,-0.47123889803846897,1700.0,0.0,-9000.0,1700.0
1769432528.2266529,7.2874791622161865,-2.150048017501831,-2.6759276392906037,0.606975288602392,0.1697709660273169,-0.1405557942486167,-9000.0,-0.47123889803846897,1700.0,0.0,-9000.0,1700.0
1769432528.2765958,7.250964641571045,-2.1820802688598633,-2.6883623285793488,0.586023246222201,0.16173676968207817,-0.1363319150973582,-9000.0,-0.47123889803846897,1700.0,0.0,-9000.0,1700.0
1769432528.326643,7.250964641571045,-2.1820802688598633,-2.6883623285793488,0.586023246222201,0.16173676968207817,-0.1363319150973582,-9000.0,-0.47123889803846897,1700.0,0.0,-9000.0,1700.0
1769432528.3765955,7.215154647827148,-2.2125864028930664,-2.6983516838211417,0.5656573689770957,0.1542253170583436,-0.13213637406466858,-9000.0,-0.47123889803846897,1700.0,0.0,-9000.0,1700.0
1769432528.4266431,7.215154647827148,-2.2125864028930664,-2.6983516838211417,0.5656573689770957,0.1542253170583436,-0.13213637406466858,-9000.0,-0.47123889803846897,1700.0,0.0,-9000.0,1700.0
1769432528.4765396,7.180901527404785,-2.241704225540161,-2.7077692135892577,0.54571843022574,0.1474593453228031,-0.12677225475264978,-9000.0,-0.47123889803846897,1700.0,0.0,-9000.0,1700.0
1769432528.526614,7.180901527404785,-2.241704225540161,-2.7077692135892577,0.54571843022574,0.1474593453228031,-0.12677225475264978,-9000.0,-0.47123889803846897,1700.0,0.0,-9000.0,1700.0
1769432528.5765455,7.148054838180542,-2.270535469055176,-2.7277907946663187,0.526189071672949,0.14187473988939017,-0.12916992924995835,-9000.0,-0.47123889803846897,1700.0,0.0,-9000.0,1700.0
1769432528.6266496,7.148054838180542,-2.270535469055176,-2.7277907946663187,0.526189071672949,0.14187473988939017,-0.12916992924995835,-9000.0,-0.47123889803846897,1700.0,0.0,-9000.0,1700.0
1769432528.6766117,7.113511800765991,-2.297081470489502,-2.7347651693860966,0.5077089972224776,0.13679940864254053,-0.12779650090325181,-9000.0,-0.47123889803846897,1700.0,0.0,-9000.0,1700.0
1769432528.7267313,7.113511800765991,-2.297081470489502,-2.7347651693860966,0.5077089972224776,0.13679940864254053,-0.12779650090325181,-9000.0,-0.47123889803846897,1700.0,0.0,-9000.0,1700.0
1769432528.7766206,7.078927040100098,-2.32175350189209,-2.740993422818191,0.49063267901716767,0.13156579146889597,-0.1209425146185609,-9000.0,-0.47123889803846897,1700.0,0.0,-9000.0,1700.0
1769432528.8266954,7.078927040100098,-2.32175350189209,-2.740993422818191,0.49063267901716767,0.13156579146889597,-0.1209425146185609,-9000.0,-0.47123889803846897,1700.0,0.0,-9000.0,1700.0
1769432528.8766267,7.044806718826294,-2.3461310863494873,-2.7584163938185307,0.4751785416396214,0.12623095549716423,-0.11984993125463272,-9000.0,-0.47123889803846897,1700.0,0.0,-9000.0,1700.0
1769432528.9266708,7.044806718826294,-2.3461310863494873,-2.7584163938185307,0.4751785416396214,0.12623095549716423,-0.11984993125463272,-9000.0,-0.47123889803846897,1700.0,0.0,-9000.0,1700.0
1769432528.9767127,7.01525092124939,-2.3715975284576416,-2.7720921198177613,0.46037628305023776,0.12210628417558991,-0.1219687731502336,-9000.0,-0.47123889803846897,1700.0,0.0,-9000.0,1700.0
1769432529.0267622,7.01525092124939,-2.3715975284576416,-2.7720921198177613,0.46037628305023776,0.12210628417558991,-0.1219687731502336,-9000.0,-0.47123889803846897,1700.0,0.0,-9000.0,1700.0
1769432529.0766294,6.982989311218262,-2.3940653800964355,-2.7735190383902304,0.44648533212731045,0.11842830095049688,-0.115517846915943,-9000.0,-0.47123889803846897,1700.0,0.0,-9000.0,1700.0
1769432529.1266687,6.982989311218262,-2.3940653800964355,-2.7735190383902304,0.44648533212731045,0.11842830095049688,-0.115517846915943,-9000.0,-0.47123889803846897,1700.0,0.0,-9000.0,1700.0
1769432529.1766367,6.949793815612793,-2.4148168563842773,-2.77821212488715,0.4339632885310148,0.11435452665217768,-0.10436397985004785,-9000.0,-0.47123889803846897,1700.0,0.0,-9000.0,1700.0
1769432529.226719,6.949793815612793,-2.4148168563842773,-2.77821212488715,0.4339632885310148,0.11435452665217768,-0.10436397985004785,-9000.0,-0.47123889803846897,1700.0,0.0,-9000.0,1700.0
1769432529.276617,6.919839143753052,-2.43680477142334,-2.7828874937612103,0.4222789268906822,0.11057295153182777,-0.09230021978498913,-9000.0,-0.47123889803846897,1700.0,0.0,-9000.0,1700.0
1769432529.3267894,6.919839143753052,-2.43680477142334,-2.7828874937612103,0.4222789268906822,0.11057295153182777,-0.09230021978498913,-9000.0,-0.47123889803846897,1700.0,0.0,-9000.0,1700.0
1769432529.3766804,6.891394138336182,-2.457547664642334,-2.7886103927151895,0.4108002265790828,0.1072854138613914,-0.08242823707297796,-8000.0,-0.41887902047863906,1700.0,0.0,-8000.0,1700.0
1769432529.4266875,6.891394138336182,-2.457547664642334,-2.7886103927151895,0.4108002265790828,0.1072854138613914,-0.08242823707297796,-7000.0,-0.36651914291880916,1700.0,0.0,-7000.0,1700.0
1769432529.4766529,6.861833810806274,-2.4766361713409424,-2.7934329119567933,0.39970912841997097,0.10397773275220504,-0.07464060614159039,-6000.0,-0.31415926535897926,1700.0,0.0,-6000.0,1700.0
1769432529.5265942,6.861833810806274,-2.4766361713409424,-2.7934329119567933,0.39970912841997097,0.10397773275220504,-0.07464060614159039,-6000.0,-0.31415926535897926,1700.0,0.0,-6000.0,1700.0
1769432529.5765128,6.834424018859863,-2.496063470840454,-2.800145671845716,0.3887478758007865,0.10095431928152004,-0.07010962101358892,-5000.0,-0.2617993877991494,1700.0,0.0,-5000.0,1700.0
1769432529.6266704,6.834424018859863,-2.496063470840454,-2.800145671845716,0.3887478758007865,0.10095431928152004,-0.07010962101358892,-4000.0,-0.20943951023931953,1700.0,0.0,-4000.0,1700.0
1769432529.6766007,6.806196212768555,-2.5135765075683594,-2.8036116531804267,0.378148287483612,0.09774624989182853,-0.06554397840055096,-3000.0,-0.15707963267948963,1700.0,0.0,-3000.0,1700.0
1769432529.7266397,6.806196212768555,-2.5135765075683594,-2.8036116531804267,0.378148287483612,0.09774624989182853,-0.06554397840055096,-2000.0,-0.10471975511965977,1700.0,0.0,-2000.0,1700.0
1769432529.7765753,6.77899169921875,-2.531890392303467,-2.819468591473244,0.36801538002796486,0.0947410129147989,-0.07021208679646054,-1000.0,-0.05235987755982988,1700.0,0.0,-1000.0,1700.0
1769432529.8266668,6.77899169921875,-2.531890392303467,-2.819468591473244,0.36801538002796486,0.0947410129147989,-0.07021208679646054,0.0,0.0,1700.0,0.0,0.0,1700.0
1769432529.8765917,6.751782417297363,-2.550535202026367,-2.827053635222224,0.35865469619815354,0.09234342275122716,-0.07559289406189862,0.0,0.0,1700.0,0.0,0.0,1700.0
1769432529.9268384,6.751782417297363,-2.550535202026367,-2.827053635222224,0.35865469619815354,0.09234342275122716,-0.07559289406189862,0.0,0.0,1700.0,0.0,0.0,1700.0
1769432529.9766228,6.7239930629730225,-2.5665230751037598,-2.830104644623832,0.3501864446757459,0.08986624747361147,-0.0753148618447767,0.0,0.0,1700.0,0.0,0.0,1700.0
1769432530.0266826,6.7239930629730225,-2.5665230751037598,-2.830104644623832,0.3501864446757459,0.08986624747361147,-0.0753148618447767,-1000.0,-0.05235987755982988,1700.0,0.0,-1000.0,1700.0
1769432530.0766346,6.697288274765015,-2.583317518234253,-2.827620159914267,0.34249178464866187,0.08750538915859951,-0.06590800329887507,-1000.0,-0.05235987755982988,1700.0,0.0,-1000.0,1700.0
1769432530.1267538,6.697288274765015,-2.583317518234253,-2.827620159914267,0.34249178464866187,0.08750538915859951,-0.06590800329887507,-2000.0,-0.10471975511965977,1700.0,0.0,-2000.0,1700.0
1769432530.1767502,6.6721251010894775,-2.5996077060699463,-2.827057566167006,0.3351081082279051,0.08541137728015635,-0.05269110918561491,-3000.0,-0.15707963267948963,1700.0,0.0,-3000.0,1700.0
1769432530.2268126,6.6721251010894775,-2.5996077060699463,-2.827057566167006,0.3351081082279051,0.08541137728015635,-0.05269110918561491,-3000.0,-0.15707963267948963,1700.0,0.0,-3000.0,1700.0
1769432530.2766485,6.646930694580078,-2.6148908138275146,-2.8262524254484815,0.32787787084259473,0.08332082383109782,-0.0394065468852013,-4000.0,-0.20943951023931953,1700.0,0.0,-4000.0,1700.0
1769432530.3266506,6.646930694580078,-2.6148908138275146,-2.8262524254484815,0.32787787084259473,0.08332082383109782,-0.0394065468852013,-5000.0,-0.2617993877991494,1700.0,0.0,-5000.0,1700.0
1769432530.376618,6.62159538269043,-2.62912917137146,-2.8293795436518505,0.3209145152153326,0.080870309199808,-0.031171233500263934,-5000.0,-0.2617993877991494,1700.0,0.0,-5000.0,1700.0
1769432530.426666,6.62159538269043,-2.62912917137146,-2.8293795436518505,0.3209145152153326,0.080870309199808,-0.031171233500263934,-6000.0,-0.31415926535897926,1700.0,0.0,-6000.0,1700.0
1769432530.476601,6.597679376602173,-2.643934726715088,-2.8209623893144555,0.31403031531485515,0.07834290537437051,-0.01864934255870565,-7000.0,-0.36651914291880916,1700.0,0.0,-7000.0,1700.0
1769432530.5265875,6.597679376602173,-2.643934726715088,-2.8209623893144555,0.31403031531485515,0.07834290537437051,-0.01864934255870565,-7000.0,-0.36651914291880916,1700.0,0.0,-7000.0,1700.0
1769432530.576589,6.572051525115967,-2.658170461654663,-2.8206077833934313,0.3078455323512428,0.0755867445497995,-0.008702493023211768,-8000.0,-0.41887902047863906,1700.0,0.0,-8000.0,1700.0
1769432530.62666,6.572051525115967,-2.658170461654663,-2.8206077833934313,0.3078455323512428,0.0755867445497995,-0.008702493023211768,-9000.0,-0.47123889803846897,1700.0,0.0,-9000.0,1700.0
1769432530.6766038,6.547761678695679,-2.6722025871276855,-2.8200817518568564,0.3022291445254352,0.07273238657264952,-0.0025488216507713376,-9000.0,-0.47123889803846897,1700.0,0.0,-9000.0,1700.0
1769432530.7266247,6.547761678695679,-2.6722025871276855,-2.8200817518568564,0.3022291445254352,0.07273238657264952,-0.0025488216507713376,-9000.0,-0.47123889803846897,1700.0,0.0,-9000.0,1700.0
1769432530.7764914,6.527363300323486,-2.686856746673584,-2.824134790262979,0.2960638417492995,0.0705342936997741,-0.0029396565239436104,-9000.0,-0.47123889803846897,1700.0,0.0,-9000.0,1700.0
1769432530.8266385,6.527363300323486,-2.686856746673584,-2.824134790262979,0.2960638417492995,0.0705342936997741,-0.0029396565239436104,-8000.0,-0.41887902047863906,1700.0,0.0,-8000.0,1700.0
1769432530.8765945,6.505623817443848,-2.7018439769744873,-2.833723642298445,0.2896480260140695,0.06923710295144972,-0.012054273436096215,-7000.0,-0.36651914291880916,1700.0,0.0,-7000.0,1700.0
1769432530.9266305,6.505623817443848,-2.7018439769744873,-2.833723642298445,0.2896480260140695,0.06923710295144972,-0.012054273436096215,-6000.0,-0.31415926535897926,1700.0,0.0,-6000.0,1700.0
1769432530.976587,6.483569860458374,-2.714345693588257,-2.8339363465545504,0.283173989704598,0.06802423126341187,-0.01864832509688758,-5000.0,-0.2617993877991494,1700.0,0.0,-5000.0,1700.0
1769432531.026622,6.483569860458374,-2.714345693588257,-2.8339363465545504,0.283173989704598,0.06802423126341187,-0.01864832509688758,-4000.0,-0.20943951023931953,1700.0,0.0,-4000.0,1700.0
1769432531.0765836,6.456681966781616,-2.725555658340454,-2.8246325395705068,0.2783126020917642,0.0656939698403892,-0.013044097156756843,-3000.0,-0.15707963267948963,1700.0,0.0,-3000.0,1700.0
1769432531.126681,6.456681966781616,-2.725555658340454,-2.8246325395705068,0.2783126020917642,0.0656939698403892,-0.013044097156756843,-2000.0,-0.10471975511965977,1700.0,0.0,-2000.0,1700.0
1769432531.1766183,6.435050964355469,-2.7372865676879883,-2.8272246379524453,0.2740049263280039,0.06274745972891504,-0.007841169865238983,-1000.0,-0.05235987755982988,1700.0,0.0,-1000.0,1700.0
1769432531.226671,6.435050964355469,-2.7372865676879883,-2.8272246379524453,0.2740049263280039,0.06274745972891504,-0.007841169865238983,0.0,0.0,1700.0,0.0,0.0,1700.0
1769432531.2766163,6.4128923416137695,-2.748566150665283,-2.821396406509422,0.2699550281150457,0.05940642743318828,0.0002174470433550322,0.0,0.0,1700.0,0.0,0.0,1700.0
1769432531.3266597,6.4128923416137695,-2.748566150665283,-2.821396406509422,0.2699550281150457,0.05940642743318828,0.0002174470433550322,0.0,0.0,1700.0,0.0,0.0,1700.0
1769432531.3765886,6.392082452774048,-2.7609660625457764,-2.827090755782766,0.26581113008244717,0.056427632185437906,0.0010520096662313047,0.0,0.0,1700.0,0.0,0.0,1700.0
1769432531.4266288,6.392082452774048,-2.7609660625457764,-2.827090755782766,0.26581113008244717,0.056427632185437906,0.0010520096662313047,0.0,0.0,1700.0,0.0,0.0,1700.0
1769432531.4766576,6.374127626419067,-2.7757816314697266,-2.8314603309248443,0.2609603392843973,0.05518021031761769,-0.003753756840380881,0.0,0.0,1700.0,0.0,0.0,1700.0
1769432531.5265343,6.374127626419067,-2.7757816314697266,-2.8314603309248443,0.2609603392843973,0.05518021031761769,-0.003753756840380881,0.0,0.0,1700.0,0.0,0.0,1700.0
1769432531.5765848,6.352544069290161,-2.78779673576355,-2.8215213204884306,0.2562700356833375,0.054658687009551885,0.00018944212768687383,0.0,0.0,1700.0,0.0,0.0,1700.0
1769432531.6266656,6.352544069290161,-2.78779673576355,-2.8215213204884306,0.2562700356833375,0.054658687009551885,0.00018944212768687383,0.0,0.0,1600.0,0.0,0.0,1600.0
1769432531.6766202,6.332210063934326,-2.798807144165039,-2.8208504025729293,0.251745557213626,0.05410991292512393,0.005109587741693334,0.0,0.0,1600.0,0.0,0.0,1600.0
1769432531.7266636,6.332210063934326,-2.798807144165039,-2.8208504025729293,0.251745557213626,0.05410991292512393,0.005109587741693334,0.0,0.0,1600.0,0.0,0.0,1600.0
1769432531.7766018,6.310821294784546,-2.808065891265869,-2.807076563295887,0.24766556366371753,0.05256196359974546,0.018550532718926448,0.0,0.0,1600.0,0.0,0.0,1600.0
1769432531.8266754,6.310821294784546,-2.808065891265869,-2.807076563295887,0.24766556366371753,0.05256196359974546,0.018550532718926448,0.0,0.0,1600.0,0.0,0.0,1600.0
1769432531.8766255,6.289309024810791,-2.8167641162872314,-2.796368056374304,0.2441588770138198,0.04962504319781777,0.035287815736475464,0.0,0.0,1500.0,0.0,0.0,1500.0
1769432531.9266374,6.289309024810791,-2.8167641162872314,-2.796368056374304,0.2441588770138198,0.04962504319781777,0.035287815736475464,0.0,0.0,1500.0,0.0,0.0,1500.0
1769432531.9766006,6.2706944942474365,-2.8286631107330322,-2.7926933656874793,0.2407132250701971,0.04674461899089327,0.04578629255230135,0.0,0.0,1500.0,0.0,0.0,1500.0
1769432532.02666,6.2706944942474365,-2.8286631107330322,-2.7926933656874793,0.2407132250701971,0.04674461899089327,0.04578629255230135,0.0,0.0,1500.0,0.0,0.0,1500.0
1769432532.076541,6.253627777099609,-2.8412559032440186,-2.790383751475756,0.23681667760168654,0.044928311085392976,0.04847329035376754,0.0,0.0,1500.0,0.0,0.0,1500.0
1769432532.1266627,6.253627777099609,-2.8412559032440186,-2.790383751475756,0.23681667760168654,0.044928311085392976,0.04847329035376754,0.0,0.0,1500.0,0.0,0.0,1500.0
1769432532.1766386,6.237285614013672,-2.8536312580108643,-2.7824528881236863,0.2322677734184151,0.04439614202999049,0.050502612991651125,0.0,0.0,1500.0,0.0,0.0,1500.0
1769432532.2265873,6.237285614013672,-2.8536312580108643,-2.7824528881236863,0.2322677734184151,0.04439614202999049,0.050502612991651125,0.0,0.0,1500.0,0.0,0.0,1500.0
1769432532.276603,6.218639612197876,-2.8629603385925293,-2.765391629783288,0.22766484990405841,0.04374940541466104,0.060914710373869835,0.0,0.0,1500.0,0.0,0.0,1500.0
1769432532.3266451,6.218639612197876,-2.8629603385925293,-2.765391629783288,0.22766484990405841,0.04374940541466104,0.060914710373869835,0.0,0.0,1500.0,0.0,0.0,1500.0
1769432532.3766353,6.196249008178711,-2.871992588043213,-2.7619695530041373,0.2245171820823029,0.04191295100881334,0.06684425340075832,0.0,0.0,1500.0,0.0,0.0,1500.0
1769432532.4266412,6.196249008178711,-2.871992588043213,-2.7619695530041373,0.2245171820823029,0.04191295100881334,0.06684425340075832,0.0,0.0,1500.0,0.0,0.0,1500.0
1769432532.4765694,6.179352760314941,-2.882878541946411,-2.7625694356217667,0.22176349453962624,0.0398705581721189,0.06342376855775973,0.0,0.0,1500.0,0.0,0.0,1500.0
1769432532.5266452,6.179352760314941,-2.882878541946411,-2.7625694356217667,0.22176349453962624,0.0398705581721189,0.06342376855775973,0.0,0.0,1500.0,0.0,0.0,1500.0
1769432532.5765765,6.159734725952148,-2.891665458679199,-2.7580081942258263,0.2195640762194028,0.037187763844701974,0.05776770327899649,0.0,0.0,1500.0,0.0,0.0,1500.0
1769432532.626679,6.159734725952148,-2.891665458679199,-2.7580081942258263,0.2195640762194028,0.037187763844701974,0.05776770327899649,0.0,0.0,1500.0,0.0,0.0,1500.0
1769432532.676636,6.143139839172363,-2.9016804695129395,-2.7545528006847246,0.21716127442475358,0.03459555420882479,0.05216235843090619,0.0,0.0,1500.0,0.0,0.0,1500.0
1769432532.7265701,6.143139839172363,-2.9016804695129395,-2.7545528006847246,0.21716127442475358,0.03459555420882479,0.05216235843090619,0.0,0.0,1500.0,0.0,0.0,1500.0
1769432532.776609,6.127229690551758,-2.9123501777648926,-2.747829889247644,0.2142420245633462,0.03271228321128445,0.05014920223010423,0.0,0.0,1500.0,0.0,0.0,1500.0
1769432532.8266544,6.127229690551758,-2.9123501777648926,-2.747829889247644,0.2142420245633462,0.03271228321128445,0.05014920223010423,0.0,0.0,1500.0,0.0,0.0,1500.0
1769432532.8766503,6.1106202602386475,-2.9226396083831787,-2.73940406452646,0.21105655877637547,0.031471097757918086,0.052555056764380825,-1000.0,-0.05235987755982988,1500.0,0.0,-1000.0,1500.0
1769432532.9266255,6.1106202602386475,-2.9226396083831787,-2.73940406452646,0.21105655877637547,0.031471097757918086,0.052555056764380825,-1000.0,-0.05235987755982988,1500.0,0.0,-1000.0,1500.0
1769432532.9766674,6.09488320350647,-2.9335339069366455,-2.738200059483636,0.20768743265571987,0.03100149245526443,0.05184510818337979,-2000.0,-0.10471975511965977,1500.0,0.0,-2000.0,1500.0
1769432533.0266268,6.09488320350647,-2.9335339069366455,-2.738200059483636,0.20768743265571987,0.03100149245526443,0.05184510818337979,-3000.0,-0.15707963267948963,1500.0,0.0,-3000.0,1500.0
1769432533.0765855,6.079316854476929,-2.945021629333496,-2.7357676632156935,0.20434177586629068,0.031382816113539394,0.04851405092247549,-3000.0,-0.15707963267948963,1500.0,0.0,-3000.0,1500.0
1769432533.1266394,6.079316854476929,-2.945021629333496,-2.7357676632156935,0.20434177586629068,0.031382816113539394,0.04851405092247549,-4000.0,-0.20943951023931953,1500.0,0.0,-4000.0,1500.0
1769432533.1766055,6.061530351638794,-2.953498601913452,-2.7261904842836384,0.20151675234682043,0.031256751713350954,0.04966666325293762,-5000.0,-0.2617993877991494,1500.0,0.0,-5000.0,1500.0
1769432533.2265842,6.061530351638794,-2.953498601913452,-2.7261904842836384,0.20151675234682043,0.031256751713350954,0.04966666325293762,-5000.0,-0.2617993877991494,1500.0,0.0,-5000.0,1500.0
1769432533.276517,6.045451402664185,-2.9615607261657715,-2.720100293301271,0.19883929516083487,0.030224808950168356,0.052313096403391796,-6000.0,-0.31415926535897926,1500.0,0.0,-6000.0,1500.0
1769432533.32664,6.045451402664185,-2.9615607261657715,-2.720100293301271,0.19883929516083487,0.030224808950168356,0.052313096403391796,-7000.0,-0.36651914291880916,1500.0,0.0,-7000.0,1500.0
1769432533.3766131,6.029108047485352,-2.969691514968872,-2.720070677574024,0.1962813849622596,0.028317626269080416,0.05011848450437495,-7000.0,-0.36651914291880916,1500.0,0.0,-7000.0,1500.0
1769432533.4266489,6.029108047485352,-2.969691514968872,-2.720070677574024,0.1962813849622596,0.028317626269080416,0.05011848450437495,-8000.0,-0.41887902047863906,1500.0,0.0,-8000.0,1500.0
1769432533.4765944,6.012937784194946,-2.9794769287109375,-2.7177459179066257,0.1940362731012252,0.026293703595173898,0.04555722866098448,-9000.0,-0.47123889803846897,1500.0,0.0,-9000.0,1500.0
1769432533.5266385,6.012937784194946,-2.9794769287109375,-2.7177459179066257,0.1940362731012252,0.026293703595173898,0.04555722866098448,-9000.0,-0.47123889803846897,1500.0,0.0,-9000.0,1500.0
1769432533.576526,5.998701095581055,-2.9909543991088867,-2.7234810692924083,0.19185237733717797,0.025306224247039006,0.03431810610959341,-9000.0,-0.47123889803846897,1500.0,0.0,-9000.0,1500.0
1769432533.6266663,5.998701095581055,-2.9909543991088867,-2.7234810692924083,0.19185237733717797,0.025306224247039006,0.03431810610959341,-9000.0,-0.47123889803846897,1500.0,0.0,-9000.0,1500.0
1769432533.6766045,5.984931945800781,-3.0016493797302246,-2.7202033377574097,0.18943694432551114,0.025465586236858916,0.02610630785200411,-9000.0,-0.47123889803846897,1500.0,0.0,-9000.0,1500.0
1769432533.7265606,5.984931945800781,-3.0016493797302246,-2.7202033377574097,0.18943694432551114,0.025465586236858916,0.02610630785200411,-9000.0,-0.47123889803846897,1500.0,0.0,-9000.0,1500.0
1769432533.7765944,5.970292091369629,-3.0108554363250732,-2.7190673588236254,0.18687209241558206,0.026014787272186857,0.021003701710854722,-9000.0,-0.47123889803846897,1500.0,0.0,-9000.0,1500.0
1769432533.826664,5.970292091369629,-3.0108554363250732,-2.7190673588236254,0.18687209241558206,0.026014787272186857,0.021003701710854722,-9000.0,-0.47123889803846897,1500.0,0.0,-9000.0,1500.0
1769432533.8766246,5.953265190124512,-3.018380880355835,-2.7239933476292655,0.1847917669046565,0.025749679148847383,0.013348056085166003,-9000.0,-0.47123889803846897,1500.0,0.0,-9000.0,1500.0
1769432533.9266407,5.953265190124512,-3.018380880355835,-2.7239933476292655,0.1847917669046565,0.025749679148847383,0.013348056085166003,-9000.0,-0.47123889803846897,1500.0,0.0,-9000.0,1500.0
1769432533.976583,5.93886137008667,-3.0263829231262207,-2.720227842055737,0.182702520224016,0.02483602987444382,0.01024038317470051,-9000.0,-0.47123889803846897,1500.0,0.0,-9000.0,1500.0
1769432534.0266702,5.93886137008667,-3.0263829231262207,-2.720227842055737,0.182702520224016,0.02483602987444382,0.01024038317470051,-9000.0,-0.47123889803846897,1500.0,0.0,-9000.0,1500.0
1769432534.076632,5.9246826171875,-3.0352587699890137,-2.717759634732111,0.1805090102017691,0.02378977491053603,0.010715601254457044,-9000.0,-0.47123889803846897,1500.0,0.0,-9000.0,1500.0
1769432534.1266592,5.9246826171875,-3.0352587699890137,-2.717759634732111,0.1805090102017691,0.02378977491053603,0.010715601254457044,-8000.0,-0.41887902047863906,1500.0,0.0,-8000.0,1500.0
1769432534.1765797,5.911405086517334,-3.045304536819458,-2.7327522674721703,0.17816312654224412,0.023374573588583355,-0.0007160664514954621,-7000.0,-0.36651914291880916,1500.0,0.0,-7000.0,1500.0
1769432534.226576,5.911405086517334,-3.045304536819458,-2.7327522674721703,0.17816312654224412,0.023374573588583355,-0.0007160664514954621,-6000.0,-0.31415926535897926,1500.0,0.0,-6000.0,1500.0
1769432534.2765188,5.899178981781006,-3.055534601211548,-2.7304311579715552,0.17546766782290177,0.023988309486575574,-0.008316151770518924,-5000.0,-0.2617993877991494,1600.0,0.0,-5000.0,1600.0
1769432534.3272226,5.899178981781006,-3.055534601211548,-2.7304311579715552,0.17546766782290177,0.023988309486575574,-0.008316151770518924,-4000.0,-0.20943951023931953,1600.0,0.0,-4000.0,1600.0
1769432534.3767262,5.885242462158203,-3.0647895336151123,-2.733608718424056,0.1728673285597298,0.025059380008200797,-0.013561323135992787,-3000.0,-0.15707963267948963,1600.0,0.0,-3000.0,1600.0
1769432534.4266796,5.885242462158203,-3.0647895336151123,-2.733608718424056,0.1728673285597298,0.025059380008200797,-0.013561323135992787,-2000.0,-0.10471975511965977,1600.0,0.0,-2000.0,1600.0
1769432534.4766488,5.872330665588379,-3.0742850303649902,-2.741069831222101,0.17033621696294332,0.026445723603711613,-0.020764913763525426,-1000.0,-0.05235987755982988,1600.0,0.0,-1000.0,1600.0
1769432534.526661,5.872330665588379,-3.0742850303649902,-2.741069831222101,0.17033621696294332,0.026445723603711613,-0.020764913763525426,0.0,0.0,1600.0,0.0,0.0,1600.0
1769432534.5766127,5.859313488006592,-3.083333730697632,-2.744638544388457,0.16789902312810084,0.027854151973967352,-0.02653701282170611,0.0,0.0,1600.0,0.0,0.0,1600.0
1769432534.6266747,5.859313488006592,-3.083333730697632,-2.744638544388457,0.16789902312810084,0.027854151973967352,-0.02653701282170611,0.0,0.0,1600.0,0.0,0.0,1600.0
1769432534.6766133,5.846930980682373,-3.0915749073028564,-2.7452741489944157,0.16532129748887656,0.028972700850966975,-0.027902912157092757,0.0,0.0,1600.0,0.0,0.0,1600.0
1769432534.726661,5.846930980682373,-3.0915749073028564,-2.7452741489944157,0.16532129748887656,0.028972700850966975,-0.027902912157092757,0.0,0.0,1600.0,0.0,0.0,1600.0
1769432534.776595,5.832798004150391,-3.0986831188201904,-2.7515885535390607,0.16299853684135032,0.02916126111328382,-0.030360639348468076,0.0,0.0,1600.0,0.0,0.0,1600.0
1769432534.826667,5.832798004150391,-3.0986831188201904,-2.7515885535390607,0.16299853684135032,0.02916126111328382,-0.030360639348468076,0.0,0.0,1600.0,0.0,0.0,1600.0
1769432534.8766837,5.81636381149292,-3.104928970336914,-2.746502217958431,0.16168471548587207,0.027813803476921955,-0.025674624418656703,0.0,0.0,1600.0,0.0,0.0,1600.0
1769432534.9266498,5.81636381149292,-3.104928970336914,-2.746502217958431,0.16168471548587207,0.027813803476921955,-0.025674624418656703,0.0,0.0,1700.0,0.0,0.0,1700.0
1769432534.9766166,5.804887771606445,-3.1150643825531006,-2.749487195465825,0.160543629617381,0.026833195286979087,-0.02155887891297427,0.0,0.0,1700.0,0.0,0.0,1700.0
1769432535.0266483,5.804887771606445,-3.1150643825531006,-2.749487195465825,0.160543629617381,0.026833195286979087,-0.02155887891297427,0.0,0.0,1700.0,0.0,0.0,1700.0
1769432535.0766516,5.794690132141113,-3.125824451446533,-2.7536837879746927,0.15892251496789794,0.027307798523105768,-0.020944125380837394,0.0,0.0,1700.0,0.0,0.0,1700.0
1769432535.1266754,5.794690132141113,-3.125824451446533,-2.7536837879746927,0.15892251496789794,0.027307798523105768,-0.020944125380837394,0.0,0.0,1700.0,0.0,0.0,1700.0
1769432535.176597,5.783638954162598,-3.1353728771209717,-2.7548789939795006,0.15680225074811757,0.028897055067979266,-0.02075023737695579,0.0,0.0,1700.0,0.0,0.0,1700.0
1769432535.2266586,5.783638954162598,-3.1353728771209717,-2.7548789939795006,0.15680225074811757,0.028897055067979266,-0.02075023737695579,0.0,0.0,1700.0,0.0,0.0,1700.0
1769432535.2766414,5.769286632537842,-3.141688823699951,-2.7615474975713585,0.15492354362099756,0.02981906103331325,-0.02434247443889481,0.0,0.0,1700.0,0.0,0.0,1700.0
1769432535.3267066,5.769286632537842,-3.141688823699951,-2.7615474975713585,0.15492354362099756,0.02981906103331325,-0.02434247443889481,0.0,0.0,1700.0,0.0,0.0,1700.0
1769432535.3766446,5.756480693817139,-3.1486055850982666,-2.763421415986262,0.1532145172162748,0.029840913169376787,-0.02689150298476949,0.0,0.0,1700.0,0.0,0.0,1700.0
1769432535.4266536,5.756480693817139,-3.1486055850982666,-2.763421415986262,0.1532145172162748,0.029840913169376787,-0.02689150298476949,0.0,0.0,1700.0,0.0,0.0,1700.0
1769432535.476629,5.745742321014404,-3.156723976135254,-2.765012146398478,0.15119977263866732,0.029682610802779306,-0.027231162440176645,0.0,0.0,1700.0,0.0,0.0,1700.0
1769432535.5266998,5.745742321014404,-3.156723976135254,-2.765012146398478,0.15119977263866732,0.029682610802779306,-0.027231162440176645,0.0,0.0,1700.0,0.0,0.0,1700.0
1769432535.5766325,5.733152866363525,-3.1644365787506104,-2.768236615262266,0.14930535466014527,0.029348297053566584,-0.02727233261056858,0.0,0.0,1700.0,0.0,0.0,1700.0
1769432535.6267047,5.733152866363525,-3.1644365787506104,-2.768236615262266,0.14930535466014527,0.029348297053566584,-0.02727233261056858,0.0,0.0,1700.0,0.0,0.0,1700.0
1769432535.6766016,5.7207536697387695,-3.1729495525360107,-2.7711046498503515,0.1477854384908754,0.02916396328849076,-0.027332636035602473,0.0,0.0,1700.0,0.0,0.0,1700.0
1769432535.726664,5.7207536697387695,-3.1729495525360107,-2.7711046498503515,0.1477854384908754,0.02916396328849076,-0.027332636035602473,0.0,0.0,1700.0,0.0,0.0,1700.0
1769432535.7765508,5.708152770996094,-3.180525779724121,-2.7706019864150377,0.14665676149268125,0.028942439544764366,-0.02483640893933126,0.0,0.0,1700.0,0.0,0.0,1700.0
1769432535.826716,5.708152770996094,-3.180525779724121,-2.7706019864150377,0.14665676149268125,0.028942439544764366,-0.02483640893933126,0.0,0.0,1700.0,0.0,0.0,1700.0
1769432535.876646,5.69459342956543,-3.1868231296539307,-2.7775022369064595,0.14600729676875432,0.028141816456387924,-0.02623953114180372,0.0,0.0,1800.0,0.0,0.0,1800.0
1769432535.9266775,5.69459342956543,-3.1868231296539307,-2.7775022369064595,0.14600729676875432,0.028141816456387924,-0.02623953114180372,0.0,0.0,1800.0,0.0,0.0,1800.0
1769432535.976679,5.683870315551758,-3.1949167251586914,-2.7800282771258678,0.1451611505546565,0.02757823326032599,-0.027926280052937114,0.0,0.0,1800.0,0.0,0.0,1800.0
1769432536.026709,5.683870315551758,-3.1949167251586914,-2.7800282771258678,0.1451611505546565,0.02757823326032599,-0.027926280052937114,0.0,0.0,1800.0,0.0,0.0,1800.0
1769432536.0765948,5.673277378082275,-3.202662467956543,-2.779274529917099,0.14382346921337485,0.02747078324275779,-0.02618248952134468,0.0,0.0,1800.0,0.0,0.0,1800.0
1769432536.1266613,5.673277378082275,-3.202662467956543,-2.779274529917099,0.14382346921337485,0.02747078324275779,-0.02618248952134468,0.0,0.0,1800.0,0.0,0.0,1800.0
1769432536.1767445,5.662298679351807,-3.2094473838806152,-2.780051704030399,0.14202098727250367,0.027484341087181657,-0.022895535543112567,0.0,0.0,1800.0,0.0,0.0,1800.0
1769432536.2267604,5.662298679351807,-3.2094473838806152,-2.780051704030399,0.14202098727250367,0.027484341087181657,-0.022895535543112567,0.0,0.0,1800.0,0.0,0.0,1800.0
1769432536.2766678,5.650931358337402,-3.217151165008545,-2.786805519912166,0.1401511363952425,0.027695940324483713,-0.02413441694917327,0.0,0.0,1800.0,0.0,0.0,1800.0
1769432536.328551,5.650931358337402,-3.217151165008545,-2.786805519912166,0.1401511363952425,0.027695940324483713,-0.02413441694917327,0.0,0.0,1800.0,0.0,0.0,1800.0
1769432536.3766427,5.639654636383057,-3.224961757659912,-2.790111047839402,0.13842781642307617,0.028144723999624647,-0.0266583812196352,0.0,0.0,1800.0,0.0,0.0,1800.0
1769432536.4266791,5.639654636383057,-3.224961757659912,-2.790111047839402,0.13842781642307617,0.028144723999624647,-0.0266583812196352,0.0,0.0,1800.0,0.0,0.0,1800.0
1769432536.4765837,5.628448486328125,-3.2322452068328857,-2.7907702298163737,0.1368807940875445,0.028642202132036946,-0.026846976287403502,0.0,0.0,1800.0,0.0,0.0,1800.0
1769432536.5266683,5.628448486328125,-3.2322452068328857,-2.7907702298163737,0.1368807940875445,0.028642202132036946,-0.026846976287403502,0.0,0.0,1800.0,0.0,0.0,1800.0
1769432536.5765707,5.616189956665039,-3.2388434410095215,-2.80060898482128,0.13576499090555189,0.028780388213951295,-0.031985429850768875,0.0,0.0,1700.0,0.0,0.0,1700.0
1769432536.626647,5.616189956665039,-3.2388434410095215,-2.80060898482128,0.13576499090555189,0.028780388213951295,-0.031985429850768875,0.0,0.0,1700.0,0.0,0.0,1700.0
1769432536.6766472,5.605485916137695,-3.2455339431762695,-2.79493280264496,0.13466939090292132,0.02867586756979325,-0.029187250310569415,0.0,0.0,1700.0,0.0,0.0,1700.0
1769432536.7266357,5.605485916137695,-3.2455339431762695,-2.79493280264496,0.13466939090292132,0.02867586756979325,-0.029187250310569415,0.0,0.0,1700.0,0.0,0.0,1700.0
1769432536.776649,5.5948004722595215,-3.2523093223571777,-2.7942818115954395,0.13346480449948822,0.028459257939870357,-0.022838478018505533,0.0,0.0,1700.0,0.0,0.0,1700.0
1769432536.8265548,5.5948004722595215,-3.2523093223571777,-2.7942818115954395,0.13346480449948822,0.028459257939870357,-0.022838478018505533,0.0,0.0,1700.0,0.0,0.0,1700.0
1769432536.8765652,5.584524631500244,-3.25951886177063,-2.796372363086824,0.132082571649228,0.028391762729161135,-0.018178249377724748,0.0,0.0,1700.0,0.0,0.0,1700.0
1769432536.9266458,5.584524631500244,-3.25951886177063,-2.796372363086824,0.132082571649228,0.028391762729161135,-0.018178249377724748,0.0,0.0,1700.0,0.0,0.0,1700.0
1769432536.9765801,5.573886394500732,-3.266669273376465,-2.7981772806262604,0.13067769744278138,0.028495664900752827,-0.015918161819938832,0.0,0.0,1700.0,0.0,0.0,1700.0
1769432537.0265782,5.573886394500732,-3.266669273376465,-2.7981772806262604,0.13067769744278138,0.028495664900752827,-0.015918161819938832,0.0,0.0,1700.0,0.0,0.0,1700.0
1769432537.0765898,5.5625529289245605,-3.273733377456665,-2.799856837835874,0.1295578033965435,0.02864123281356431,-0.015284136228034552,0.0,0.0,1700.0,0.0,0.0,1700.0
1769432537.1266146,5.5625529289245605,-3.273733377456665,-2.799856837835874,0.1295578033965435,0.02864123281356431,-0.015284136228034552,0.0,0.0,1700.0,0.0,0.0,1700.0
1769432537.1766768,5.552234649658203,-3.2803642749786377,-2.8049511035003802,0.12847851146169334,0.0287556592124438,-0.01811530131457291,0.0,0.0,1700.0,0.0,0.0,1700.0
1769432537.2266364,5.552234649658203,-3.2803642749786377,-2.8049511035003802,0.12847851146169334,0.0287556592124438,-0.01811530131457291,0.0,0.0,1700.0,0.0,0.0,1700.0
1769432537.2765667,5.54247522354126,-3.2867238521575928,-2.8025021521963693,0.12716008170895807,0.028794903099727914,-0.017253029248611718,0.0,0.0,1700.0,0.0,0.0,1700.0
1769432537.3266554,5.54247522354126,-3.2867238521575928,-2.8025021521963693,0.12716008170895807,0.028794903099727914,-0.017253029248611718,0.0,0.0,1700.0,0.0,0.0,1700.0
1769432537.3765595,5.5319929122924805,-3.29325270652771,-2.801628588787997,0.12581661796643795,0.028726843584102324,-0.013811715650643685,0.0,0.0,1700.0,0.0,0.0,1700.0
1769432537.4266655,5.5319929122924805,-3.29325270652771,-2.801628588787997,0.12581661796643795,0.028726843584102324,-0.013811715650643685,0.0,0.0,1700.0,0.0,0.0,1700.0
1769432537.4765697,5.519867420196533,-3.2994225025177,-2.8007999302567326,0.1250448100687842,0.028276387380154266,-0.009477360344590971,0.0,0.0,1700.0,0.0,0.0,1700.0
1769432537.526684,5.519867420196533,-3.2994225025177,-2.8007999302567326,0.1250448100687842,0.028276387380154266,-0.009477360344590971,0.0,0.0,1700.0,0.0,0.0,1700.0
1769432537.5766113,5.509207725524902,-3.305988073348999,-2.803292875894307,0.12458639013481512,0.027706393708164242,-0.007987154227607752,0.0,0.0,1700.0,0.0,0.0,1700.0
1769432537.6266546,5.509207725524902,-3.305988073348999,-2.803292875894307,0.12458639013481512,0.027706393708164242,-0.007987154227607752,0.0,0.0,1700.0,0.0,0.0,1700.0
1769432537.6766984,5.4996490478515625,-3.3127572536468506,-2.805131491853441,0.12397545314040087,0.027355588134662833,-0.008650670799016397,0.0,0.0,1700.0,0.0,0.0,1700.0
1769432537.7266574,5.4996490478515625,-3.3127572536468506,-2.805131491853441,0.12397545314040087,0.027355588134662833,-0.008650670799016397,0.0,0.0,1700.0,0.0,0.0,1700.0
1769432537.7766933,5.489780426025391,-3.3189098834991455,-2.809823615934445,0.12309993513478747,0.02711701543660627,-0.012558300153149477,0.0,0.0,1700.0,0.0,0.0,1700.0
1769432537.8266306,5.489780426025391,-3.3189098834991455,-2.809823615934445,0.12309993513478747,0.02711701543660627,-0.012558300153149477,0.0,0.0,1700.0,0.0,0.0,1700.0
1769432537.8765714,5.480637073516846,-3.3249759674072266,-2.8048103354083627,0.12176627640558906,0.026980637698662997,-0.01068244382644434,0.0,0.0,1700.0,0.0,0.0,1700.0
1769432537.9266536,5.480637073516846,-3.3249759674072266,-2.8048103354083627,0.12176627640558906,0.026980637698662997,-0.01068244382644434,0.0,0.0,1700.0,0.0,0.0,1700.0
1769432537.9766371,5.470118522644043,-3.3312911987304688,-2.8030482632380047,0.12047863094657131,0.026847623728628707,-0.005964327619795513,0.0,0.0,1700.0,0.0,0.0,1700.0
1769432538.0266943,5.470118522644043,-3.3312911987304688,-2.8030482632380047,0.12047863094657131,0.026847623728628707,-0.005964327619795513,0.0,0.0,1700.0,0.0,0.0,1700.0
1769432538.0766046,5.460015296936035,-3.337799072265625,-2.8068971045500146,0.11937401453825196,0.026786071457341302,-0.005115988014826441,0.0,0.0,1700.0,0.0,0.0,1700.0
1769432538.1265335,5.460015296936035,-3.337799072265625,-2.8068971045500146,0.11937401453825196,0.026786071457341302,-0.005115988014826441,0.0,0.0,1700.0,0.0,0.0,1700.0
1769432538.1766207,5.450451850891113,-3.3444294929504395,-2.805907307306745,0.11835504184073026,0.026905869459874686,-0.004407311434285867,0.0,0.0,1700.0,0.0,0.0,1700.0
1769432538.226636,5.450451850891113,-3.3444294929504395,-2.805907307306745,0.11835504184073026,0.026905869459874686,-0.004407311434285867,0.0,0.0,1700.0,0.0,0.0,1700.0
1769432538.2765863,5.440858840942383,-3.3508033752441406,-2.8057686091096596,0.11737592692695445,0.027128048811075427,-0.0035821887842936995,0.0,0.0,1700.0,0.0,0.0,1700.0
1769432538.326649,5.440858840942383,-3.3508033752441406,-2.8057686091096596,0.11737592692695445,0.027128048811075427,-0.0035821887842936995,0.0,0.0,1700.0,0.0,0.0,1700.0
1769432538.3765883,5.430805206298828,-3.356642484664917,-2.8089692256869476,0.11652114061579498,0.027184093064033094,-0.0053089444665971874,0.0,0.0,1700.0,0.0,0.0,1700.0
1769432538.4266486,5.430805206298828,-3.356642484664917,-2.8089692256869476,0.11652114061579498,0.027184093064033094,-0.0053089444665971874,0.0,0.0,1700.0,0.0,0.0,1700.0
1769432538.476616,5.420445919036865,-3.3616344928741455,-2.80866082725393,0.1158291512581041,0.026712604998716496,-0.00626756903868725,0.0,0.0,1700.0,0.0,0.0,1700.0
1769432538.5265918,5.420445919036865,-3.3616344928741455,-2.80866082725393,0.1158291512581041,0.026712604998716496,-0.00626756903868725,0.0,0.0,1700.0,0.0,0.0,1700.0
1769432538.5766003,5.410599231719971,-3.3671839237213135,-2.8117811511811324,0.1152048332455338,0.025922916595663016,-0.008580961838542659,0.0,0.0,1700.0,0.0,0.0,1700.0
1769432538.62657,5.410599231719971,-3.3671839237213135,-2.8117811511811324,0.1152048332455338,0.025922916595663016,-0.008580961838542659,0.0,0.0,1700.0,0.0,0.0,1700.0
1769432538.676629,5.401833534240723,-3.3730456829071045,-2.8110884422099485,0.11431921282284037,0.025207798390791725,-0.009022544834384652,0.0,0.0,1700.0,0.0,0.0,1700.0
1769432538.7266598,5.401833534240723,-3.3730456829071045,-2.8110884422099485,0.11431921282284037,0.025207798390791725,-0.009022544834384652,0.0,0.0,1700.0,0.0,0.0,1700.0
1769432538.7767344,5.392833709716797,-3.379774332046509,-2.8046260395146794,0.11328651407556171,0.024966436363445033,-0.0030434695595813787,0.0,0.0,1700.0,0.0,0.0,1700.0
1769432538.8266902,5.392833709716797,-3.379774332046509,-2.8046260395146794,0.11328651407556171,0.024966436363445033,-0.0030434695595813787,0.0,0.0,1700.0,0.0,0.0,1700.0
1769432538.8767095,5.382877349853516,-3.386254072189331,-2.8038470734295164,0.11247908324582204,0.025083817028545247,0.0028112503416388235,0.0,0.0,1700.0,0.0,0.0,1700.0
1769432538.926725,5.382877349853516,-3.386254072189331,-2.8038470734295164,0.11247908324582204,0.025083817028545247,0.0028112503416388235,0.0,0.0,1700.0,0.0,0.0,1700.0
1769432538.976678,5.37288236618042,-3.391892433166504,-2.8076099758180204,0.11195801179977061,0.025172631777444453,0.0029579394469609168,0.0,0.0,1700.0,0.0,0.0,1700.0
1769432539.0267406,5.37288236618042,-3.391892433166504,-2.8076099758180204,0.11195801179977061,0.025172631777444453,0.0029579394469609168,0.0,0.0,1700.0,0.0,0.0,1700.0
1769432539.076671,5.362433433532715,-3.3969109058380127,-2.8173837919469427,0.11176840566002488,0.024854589612305737,-0.006255740900595041,0.0,0.0,1700.0,0.0,0.0,1700.0
1769432539.126695,5.362433433532715,-3.3969109058380127,-2.8173837919469427,0.11176840566002488,0.024854589612305737,-0.006255740900595041,0.0,0.0,1700.0,0.0,0.0,1700.0
1769432539.176572,5.353348731994629,-3.401106357574463,-2.807697250539298,0.11136339764302286,0.023966729545282717,-0.005750498624705009,0.0,0.0,1700.0,0.0,0.0,1700.0
1769432539.226641,5.353348731994629,-3.401106357574463,-2.807697250539298,0.11136339764302286,0.023966729545282717,-0.005750498624705009,0.0,0.0,1700.0,0.0,0.0,1700.0
1769432539.2765782,5.344407081604004,-3.4064786434173584,-2.8058401751323516,0.11066138828592186,0.022960124855675616,-0.001163090687959229,0.0,0.0,1700.0,0.0,0.0,1700.0
1769432539.3266518,5.344407081604004,-3.4064786434173584,-2.8058401751323516,0.11066138828592186,0.022960124855675616,-0.001163090687959229,0.0,0.0,1700.0,0.0,0.0,1700.0
1769432539.3766532,5.335821628570557,-3.413299322128296,-2.8036433637519425,0.10975646543598734,0.02254605399700117,0.0042829263459761195,0.0,0.0,1700.0,0.0,0.0,1700.0
1769432539.4265935,5.335821628570557,-3.413299322128296,-2.8036433637519425,0.10975646543598734,0.02254605399700117,0.0042829263459761195,0.0,0.0,1700.0,0.0,0.0,1700.0
1769432539.4765708,5.3270955085754395,-3.4197680950164795,-2.808998588490043,0.10877166207924133,0.02278320433927878,0.0030761711743659105,0.0,0.0,1700.0,0.0,0.0,1700.0
1769432539.5266633,5.3270955085754395,-3.4197680950164795,-2.808998588490043,0.10877166207924133,0.02278320433927878,0.0030761711743659105,0.0,0.0,1700.0,0.0,0.0,1700.0
1769432539.5765834,5.3179240226745605,-3.4259016513824463,-2.8070643565272855,0.10790176469104613,0.023398571900514628,0.0020205600385696416,0.0,0.0,1700.0,0.0,0.0,1700.0
1769432539.6266198,5.3179240226745605,-3.4259016513824463,-2.8070643565272855,0.10790176469104613,0.023398571900514628,0.0020205600385696416,0.0,0.0,1700.0,0.0,0.0,1700.0
1769432539.6766386,5.309597015380859,-3.4315779209136963,-2.8010504077825784,0.1069299311764665,0.024120202525104092,0.006008902242423436,0.0,0.0,1700.0,0.0,0.0,1700.0
1769432539.7266273,5.309597015380859,-3.4315779209136963,-2.8010504077825784,0.1069299311764665,0.024120202525104092,0.006008902242423436,0.0,0.0,1700.0,0.0,0.0,1700.0
1769432539.7766535,5.299786567687988,-3.4361484050750732,-2.8096366408741145,0.10615342530121075,0.024303979119575065,0.0023345882844975924,0.0,0.0,1700.0,0.0,0.0,1700.0
1769432539.826532,5.299786567687988,-3.4361484050750732,-2.8096366408741145,0.10615342530121075,0.024303979119575065,0.0023345882844975924,0.0,0.0,1700.0,0.0,0.0,1700.0
1769432539.8765934,5.29083776473999,-3.440809726715088,-2.8090241027476535,0.10542330594856869,0.02391819965262266,-0.001358986373393812,0.0,0.0,1700.0,0.0,0.0,1700.0
1769432539.9266498,5.29083776473999,-3.440809726715088,-2.8090241027476535,0.10542330594856869,0.02391819965262266,-0.001358986373393812,0.0,0.0,1700.0,0.0,0.0,1700.0
1769432539.9765666,5.282802581787109,-3.4465999603271484,-2.8015173057453633,0.1045348080144247,0.023517298531003688,0.0025124877573753576,0.0,0.0,1700.0,0.0,0.0,1700.0
1769432540.026665,5.282802581787109,-3.4465999603271484,-2.8015173057453633,0.1045348080144247,0.023517298531003688,0.0025124877573753576,0.0,0.0,1700.0,0.0,0.0,1700.0
1769432540.0765877,5.273086071014404,-3.4517340660095215,-2.8093085395116772,0.10390539226343017,0.022973385364044595,0.0002879264721345489,0.0,0.0,1700.0,0.0,0.0,1700.0
1769432540.1266541,5.273086071014404,-3.4517340660095215,-2.8093085395116772,0.10390539226343017,0.022973385364044595,0.0002879264721345489,0.0,0.0,1700.0,0.0,0.0,1700.0
1769432540.1766403,5.264275550842285,-3.4576382637023926,-2.8065255771004476,0.10347694568682698,0.022611602042490037,-0.00032773767457751064,0.0,0.0,1700.0,0.0,0.0,1700.0
1769432540.226654,5.264275550842285,-3.4576382637023926,-2.8065255771004476,0.10347694568682698,0.022611602042490037,-0.00032773767457751064,0.0,0.0,1700.0,0.0,0.0,1700.0
1769432540.2766309,5.254750728607178,-3.4628844261169434,-2.8072538511632588,0.10334461717738828,0.022264602942471116,-0.000828585692230899,0.0,0.0,1700.0,0.0,0.0,1700.0
1769432540.3266585,5.254750728607178,-3.4628844261169434,-2.8072538511632588,0.10334461717738828,0.022264602942471116,-0.000828585692230899,0.0,0.0,1700.0,0.0,0.0,1700.0
1769432540.376585,5.246340751647949,-3.467782497406006,-2.8064966445481327,0.10311234525064372,0.021882766032562177,-0.00042863334346541034,0.0,0.0,1700.0,0.0,0.0,1700.0
1769432540.4266882,5.246340751647949,-3.467782497406006,-2.8064966445481327,0.10311234525064372,0.021882766032562177,-0.00042863334346541034,0.0,0.0,1700.0,0.0,0.0,1700.0
1769432540.4766605,5.2379841804504395,-3.4727158546447754,-2.807414775775603,0.10263309909715639,0.021482242521081718,-0.0006638386001533905,0.0,0.0,1700.0,0.0,0.0,1700.0
1769432540.5266485,5.2379841804504395,-3.4727158546447754,-2.807414775775603,0.10263309909715639,0.021482242521081718,-0.0006638386001533905,0.0,0.0,1700.0,0.0,0.0,1700.0
1769432540.576637,5.229780673980713,-3.477830171585083,-2.804204408410121,0.10188870462301287,0.02115431978262049,0.0016132232923849557,0.0,0.0,1700.0,0.0,0.0,1700.0
1769432540.6267018,5.229780673980713,-3.477830171585083,-2.804204408410121,0.10188870462301287,0.02115431978262049,0.0016132232923849557,0.0,0.0,1700.0,0.0,0.0,1700.0
1769432540.676629,5.219985008239746,-3.4826438426971436,-2.812770217355406,0.10139915272359735,0.02067882400210096,-0.0033088049675348533,0.0,0.0,1700.0,0.0,0.0,1700.0
1769432540.7266517,5.219985008239746,-3.4826438426971436,-2.812770217355406,0.10139915272359735,0.02067882400210096,-0.0033088049675348533,0.0,0.0,1700.0,0.0,0.0,1700.0
1769432540.776651,5.21224308013916,-3.4880785942077637,-2.7989789068386344,0.1007901926371426,0.020409423586315294,0.0031705714005686634,0.0,0.0,1700.0,0.0,0.0,1700.0
1769432540.8266795,5.21224308013916,-3.4880785942077637,-2.7989789068386344,0.1007901926371426,0.020409423586315294,0.0031705714005686634,0.0,0.0,1700.0,0.0,0.0,1700.0
1769432540.8767052,5.2045207023620605,-3.4933462142944336,-2.8021868574656046,0.09992643623675765,0.02039982887208342,0.006927240907995673,0.0,0.0,1700.0,0.0,0.0,1700.0
1769432540.9267566,5.2045207023620605,-3.4933462142944336,-2.8021868574656046,0.09992643623675765,0.02039982887208342,0.006927240907995673,0.0,0.0,1700.0,0.0,0.0,1700.0
1769432540.9766953,5.194287300109863,-3.4975945949554443,-2.8083073534216787,0.09948975260446183,0.02004781158003915,0.0030656325946415374,0.0,0.0,1700.0,0.0,0.0,1700.0
1769432541.026677,5.194287300109863,-3.4975945949554443,-2.8083073534216787,0.09948975260446183,0.02004781158003915,0.0030656325946415374,0.0,0.0,1700.0,0.0,0.0,1700.0
1769432541.076724,5.186583995819092,-3.503398895263672,-2.793603552360158,0.0990801646666914,0.019915931424050903,0.010265399940356208,0.0,0.0,1700.0,0.0,0.0,1700.0
1769432541.1267378,5.186583995819092,-3.503398895263672,-2.793603552360158,0.0990801646666914,0.019915931424050903,0.010265399940356208,0.0,0.0,1700.0,0.0,0.0,1700.0
1769432541.1766222,5.180202960968018,-3.5102579593658447,-2.7859028386422975,0.09825941799385982,0.02063176043135977,0.022333462228239804,0.0,0.0,1700.0,0.0,0.0,1700.0
1769432541.226695,5.180202960968018,-3.5102579593658447,-2.7859028386422975,0.09825941799385982,0.02063176043135977,0.022333462228239804,0.0,0.0,1700.0,0.0,0.0,1700.0
1769432541.2766397,5.170973777770996,-3.5141959190368652,-2.8056464957569855,0.09751640512603463,0.021070740423374236,0.013225639048550402,0.0,0.0,1700.0,0.0,0.0,1700.0
1769432541.326688,5.170973777770996,-3.5141959190368652,-2.8056464957569855,0.09751640512603463,0.021070740423374236,0.013225639048550402,0.0,0.0,1700.0,0.0,0.0,1700.0
1769432541.3766387,5.163712978363037,-3.5183863639831543,-2.8012754161801072,0.09648113066578896,0.021106911530486185,0.005174474160909366,0.0,0.0,1700.0,0.0,0.0,1700.0
1769432541.4266908,5.163712978363037,-3.5183863639831543,-2.8012754161801072,0.09648113066578896,0.021106911530486185,0.005174474160909366,0.0,0.0,1700.0,0.0,0.0,1700.0
1769432541.4766486,5.1544928550720215,-3.5227787494659424,-2.800358874387735,0.09571435461763243,0.02062920363684193,0.0011470892651947989,0.0,0.0,1700.0,0.0,0.0,1700.0
1769432541.5266652,5.1544928550720215,-3.5227787494659424,-2.800358874387735,0.09571435461763243,0.02062920363684193,0.0011470892651947989,0.0,0.0,1700.0,0.0,0.0,1700.0
