t_sec,x,y,yaw,u,v,r,applied_steer_ui,applied_steer_rad,applied_thrust,bow,target_steer_ui,target_thrust
1769432337.6684518,2.9811296463012695,-0.3207803964614868,2.4466037202873037,0.0,0.0,0.0,0.0,0.0,0.0,0.0,0.0,0.0
1769432337.7186444,2.9811296463012695,-0.3207803964614868,2.4466037202873037,0.0,0.0,0.0,0.0,0.0,0.0,0.0,0.0,0.0
1769432337.7686086,2.9811296463012695,-0.3207803964614868,2.4466037202873037,0.0,0.0,0.0,0.0,0.0,0.0,0.0,0.0,0.0
1769432337.8186507,2.9811296463012695,-0.3207803964614868,2.4466037202873037,0.0,0.0,0.0,0.0,0.0,0.0,0.0,0.0,0.0
1769432337.8684754,2.9811296463012695,-0.3207803964614868,2.4466037202873037,0.0,0.0,0.0,0.0,0.0,0.0,0.0,0.0,0.0
1769432337.9186516,2.9811296463012695,-0.3207803964614868,2.4466037202873037,0.0,0.0,0.0,0.0,0.0,0.0,0.0,0.0,0.0
1769432337.968591,2.9811296463012695,-0.3207803964614868,2.4466037202873037,0.0,0.0,0.0,0.0,0.0,0.0,0.0,0.0,0.0
1769432338.0186741,2.9811296463012695,-0.3207803964614868,2.4466037202873037,0.0,0.0,0.0,0.0,0.0,0.0,0.0,0.0,0.0
1769432338.068684,2.9811296463012695,-0.3207803964614868,2.4466037202873037,0.0,0.0,0.0,0.0,0.0,0.0,0.0,0.0,0.0
1769432338.1187534,2.9811296463012695,-0.3207803964614868,2.4466037202873037,0.0,0.0,0.0,0.0,0.0,0.0,0.0,0.0,0.0
1769432338.1687021,2.9811296463012695,-0.3207803964614868,2.4466037202873037,0.0,0.0,0.0,0.0,0.0,100.0,0.0,0.0,100.0
1769432338.2187223,2.9811296463012695,-0.3207803964614868,2.4466037202873037,0.0,0.0,0.0,0.0,0.0,100.0,0.0,0.0,100.0
1769432338.2687309,2.9811296463012695,-0.3207803964614868,2.4466037202873037,0.0,0.0,0.0,0.0,0.0,100.0,0.0,0.0,100.0
1769432338.3186407,2.9811296463012695,-0.3207803964614868,2.4466037202873037,0.0,0.0,0.0,0.0,0.0,100.0,0.0,0.0,100.0
1769432338.3686178,2.9811296463012695,-0.3207803964614868,2.4466037202873037,0.0,0.0,0.0,0.0,0.0,100.0,0.0,0.0,100.0
1769432338.418674,2.9811296463012695,-0.3207803964614868,2.4466037202873037,0.0,0.0,0.0,0.0,0.0,100.0,0.0,0.0,100.0
1769432338.468463,2.9811296463012695,-0.3207803964614868,2.4466037202873037,0.0,0.0,0.0,0.0,0.0,100.0,0.0,0.0,100.0
1769432338.518703,2.9811296463012695,-0.3207803964614868,2.4466037202873037,0.0,0.0,0.0,0.0,0.0,100.0,0.0,0.0,100.0
1769432338.568534,2.9811296463012695,-0.3207803964614868,2.4466037202873037,0.0,0.0,0.0,0.0,0.0,100.0,0.0,0.0,100.0
1769432338.6185727,2.9811296463012695,-0.3207803964614868,2.4466037202873037,0.0,0.0,0.0,0.0,0.0,100.0,0.0,0.0,100.0
1769432338.668579,2.9811296463012695,-0.3207803964614868,2.4466037202873037,0.0,0.0,0.0,0.0,0.0,100.0,0.0,0.0,100.0
1769432338.7185915,2.9811296463012695,-0.3207803964614868,2.4466037202873037,0.0,0.0,0.0,0.0,0.0,100.0,0.0,0.0,100.0
1769432338.7685146,2.9811296463012695,-0.3207803964614868,2.4466037202873037,0.0,0.0,0.0,0.0,0.0,100.0,0.0,0.0,100.0
1769432338.8186135,2.9811296463012695,-0.3207803964614868,2.4466037202873037,0.0,0.0,0.0,0.0,0.0,100.0,0.0,0.0,100.0
1769432338.8685334,2.9811296463012695,-0.3207803964614868,2.4466037202873037,0.0,0.0,0.0,0.0,0.0,100.0,0.0,0.0,100.0
1769432338.9186194,2.9811296463012695,-0.3207803964614868,2.4466037202873037,0.0,0.0,0.0,0.0,0.0,100.0,0.0,0.0,100.0
1769432338.9684925,2.9811296463012695,-0.3207803964614868,2.4466037202873037,0.0,0.0,0.0,0.0,0.0,100.0,0.0,0.0,100.0
1769432339.0185738,2.9811296463012695,-0.3207803964614868,2.4466037202873037,0.0,0.0,0.0,0.0,0.0,100.0,0.0,0.0,100.0
1769432339.0685315,2.9811296463012695,-0.3207803964614868,2.4466037202873037,0.0,0.0,0.0,0.0,0.0,100.0,0.0,0.0,100.0
1769432339.1186337,2.9811296463012695,-0.3207803964614868,2.4466037202873037,0.0,0.0,0.0,0.0,0.0,100.0,0.0,0.0,100.0
1769432339.1686532,2.9811296463012695,-0.3207803964614868,2.4466037202873037,0.0,0.0,0.0,0.0,0.0,100.0,0.0,0.0,100.0
1769432339.2185144,2.9811296463012695,-0.3207803964614868,2.4466037202873037,0.0,0.0,0.0,1000.0,0.05235987755982988,100.0,0.0,1000.0,100.0
1769432339.268452,2.9811296463012695,-0.3207803964614868,2.4466037202873037,0.0,0.0,0.0,2000.0,0.10471975511965977,100.0,0.0,2000.0,100.0
1769432339.3186178,2.9811296463012695,-0.3207803964614868,2.4466037202873037,0.0,0.0,0.0,2000.0,0.10471975511965977,100.0,0.0,2000.0,100.0
1769432339.3684878,2.9811296463012695,-0.3207803964614868,2.4466037202873037,0.0,0.0,0.0,3000.0,0.15707963267948963,100.0,0.0,3000.0,100.0
1769432339.4185915,2.9811296463012695,-0.3207803964614868,2.4466037202873037,0.0,0.0,0.0,4000.0,0.20943951023931953,100.0,0.0,4000.0,100.0
1769432339.4685233,2.9811296463012695,-0.3207803964614868,2.4466037202873037,0.0,0.0,0.0,4000.0,0.20943951023931953,100.0,0.0,4000.0,100.0
1769432339.5186355,2.9811296463012695,-0.3207803964614868,2.4466037202873037,0.0,0.0,0.0,5000.0,0.2617993877991494,100.0,0.0,5000.0,100.0
1769432339.5685601,2.9811296463012695,-0.3207803964614868,2.4466037202873037,0.0,0.0,0.0,6000.0,0.31415926535897926,100.0,0.0,6000.0,100.0
1769432339.6186116,2.9811296463012695,-0.3207803964614868,2.4466037202873037,0.0,0.0,0.0,6000.0,0.31415926535897926,100.0,0.0,6000.0,100.0
1769432339.668624,2.9811296463012695,-0.3207803964614868,2.4466037202873037,0.0,0.0,0.0,7000.0,0.36651914291880916,100.0,0.0,7000.0,100.0
1769432339.7186308,2.9811296463012695,-0.3207803964614868,2.4466037202873037,0.0,0.0,0.0,8000.0,0.41887902047863906,100.0,0.0,8000.0,100.0
1769432339.7685664,2.9811296463012695,-0.3207803964614868,2.4466037202873037,0.0,0.0,0.0,8000.0,0.41887902047863906,100.0,0.0,8000.0,100.0
1769432339.8185172,2.9811296463012695,-0.3207803964614868,2.4466037202873037,0.0,0.0,0.0,9000.0,0.47123889803846897,100.0,0.0,9000.0,100.0
1769432339.8685372,2.9811296463012695,-0.3207803964614868,2.4466037202873037,0.0,0.0,0.0,9000.0,0.47123889803846897,100.0,0.0,9000.0,100.0
1769432339.9186244,2.9811296463012695,-0.3207803964614868,2.4466037202873037,0.0,0.0,0.0,9000.0,0.47123889803846897,100.0,0.0,9000.0,100.0
1769432339.9686203,2.9811296463012695,-0.3207803964614868,2.4466037202873037,0.0,0.0,0.0,9000.0,0.47123889803846897,100.0,0.0,9000.0,100.0
1769432340.0186083,2.9811296463012695,-0.3207803964614868,2.4466037202873037,0.0,0.0,0.0,9000.0,0.47123889803846897,100.0,0.0,9000.0,100.0
1769432340.0684767,2.9811296463012695,-0.3207803964614868,2.4466037202873037,0.0,0.0,0.0,9000.0,0.47123889803846897,100.0,0.0,9000.0,100.0
1769432340.1185837,2.9811296463012695,-0.3207803964614868,2.4466037202873037,0.0,0.0,0.0,9000.0,0.47123889803846897,100.0,0.0,9000.0,100.0
1769432340.1684468,2.9811296463012695,-0.3207803964614868,2.4466037202873037,0.0,0.0,0.0,9000.0,0.47123889803846897,100.0,0.0,9000.0,100.0
1769432340.218577,2.9811296463012695,-0.3207803964614868,2.4466037202873037,0.0,0.0,0.0,9000.0,0.47123889803846897,100.0,0.0,9000.0,100.0
1769432340.2685895,2.9811296463012695,-0.3207803964614868,2.4466037202873037,0.0,0.0,0.0,9000.0,0.47123889803846897,100.0,0.0,9000.0,100.0
1769432340.318608,2.9811296463012695,-0.3207803964614868,2.4466037202873037,0.0,0.0,0.0,9000.0,0.47123889803846897,100.0,0.0,9000.0,100.0
1769432340.3685153,2.9811296463012695,-0.3207803964614868,2.4466037202873037,0.0,0.0,0.0,9000.0,0.47123889803846897,100.0,0.0,9000.0,100.0
1769432340.418614,2.9811296463012695,-0.3207803964614868,2.4466037202873037,0.0,0.0,0.0,8000.0,0.41887902047863906,100.0,0.0,8000.0,100.0
1769432340.468551,2.9811296463012695,-0.3207803964614868,2.4466037202873037,0.0,0.0,0.0,7000.0,0.36651914291880916,100.0,0.0,7000.0,100.0
1769432340.5186574,2.9811296463012695,-0.3207803964614868,2.4466037202873037,0.0,0.0,0.0,5000.0,0.2617993877991494,100.0,0.0,5000.0,100.0
1769432340.568517,2.9811296463012695,-0.3207803964614868,2.4466037202873037,0.0,0.0,0.0,4000.0,0.20943951023931953,100.0,0.0,4000.0,100.0
1769432340.6185763,2.9811296463012695,-0.3207803964614868,2.4466037202873037,0.0,0.0,0.0,3000.0,0.15707963267948963,100.0,0.0,3000.0,100.0
1769432340.6686087,2.9811296463012695,-0.3207803964614868,2.4466037202873037,0.0,0.0,0.0,2000.0,0.10471975511965977,100.0,0.0,2000.0,100.0
1769432340.7186208,2.9811296463012695,-0.3207803964614868,2.4466037202873037,0.0,0.0,0.0,1000.0,0.05235987755982988,100.0,0.0,1000.0,100.0
1769432340.7686155,2.9811296463012695,-0.3207803964614868,2.4466037202873037,0.0,0.0,0.0,0.0,0.0,100.0,0.0,0.0,100.0
1769432340.8186092,2.9811296463012695,-0.3207803964614868,2.4466037202873037,0.0,0.0,0.0,0.0,0.0,100.0,0.0,0.0,100.0
1769432340.8685348,2.9811296463012695,-0.3207803964614868,2.4466037202873037,0.0,0.0,0.0,0.0,0.0,100.0,0.0,0.0,100.0
1769432340.9185083,2.9811296463012695,-0.3207803964614868,2.4466037202873037,0.0,0.0,0.0,0.0,0.0,100.0,0.0,0.0,100.0
1769432340.968519,2.9811296463012695,-0.3207803964614868,2.4466037202873037,0.0,0.0,0.0,0.0,0.0,100.0,0.0,0.0,100.0
1769432341.0186055,2.9811296463012695,-0.3207803964614868,2.4466037202873037,0.0,0.0,0.0,0.0,0.0,100.0,0.0,0.0,100.0
1769432341.0685606,2.9811296463012695,-0.3207803964614868,2.4466037202873037,0.0,0.0,0.0,-1000.0,-0.05235987755982988,100.0,0.0,-1000.0,100.0
1769432341.1186001,2.9811296463012695,-0.3207803964614868,2.4466037202873037,0.0,0.0,0.0,-1000.0,-0.05235987755982988,100.0,0.0,-1000.0,100.0
1769432341.1684642,2.9811296463012695,-0.3207803964614868,2.4466037202873037,0.0,0.0,0.0,-2000.0,-0.10471975511965977,100.0,0.0,-2000.0,100.0
1769432341.2185712,2.9811296463012695,-0.3207803964614868,2.4466037202873037,0.0,0.0,0.0,-3000.0,-0.15707963267948963,100.0,0.0,-3000.0,100.0
1769432341.2685997,2.9811296463012695,-0.3207803964614868,2.4466037202873037,0.0,0.0,0.0,-3000.0,-0.15707963267948963,100.0,0.0,-3000.0,100.0
1769432341.3185177,2.9811296463012695,-0.3207803964614868,2.4466037202873037,0.0,0.0,0.0,-4000.0,-0.20943951023931953,100.0,0.0,-4000.0,100.0
1769432341.3685405,2.9811296463012695,-0.3207803964614868,2.4466037202873037,0.0,0.0,0.0,-5000.0,-0.2617993877991494,100.0,0.0,-5000.0,100.0
1769432341.4186125,2.9811296463012695,-0.3207803964614868,2.4466037202873037,0.0,0.0,0.0,-5000.0,-0.2617993877991494,100.0,0.0,-5000.0,100.0
1769432341.468515,2.9811296463012695,-0.3207803964614868,2.4466037202873037,0.0,0.0,0.0,-6000.0,-0.31415926535897926,100.0,0.0,-6000.0,100.0
1769432341.51854,2.9811296463012695,-0.3207803964614868,2.4466037202873037,0.0,0.0,0.0,-7000.0,-0.36651914291880916,100.0,0.0,-7000.0,100.0
1769432341.5685565,2.9811296463012695,-0.3207803964614868,2.4466037202873037,0.0,0.0,0.0,-7000.0,-0.36651914291880916,100.0,0.0,-7000.0,100.0
1769432341.6186738,2.9811296463012695,-0.3207803964614868,2.4466037202873037,0.0,0.0,0.0,-8000.0,-0.41887902047863906,100.0,0.0,-8000.0,100.0
1769432341.6685767,2.9811296463012695,-0.3207803964614868,2.4466037202873037,0.0,0.0,0.0,-9000.0,-0.47123889803846897,100.0,0.0,-9000.0,100.0
1769432341.7186043,2.9811296463012695,-0.3207803964614868,2.4466037202873037,0.0,0.0,0.0,-9000.0,-0.47123889803846897,100.0,0.0,-9000.0,100.0
1769432341.7685688,2.9811296463012695,-0.3207803964614868,2.4466037202873037,0.0,0.0,0.0,-9000.0,-0.47123889803846897,100.0,0.0,-9000.0,100.0
1769432341.8186069,2.9811296463012695,-0.3207803964614868,2.4466037202873037,0.0,0.0,0.0,-9000.0,-0.47123889803846897,100.0,0.0,-9000.0,100.0
1769432341.8686156,2.9811296463012695,-0.3207803964614868,2.4466037202873037,0.0,0.0,0.0,-9000.0,-0.47123889803846897,100.0,0.0,-9000.0,100.0
1769432341.9186141,2.9811296463012695,-0.3207803964614868,2.4466037202873037,0.0,0.0,0.0,-9000.0,-0.47123889803846897,100.0,0.0,-9000.0,100.0
1769432341.9684186,2.9811296463012695,-0.3207803964614868,2.4466037202873037,0.0,0.0,0.0,-9000.0,-0.47123889803846897,100.0,0.0,-9000.0,100.0
1769432342.0186088,2.9811296463012695,-0.3207803964614868,2.4466037202873037,0.0,0.0,0.0,-9000.0,-0.47123889803846897,100.0,0.0,-9000.0,100.0
1769432342.0684443,2.9811296463012695,-0.3207803964614868,2.4466037202873037,0.0,0.0,0.0,-9000.0,-0.47123889803846897,100.0,0.0,-9000.0,100.0
1769432342.118636,2.9811296463012695,-0.3207803964614868,2.4466037202873037,0.0,0.0,0.0,-8000.0,-0.41887902047863906,100.0,0.0,-8000.0,100.0
1769432342.168566,2.9811296463012695,-0.3207803964614868,2.4466037202873037,0.0,0.0,0.0,-7000.0,-0.36651914291880916,100.0,0.0,-7000.0,100.0
1769432342.2186131,2.9811296463012695,-0.3207803964614868,2.4466037202873037,0.0,0.0,0.0,-6000.0,-0.31415926535897926,100.0,0.0,-6000.0,100.0
1769432342.2685728,2.9811296463012695,-0.3207803964614868,2.4466037202873037,0.0,0.0,0.0,-5000.0,-0.2617993877991494,100.0,0.0,-5000.0,100.0
1769432342.3184938,2.9811296463012695,-0.3207803964614868,2.4466037202873037,0.0,0.0,0.0,-4000.0,-0.20943951023931953,200.0,0.0,-4000.0,200.0
1769432342.3686333,2.9811296463012695,-0.3207803964614868,2.4466037202873037,0.0,0.0,0.0,-3000.0,-0.15707963267948963,200.0,0.0,-3000.0,200.0
1769432342.4187183,2.9811296463012695,-0.3207803964614868,2.4466037202873037,0.0,0.0,0.0,-2000.0,-0.10471975511965977,200.0,0.0,-2000.0,200.0
1769432342.4685612,2.9811296463012695,-0.3207803964614868,2.4466037202873037,0.0,0.0,0.0,-1000.0,-0.05235987755982988,200.0,0.0,-1000.0,200.0
1769432342.5185568,2.9811296463012695,-0.3207803964614868,2.4466037202873037,0.0,0.0,0.0,0.0,0.0,300.0,0.0,0.0,300.0
1769432342.5685668,2.9811296463012695,-0.3207803964614868,2.4466037202873037,0.0,0.0,0.0,0.0,0.0,300.0,0.0,0.0,300.0
1769432342.6186101,2.9811296463012695,-0.3207803964614868,2.4466037202873037,0.0,0.0,0.0,0.0,0.0,300.0,0.0,0.0,300.0
1769432342.6686509,2.9811296463012695,-0.3207803964614868,2.4466037202873037,0.0,0.0,0.0,0.0,0.0,400.0,0.0,0.0,400.0
1769432342.7186263,2.9811296463012695,-0.3207803964614868,2.4466037202873037,0.0,0.0,0.0,0.0,0.0,400.0,0.0,0.0,400.0
1769432342.7685552,2.9811296463012695,-0.3207803964614868,2.4466037202873037,0.0,0.0,0.0,0.0,0.0,400.0,0.0,0.0,400.0
1769432342.8186302,2.9811296463012695,-0.3207803964614868,2.4466037202873037,0.0,0.0,0.0,0.0,0.0,400.0,0.0,0.0,400.0
1769432342.8684978,2.9811296463012695,-0.3207803964614868,2.4466037202873037,0.0,0.0,0.0,0.0,0.0,500.0,0.0,0.0,500.0
1769432342.9186602,2.9811296463012695,-0.3207803964614868,2.4466037202873037,0.0,0.0,0.0,0.0,0.0,500.0,0.0,0.0,500.0
1769432342.9685967,2.9811296463012695,-0.3207803964614868,2.4466037202873037,0.0,0.0,0.0,0.0,0.0,500.0,0.0,0.0,500.0
1769432343.018615,2.9811296463012695,-0.3207803964614868,2.4466037202873037,0.0,0.0,0.0,0.0,0.0,600.0,0.0,0.0,600.0
1769432343.0685132,2.9811296463012695,-0.3207803964614868,2.4466037202873037,0.0,0.0,0.0,0.0,0.0,600.0,0.0,0.0,600.0
1769432343.1185873,2.9811296463012695,-0.3207803964614868,2.4466037202873037,0.0,0.0,0.0,0.0,0.0,600.0,0.0,0.0,600.0
1769432343.1686616,2.9811296463012695,-0.3207803964614868,2.4466037202873037,0.0,0.0,0.0,0.0,0.0,600.0,0.0,0.0,600.0
1769432343.2186608,2.9811296463012695,-0.3207803964614868,2.4466037202873037,0.0,0.0,0.0,0.0,0.0,700.0,0.0,0.0,700.0
1769432343.268539,2.9811296463012695,-0.3207803964614868,2.4466037202873037,0.0,0.0,0.0,0.0,0.0,700.0,0.0,0.0,700.0
1769432343.3186285,2.9811296463012695,-0.3207803964614868,2.4466037202873037,0.0,0.0,0.0,0.0,0.0,700.0,0.0,0.0,700.0
1769432343.3686414,2.9811296463012695,-0.3207803964614868,2.4466037202873037,0.0,0.0,0.0,0.0,0.0,700.0,0.0,0.0,700.0
1769432343.4186327,2.9811296463012695,-0.3207803964614868,2.4466037202873037,0.0,0.0,0.0,0.0,0.0,700.0,0.0,0.0,700.0
1769432343.4685779,2.9811296463012695,-0.3207803964614868,2.4466037202873037,0.0,0.0,0.0,0.0,0.0,700.0,0.0,0.0,700.0
1769432343.518692,2.9811296463012695,-0.3207803964614868,2.4466037202873037,0.0,0.0,0.0,0.0,0.0,700.0,0.0,0.0,700.0
1769432343.5685556,2.9811296463012695,-0.3207803964614868,2.4466037202873037,0.0,0.0,0.0,0.0,0.0,700.0,0.0,0.0,700.0
1769432343.6186454,2.9811296463012695,-0.3207803964614868,2.4466037202873037,0.0,0.0,0.0,0.0,0.0,800.0,0.0,0.0,800.0
1769432343.6685517,2.9811296463012695,-0.3207803964614868,2.4466037202873037,0.0,0.0,0.0,0.0,0.0,800.0,0.0,0.0,800.0
1769432343.7186534,2.9811296463012695,-0.3207803964614868,2.4466037202873037,0.0,0.0,0.0,0.0,0.0,800.0,0.0,0.0,800.0
1769432343.7685862,2.9811296463012695,-0.3207803964614868,2.4466037202873037,0.0,0.0,0.0,0.0,0.0,800.0,0.0,0.0,800.0
1769432343.818618,2.9811296463012695,-0.3207803964614868,2.4466037202873037,0.0,0.0,0.0,0.0,0.0,800.0,0.0,0.0,800.0
1769432343.8685877,2.9811296463012695,-0.3207803964614868,2.4466037202873037,0.0,0.0,0.0,0.0,0.0,800.0,0.0,0.0,800.0
1769432343.9186652,2.9811296463012695,-0.3207803964614868,2.4466037202873037,0.0,0.0,0.0,0.0,0.0,800.0,0.0,0.0,800.0
1769432343.968561,2.9811296463012695,-0.3207803964614868,2.4466037202873037,0.0,0.0,0.0,0.0,0.0,900.0,0.0,0.0,900.0
1769432344.01855,2.9811296463012695,-0.3207803964614868,2.4466037202873037,0.0,0.0,0.0,0.0,0.0,900.0,0.0,0.0,900.0
1769432344.0686507,2.9811296463012695,-0.3207803964614868,2.4466037202873037,0.0,0.0,0.0,0.0,0.0,900.0,0.0,0.0,900.0
1769432344.1186628,2.9811296463012695,-0.3207803964614868,2.4466037202873037,0.0,0.0,0.0,0.0,0.0,900.0,0.0,0.0,900.0
1769432344.1685488,2.9811296463012695,-0.3207803964614868,2.4466037202873037,0.0,0.0,0.0,0.0,0.0,900.0,0.0,0.0,900.0
1769432344.2188232,2.9811296463012695,-0.3207803964614868,2.4466037202873037,0.0,0.0,0.0,0.0,0.0,900.0,0.0,0.0,900.0
1769432344.2686028,2.9811296463012695,-0.3207803964614868,2.4466037202873037,0.0,0.0,0.0,0.0,0.0,1000.0,0.0,0.0,1000.0
1769432344.318618,2.9811296463012695,-0.3207803964614868,2.4466037202873037,0.0,0.0,0.0,0.0,0.0,1000.0,0.0,0.0,1000.0
1769432344.3685586,2.9811296463012695,-0.3207803964614868,2.4466037202873037,0.0,0.0,0.0,0.0,0.0,1000.0,0.0,0.0,1000.0
1769432344.418639,2.9811296463012695,-0.3207803964614868,2.4466037202873037,0.0,0.0,0.0,0.0,0.0,1000.0,0.0,0.0,1000.0
1769432344.4685264,2.9811296463012695,-0.3207803964614868,2.4466037202873037,0.0,0.0,0.0,0.0,0.0,1000.0,0.0,0.0,1000.0
1769432344.5186586,2.9811296463012695,-0.3207803964614868,2.4466037202873037,0.0,0.0,0.0,0.0,0.0,1000.0,0.0,0.0,1000.0
1769432344.5685298,2.9811296463012695,-0.3207803964614868,2.4466037202873037,0.0,0.0,0.0,0.0,0.0,1000.0,0.0,0.0,1000.0
1769432344.618605,2.9811296463012695,-0.3207803964614868,2.4466037202873037,0.0,0.0,0.0,0.0,0.0,1100.0,0.0,0.0,1100.0
1769432344.6684666,2.9811296463012695,-0.3207803964614868,2.4466037202873037,0.0,0.0,0.0,0.0,0.0,1100.0,0.0,0.0,1100.0
1769432344.7185822,2.9811296463012695,-0.3207803964614868,2.4466037202873037,0.0,0.0,0.0,0.0,0.0,1100.0,0.0,0.0,1100.0
1769432344.768553,2.9811296463012695,-0.3207803964614868,2.4466037202873037,0.0,0.0,0.0,0.0,0.0,1100.0,0.0,0.0,1100.0
1769432344.8186238,2.9811296463012695,-0.3207803964614868,2.4466037202873037,0.0,0.0,0.0,0.0,0.0,1100.0,0.0,0.0,1100.0
1769432344.8685236,2.9811296463012695,-0.3207803964614868,2.4466037202873037,0.0,0.0,0.0,0.0,0.0,1100.0,0.0,0.0,1100.0
1769432344.9187148,2.9811296463012695,-0.3207803964614868,2.4466037202873037,0.0,0.0,0.0,0.0,0.0,1100.0,0.0,0.0,1100.0
1769432344.9685206,2.9811296463012695,-0.3207803964614868,2.4466037202873037,0.0,0.0,0.0,0.0,0.0,1100.0,0.0,0.0,1100.0
1769432345.0186126,2.9811296463012695,-0.3207803964614868,2.4466037202873037,0.0,0.0,0.0,0.0,0.0,1100.0,0.0,0.0,1100.0
1769432345.0684307,2.9811296463012695,-0.3207803964614868,2.4466037202873037,0.0,0.0,0.0,0.0,0.0,1100.0,0.0,0.0,1100.0
1769432345.118578,2.9811296463012695,-0.3207803964614868,2.4466037202873037,0.0,0.0,0.0,0.0,0.0,1200.0,0.0,0.0,1200.0
1769432345.1685874,2.9811296463012695,-0.3207803964614868,2.4466037202873037,0.0,0.0,0.0,0.0,0.0,1200.0,0.0,0.0,1200.0
1769432345.218576,2.9811296463012695,-0.3207803964614868,2.4466037202873037,0.0,0.0,0.0,0.0,0.0,1200.0,0.0,0.0,1200.0
1769432345.268607,2.9811296463012695,-0.3207803964614868,2.4466037202873037,0.0,0.0,0.0,0.0,0.0,1200.0,0.0,0.0,1200.0
1769432345.3186316,2.9811296463012695,-0.3207803964614868,2.4466037202873037,0.0,0.0,0.0,0.0,0.0,1200.0,0.0,0.0,1200.0
1769432345.36852,2.9811296463012695,-0.3207803964614868,2.4466037202873037,0.0,0.0,0.0,0.0,0.0,1200.0,0.0,0.0,1200.0
1769432345.4186358,2.9811296463012695,-0.3207803964614868,2.4466037202873037,0.0,0.0,0.0,0.0,0.0,1200.0,0.0,0.0,1200.0
1769432345.4685202,2.9811296463012695,-0.3207803964614868,2.4466037202873037,0.0,0.0,0.0,0.0,0.0,1200.0,0.0,0.0,1200.0
1769432345.5186298,2.9811296463012695,-0.3207803964614868,2.4466037202873037,0.0,0.0,0.0,0.0,0.0,1200.0,0.0,0.0,1200.0
1769432345.5685687,2.9811296463012695,-0.3207803964614868,2.4466037202873037,0.0,0.0,0.0,0.0,0.0,1200.0,0.0,0.0,1200.0
1769432345.618578,2.9811296463012695,-0.3207803964614868,2.4466037202873037,0.0,0.0,0.0,0.0,0.0,1200.0,0.0,0.0,1200.0
1769432345.6685438,2.9811296463012695,-0.3207803964614868,2.4466037202873037,0.0,0.0,0.0,0.0,0.0,1200.0,0.0,0.0,1200.0
1769432345.7186296,2.9811296463012695,-0.3207803964614868,2.4466037202873037,0.0,0.0,0.0,0.0,0.0,1200.0,0.0,0.0,1200.0
1769432345.768581,2.9811296463012695,-0.3207803964614868,2.4466037202873037,0.0,0.0,0.0,0.0,0.0,1200.0,0.0,0.0,1200.0
1769432345.8186119,2.9811296463012695,-0.3207803964614868,2.4466037202873037,0.0,0.0,0.0,0.0,0.0,1200.0,0.0,0.0,1200.0
1769432345.8685293,2.9811296463012695,-0.3207803964614868,2.4466037202873037,0.0,0.0,0.0,0.0,0.0,1200.0,0.0,0.0,1200.0
1769432345.9186125,2.9811296463012695,-0.3207803964614868,2.4466037202873037,0.0,0.0,0.0,0.0,0.0,1200.0,0.0,0.0,1200.0
1769432345.9685633,2.9811296463012695,-0.3207803964614868,2.4466037202873037,0.0,0.0,0.0,0.0,0.0,1200.0,0.0,0.0,1200.0
1769432346.018617,2.9811296463012695,-0.3207803964614868,2.4466037202873037,0.0,0.0,0.0,0.0,0.0,1100.0,0.0,0.0,1100.0
1769432346.068541,2.9811296463012695,-0.3207803964614868,2.4466037202873037,0.0,0.0,0.0,0.0,0.0,1100.0,0.0,0.0,1100.0
1769432346.1186535,2.9811296463012695,-0.3207803964614868,2.4466037202873037,0.0,0.0,0.0,0.0,0.0,1100.0,0.0,0.0,1100.0
1769432346.1685245,2.9811296463012695,-0.3207803964614868,2.4466037202873037,0.0,0.0,0.0,0.0,0.0,1100.0,0.0,0.0,1100.0
1769432346.2186124,2.9811296463012695,-0.3207803964614868,2.4466037202873037,0.0,0.0,0.0,0.0,0.0,1100.0,0.0,0.0,1100.0
1769432346.268557,2.9811296463012695,-0.3207803964614868,2.4466037202873037,0.0,0.0,0.0,0.0,0.0,1000.0,0.0,0.0,1000.0
1769432346.318561,2.9811296463012695,-0.3207803964614868,2.4466037202873037,0.0,0.0,0.0,0.0,0.0,1000.0,0.0,0.0,1000.0
1769432346.36864,2.9811296463012695,-0.3207803964614868,2.4466037202873037,0.0,0.0,0.0,0.0,0.0,1000.0,0.0,0.0,1000.0
1769432346.4186277,2.9811296463012695,-0.3207803964614868,2.4466037202873037,0.0,0.0,0.0,0.0,0.0,1000.0,0.0,0.0,1000.0
1769432346.4685707,2.9811296463012695,-0.3207803964614868,2.4466037202873037,0.0,0.0,0.0,0.0,0.0,1000.0,0.0,0.0,1000.0
1769432346.5186107,2.9811296463012695,-0.3207803964614868,2.4466037202873037,0.0,0.0,0.0,0.0,0.0,1000.0,0.0,0.0,1000.0
1769432346.5685494,2.9811296463012695,-0.3207803964614868,2.4466037202873037,0.0,0.0,0.0,0.0,0.0,1000.0,0.0,0.0,1000.0
1769432346.6186028,2.9811296463012695,-0.3207803964614868,2.4466037202873037,0.0,0.0,0.0,0.0,0.0,1000.0,0.0,0.0,1000.0
1769432346.6685143,2.9811296463012695,-0.3207803964614868,2.4466037202873037,0.0,0.0,0.0,0.0,0.0,1000.0,0.0,0.0,1000.0
1769432346.718634,2.9811296463012695,-0.3207803964614868,2.4466037202873037,0.0,0.0,0.0,0.0,0.0,1000.0,0.0,0.0,1000.0
1769432346.7685046,2.9811296463012695,-0.3207803964614868,2.4466037202873037,0.0,0.0,0.0,0.0,0.0,1000.0,0.0,0.0,1000.0
1769432346.8186011,2.9811296463012695,-0.3207803964614868,2.4466037202873037,0.0,0.0,0.0,0.0,0.0,1000.0,0.0,0.0,1000.0
1769432346.8685846,2.9811296463012695,-0.3207803964614868,2.4466037202873037,0.0,0.0,0.0,0.0,0.0,1100.0,0.0,0.0,1100.0
1769432346.9185834,2.9811296463012695,-0.3207803964614868,2.4466037202873037,0.0,0.0,0.0,0.0,0.0,1100.0,0.0,0.0,1100.0
1769432346.9686885,2.9811296463012695,-0.3207803964614868,2.4466037202873037,0.0,0.0,0.0,0.0,0.0,1100.0,0.0,0.0,1100.0
1769432347.0187,2.9811296463012695,-0.3207803964614868,2.4466037202873037,0.0,0.0,0.0,0.0,0.0,1100.0,0.0,0.0,1100.0
1769432347.0685213,2.9811296463012695,-0.3207803964614868,2.4466037202873037,0.0,0.0,0.0,0.0,0.0,1100.0,0.0,0.0,1100.0
1769432347.118659,2.9811296463012695,-0.3207803964614868,2.4466037202873037,0.0,0.0,0.0,0.0,0.0,1100.0,0.0,0.0,1100.0
1769432347.1685133,2.9811296463012695,-0.3207803964614868,2.4466037202873037,0.0,0.0,0.0,0.0,0.0,1100.0,0.0,0.0,1100.0
1769432347.218675,2.9811296463012695,-0.3207803964614868,2.4466037202873037,0.0,0.0,0.0,0.0,0.0,1100.0,0.0,0.0,1100.0
1769432347.26844,2.9811296463012695,-0.3207803964614868,2.4466037202873037,0.0,0.0,0.0,0.0,0.0,1100.0,0.0,0.0,1100.0
1769432347.3185732,2.9811296463012695,-0.3207803964614868,2.4466037202873037,0.0,0.0,0.0,0.0,0.0,1100.0,0.0,0.0,1100.0
1769432347.3686066,2.9811296463012695,-0.3207803964614868,2.4466037202873037,0.0,0.0,0.0,0.0,0.0,1100.0,0.0,0.0,1100.0
1769432347.4186199,2.9811296463012695,-0.3207803964614868,2.4466037202873037,0.0,0.0,0.0,0.0,0.0,1100.0,0.0,0.0,1100.0
1769432347.4686325,2.9811296463012695,-0.3207803964614868,2.4466037202873037,0.0,0.0,0.0,0.0,0.0,1100.0,0.0,0.0,1100.0
1769432347.5186288,2.9811296463012695,-0.3207803964614868,2.4466037202873037,0.0,0.0,0.0,0.0,0.0,1100.0,0.0,0.0,1100.0
1769432347.5685122,2.9811296463012695,-0.3207803964614868,2.4466037202873037,0.0,0.0,0.0,0.0,0.0,1100.0,0.0,0.0,1100.0
1769432347.618612,2.9811296463012695,-0.3207803964614868,2.4466037202873037,0.0,0.0,0.0,0.0,0.0,1100.0,0.0,0.0,1100.0
1769432347.6685448,2.9811296463012695,-0.3207803964614868,2.4466037202873037,0.0,0.0,0.0,0.0,0.0,1100.0,0.0,0.0,1100.0
1769432347.7186227,2.9811296463012695,-0.3207803964614868,2.4466037202873037,0.0,0.0,0.0,0.0,0.0,1100.0,0.0,0.0,1100.0
1769432347.768551,2.9811296463012695,-0.3207803964614868,2.4466037202873037,0.0,0.0,0.0,0.0,0.0,1100.0,0.0,0.0,1100.0
1769432347.818611,2.9811296463012695,-0.3207803964614868,2.4466037202873037,0.0,0.0,0.0,0.0,0.0,1100.0,0.0,0.0,1100.0
1769432347.8685262,2.9811296463012695,-0.3207803964614868,2.4466037202873037,0.0,0.0,0.0,0.0,0.0,1100.0,0.0,0.0,1100.0
1769432347.9186242,2.9811296463012695,-0.3207803964614868,2.4466037202873037,0.0,0.0,0.0,0.0,0.0,1100.0,0.0,0.0,1100.0
1769432347.9685628,2.9811296463012695,-0.3207803964614868,2.4466037202873037,0.0,0.0,0.0,0.0,0.0,1100.0,0.0,0.0,1100.0
1769432348.0186276,2.9811296463012695,-0.3207803964614868,2.4466037202873037,0.0,0.0,0.0,0.0,0.0,1100.0,0.0,0.0,1100.0
1769432348.068478,2.9811296463012695,-0.3207803964614868,2.4466037202873037,0.0,0.0,0.0,0.0,0.0,1100.0,0.0,0.0,1100.0
1769432348.1186104,2.9811296463012695,-0.3207803964614868,2.4466037202873037,0.0,0.0,0.0,0.0,0.0,1100.0,0.0,0.0,1100.0
1769432348.168567,2.9811296463012695,-0.3207803964614868,2.4466037202873037,0.0,0.0,0.0,0.0,0.0,1100.0,0.0,0.0,1100.0
1769432348.2213082,2.9811296463012695,-0.3207803964614868,2.4466037202873037,0.0,0.0,0.0,0.0,0.0,1100.0,0.0,0.0,1100.0
1769432348.2684712,2.9811296463012695,-0.3207803964614868,2.4466037202873037,0.0,0.0,0.0,0.0,0.0,1100.0,0.0,0.0,1100.0
1769432348.3186302,2.9811296463012695,-0.3207803964614868,2.4466037202873037,0.0,0.0,0.0,0.0,0.0,1100.0,0.0,0.0,1100.0
1769432348.368487,2.9811296463012695,-0.3207803964614868,2.4466037202873037,0.0,0.0,0.0,0.0,0.0,1100.0,0.0,0.0,1100.0
1769432348.4186053,2.9811296463012695,-0.3207803964614868,2.4466037202873037,0.0,0.0,0.0,0.0,0.0,1100.0,0.0,0.0,1100.0
1769432348.4685273,2.9811296463012695,-0.3207803964614868,2.4466037202873037,0.0,0.0,0.0,0.0,0.0,1100.0,0.0,0.0,1100.0
1769432348.518643,2.9811296463012695,-0.3207803964614868,2.4466037202873037,0.0,0.0,0.0,0.0,0.0,1100.0,0.0,0.0,1100.0
1769432348.5685863,2.9811296463012695,-0.3207803964614868,2.4466037202873037,0.0,0.0,0.0,0.0,0.0,1100.0,0.0,0.0,1100.0
1769432348.6185837,2.9811296463012695,-0.3207803964614868,2.4466037202873037,0.0,0.0,0.0,0.0,0.0,1100.0,0.0,0.0,1100.0
1769432348.6686268,2.9811296463012695,-0.3207803964614868,2.4466037202873037,0.0,0.0,0.0,0.0,0.0,1100.0,0.0,0.0,1100.0
1769432348.7186925,2.9811296463012695,-0.3207803964614868,2.4466037202873037,0.0,0.0,0.0,0.0,0.0,1100.0,0.0,0.0,1100.0
1769432348.768574,2.9811296463012695,-0.3207803964614868,2.4466037202873037,0.0,0.0,0.0,0.0,0.0,1100.0,0.0,0.0,1100.0
1769432348.8187125,2.9811296463012695,-0.3207803964614868,2.4466037202873037,0.0,0.0,0.0,0.0,0.0,1100.0,0.0,0.0,1100.0
1769432348.868583,2.9811296463012695,-0.3207803964614868,2.4466037202873037,0.0,0.0,0.0,0.0,0.0,1100.0,0.0,0.0,1100.0
1769432348.9186943,2.9811296463012695,-0.3207803964614868,2.4466037202873037,0.0,0.0,0.0,0.0,0.0,1100.0,0.0,0.0,1100.0
1769432348.9684904,2.9811296463012695,-0.3207803964614868,2.4466037202873037,0.0,0.0,0.0,0.0,0.0,1100.0,0.0,0.0,1100.0
1769432349.0186636,2.9811296463012695,-0.3207803964614868,2.4466037202873037,0.0,0.0,0.0,0.0,0.0,1100.0,0.0,0.0,1100.0
1769432349.0685818,2.9811296463012695,-0.3207803964614868,2.4466037202873037,0.0,0.0,0.0,0.0,0.0,1100.0,0.0,0.0,1100.0
1769432349.1187289,2.9811296463012695,-0.3207803964614868,2.4466037202873037,0.0,0.0,0.0,0.0,0.0,1100.0,0.0,0.0,1100.0
1769432349.1685746,2.9811296463012695,-0.3207803964614868,2.4466037202873037,0.0,0.0,0.0,0.0,0.0,1100.0,0.0,0.0,1100.0
1769432349.2186387,2.9811296463012695,-0.3207803964614868,2.4466037202873037,0.0,0.0,0.0,0.0,0.0,1100.0,0.0,0.0,1100.0
1769432349.2686782,2.9811296463012695,-0.3207803964614868,2.4466037202873037,0.0,0.0,0.0,0.0,0.0,1100.0,0.0,0.0,1100.0
1769432349.3187256,2.9811296463012695,-0.3207803964614868,2.4466037202873037,0.0,0.0,0.0,0.0,0.0,1100.0,0.0,0.0,1100.0
1769432349.3686864,2.9811296463012695,-0.3207803964614868,2.4466037202873037,0.0,0.0,0.0,0.0,0.0,1100.0,0.0,0.0,1100.0
1769432349.4186833,2.9811296463012695,-0.3207803964614868,2.4466037202873037,0.0,0.0,0.0,0.0,0.0,1100.0,0.0,0.0,1100.0
1769432349.4686055,2.9811296463012695,-0.3207803964614868,2.4466037202873037,0.0,0.0,0.0,0.0,0.0,1100.0,0.0,0.0,1100.0
1769432349.5186384,2.9811296463012695,-0.3207803964614868,2.4466037202873037,0.0,0.0,0.0,0.0,0.0,1100.0,0.0,0.0,1100.0
1769432349.5685828,2.9811296463012695,-0.3207803964614868,2.4466037202873037,0.0,0.0,0.0,0.0,0.0,1100.0,0.0,0.0,1100.0
1769432349.618649,2.9811296463012695,-0.3207803964614868,2.4466037202873037,0.0,0.0,0.0,0.0,0.0,1100.0,0.0,0.0,1100.0
1769432349.6685672,2.9811296463012695,-0.3207803964614868,2.4466037202873037,0.0,0.0,0.0,0.0,0.0,1100.0,0.0,0.0,1100.0
1769432349.7186415,2.9811296463012695,-0.3207803964614868,2.4466037202873037,0.0,0.0,0.0,0.0,0.0,1100.0,0.0,0.0,1100.0
1769432349.7685642,2.9811296463012695,-0.3207803964614868,2.4466037202873037,0.0,0.0,0.0,0.0,0.0,1100.0,0.0,0.0,1100.0
1769432349.8186502,2.9811296463012695,-0.3207803964614868,2.4466037202873037,0.0,0.0,0.0,0.0,0.0,1100.0,0.0,0.0,1100.0
1769432349.8685865,2.9811296463012695,-0.3207803964614868,2.4466037202873037,0.0,0.0,0.0,0.0,0.0,1100.0,0.0,0.0,1100.0
1769432349.9186063,2.9811296463012695,-0.3207803964614868,2.4466037202873037,0.0,0.0,0.0,0.0,0.0,1100.0,0.0,0.0,1100.0
1769432349.9685466,2.9811296463012695,-0.3207803964614868,2.4466037202873037,0.0,0.0,0.0,0.0,0.0,1100.0,0.0,0.0,1100.0
1769432350.0186536,2.9811296463012695,-0.3207803964614868,2.4466037202873037,0.0,0.0,0.0,0.0,0.0,1100.0,0.0,0.0,1100.0
1769432350.0685782,2.9811296463012695,-0.3207803964614868,2.4466037202873037,0.0,0.0,0.0,0.0,0.0,1100.0,0.0,0.0,1100.0
1769432350.1186483,2.9811296463012695,-0.3207803964614868,2.4466037202873037,0.0,0.0,0.0,0.0,0.0,1100.0,0.0,0.0,1100.0
1769432350.1685586,2.9811296463012695,-0.3207803964614868,2.4466037202873037,0.0,0.0,0.0,0.0,0.0,1100.0,0.0,0.0,1100.0
1769432350.2214215,2.9811296463012695,-0.3207803964614868,2.4466037202873037,0.0,0.0,0.0,0.0,0.0,1100.0,0.0,0.0,1100.0
1769432350.268548,2.9811296463012695,-0.3207803964614868,2.4466037202873037,0.0,0.0,0.0,0.0,0.0,1100.0,0.0,0.0,1100.0
1769432350.3185403,2.9811296463012695,-0.3207803964614868,2.4466037202873037,0.0,0.0,0.0,0.0,0.0,1100.0,0.0,0.0,1100.0
1769432350.368621,2.9811296463012695,-0.3207803964614868,2.4466037202873037,0.0,0.0,0.0,0.0,0.0,1100.0,0.0,0.0,1100.0
1769432350.4185793,2.9811296463012695,-0.3207803964614868,2.4466037202873037,0.0,0.0,0.0,0.0,0.0,1100.0,0.0,0.0,1100.0
1769432350.4685366,2.9811296463012695,-0.3207803964614868,2.4466037202873037,0.0,0.0,0.0,0.0,0.0,1100.0,0.0,0.0,1100.0
1769432350.518632,2.9811296463012695,-0.3207803964614868,2.4466037202873037,0.0,0.0,0.0,0.0,0.0,1100.0,0.0,0.0,1100.0
1769432350.5685506,2.9811296463012695,-0.3207803964614868,2.4466037202873037,0.0,0.0,0.0,0.0,0.0,1100.0,0.0,0.0,1100.0
1769432350.6186054,2.9811296463012695,-0.3207803964614868,2.4466037202873037,0.0,0.0,0.0,0.0,0.0,1100.0,0.0,0.0,1100.0
1769432350.668517,2.9811296463012695,-0.3207803964614868,2.4466037202873037,0.0,0.0,0.0,0.0,0.0,1100.0,0.0,0.0,1100.0
1769432350.718639,2.9811296463012695,-0.3207803964614868,2.4466037202873037,0.0,0.0,0.0,0.0,0.0,1100.0,0.0,0.0,1100.0
1769432350.7684853,2.9811296463012695,-0.3207803964614868,2.4466037202873037,0.0,0.0,0.0,0.0,0.0,1100.0,0.0,0.0,1100.0
1769432350.8185735,2.9811296463012695,-0.3207803964614868,2.4466037202873037,0.0,0.0,0.0,0.0,0.0,1100.0,0.0,0.0,1100.0
1769432350.868579,2.9811296463012695,-0.3207803964614868,2.4466037202873037,0.0,0.0,0.0,0.0,0.0,1100.0,0.0,0.0,1100.0
1769432350.9185722,2.9811296463012695,-0.3207803964614868,2.4466037202873037,0.0,0.0,0.0,0.0,0.0,1100.0,0.0,0.0,1100.0
1769432350.9686134,2.9811296463012695,-0.3207803964614868,2.4466037202873037,0.0,0.0,0.0,0.0,0.0,1100.0,0.0,0.0,1100.0
1769432351.0185902,2.9811296463012695,-0.3207803964614868,2.4466037202873037,0.0,0.0,0.0,0.0,0.0,1100.0,0.0,0.0,1100.0
1769432351.0685196,2.9811296463012695,-0.3207803964614868,2.4466037202873037,0.0,0.0,0.0,0.0,0.0,1100.0,0.0,0.0,1100.0
1769432351.1186025,2.9811296463012695,-0.3207803964614868,2.4466037202873037,0.0,0.0,0.0,0.0,0.0,1100.0,0.0,0.0,1100.0
1769432351.168561,2.9811296463012695,-0.3207803964614868,2.4466037202873037,0.0,0.0,0.0,0.0,0.0,1100.0,0.0,0.0,1100.0
1769432351.218536,2.9811296463012695,-0.3207803964614868,2.4466037202873037,0.0,0.0,0.0,0.0,0.0,1100.0,0.0,0.0,1100.0
1769432351.2685483,2.9811296463012695,-0.3207803964614868,2.4466037202873037,0.0,0.0,0.0,0.0,0.0,1100.0,0.0,0.0,1100.0
1769432351.3185694,2.9811296463012695,-0.3207803964614868,2.4466037202873037,0.0,0.0,0.0,0.0,0.0,1100.0,0.0,0.0,1100.0
1769432351.3685405,2.9811296463012695,-0.3207803964614868,2.4466037202873037,0.0,0.0,0.0,0.0,0.0,1100.0,0.0,0.0,1100.0
1769432351.4185183,2.9811296463012695,-0.3207803964614868,2.4466037202873037,0.0,0.0,0.0,0.0,0.0,1100.0,0.0,0.0,1100.0
1769432351.468549,2.9811296463012695,-0.3207803964614868,2.4466037202873037,0.0,0.0,0.0,0.0,0.0,1100.0,0.0,0.0,1100.0
1769432351.5185864,2.9811296463012695,-0.3207803964614868,2.4466037202873037,0.0,0.0,0.0,0.0,0.0,1100.0,0.0,0.0,1100.0
1769432351.5685537,2.9811296463012695,-0.3207803964614868,2.4466037202873037,0.0,0.0,0.0,0.0,0.0,1100.0,0.0,0.0,1100.0
1769432351.6185458,2.9811296463012695,-0.3207803964614868,2.4466037202873037,0.0,0.0,0.0,0.0,0.0,1100.0,0.0,0.0,1100.0
1769432351.6685596,2.9811296463012695,-0.3207803964614868,2.4466037202873037,0.0,0.0,0.0,0.0,0.0,1100.0,0.0,0.0,1100.0
1769432351.7186112,2.9811296463012695,-0.3207803964614868,2.4466037202873037,0.0,0.0,0.0,0.0,0.0,1100.0,0.0,0.0,1100.0
1769432351.7685344,2.9811296463012695,-0.3207803964614868,2.4466037202873037,0.0,0.0,0.0,0.0,0.0,1100.0,0.0,0.0,1100.0
1769432351.8185441,2.9811296463012695,-0.3207803964614868,2.4466037202873037,0.0,0.0,0.0,0.0,0.0,1100.0,0.0,0.0,1100.0
1769432351.8685513,2.9811296463012695,-0.3207803964614868,2.4466037202873037,0.0,0.0,0.0,0.0,0.0,1100.0,0.0,0.0,1100.0
1769432351.9185877,2.9811296463012695,-0.3207803964614868,2.4466037202873037,0.0,0.0,0.0,0.0,0.0,1100.0,0.0,0.0,1100.0
1769432351.9685676,2.9811296463012695,-0.3207803964614868,2.4466037202873037,0.0,0.0,0.0,0.0,0.0,1100.0,0.0,0.0,1100.0
1769432352.0185847,2.9811296463012695,-0.3207803964614868,2.4466037202873037,0.0,0.0,0.0,0.0,0.0,1100.0,0.0,0.0,1100.0
1769432352.0685725,2.9811296463012695,-0.3207803964614868,2.4466037202873037,0.0,0.0,0.0,0.0,0.0,1100.0,0.0,0.0,1100.0
1769432352.1185296,2.9811296463012695,-0.3207803964614868,2.4466037202873037,0.0,0.0,0.0,0.0,0.0,1100.0,0.0,0.0,1100.0
1769432352.1685302,2.9811296463012695,-0.3207803964614868,2.4466037202873037,0.0,0.0,0.0,0.0,0.0,1100.0,0.0,0.0,1100.0
1769432352.2187328,2.9811296463012695,-0.3207803964614868,2.4466037202873037,0.0,0.0,0.0,0.0,0.0,1100.0,0.0,0.0,1100.0
1769432352.2685425,2.9811296463012695,-0.3207803964614868,2.4466037202873037,0.0,0.0,0.0,0.0,0.0,1100.0,0.0,0.0,1100.0
1769432352.3186133,2.9811296463012695,-0.3207803964614868,2.4466037202873037,0.0,0.0,0.0,0.0,0.0,1100.0,0.0,0.0,1100.0
1769432352.368524,2.9811296463012695,-0.3207803964614868,2.4466037202873037,0.0,0.0,0.0,0.0,0.0,1100.0,0.0,0.0,1100.0
1769432352.4186518,2.9811296463012695,-0.3207803964614868,2.4466037202873037,0.0,0.0,0.0,0.0,0.0,1100.0,0.0,0.0,1100.0
1769432352.4684942,2.9811296463012695,-0.3207803964614868,2.4466037202873037,0.0,0.0,0.0,0.0,0.0,1100.0,0.0,0.0,1100.0
1769432352.518572,2.9811296463012695,-0.3207803964614868,2.4466037202873037,0.0,0.0,0.0,0.0,0.0,1100.0,0.0,0.0,1100.0
1769432352.5685627,2.9811296463012695,-0.3207803964614868,2.4466037202873037,0.0,0.0,0.0,0.0,0.0,1100.0,0.0,0.0,1100.0
1769432352.6185217,2.9811296463012695,-0.3207803964614868,2.4466037202873037,0.0,0.0,0.0,0.0,0.0,1100.0,0.0,0.0,1100.0
1769432352.668499,2.9811296463012695,-0.3207803964614868,2.4466037202873037,0.0,0.0,0.0,0.0,0.0,1100.0,0.0,0.0,1100.0
1769432352.7186198,2.9811296463012695,-0.3207803964614868,2.4466037202873037,0.0,0.0,0.0,0.0,0.0,1100.0,0.0,0.0,1100.0
1769432352.7685413,2.9811296463012695,-0.3207803964614868,2.4466037202873037,0.0,0.0,0.0,0.0,0.0,1100.0,0.0,0.0,1100.0
1769432352.8186512,2.9811296463012695,-0.3207803964614868,2.4466037202873037,0.0,0.0,0.0,0.0,0.0,1100.0,0.0,0.0,1100.0
1769432352.8685446,2.9811296463012695,-0.3207803964614868,2.4466037202873037,0.0,0.0,0.0,0.0,0.0,1100.0,0.0,0.0,1100.0
1769432352.918575,2.9811296463012695,-0.3207803964614868,2.4466037202873037,0.0,0.0,0.0,0.0,0.0,1100.0,0.0,0.0,1100.0
1769432352.9684637,2.9811296463012695,-0.3207803964614868,2.4466037202873037,0.0,0.0,0.0,0.0,0.0,1100.0,0.0,0.0,1100.0
1769432353.018577,2.9811296463012695,-0.3207803964614868,2.4466037202873037,0.0,0.0,0.0,0.0,0.0,1100.0,0.0,0.0,1100.0
1769432353.0684683,2.9811296463012695,-0.3207803964614868,2.4466037202873037,0.0,0.0,0.0,0.0,0.0,1100.0,0.0,0.0,1100.0
1769432353.1184971,2.9811296463012695,-0.3207803964614868,2.4466037202873037,0.0,0.0,0.0,0.0,0.0,1100.0,0.0,0.0,1100.0
1769432353.1686122,2.9811296463012695,-0.3207803964614868,2.4466037202873037,0.0,0.0,0.0,0.0,0.0,1100.0,0.0,0.0,1100.0
1769432353.2186546,2.9811296463012695,-0.3207803964614868,2.4466037202873037,0.0,0.0,0.0,0.0,0.0,1100.0,0.0,0.0,1100.0
1769432353.2686257,2.9811296463012695,-0.3207803964614868,2.4466037202873037,0.0,0.0,0.0,0.0,0.0,1100.0,0.0,0.0,1100.0
1769432353.318651,2.9811296463012695,-0.3207803964614868,2.4466037202873037,0.0,0.0,0.0,0.0,0.0,1100.0,0.0,0.0,1100.0
1769432353.368634,2.9811296463012695,-0.3207803964614868,2.4466037202873037,0.0,0.0,0.0,0.0,0.0,1100.0,0.0,0.0,1100.0
1769432353.4185705,2.9811296463012695,-0.3207803964614868,2.4466037202873037,0.0,0.0,0.0,0.0,0.0,1100.0,0.0,0.0,1100.0
1769432353.4686465,2.9811296463012695,-0.3207803964614868,2.4466037202873037,0.0,0.0,0.0,0.0,0.0,1100.0,0.0,0.0,1100.0
1769432353.5186477,2.9811296463012695,-0.3207803964614868,2.4466037202873037,0.0,0.0,0.0,0.0,0.0,1100.0,0.0,0.0,1100.0
1769432353.5686424,2.9811296463012695,-0.3207803964614868,2.4466037202873037,0.0,0.0,0.0,0.0,0.0,1100.0,0.0,0.0,1100.0
1769432353.618661,2.9811296463012695,-0.3207803964614868,2.4466037202873037,0.0,0.0,0.0,0.0,0.0,1100.0,0.0,0.0,1100.0
1769432353.6686707,2.9811296463012695,-0.3207803964614868,2.4466037202873037,0.0,0.0,0.0,0.0,0.0,1100.0,0.0,0.0,1100.0
1769432353.7186763,2.9811296463012695,-0.3207803964614868,2.4466037202873037,0.0,0.0,0.0,0.0,0.0,1100.0,0.0,0.0,1100.0
1769432353.7684817,2.9811296463012695,-0.3207803964614868,2.4466037202873037,0.0,0.0,0.0,0.0,0.0,1100.0,0.0,0.0,1100.0
1769432353.818613,2.9811296463012695,-0.3207803964614868,2.4466037202873037,0.0,0.0,0.0,0.0,0.0,1100.0,0.0,0.0,1100.0
1769432353.8685434,2.9811296463012695,-0.3207803964614868,2.4466037202873037,0.0,0.0,0.0,0.0,0.0,1100.0,0.0,0.0,1100.0
1769432353.9185374,2.9811296463012695,-0.3207803964614868,2.4466037202873037,0.0,0.0,0.0,0.0,0.0,1100.0,0.0,0.0,1100.0
1769432353.9685316,2.9811296463012695,-0.3207803964614868,2.4466037202873037,0.0,0.0,0.0,0.0,0.0,1100.0,0.0,0.0,1100.0
1769432354.0185225,2.9811296463012695,-0.3207803964614868,2.4466037202873037,0.0,0.0,0.0,0.0,0.0,1100.0,0.0,0.0,1100.0
1769432354.0685527,2.9811296463012695,-0.3207803964614868,2.4466037202873037,0.0,0.0,0.0,0.0,0.0,1100.0,0.0,0.0,1100.0
1769432354.1186004,2.9811296463012695,-0.3207803964614868,2.4466037202873037,0.0,0.0,0.0,0.0,0.0,1100.0,0.0,0.0,1100.0
1769432354.1685438,2.9811296463012695,-0.3207803964614868,2.4466037202873037,0.0,0.0,0.0,0.0,0.0,1100.0,0.0,0.0,1100.0
1769432354.2185447,2.9811296463012695,-0.3207803964614868,2.4466037202873037,0.0,0.0,0.0,0.0,0.0,1100.0,0.0,0.0,1100.0
1769432354.2685542,2.9811296463012695,-0.3207803964614868,2.4466037202873037,0.0,0.0,0.0,0.0,0.0,1100.0,0.0,0.0,1100.0
1769432354.3186152,2.9811296463012695,-0.3207803964614868,2.4466037202873037,0.0,0.0,0.0,0.0,0.0,1100.0,0.0,0.0,1100.0
1769432354.3685505,2.9811296463012695,-0.3207803964614868,2.4466037202873037,0.0,0.0,0.0,0.0,0.0,1100.0,0.0,0.0,1100.0
1769432354.418573,2.9811296463012695,-0.3207803964614868,2.4466037202873037,0.0,0.0,0.0,0.0,0.0,1100.0,0.0,0.0,1100.0
1769432354.4684713,2.9811296463012695,-0.3207803964614868,2.4466037202873037,0.0,0.0,0.0,0.0,0.0,1100.0,0.0,0.0,1100.0
1769432354.5185976,2.9811296463012695,-0.3207803964614868,2.4466037202873037,0.0,0.0,0.0,0.0,0.0,1100.0,0.0,0.0,1100.0
1769432354.568531,2.9811296463012695,-0.3207803964614868,2.4466037202873037,0.0,0.0,0.0,0.0,0.0,1100.0,0.0,0.0,1100.0
1769432354.618619,2.9811296463012695,-0.3207803964614868,2.4466037202873037,0.0,0.0,0.0,0.0,0.0,1100.0,0.0,0.0,1100.0
1769432354.6684866,2.9811296463012695,-0.3207803964614868,2.4466037202873037,0.0,0.0,0.0,0.0,0.0,1100.0,0.0,0.0,1100.0
1769432354.718562,2.9811296463012695,-0.3207803964614868,2.4466037202873037,0.0,0.0,0.0,0.0,0.0,1100.0,0.0,0.0,1100.0
1769432354.7685761,2.9811296463012695,-0.3207803964614868,2.4466037202873037,0.0,0.0,0.0,0.0,0.0,1100.0,0.0,0.0,1100.0
1769432354.818613,2.9811296463012695,-0.3207803964614868,2.4466037202873037,0.0,0.0,0.0,0.0,0.0,1100.0,0.0,0.0,1100.0
1769432354.8685846,2.9811296463012695,-0.3207803964614868,2.4466037202873037,0.0,0.0,0.0,0.0,0.0,1100.0,0.0,0.0,1100.0
1769432354.91864,2.9811296463012695,-0.3207803964614868,2.4466037202873037,0.0,0.0,0.0,0.0,0.0,1100.0,0.0,0.0,1100.0
1769432354.9685466,2.9811296463012695,-0.3207803964614868,2.4466037202873037,0.0,0.0,0.0,0.0,0.0,1100.0,0.0,0.0,1100.0
1769432355.018613,2.9811296463012695,-0.3207803964614868,2.4466037202873037,0.0,0.0,0.0,0.0,0.0,1100.0,0.0,0.0,1100.0
1769432355.0686657,2.9811296463012695,-0.3207803964614868,2.4466037202873037,0.0,0.0,0.0,0.0,0.0,1100.0,0.0,0.0,1100.0
1769432355.1186442,2.9811296463012695,-0.3207803964614868,2.4466037202873037,0.0,0.0,0.0,0.0,0.0,1100.0,0.0,0.0,1100.0
1769432355.16856,2.9811296463012695,-0.3207803964614868,2.4466037202873037,0.0,0.0,0.0,0.0,0.0,1100.0,0.0,0.0,1100.0
1769432355.2185724,2.9811296463012695,-0.3207803964614868,2.4466037202873037,0.0,0.0,0.0,0.0,0.0,1100.0,0.0,0.0,1100.0
1769432355.26857,2.9811296463012695,-0.3207803964614868,2.4466037202873037,0.0,0.0,0.0,0.0,0.0,1100.0,0.0,0.0,1100.0
1769432355.3186188,2.9811296463012695,-0.3207803964614868,2.4466037202873037,0.0,0.0,0.0,0.0,0.0,1100.0,0.0,0.0,1100.0
1769432355.3685968,2.9811296463012695,-0.3207803964614868,2.4466037202873037,0.0,0.0,0.0,0.0,0.0,1100.0,0.0,0.0,1100.0
1769432355.418705,2.9811296463012695,-0.3207803964614868,2.4466037202873037,0.0,0.0,0.0,0.0,0.0,1100.0,0.0,0.0,1100.0
1769432355.4686725,2.9811296463012695,-0.3207803964614868,2.4466037202873037,0.0,0.0,0.0,0.0,0.0,1100.0,0.0,0.0,1100.0
1769432355.5186749,2.9811296463012695,-0.3207803964614868,2.4466037202873037,0.0,0.0,0.0,0.0,0.0,1100.0,0.0,0.0,1100.0
1769432355.5686722,2.9811296463012695,-0.3207803964614868,2.4466037202873037,0.0,0.0,0.0,0.0,0.0,1100.0,0.0,0.0,1100.0
1769432355.6187274,2.9811296463012695,-0.3207803964614868,2.4466037202873037,0.0,0.0,0.0,0.0,0.0,1100.0,0.0,0.0,1100.0
1769432355.6686676,2.9811296463012695,-0.3207803964614868,2.4466037202873037,0.0,0.0,0.0,0.0,0.0,1100.0,0.0,0.0,1100.0
1769432355.7187018,2.9811296463012695,-0.3207803964614868,2.4466037202873037,0.0,0.0,0.0,0.0,0.0,1100.0,0.0,0.0,1100.0
1769432355.7686613,2.9811296463012695,-0.3207803964614868,2.4466037202873037,0.0,0.0,0.0,0.0,0.0,1100.0,0.0,0.0,1100.0
1769432355.818678,2.9811296463012695,-0.3207803964614868,2.4466037202873037,0.0,0.0,0.0,0.0,0.0,1100.0,0.0,0.0,1100.0
1769432355.8687155,2.9811296463012695,-0.3207803964614868,2.4466037202873037,0.0,0.0,0.0,0.0,0.0,1100.0,0.0,0.0,1100.0
1769432355.91865,2.9811296463012695,-0.3207803964614868,2.4466037202873037,0.0,0.0,0.0,0.0,0.0,1100.0,0.0,0.0,1100.0
1769432355.9686677,2.9811296463012695,-0.3207803964614868,2.4466037202873037,0.0,0.0,0.0,0.0,0.0,1100.0,0.0,0.0,1100.0
1769432356.018693,2.9811296463012695,-0.3207803964614868,2.4466037202873037,0.0,0.0,0.0,0.0,0.0,1100.0,0.0,0.0,1100.0
1769432356.0686865,2.9811296463012695,-0.3207803964614868,2.4466037202873037,0.0,0.0,0.0,0.0,0.0,1100.0,0.0,0.0,1100.0
1769432356.1186993,2.9811296463012695,-0.3207803964614868,2.4466037202873037,0.0,0.0,0.0,0.0,0.0,1100.0,0.0,0.0,1100.0
1769432356.1686728,2.9811296463012695,-0.3207803964614868,2.4466037202873037,0.0,0.0,0.0,0.0,0.0,1100.0,0.0,0.0,1100.0
1769432356.2186804,2.9811296463012695,-0.3207803964614868,2.4466037202873037,0.0,0.0,0.0,0.0,0.0,1100.0,0.0,0.0,1100.0
1769432356.26866,2.9811296463012695,-0.3207803964614868,2.4466037202873037,0.0,0.0,0.0,0.0,0.0,1100.0,0.0,0.0,1100.0
1769432356.318706,2.9811296463012695,-0.3207803964614868,2.4466037202873037,0.0,0.0,0.0,0.0,0.0,1100.0,0.0,0.0,1100.0
1769432356.3685737,2.9811296463012695,-0.3207803964614868,2.4466037202873037,0.0,0.0,0.0,0.0,0.0,1100.0,0.0,0.0,1100.0
1769432356.418697,2.9811296463012695,-0.3207803964614868,2.4466037202873037,0.0,0.0,0.0,0.0,0.0,1100.0,0.0,0.0,1100.0
1769432356.4686527,2.9811296463012695,-0.3207803964614868,2.4466037202873037,0.0,0.0,0.0,0.0,0.0,1100.0,0.0,0.0,1100.0
1769432356.5187004,2.9811296463012695,-0.3207803964614868,2.4466037202873037,0.0,0.0,0.0,0.0,0.0,1100.0,0.0,0.0,1100.0
1769432356.5686252,2.9811296463012695,-0.3207803964614868,2.4466037202873037,0.0,0.0,0.0,0.0,0.0,1100.0,0.0,0.0,1100.0
1769432356.6186697,2.9811296463012695,-0.3207803964614868,2.4466037202873037,0.0,0.0,0.0,0.0,0.0,1100.0,0.0,0.0,1100.0
1769432356.6686494,2.9811296463012695,-0.3207803964614868,2.4466037202873037,0.0,0.0,0.0,0.0,0.0,1100.0,0.0,0.0,1100.0
1769432356.7185812,2.9811296463012695,-0.3207803964614868,2.4466037202873037,0.0,0.0,0.0,0.0,0.0,1100.0,0.0,0.0,1100.0
1769432356.7685165,2.9811296463012695,-0.3207803964614868,2.4466037202873037,0.0,0.0,0.0,0.0,0.0,1100.0,0.0,0.0,1100.0
1769432356.8187034,2.9811296463012695,-0.3207803964614868,2.4466037202873037,0.0,0.0,0.0,0.0,0.0,1100.0,0.0,0.0,1100.0
1769432356.8685362,2.9811296463012695,-0.3207803964614868,2.4466037202873037,0.0,0.0,0.0,0.0,0.0,1100.0,0.0,0.0,1100.0
1769432356.918608,2.9811296463012695,-0.3207803964614868,2.4466037202873037,0.0,0.0,0.0,0.0,0.0,1100.0,0.0,0.0,1100.0
1769432356.9686403,2.9811296463012695,-0.3207803964614868,2.4466037202873037,0.0,0.0,0.0,0.0,0.0,1100.0,0.0,0.0,1100.0
1769432357.018583,2.9811296463012695,-0.3207803964614868,2.4466037202873037,0.0,0.0,0.0,0.0,0.0,1100.0,0.0,0.0,1100.0
1769432357.0685418,2.9811296463012695,-0.3207803964614868,2.4466037202873037,0.0,0.0,0.0,0.0,0.0,1100.0,0.0,0.0,1100.0
1769432357.1185684,2.9811296463012695,-0.3207803964614868,2.4466037202873037,0.0,0.0,0.0,0.0,0.0,1100.0,0.0,0.0,1100.0
1769432357.1685977,2.9811296463012695,-0.3207803964614868,2.4466037202873037,0.0,0.0,0.0,0.0,0.0,1100.0,0.0,0.0,1100.0
1769432357.2186067,2.9811296463012695,-0.3207803964614868,2.4466037202873037,0.0,0.0,0.0,0.0,0.0,1100.0,0.0,0.0,1100.0
1769432357.2685802,2.9811296463012695,-0.3207803964614868,2.4466037202873037,0.0,0.0,0.0,0.0,0.0,1100.0,0.0,0.0,1100.0
1769432357.3185852,2.9811296463012695,-0.3207803964614868,2.4466037202873037,0.0,0.0,0.0,0.0,0.0,1100.0,0.0,0.0,1100.0
1769432357.368519,2.9811296463012695,-0.3207803964614868,2.4466037202873037,0.0,0.0,0.0,0.0,0.0,1100.0,0.0,0.0,1100.0
1769432357.418641,2.9811296463012695,-0.3207803964614868,2.4466037202873037,0.0,0.0,0.0,0.0,0.0,1100.0,0.0,0.0,1100.0
1769432357.4685388,2.9811296463012695,-0.3207803964614868,2.4466037202873037,0.0,0.0,0.0,0.0,0.0,1100.0,0.0,0.0,1100.0
1769432357.518642,2.9811296463012695,-0.3207803964614868,2.4466037202873037,0.0,0.0,0.0,0.0,0.0,1100.0,0.0,0.0,1100.0
1769432357.5686247,2.9811296463012695,-0.3207803964614868,2.4466037202873037,0.0,0.0,0.0,0.0,0.0,1100.0,0.0,0.0,1100.0
1769432357.61856,2.9811296463012695,-0.3207803964614868,2.4466037202873037,0.0,0.0,0.0,0.0,0.0,1100.0,0.0,0.0,1100.0
1769432357.6686451,2.9811296463012695,-0.3207803964614868,2.4466037202873037,0.0,0.0,0.0,0.0,0.0,1100.0,0.0,0.0,1100.0
1769432357.7186737,2.9811296463012695,-0.3207803964614868,2.4466037202873037,0.0,0.0,0.0,0.0,0.0,1100.0,0.0,0.0,1100.0
1769432357.7685633,2.9811296463012695,-0.3207803964614868,2.4466037202873037,0.0,0.0,0.0,0.0,0.0,1100.0,0.0,0.0,1100.0
1769432357.8186138,2.9811296463012695,-0.3207803964614868,2.4466037202873037,0.0,0.0,0.0,0.0,0.0,1100.0,0.0,0.0,1100.0
1769432357.8685184,2.9811296463012695,-0.3207803964614868,2.4466037202873037,0.0,0.0,0.0,0.0,0.0,1100.0,0.0,0.0,1100.0
1769432357.9186049,2.9811296463012695,-0.3207803964614868,2.4466037202873037,0.0,0.0,0.0,0.0,0.0,1100.0,0.0,0.0,1100.0
1769432357.968552,2.9811296463012695,-0.3207803964614868,2.4466037202873037,0.0,0.0,0.0,0.0,0.0,1100.0,0.0,0.0,1100.0
1769432358.018647,2.9811296463012695,-0.3207803964614868,2.4466037202873037,0.0,0.0,0.0,0.0,0.0,1100.0,0.0,0.0,1100.0
1769432358.0685458,2.9811296463012695,-0.3207803964614868,2.4466037202873037,0.0,0.0,0.0,0.0,0.0,1100.0,0.0,0.0,1100.0
1769432358.1186068,2.9811296463012695,-0.3207803964614868,2.4466037202873037,0.0,0.0,0.0,0.0,0.0,1100.0,0.0,0.0,1100.0
1769432358.1685567,2.9811296463012695,-0.3207803964614868,2.4466037202873037,0.0,0.0,0.0,0.0,0.0,1100.0,0.0,0.0,1100.0
1769432358.2186024,2.9811296463012695,-0.3207803964614868,2.4466037202873037,0.0,0.0,0.0,0.0,0.0,1100.0,0.0,0.0,1100.0
1769432358.2685792,2.9811296463012695,-0.3207803964614868,2.4466037202873037,0.0,0.0,0.0,0.0,0.0,1100.0,0.0,0.0,1100.0
1769432358.3186574,2.9811296463012695,-0.3207803964614868,2.4466037202873037,0.0,0.0,0.0,0.0,0.0,1100.0,0.0,0.0,1100.0
1769432358.3685374,2.9811296463012695,-0.3207803964614868,2.4466037202873037,0.0,0.0,0.0,0.0,0.0,1100.0,0.0,0.0,1100.0
1769432358.4185991,2.9811296463012695,-0.3207803964614868,2.4466037202873037,0.0,0.0,0.0,0.0,0.0,1100.0,0.0,0.0,1100.0
1769432358.4685497,2.9811296463012695,-0.3207803964614868,2.4466037202873037,0.0,0.0,0.0,0.0,0.0,1100.0,0.0,0.0,1100.0
1769432358.5188408,2.9811296463012695,-0.3207803964614868,2.4466037202873037,0.0,0.0,0.0,0.0,0.0,1100.0,0.0,0.0,1100.0
1769432358.5684636,2.9811296463012695,-0.3207803964614868,2.4466037202873037,0.0,0.0,0.0,0.0,0.0,1100.0,0.0,0.0,1100.0
1769432358.6186192,2.9811296463012695,-0.3207803964614868,2.4466037202873037,0.0,0.0,0.0,0.0,0.0,1100.0,0.0,0.0,1100.0
1769432358.668524,2.9811296463012695,-0.3207803964614868,2.4466037202873037,0.0,0.0,0.0,0.0,0.0,1100.0,0.0,0.0,1100.0
1769432358.7185998,2.9811296463012695,-0.3207803964614868,2.4466037202873037,0.0,0.0,0.0,0.0,0.0,1100.0,0.0,0.0,1100.0
1769432358.7687235,2.9811296463012695,-0.3207803964614868,2.4466037202873037,0.0,0.0,0.0,0.0,0.0,1100.0,0.0,0.0,1100.0
1769432358.8186116,2.9811296463012695,-0.3207803964614868,2.4466037202873037,0.0,0.0,0.0,0.0,0.0,1100.0,0.0,0.0,1100.0
1769432358.8686118,2.9811296463012695,-0.3207803964614868,2.4466037202873037,0.0,0.0,0.0,0.0,0.0,1100.0,0.0,0.0,1100.0
1769432358.9186876,2.9811296463012695,-0.3207803964614868,2.4466037202873037,0.0,0.0,0.0,0.0,0.0,1100.0,0.0,0.0,1100.0
1769432358.968619,2.9811296463012695,-0.3207803964614868,2.4466037202873037,0.0,0.0,0.0,0.0,0.0,1100.0,0.0,0.0,1100.0
1769432359.0186746,2.9811296463012695,-0.3207803964614868,2.4466037202873037,0.0,0.0,0.0,0.0,0.0,1100.0,0.0,0.0,1100.0
1769432359.0685298,2.9811296463012695,-0.3207803964614868,2.4466037202873037,0.0,0.0,0.0,0.0,0.0,1100.0,0.0,0.0,1100.0
1769432359.1185253,2.9811296463012695,-0.3207803964614868,2.4466037202873037,0.0,0.0,0.0,0.0,0.0,1100.0,0.0,0.0,1100.0
1769432359.1685307,2.9811296463012695,-0.3207803964614868,2.4466037202873037,0.0,0.0,0.0,0.0,0.0,1100.0,0.0,0.0,1100.0
1769432359.2185655,2.9811296463012695,-0.3207803964614868,2.4466037202873037,0.0,0.0,0.0,0.0,0.0,1100.0,0.0,0.0,1100.0
1769432359.2685742,2.9811296463012695,-0.3207803964614868,2.4466037202873037,0.0,0.0,0.0,0.0,0.0,1100.0,0.0,0.0,1100.0
1769432359.3186285,2.9811296463012695,-0.3207803964614868,2.4466037202873037,0.0,0.0,0.0,0.0,0.0,1100.0,0.0,0.0,1100.0
1769432359.368453,2.9811296463012695,-0.3207803964614868,2.4466037202873037,0.0,0.0,0.0,0.0,0.0,1100.0,0.0,0.0,1100.0
1769432359.4186401,2.9811296463012695,-0.3207803964614868,2.4466037202873037,0.0,0.0,0.0,0.0,0.0,1100.0,0.0,0.0,1100.0
1769432359.4685504,2.9811296463012695,-0.3207803964614868,2.4466037202873037,0.0,0.0,0.0,0.0,0.0,1100.0,0.0,0.0,1100.0
1769432359.5186129,2.9811296463012695,-0.3207803964614868,2.4466037202873037,0.0,0.0,0.0,0.0,0.0,1100.0,0.0,0.0,1100.0
1769432359.5685258,2.9811296463012695,-0.3207803964614868,2.4466037202873037,0.0,0.0,0.0,0.0,0.0,1100.0,0.0,0.0,1100.0
1769432359.618528,2.9811296463012695,-0.3207803964614868,2.4466037202873037,0.0,0.0,0.0,0.0,0.0,1100.0,0.0,0.0,1100.0
1769432359.6684587,2.9811296463012695,-0.3207803964614868,2.4466037202873037,0.0,0.0,0.0,0.0,0.0,1100.0,0.0,0.0,1100.0
1769432359.7184913,2.9811296463012695,-0.3207803964614868,2.4466037202873037,0.0,0.0,0.0,0.0,0.0,1100.0,0.0,0.0,1100.0
1769432359.7685375,2.9811296463012695,-0.3207803964614868,2.4466037202873037,0.0,0.0,0.0,0.0,0.0,1100.0,0.0,0.0,1100.0
1769432359.8184638,2.9811296463012695,-0.3207803964614868,2.4466037202873037,0.0,0.0,0.0,0.0,0.0,1100.0,0.0,0.0,1100.0
1769432359.8685646,2.9811296463012695,-0.3207803964614868,2.4466037202873037,0.0,0.0,0.0,0.0,0.0,1100.0,0.0,0.0,1100.0
1769432359.918586,2.9811296463012695,-0.3207803964614868,2.4466037202873037,0.0,0.0,0.0,0.0,0.0,1100.0,0.0,0.0,1100.0
1769432359.96853,2.9811296463012695,-0.3207803964614868,2.4466037202873037,0.0,0.0,0.0,0.0,0.0,1100.0,0.0,0.0,1100.0
1769432360.0186067,2.9811296463012695,-0.3207803964614868,2.4466037202873037,0.0,0.0,0.0,0.0,0.0,1100.0,0.0,0.0,1100.0
1769432360.0685697,2.9811296463012695,-0.3207803964614868,2.4466037202873037,0.0,0.0,0.0,0.0,0.0,1100.0,0.0,0.0,1100.0
1769432360.1186113,2.9811296463012695,-0.3207803964614868,2.4466037202873037,0.0,0.0,0.0,0.0,0.0,1100.0,0.0,0.0,1100.0
1769432360.168544,2.9811296463012695,-0.3207803964614868,2.4466037202873037,0.0,0.0,0.0,0.0,0.0,1100.0,0.0,0.0,1100.0
1769432360.2185402,2.9811296463012695,-0.3207803964614868,2.4466037202873037,0.0,0.0,0.0,0.0,0.0,1100.0,0.0,0.0,1100.0
1769432360.2685428,2.9811296463012695,-0.3207803964614868,2.4466037202873037,0.0,0.0,0.0,0.0,0.0,1100.0,0.0,0.0,1100.0
1769432360.3185945,2.9811296463012695,-0.3207803964614868,2.4466037202873037,0.0,0.0,0.0,0.0,0.0,1100.0,0.0,0.0,1100.0
1769432360.3685517,2.9811296463012695,-0.3207803964614868,2.4466037202873037,0.0,0.0,0.0,0.0,0.0,1100.0,0.0,0.0,1100.0
1769432360.418605,2.9811296463012695,-0.3207803964614868,2.4466037202873037,0.0,0.0,0.0,0.0,0.0,1100.0,0.0,0.0,1100.0
1769432360.4685614,2.9811296463012695,-0.3207803964614868,2.4466037202873037,0.0,0.0,0.0,0.0,0.0,1100.0,0.0,0.0,1100.0
1769432360.5186403,2.9811296463012695,-0.3207803964614868,2.4466037202873037,0.0,0.0,0.0,0.0,0.0,1100.0,0.0,0.0,1100.0
1769432360.568548,2.9811296463012695,-0.3207803964614868,2.4466037202873037,0.0,0.0,0.0,0.0,0.0,1100.0,0.0,0.0,1100.0
1769432360.6185985,2.9811296463012695,-0.3207803964614868,2.4466037202873037,0.0,0.0,0.0,0.0,0.0,1100.0,0.0,0.0,1100.0
1769432360.6685767,2.9811296463012695,-0.3207803964614868,2.4466037202873037,0.0,0.0,0.0,0.0,0.0,1100.0,0.0,0.0,1100.0
1769432360.7185943,2.9811296463012695,-0.3207803964614868,2.4466037202873037,0.0,0.0,0.0,0.0,0.0,1100.0,0.0,0.0,1100.0
1769432360.7685547,2.9811296463012695,-0.3207803964614868,2.4466037202873037,0.0,0.0,0.0,0.0,0.0,1100.0,0.0,0.0,1100.0
1769432360.8186333,2.9811296463012695,-0.3207803964614868,2.4466037202873037,0.0,0.0,0.0,0.0,0.0,1100.0,0.0,0.0,1100.0
1769432360.8685563,2.9811296463012695,-0.3207803964614868,2.4466037202873037,0.0,0.0,0.0,0.0,0.0,1100.0,0.0,0.0,1100.0
1769432360.9186108,2.9811296463012695,-0.3207803964614868,2.4466037202873037,0.0,0.0,0.0,0.0,0.0,1100.0,0.0,0.0,1100.0
1769432360.9686253,2.9811296463012695,-0.3207803964614868,2.4466037202873037,0.0,0.0,0.0,0.0,0.0,1100.0,0.0,0.0,1100.0
1769432361.0186403,2.9811296463012695,-0.3207803964614868,2.4466037202873037,0.0,0.0,0.0,0.0,0.0,1100.0,0.0,0.0,1100.0
1769432361.0685768,2.9811296463012695,-0.3207803964614868,2.4466037202873037,0.0,0.0,0.0,0.0,0.0,1100.0,0.0,0.0,1100.0
1769432361.1186469,2.9811296463012695,-0.3207803964614868,2.4466037202873037,0.0,0.0,0.0,0.0,0.0,1100.0,0.0,0.0,1100.0
1769432361.1685681,2.9811296463012695,-0.3207803964614868,2.4466037202873037,0.0,0.0,0.0,0.0,0.0,1100.0,0.0,0.0,1100.0
1769432361.2186158,2.9811296463012695,-0.3207803964614868,2.4466037202873037,0.0,0.0,0.0,0.0,0.0,1100.0,0.0,0.0,1100.0
1769432361.268552,2.9811296463012695,-0.3207803964614868,2.4466037202873037,0.0,0.0,0.0,0.0,0.0,1100.0,0.0,0.0,1100.0
1769432361.3186479,2.9811296463012695,-0.3207803964614868,2.4466037202873037,0.0,0.0,0.0,0.0,0.0,1100.0,0.0,0.0,1100.0
1769432361.3685777,2.9811296463012695,-0.3207803964614868,2.4466037202873037,0.0,0.0,0.0,0.0,0.0,1100.0,0.0,0.0,1100.0
1769432361.4186144,2.9811296463012695,-0.3207803964614868,2.4466037202873037,0.0,0.0,0.0,0.0,0.0,1100.0,0.0,0.0,1100.0
1769432361.4686253,2.9811296463012695,-0.3207803964614868,2.4466037202873037,0.0,0.0,0.0,0.0,0.0,1100.0,0.0,0.0,1100.0
1769432361.5186408,2.9811296463012695,-0.3207803964614868,2.4466037202873037,0.0,0.0,0.0,0.0,0.0,1100.0,0.0,0.0,1100.0
1769432361.5685775,2.9811296463012695,-0.3207803964614868,2.4466037202873037,0.0,0.0,0.0,0.0,0.0,1100.0,0.0,0.0,1100.0
1769432361.6185699,2.9811296463012695,-0.3207803964614868,2.4466037202873037,0.0,0.0,0.0,0.0,0.0,1100.0,0.0,0.0,1100.0
1769432361.6685705,2.9811296463012695,-0.3207803964614868,2.4466037202873037,0.0,0.0,0.0,0.0,0.0,1100.0,0.0,0.0,1100.0
1769432361.7186127,2.9811296463012695,-0.3207803964614868,2.4466037202873037,0.0,0.0,0.0,0.0,0.0,1100.0,0.0,0.0,1100.0
1769432361.7686162,2.9811296463012695,-0.3207803964614868,2.4466037202873037,0.0,0.0,0.0,0.0,0.0,1100.0,0.0,0.0,1100.0
1769432361.8186576,2.9811296463012695,-0.3207803964614868,2.4466037202873037,0.0,0.0,0.0,0.0,0.0,1100.0,0.0,0.0,1100.0
1769432361.8685782,2.9811296463012695,-0.3207803964614868,2.4466037202873037,0.0,0.0,0.0,0.0,0.0,1100.0,0.0,0.0,1100.0
1769432361.9187007,2.9811296463012695,-0.3207803964614868,2.4466037202873037,0.0,0.0,0.0,0.0,0.0,1100.0,0.0,0.0,1100.0
1769432361.9686167,2.9811296463012695,-0.3207803964614868,2.4466037202873037,0.0,0.0,0.0,0.0,0.0,1100.0,0.0,0.0,1100.0
1769432362.018748,2.9811296463012695,-0.3207803964614868,2.4466037202873037,0.0,0.0,0.0,0.0,0.0,1100.0,0.0,0.0,1100.0
1769432362.068551,2.9811296463012695,-0.3207803964614868,2.4466037202873037,0.0,0.0,0.0,0.0,0.0,1100.0,0.0,0.0,1100.0
1769432362.118626,2.9811296463012695,-0.3207803964614868,2.4466037202873037,0.0,0.0,0.0,0.0,0.0,1100.0,0.0,0.0,1100.0
1769432362.1686082,2.9811296463012695,-0.3207803964614868,2.4466037202873037,0.0,0.0,0.0,0.0,0.0,1100.0,0.0,0.0,1100.0
1769432362.2186177,2.9811296463012695,-0.3207803964614868,2.4466037202873037,0.0,0.0,0.0,0.0,0.0,1100.0,0.0,0.0,1100.0
1769432362.268833,2.9811296463012695,-0.3207803964614868,2.4466037202873037,0.0,0.0,0.0,0.0,0.0,1100.0,0.0,0.0,1100.0
1769432362.3187282,2.9811296463012695,-0.3207803964614868,2.4466037202873037,0.0,0.0,0.0,0.0,0.0,1100.0,0.0,0.0,1100.0
1769432362.3685617,2.9811296463012695,-0.3207803964614868,2.4466037202873037,0.0,0.0,0.0,0.0,0.0,1100.0,0.0,0.0,1100.0
1769432362.4185798,2.9811296463012695,-0.3207803964614868,2.4466037202873037,0.0,0.0,0.0,0.0,0.0,1100.0,0.0,0.0,1100.0
1769432362.4686916,2.9811296463012695,-0.3207803964614868,2.4466037202873037,0.0,0.0,0.0,0.0,0.0,1100.0,0.0,0.0,1100.0
1769432362.5186913,2.9811296463012695,-0.3207803964614868,2.4466037202873037,0.0,0.0,0.0,0.0,0.0,1100.0,0.0,0.0,1100.0
1769432362.5685277,2.9811296463012695,-0.3207803964614868,2.4466037202873037,0.0,0.0,0.0,0.0,0.0,1100.0,0.0,0.0,1100.0
1769432362.618609,2.9811296463012695,-0.3207803964614868,2.4466037202873037,0.0,0.0,0.0,0.0,0.0,1100.0,0.0,0.0,1100.0
1769432362.6685722,2.9811296463012695,-0.3207803964614868,2.4466037202873037,0.0,0.0,0.0,0.0,0.0,1100.0,0.0,0.0,1100.0
1769432362.7185972,2.9811296463012695,-0.3207803964614868,2.4466037202873037,0.0,0.0,0.0,0.0,0.0,1100.0,0.0,0.0,1100.0
1769432362.7685301,2.9811296463012695,-0.3207803964614868,2.4466037202873037,0.0,0.0,0.0,0.0,0.0,1100.0,0.0,0.0,1100.0
1769432362.8185763,2.9811296463012695,-0.3207803964614868,2.4466037202873037,0.0,0.0,0.0,0.0,0.0,1100.0,0.0,0.0,1100.0
1769432362.8685396,2.9811296463012695,-0.3207803964614868,2.4466037202873037,0.0,0.0,0.0,0.0,0.0,1100.0,0.0,0.0,1100.0
1769432362.9185836,2.9811296463012695,-0.3207803964614868,2.4466037202873037,0.0,0.0,0.0,0.0,0.0,1100.0,0.0,0.0,1100.0
1769432362.9686148,2.9811296463012695,-0.3207803964614868,2.4466037202873037,0.0,0.0,0.0,0.0,0.0,1100.0,0.0,0.0,1100.0
1769432363.0186186,2.9811296463012695,-0.3207803964614868,2.4466037202873037,0.0,0.0,0.0,0.0,0.0,1100.0,0.0,0.0,1100.0
1769432363.0685241,2.9811296463012695,-0.3207803964614868,2.4466037202873037,0.0,0.0,0.0,0.0,0.0,1100.0,0.0,0.0,1100.0
1769432363.118604,2.9811296463012695,-0.3207803964614868,2.4466037202873037,0.0,0.0,0.0,0.0,0.0,1100.0,0.0,0.0,1100.0
1769432363.1685429,2.9811296463012695,-0.3207803964614868,2.4466037202873037,0.0,0.0,0.0,0.0,0.0,1100.0,0.0,0.0,1100.0
1769432363.2185552,2.9811296463012695,-0.3207803964614868,2.4466037202873037,0.0,0.0,0.0,0.0,0.0,1100.0,0.0,0.0,1100.0
1769432363.2685363,2.9811296463012695,-0.3207803964614868,2.4466037202873037,0.0,0.0,0.0,0.0,0.0,1100.0,0.0,0.0,1100.0
1769432363.3185954,2.9811296463012695,-0.3207803964614868,2.4466037202873037,0.0,0.0,0.0,0.0,0.0,1100.0,0.0,0.0,1100.0
1769432363.368547,2.9811296463012695,-0.3207803964614868,2.4466037202873037,0.0,0.0,0.0,0.0,0.0,1100.0,0.0,0.0,1100.0
1769432363.418576,2.9811296463012695,-0.3207803964614868,2.4466037202873037,0.0,0.0,0.0,0.0,0.0,1100.0,0.0,0.0,1100.0
1769432363.4684584,2.9811296463012695,-0.3207803964614868,2.4466037202873037,0.0,0.0,0.0,0.0,0.0,1100.0,0.0,0.0,1100.0
1769432363.518614,2.9811296463012695,-0.3207803964614868,2.4466037202873037,0.0,0.0,0.0,0.0,0.0,1100.0,0.0,0.0,1100.0
1769432363.5685184,2.9811296463012695,-0.3207803964614868,2.4466037202873037,0.0,0.0,0.0,0.0,0.0,1100.0,0.0,0.0,1100.0
1769432363.6185946,2.9811296463012695,-0.3207803964614868,2.4466037202873037,0.0,0.0,0.0,0.0,0.0,1100.0,0.0,0.0,1100.0
1769432363.6685188,2.9811296463012695,-0.3207803964614868,2.4466037202873037,0.0,0.0,0.0,0.0,0.0,1100.0,0.0,0.0,1100.0
1769432363.7186084,2.9811296463012695,-0.3207803964614868,2.4466037202873037,0.0,0.0,0.0,0.0,0.0,1100.0,0.0,0.0,1100.0
1769432363.768541,2.9811296463012695,-0.3207803964614868,2.4466037202873037,0.0,0.0,0.0,0.0,0.0,1100.0,0.0,0.0,1100.0
1769432363.8185925,2.9811296463012695,-0.3207803964614868,2.4466037202873037,0.0,0.0,0.0,0.0,0.0,1100.0,0.0,0.0,1100.0
1769432363.8685493,2.9811296463012695,-0.3207803964614868,2.4466037202873037,0.0,0.0,0.0,0.0,0.0,1100.0,0.0,0.0,1100.0
1769432363.918595,2.9811296463012695,-0.3207803964614868,2.4466037202873037,0.0,0.0,0.0,0.0,0.0,1100.0,0.0,0.0,1100.0
1769432363.9685419,2.9811296463012695,-0.3207803964614868,2.4466037202873037,0.0,0.0,0.0,0.0,0.0,1100.0,0.0,0.0,1100.0
1769432364.0185745,2.9811296463012695,-0.3207803964614868,2.4466037202873037,0.0,0.0,0.0,0.0,0.0,1100.0,0.0,0.0,1100.0
1769432364.0685003,2.9811296463012695,-0.3207803964614868,2.4466037202873037,0.0,0.0,0.0,0.0,0.0,1100.0,0.0,0.0,1100.0
1769432364.1186142,2.9811296463012695,-0.3207803964614868,2.4466037202873037,0.0,0.0,0.0,0.0,0.0,1100.0,0.0,0.0,1100.0
1769432364.1685293,2.9811296463012695,-0.3207803964614868,2.4466037202873037,0.0,0.0,0.0,0.0,0.0,1100.0,0.0,0.0,1100.0
1769432364.2186067,2.9811296463012695,-0.3207803964614868,2.4466037202873037,0.0,0.0,0.0,0.0,0.0,1100.0,0.0,0.0,1100.0
1769432364.2685003,2.9811296463012695,-0.3207803964614868,2.4466037202873037,0.0,0.0,0.0,0.0,0.0,1100.0,0.0,0.0,1100.0
1769432364.3185623,2.9811296463012695,-0.3207803964614868,2.4466037202873037,0.0,0.0,0.0,0.0,0.0,1100.0,0.0,0.0,1100.0
1769432364.3685536,2.9811296463012695,-0.3207803964614868,2.4466037202873037,0.0,0.0,0.0,0.0,0.0,1100.0,0.0,0.0,1100.0
1769432364.4185832,2.9811296463012695,-0.3207803964614868,2.4466037202873037,0.0,0.0,0.0,0.0,0.0,1100.0,0.0,0.0,1100.0
1769432364.4685457,2.9811296463012695,-0.3207803964614868,2.4466037202873037,0.0,0.0,0.0,0.0,0.0,1100.0,0.0,0.0,1100.0
1769432364.5186002,2.9811296463012695,-0.3207803964614868,2.4466037202873037,0.0,0.0,0.0,0.0,0.0,1100.0,0.0,0.0,1100.0
1769432364.5684824,2.9811296463012695,-0.3207803964614868,2.4466037202873037,0.0,0.0,0.0,0.0,0.0,1100.0,0.0,0.0,1100.0
1769432364.6185853,2.9811296463012695,-0.3207803964614868,2.4466037202873037,0.0,0.0,0.0,0.0,0.0,1100.0,0.0,0.0,1100.0
1769432364.6685388,2.9811296463012695,-0.3207803964614868,2.4466037202873037,0.0,0.0,0.0,0.0,0.0,1100.0,0.0,0.0,1100.0
1769432364.7186174,2.9811296463012695,-0.3207803964614868,2.4466037202873037,0.0,0.0,0.0,0.0,0.0,1100.0,0.0,0.0,1100.0
1769432364.7685335,2.9811296463012695,-0.3207803964614868,2.4466037202873037,0.0,0.0,0.0,0.0,0.0,1100.0,0.0,0.0,1100.0
1769432364.8186,2.9811296463012695,-0.3207803964614868,2.4466037202873037,0.0,0.0,0.0,0.0,0.0,1100.0,0.0,0.0,1100.0
1769432364.8685231,2.9811296463012695,-0.3207803964614868,2.4466037202873037,0.0,0.0,0.0,0.0,0.0,1100.0,0.0,0.0,1100.0
1769432364.9185877,2.9811296463012695,-0.3207803964614868,2.4466037202873037,0.0,0.0,0.0,0.0,0.0,1100.0,0.0,0.0,1100.0
1769432364.9685168,2.9811296463012695,-0.3207803964614868,2.4466037202873037,0.0,0.0,0.0,0.0,0.0,1100.0,0.0,0.0,1100.0
1769432365.0185897,2.9811296463012695,-0.3207803964614868,2.4466037202873037,0.0,0.0,0.0,0.0,0.0,1100.0,0.0,0.0,1100.0
1769432365.0685565,2.9811296463012695,-0.3207803964614868,2.4466037202873037,0.0,0.0,0.0,0.0,0.0,1100.0,0.0,0.0,1100.0
1769432365.1185858,2.9811296463012695,-0.3207803964614868,2.4466037202873037,0.0,0.0,0.0,0.0,0.0,1100.0,0.0,0.0,1100.0
1769432365.1685255,2.9811296463012695,-0.3207803964614868,2.4466037202873037,0.0,0.0,0.0,0.0,0.0,1100.0,0.0,0.0,1100.0
1769432365.2186112,2.9811296463012695,-0.3207803964614868,2.4466037202873037,0.0,0.0,0.0,0.0,0.0,1100.0,0.0,0.0,1100.0
1769432365.2685132,2.9811296463012695,-0.3207803964614868,2.4466037202873037,0.0,0.0,0.0,0.0,0.0,1100.0,0.0,0.0,1100.0
1769432365.3185868,2.9811296463012695,-0.3207803964614868,2.4466037202873037,0.0,0.0,0.0,0.0,0.0,1100.0,0.0,0.0,1100.0
1769432365.3685143,2.9811296463012695,-0.3207803964614868,2.4466037202873037,0.0,0.0,0.0,0.0,0.0,1100.0,0.0,0.0,1100.0
1769432365.4185312,2.9811296463012695,-0.3207803964614868,2.4466037202873037,0.0,0.0,0.0,0.0,0.0,1100.0,0.0,0.0,1100.0
1769432365.4685283,2.9811296463012695,-0.3207803964614868,2.4466037202873037,0.0,0.0,0.0,0.0,0.0,1100.0,0.0,0.0,1100.0
1769432365.5185874,2.9811296463012695,-0.3207803964614868,2.4466037202873037,0.0,0.0,0.0,0.0,0.0,1100.0,0.0,0.0,1100.0
1769432365.56855,2.9811296463012695,-0.3207803964614868,2.4466037202873037,0.0,0.0,0.0,0.0,0.0,1100.0,0.0,0.0,1100.0
1769432365.618587,2.9811296463012695,-0.3207803964614868,2.4466037202873037,0.0,0.0,0.0,0.0,0.0,1100.0,0.0,0.0,1100.0
1769432365.6684575,2.9811296463012695,-0.3207803964614868,2.4466037202873037,0.0,0.0,0.0,0.0,0.0,1100.0,0.0,0.0,1100.0
1769432365.7185996,2.9811296463012695,-0.3207803964614868,2.4466037202873037,0.0,0.0,0.0,0.0,0.0,1100.0,0.0,0.0,1100.0
1769432365.7685342,2.9811296463012695,-0.3207803964614868,2.4466037202873037,0.0,0.0,0.0,0.0,0.0,1100.0,0.0,0.0,1100.0
1769432365.8186297,2.9811296463012695,-0.3207803964614868,2.4466037202873037,0.0,0.0,0.0,0.0,0.0,1100.0,0.0,0.0,1100.0
1769432365.8685298,2.9811296463012695,-0.3207803964614868,2.4466037202873037,0.0,0.0,0.0,0.0,0.0,1100.0,0.0,0.0,1100.0
1769432365.918633,2.9811296463012695,-0.3207803964614868,2.4466037202873037,0.0,0.0,0.0,0.0,0.0,1100.0,0.0,0.0,1100.0
1769432365.9685576,2.9811296463012695,-0.3207803964614868,2.4466037202873037,0.0,0.0,0.0,0.0,0.0,1100.0,0.0,0.0,1100.0
1769432366.018505,2.9811296463012695,-0.3207803964614868,2.4466037202873037,0.0,0.0,0.0,0.0,0.0,1100.0,0.0,0.0,1100.0
1769432366.0685632,2.9811296463012695,-0.3207803964614868,2.4466037202873037,0.0,0.0,0.0,0.0,0.0,1100.0,0.0,0.0,1100.0
1769432366.1185777,2.9811296463012695,-0.3207803964614868,2.4466037202873037,0.0,0.0,0.0,0.0,0.0,1100.0,0.0,0.0,1100.0
1769432366.1684515,2.9811296463012695,-0.3207803964614868,2.4466037202873037,0.0,0.0,0.0,0.0,0.0,1100.0,0.0,0.0,1100.0
1769432366.2186458,2.9811296463012695,-0.3207803964614868,2.4466037202873037,0.0,0.0,0.0,0.0,0.0,1100.0,0.0,0.0,1100.0
1769432366.268531,2.9811296463012695,-0.3207803964614868,2.4466037202873037,0.0,0.0,0.0,0.0,0.0,1100.0,0.0,0.0,1100.0
1769432366.31862,2.9811296463012695,-0.3207803964614868,2.4466037202873037,0.0,0.0,0.0,0.0,0.0,1100.0,0.0,0.0,1100.0
1769432366.3685496,2.9811296463012695,-0.3207803964614868,2.4466037202873037,0.0,0.0,0.0,0.0,0.0,1100.0,0.0,0.0,1100.0
1769432366.4185872,2.9811296463012695,-0.3207803964614868,2.4466037202873037,0.0,0.0,0.0,0.0,0.0,1100.0,0.0,0.0,1100.0
1769432366.468555,2.9811296463012695,-0.3207803964614868,2.4466037202873037,0.0,0.0,0.0,0.0,0.0,1100.0,0.0,0.0,1100.0
1769432366.51858,2.9811296463012695,-0.3207803964614868,2.4466037202873037,0.0,0.0,0.0,0.0,0.0,1100.0,0.0,0.0,1100.0
1769432366.568512,2.9811296463012695,-0.3207803964614868,2.4466037202873037,0.0,0.0,0.0,0.0,0.0,1100.0,0.0,0.0,1100.0
1769432366.6186206,2.9811296463012695,-0.3207803964614868,2.4466037202873037,0.0,0.0,0.0,0.0,0.0,1100.0,0.0,0.0,1100.0
1769432366.6685448,2.9811296463012695,-0.3207803964614868,2.4466037202873037,0.0,0.0,0.0,0.0,0.0,1100.0,0.0,0.0,1100.0
1769432366.7185428,2.9811296463012695,-0.3207803964614868,2.4466037202873037,0.0,0.0,0.0,0.0,0.0,1100.0,0.0,0.0,1100.0
1769432366.7685614,2.9811296463012695,-0.3207803964614868,2.4466037202873037,0.0,0.0,0.0,0.0,0.0,1100.0,0.0,0.0,1100.0
1769432366.8186078,2.9811296463012695,-0.3207803964614868,2.4466037202873037,0.0,0.0,0.0,0.0,0.0,1100.0,0.0,0.0,1100.0
1769432366.8685825,2.9811296463012695,-0.3207803964614868,2.4466037202873037,0.0,0.0,0.0,0.0,0.0,1100.0,0.0,0.0,1100.0
1769432366.9186122,2.9811296463012695,-0.3207803964614868,2.4466037202873037,0.0,0.0,0.0,0.0,0.0,1100.0,0.0,0.0,1100.0
1769432366.968555,2.9811296463012695,-0.3207803964614868,2.4466037202873037,0.0,0.0,0.0,0.0,0.0,1100.0,0.0,0.0,1100.0
1769432367.0186014,2.9811296463012695,-0.3207803964614868,2.4466037202873037,0.0,0.0,0.0,0.0,0.0,1100.0,0.0,0.0,1100.0
1769432367.0685909,2.9811296463012695,-0.3207803964614868,2.4466037202873037,0.0,0.0,0.0,0.0,0.0,1100.0,0.0,0.0,1100.0
1769432367.1186163,2.9811296463012695,-0.3207803964614868,2.4466037202873037,0.0,0.0,0.0,0.0,0.0,1100.0,0.0,0.0,1100.0
1769432367.1685717,2.9811296463012695,-0.3207803964614868,2.4466037202873037,0.0,0.0,0.0,0.0,0.0,1100.0,0.0,0.0,1100.0
1769432367.2186477,2.9811296463012695,-0.3207803964614868,2.4466037202873037,0.0,0.0,0.0,0.0,0.0,1100.0,0.0,0.0,1100.0
1769432367.2685788,2.9811296463012695,-0.3207803964614868,2.4466037202873037,0.0,0.0,0.0,0.0,0.0,1100.0,0.0,0.0,1100.0
1769432367.3186123,2.9811296463012695,-0.3207803964614868,2.4466037202873037,0.0,0.0,0.0,0.0,0.0,1100.0,0.0,0.0,1100.0
1769432367.3684642,2.9811296463012695,-0.3207803964614868,2.4466037202873037,0.0,0.0,0.0,0.0,0.0,1100.0,0.0,0.0,1100.0
1769432367.4186327,2.9811296463012695,-0.3207803964614868,2.4466037202873037,0.0,0.0,0.0,0.0,0.0,1100.0,0.0,0.0,1100.0
1769432367.4685564,2.9811296463012695,-0.3207803964614868,2.4466037202873037,0.0,0.0,0.0,0.0,0.0,1100.0,0.0,0.0,1100.0
1769432367.5186422,2.9811296463012695,-0.3207803964614868,2.4466037202873037,0.0,0.0,0.0,0.0,0.0,1100.0,0.0,0.0,1100.0
1769432367.5685635,2.9811296463012695,-0.3207803964614868,2.4466037202873037,0.0,0.0,0.0,0.0,0.0,1100.0,0.0,0.0,1100.0
1769432367.618619,2.9811296463012695,-0.3207803964614868,2.4466037202873037,0.0,0.0,0.0,0.0,0.0,1100.0,0.0,0.0,1100.0
1769432367.6685853,2.9811296463012695,-0.3207803964614868,2.4466037202873037,0.0,0.0,0.0,0.0,0.0,1100.0,0.0,0.0,1100.0
1769432367.7186527,2.9811296463012695,-0.3207803964614868,2.4466037202873037,0.0,0.0,0.0,0.0,0.0,1100.0,0.0,0.0,1100.0
1769432367.7685733,2.9811296463012695,-0.3207803964614868,2.4466037202873037,0.0,0.0,0.0,0.0,0.0,1100.0,0.0,0.0,1100.0
1769432367.8186128,2.9811296463012695,-0.3207803964614868,2.4466037202873037,0.0,0.0,0.0,0.0,0.0,1100.0,0.0,0.0,1100.0
1769432367.8685281,2.9811296463012695,-0.3207803964614868,2.4466037202873037,0.0,0.0,0.0,0.0,0.0,1100.0,0.0,0.0,1100.0
1769432367.9186556,2.9811296463012695,-0.3207803964614868,2.4466037202873037,0.0,0.0,0.0,0.0,0.0,1100.0,0.0,0.0,1100.0
1769432367.9685516,2.9811296463012695,-0.3207803964614868,2.4466037202873037,0.0,0.0,0.0,0.0,0.0,1100.0,0.0,0.0,1100.0
1769432368.0186107,2.9811296463012695,-0.3207803964614868,2.4466037202873037,0.0,0.0,0.0,0.0,0.0,1100.0,0.0,0.0,1100.0
1769432368.0685685,2.9811296463012695,-0.3207803964614868,2.4466037202873037,0.0,0.0,0.0,0.0,0.0,1100.0,0.0,0.0,1100.0
1769432368.1186247,2.9811296463012695,-0.3207803964614868,2.4466037202873037,0.0,0.0,0.0,0.0,0.0,1100.0,0.0,0.0,1100.0
1769432368.168551,2.9811296463012695,-0.3207803964614868,2.4466037202873037,0.0,0.0,0.0,0.0,0.0,1100.0,0.0,0.0,1100.0
1769432368.218666,2.9811296463012695,-0.3207803964614868,2.4466037202873037,0.0,0.0,0.0,0.0,0.0,1100.0,0.0,0.0,1100.0
1769432368.2685685,2.9811296463012695,-0.3207803964614868,2.4466037202873037,0.0,0.0,0.0,0.0,0.0,1100.0,0.0,0.0,1100.0
1769432368.3186185,2.9811296463012695,-0.3207803964614868,2.4466037202873037,0.0,0.0,0.0,0.0,0.0,1100.0,0.0,0.0,1100.0
1769432368.3685346,2.9811296463012695,-0.3207803964614868,2.4466037202873037,0.0,0.0,0.0,0.0,0.0,1100.0,0.0,0.0,1100.0
1769432368.4186413,2.9811296463012695,-0.3207803964614868,2.4466037202873037,0.0,0.0,0.0,0.0,0.0,1100.0,0.0,0.0,1100.0
1769432368.4685411,2.9811296463012695,-0.3207803964614868,2.4466037202873037,0.0,0.0,0.0,0.0,0.0,1100.0,0.0,0.0,1100.0
1769432368.5186312,2.9811296463012695,-0.3207803964614868,2.4466037202873037,0.0,0.0,0.0,0.0,0.0,1100.0,0.0,0.0,1100.0
1769432368.5685441,2.9811296463012695,-0.3207803964614868,2.4466037202873037,0.0,0.0,0.0,0.0,0.0,1100.0,0.0,0.0,1100.0
1769432368.6184819,2.9811296463012695,-0.3207803964614868,2.4466037202873037,0.0,0.0,0.0,0.0,0.0,1100.0,0.0,0.0,1100.0
1769432368.6686182,2.9811296463012695,-0.3207803964614868,2.4466037202873037,0.0,0.0,0.0,0.0,0.0,1100.0,0.0,0.0,1100.0
1769432368.7186003,2.9811296463012695,-0.3207803964614868,2.4466037202873037,0.0,0.0,0.0,0.0,0.0,1100.0,0.0,0.0,1100.0
1769432368.7686496,2.9811296463012695,-0.3207803964614868,2.4466037202873037,0.0,0.0,0.0,0.0,0.0,1100.0,0.0,0.0,1100.0
1769432368.8186445,2.9811296463012695,-0.3207803964614868,2.4466037202873037,0.0,0.0,0.0,0.0,0.0,1100.0,0.0,0.0,1100.0
1769432368.8684564,2.9811296463012695,-0.3207803964614868,2.4466037202873037,0.0,0.0,0.0,0.0,0.0,1100.0,0.0,0.0,1100.0
1769432368.918624,2.9811296463012695,-0.3207803964614868,2.4466037202873037,0.0,0.0,0.0,0.0,0.0,1100.0,0.0,0.0,1100.0
1769432368.9684377,2.9811296463012695,-0.3207803964614868,2.4466037202873037,0.0,0.0,0.0,0.0,0.0,1100.0,0.0,0.0,1100.0
1769432369.0186172,2.9811296463012695,-0.3207803964614868,2.4466037202873037,0.0,0.0,0.0,0.0,0.0,1100.0,0.0,0.0,1100.0
1769432369.0684807,2.9811296463012695,-0.3207803964614868,2.4466037202873037,0.0,0.0,0.0,0.0,0.0,1100.0,0.0,0.0,1100.0
1769432369.118513,2.9811296463012695,-0.3207803964614868,2.4466037202873037,0.0,0.0,0.0,0.0,0.0,1100.0,0.0,0.0,1100.0
1769432369.168462,2.9811296463012695,-0.3207803964614868,2.4466037202873037,0.0,0.0,0.0,0.0,0.0,1100.0,0.0,0.0,1100.0
1769432369.2185035,2.9811296463012695,-0.3207803964614868,2.4466037202873037,0.0,0.0,0.0,0.0,0.0,1100.0,0.0,0.0,1100.0
1769432369.268453,2.9811296463012695,-0.3207803964614868,2.4466037202873037,0.0,0.0,0.0,0.0,0.0,1100.0,0.0,0.0,1100.0
1769432369.3185275,2.9811296463012695,-0.3207803964614868,2.4466037202873037,0.0,0.0,0.0,0.0,0.0,1100.0,0.0,0.0,1100.0
1769432369.3684313,2.9811296463012695,-0.3207803964614868,2.4466037202873037,0.0,0.0,0.0,0.0,0.0,1100.0,0.0,0.0,1100.0
1769432369.418533,2.9811296463012695,-0.3207803964614868,2.4466037202873037,0.0,0.0,0.0,0.0,0.0,1100.0,0.0,0.0,1100.0
1769432369.4684384,2.9811296463012695,-0.3207803964614868,2.4466037202873037,0.0,0.0,0.0,0.0,0.0,1100.0,0.0,0.0,1100.0
1769432369.5185347,2.9811296463012695,-0.3207803964614868,2.4466037202873037,0.0,0.0,0.0,0.0,0.0,1100.0,0.0,0.0,1100.0
1769432369.5684922,2.9811296463012695,-0.3207803964614868,2.4466037202873037,0.0,0.0,0.0,0.0,0.0,1100.0,0.0,0.0,1100.0
1769432369.6185744,2.9811296463012695,-0.3207803964614868,2.4466037202873037,0.0,0.0,0.0,0.0,0.0,1100.0,0.0,0.0,1100.0
1769432369.6684856,2.9811296463012695,-0.3207803964614868,2.4466037202873037,0.0,0.0,0.0,0.0,0.0,1100.0,0.0,0.0,1100.0
1769432369.718594,2.9811296463012695,-0.3207803964614868,2.4466037202873037,0.0,0.0,0.0,0.0,0.0,1100.0,0.0,0.0,1100.0
1769432369.7685165,2.9811296463012695,-0.3207803964614868,2.4466037202873037,0.0,0.0,0.0,0.0,0.0,1100.0,0.0,0.0,1100.0
1769432369.8186371,2.9811296463012695,-0.3207803964614868,2.4466037202873037,0.0,0.0,0.0,0.0,0.0,1100.0,0.0,0.0,1100.0
1769432369.868554,2.9811296463012695,-0.3207803964614868,2.4466037202873037,0.0,0.0,0.0,0.0,0.0,1100.0,0.0,0.0,1100.0
1769432369.9185805,2.9811296463012695,-0.3207803964614868,2.4466037202873037,0.0,0.0,0.0,0.0,0.0,1100.0,0.0,0.0,1100.0
1769432369.9685311,2.9811296463012695,-0.3207803964614868,2.4466037202873037,0.0,0.0,0.0,0.0,0.0,1100.0,0.0,0.0,1100.0
1769432370.0186112,2.9811296463012695,-0.3207803964614868,2.4466037202873037,0.0,0.0,0.0,0.0,0.0,1100.0,0.0,0.0,1100.0
1769432370.068516,2.9811296463012695,-0.3207803964614868,2.4466037202873037,0.0,0.0,0.0,0.0,0.0,1100.0,0.0,0.0,1100.0
1769432370.118554,2.9811296463012695,-0.3207803964614868,2.4466037202873037,0.0,0.0,0.0,0.0,0.0,1100.0,0.0,0.0,1100.0
1769432370.1685314,2.9811296463012695,-0.3207803964614868,2.4466037202873037,0.0,0.0,0.0,0.0,0.0,1100.0,0.0,0.0,1100.0
1769432370.2184718,2.9811296463012695,-0.3207803964614868,2.4466037202873037,0.0,0.0,0.0,0.0,0.0,1100.0,0.0,0.0,1100.0
1769432370.2684531,2.9811296463012695,-0.3207803964614868,2.4466037202873037,0.0,0.0,0.0,0.0,0.0,1100.0,0.0,0.0,1100.0
1769432370.3185825,2.9811296463012695,-0.3207803964614868,2.4466037202873037,0.0,0.0,0.0,0.0,0.0,1100.0,0.0,0.0,1100.0
1769432370.3684785,2.9811296463012695,-0.3207803964614868,2.4466037202873037,0.0,0.0,0.0,0.0,0.0,1100.0,0.0,0.0,1100.0
1769432370.4185781,2.9811296463012695,-0.3207803964614868,2.4466037202873037,0.0,0.0,0.0,0.0,0.0,1100.0,0.0,0.0,1100.0
1769432370.4685128,2.9811296463012695,-0.3207803964614868,2.4466037202873037,0.0,0.0,0.0,0.0,0.0,1100.0,0.0,0.0,1100.0
1769432370.5185306,2.9811296463012695,-0.3207803964614868,2.4466037202873037,0.0,0.0,0.0,0.0,0.0,1100.0,0.0,0.0,1100.0
1769432370.5685306,2.9811296463012695,-0.3207803964614868,2.4466037202873037,0.0,0.0,0.0,0.0,0.0,1100.0,0.0,0.0,1100.0
1769432370.6185317,2.9811296463012695,-0.3207803964614868,2.4466037202873037,0.0,0.0,0.0,0.0,0.0,1100.0,0.0,0.0,1100.0
1769432370.6684709,2.9811296463012695,-0.3207803964614868,2.4466037202873037,0.0,0.0,0.0,0.0,0.0,1100.0,0.0,0.0,1100.0
1769432370.7186124,2.9811296463012695,-0.3207803964614868,2.4466037202873037,0.0,0.0,0.0,0.0,0.0,1100.0,0.0,0.0,1100.0
1769432370.7685256,2.9811296463012695,-0.3207803964614868,2.4466037202873037,0.0,0.0,0.0,0.0,0.0,1100.0,0.0,0.0,1100.0
1769432370.8185818,2.9811296463012695,-0.3207803964614868,2.4466037202873037,0.0,0.0,0.0,0.0,0.0,1100.0,0.0,0.0,1100.0
1769432370.868528,2.9811296463012695,-0.3207803964614868,2.4466037202873037,0.0,0.0,0.0,0.0,0.0,1100.0,0.0,0.0,1100.0
1769432370.918595,2.9811296463012695,-0.3207803964614868,2.4466037202873037,0.0,0.0,0.0,0.0,0.0,1100.0,0.0,0.0,1100.0
1769432370.9685433,2.9811296463012695,-0.3207803964614868,2.4466037202873037,0.0,0.0,0.0,0.0,0.0,1100.0,0.0,0.0,1100.0
1769432371.0185394,2.9811296463012695,-0.3207803964614868,2.4466037202873037,0.0,0.0,0.0,0.0,0.0,1100.0,0.0,0.0,1100.0
1769432371.0684755,2.9811296463012695,-0.3207803964614868,2.4466037202873037,0.0,0.0,0.0,0.0,0.0,1100.0,0.0,0.0,1100.0
1769432371.1185348,2.9811296463012695,-0.3207803964614868,2.4466037202873037,0.0,0.0,0.0,0.0,0.0,1100.0,0.0,0.0,1100.0
1769432371.1684518,2.9811296463012695,-0.3207803964614868,2.4466037202873037,0.0,0.0,0.0,0.0,0.0,1100.0,0.0,0.0,1100.0
1769432371.2185676,2.9811296463012695,-0.3207803964614868,2.4466037202873037,0.0,0.0,0.0,0.0,0.0,1100.0,0.0,0.0,1100.0
1769432371.2685432,2.9811296463012695,-0.3207803964614868,2.4466037202873037,0.0,0.0,0.0,0.0,0.0,1100.0,0.0,0.0,1100.0
1769432371.3185108,2.9811296463012695,-0.3207803964614868,2.4466037202873037,0.0,0.0,0.0,0.0,0.0,1100.0,0.0,0.0,1100.0
1769432371.3685002,2.9811296463012695,-0.3207803964614868,2.4466037202873037,0.0,0.0,0.0,0.0,0.0,1100.0,0.0,0.0,1100.0
1769432371.418595,2.9811296463012695,-0.3207803964614868,2.4466037202873037,0.0,0.0,0.0,0.0,0.0,1100.0,0.0,0.0,1100.0
1769432371.4685278,2.9811296463012695,-0.3207803964614868,2.4466037202873037,0.0,0.0,0.0,0.0,0.0,1100.0,0.0,0.0,1100.0
1769432371.5186067,2.9811296463012695,-0.3207803964614868,2.4466037202873037,0.0,0.0,0.0,0.0,0.0,1100.0,0.0,0.0,1100.0
1769432371.5685096,2.9811296463012695,-0.3207803964614868,2.4466037202873037,0.0,0.0,0.0,0.0,0.0,1100.0,0.0,0.0,1100.0
1769432371.618598,2.9811296463012695,-0.3207803964614868,2.4466037202873037,0.0,0.0,0.0,0.0,0.0,1100.0,0.0,0.0,1100.0
1769432371.668523,2.9811296463012695,-0.3207803964614868,2.4466037202873037,0.0,0.0,0.0,0.0,0.0,1100.0,0.0,0.0,1100.0
1769432371.7185972,2.9811296463012695,-0.3207803964614868,2.4466037202873037,0.0,0.0,0.0,0.0,0.0,1100.0,0.0,0.0,1100.0
1769432371.7685182,2.9811296463012695,-0.3207803964614868,2.4466037202873037,0.0,0.0,0.0,0.0,0.0,1100.0,0.0,0.0,1100.0
1769432371.8185754,2.9811296463012695,-0.3207803964614868,2.4466037202873037,0.0,0.0,0.0,0.0,0.0,1100.0,0.0,0.0,1100.0
1769432371.8685336,2.9811296463012695,-0.3207803964614868,2.4466037202873037,0.0,0.0,0.0,0.0,0.0,1100.0,0.0,0.0,1100.0
1769432371.9185848,2.9811296463012695,-0.3207803964614868,2.4466037202873037,0.0,0.0,0.0,0.0,0.0,1100.0,0.0,0.0,1100.0
1769432371.9685013,2.9811296463012695,-0.3207803964614868,2.4466037202873037,0.0,0.0,0.0,0.0,0.0,1100.0,0.0,0.0,1100.0
1769432372.0186317,2.9811296463012695,-0.3207803964614868,2.4466037202873037,0.0,0.0,0.0,0.0,0.0,1100.0,0.0,0.0,1100.0
1769432372.0685232,2.9811296463012695,-0.3207803964614868,2.4466037202873037,0.0,0.0,0.0,0.0,0.0,1100.0,0.0,0.0,1100.0
1769432372.118594,2.9811296463012695,-0.3207803964614868,2.4466037202873037,0.0,0.0,0.0,0.0,0.0,1100.0,0.0,0.0,1100.0
1769432372.168513,2.9811296463012695,-0.3207803964614868,2.4466037202873037,0.0,0.0,0.0,0.0,0.0,1100.0,0.0,0.0,1100.0
1769432372.2185502,2.9811296463012695,-0.3207803964614868,2.4466037202873037,0.0,0.0,0.0,0.0,0.0,1100.0,0.0,0.0,1100.0
1769432372.2685196,2.9811296463012695,-0.3207803964614868,2.4466037202873037,0.0,0.0,0.0,0.0,0.0,1100.0,0.0,0.0,1100.0
1769432372.3186018,2.9811296463012695,-0.3207803964614868,2.4466037202873037,0.0,0.0,0.0,0.0,0.0,1100.0,0.0,0.0,1100.0
1769432372.3685365,2.9811296463012695,-0.3207803964614868,2.4466037202873037,0.0,0.0,0.0,0.0,0.0,1100.0,0.0,0.0,1100.0
1769432372.4185824,2.9811296463012695,-0.3207803964614868,2.4466037202873037,0.0,0.0,0.0,0.0,0.0,1100.0,0.0,0.0,1100.0
1769432372.4684608,2.9811296463012695,-0.3207803964614868,2.4466037202873037,0.0,0.0,0.0,0.0,0.0,1100.0,0.0,0.0,1100.0
1769432372.5185816,2.9811296463012695,-0.3207803964614868,2.4466037202873037,0.0,0.0,0.0,0.0,0.0,1100.0,0.0,0.0,1100.0
1769432372.5685143,2.9811296463012695,-0.3207803964614868,2.4466037202873037,0.0,0.0,0.0,0.0,0.0,1100.0,0.0,0.0,1100.0
1769432372.6186035,2.9811296463012695,-0.3207803964614868,2.4466037202873037,0.0,0.0,0.0,0.0,0.0,1100.0,0.0,0.0,1100.0
1769432372.668523,2.9811296463012695,-0.3207803964614868,2.4466037202873037,0.0,0.0,0.0,0.0,0.0,1100.0,0.0,0.0,1100.0
1769432372.718586,2.9811296463012695,-0.3207803964614868,2.4466037202873037,0.0,0.0,0.0,0.0,0.0,1100.0,0.0,0.0,1100.0
1769432372.768546,2.9811296463012695,-0.3207803964614868,2.4466037202873037,0.0,0.0,0.0,0.0,0.0,1100.0,0.0,0.0,1100.0
1769432372.81861,2.9811296463012695,-0.3207803964614868,2.4466037202873037,0.0,0.0,0.0,0.0,0.0,1100.0,0.0,0.0,1100.0
1769432372.8685508,2.9811296463012695,-0.3207803964614868,2.4466037202873037,0.0,0.0,0.0,0.0,0.0,1100.0,0.0,0.0,1100.0
1769432372.9185803,2.9811296463012695,-0.3207803964614868,2.4466037202873037,0.0,0.0,0.0,0.0,0.0,1100.0,0.0,0.0,1100.0
1769432372.9684737,2.9811296463012695,-0.3207803964614868,2.4466037202873037,0.0,0.0,0.0,0.0,0.0,1100.0,0.0,0.0,1100.0
1769432373.0185938,2.9811296463012695,-0.3207803964614868,2.4466037202873037,0.0,0.0,0.0,0.0,0.0,1100.0,0.0,0.0,1100.0
1769432373.0685232,2.9811296463012695,-0.3207803964614868,2.4466037202873037,0.0,0.0,0.0,0.0,0.0,1100.0,0.0,0.0,1100.0
1769432373.1186035,2.9811296463012695,-0.3207803964614868,2.4466037202873037,0.0,0.0,0.0,0.0,0.0,1100.0,0.0,0.0,1100.0
1769432373.1685338,2.9811296463012695,-0.3207803964614868,2.4466037202873037,0.0,0.0,0.0,0.0,0.0,1100.0,0.0,0.0,1100.0
1769432373.2186272,2.9811296463012695,-0.3207803964614868,2.4466037202873037,0.0,0.0,0.0,0.0,0.0,1100.0,0.0,0.0,1100.0
1769432373.268521,2.9811296463012695,-0.3207803964614868,2.4466037202873037,0.0,0.0,0.0,0.0,0.0,1100.0,0.0,0.0,1100.0
1769432373.318578,2.9811296463012695,-0.3207803964614868,2.4466037202873037,0.0,0.0,0.0,0.0,0.0,1100.0,0.0,0.0,1100.0
1769432373.3685162,2.9811296463012695,-0.3207803964614868,2.4466037202873037,0.0,0.0,0.0,0.0,0.0,1100.0,0.0,0.0,1100.0
1769432373.4185827,2.9811296463012695,-0.3207803964614868,2.4466037202873037,0.0,0.0,0.0,0.0,0.0,1100.0,0.0,0.0,1100.0
1769432373.4685206,2.9811296463012695,-0.3207803964614868,2.4466037202873037,0.0,0.0,0.0,0.0,0.0,1100.0,0.0,0.0,1100.0
1769432373.5185826,2.9811296463012695,-0.3207803964614868,2.4466037202873037,0.0,0.0,0.0,0.0,0.0,1100.0,0.0,0.0,1100.0
1769432373.5684958,2.9811296463012695,-0.3207803964614868,2.4466037202873037,0.0,0.0,0.0,0.0,0.0,1100.0,0.0,0.0,1100.0
1769432373.6185908,2.9811296463012695,-0.3207803964614868,2.4466037202873037,0.0,0.0,0.0,0.0,0.0,1100.0,0.0,0.0,1100.0
1769432373.668445,2.9811296463012695,-0.3207803964614868,2.4466037202873037,0.0,0.0,0.0,0.0,0.0,1100.0,0.0,0.0,1100.0
1769432373.7186284,2.9811296463012695,-0.3207803964614868,2.4466037202873037,0.0,0.0,0.0,0.0,0.0,1100.0,0.0,0.0,1100.0
1769432373.7685113,2.9811296463012695,-0.3207803964614868,2.4466037202873037,0.0,0.0,0.0,0.0,0.0,1100.0,0.0,0.0,1100.0
1769432373.8185506,2.9811296463012695,-0.3207803964614868,2.4466037202873037,0.0,0.0,0.0,0.0,0.0,1100.0,0.0,0.0,1100.0
1769432373.8685133,2.9811296463012695,-0.3207803964614868,2.4466037202873037,0.0,0.0,0.0,0.0,0.0,1100.0,0.0,0.0,1100.0
1769432373.918582,2.9811296463012695,-0.3207803964614868,2.4466037202873037,0.0,0.0,0.0,0.0,0.0,1100.0,0.0,0.0,1100.0
1769432373.968574,2.9811296463012695,-0.3207803964614868,2.4466037202873037,0.0,0.0,0.0,0.0,0.0,1100.0,0.0,0.0,1100.0
1769432374.0185711,2.9811296463012695,-0.3207803964614868,2.4466037202873037,0.0,0.0,0.0,0.0,0.0,1100.0,0.0,0.0,1100.0
1769432374.06855,2.9811296463012695,-0.3207803964614868,2.4466037202873037,0.0,0.0,0.0,0.0,0.0,1100.0,0.0,0.0,1100.0
1769432374.1186304,2.9811296463012695,-0.3207803964614868,2.4466037202873037,0.0,0.0,0.0,0.0,0.0,1100.0,0.0,0.0,1100.0
1769432374.1685178,2.9811296463012695,-0.3207803964614868,2.4466037202873037,0.0,0.0,0.0,0.0,0.0,1100.0,0.0,0.0,1100.0
1769432374.2185953,2.9811296463012695,-0.3207803964614868,2.4466037202873037,0.0,0.0,0.0,0.0,0.0,1100.0,0.0,0.0,1100.0
1769432374.2685199,2.9811296463012695,-0.3207803964614868,2.4466037202873037,0.0,0.0,0.0,0.0,0.0,1100.0,0.0,0.0,1100.0
1769432374.3185396,2.9811296463012695,-0.3207803964614868,2.4466037202873037,0.0,0.0,0.0,0.0,0.0,1100.0,0.0,0.0,1100.0
1769432374.3685386,2.9811296463012695,-0.3207803964614868,2.4466037202873037,0.0,0.0,0.0,0.0,0.0,1100.0,0.0,0.0,1100.0
1769432374.4185956,2.9811296463012695,-0.3207803964614868,2.4466037202873037,0.0,0.0,0.0,0.0,0.0,1100.0,0.0,0.0,1100.0
1769432374.4685411,2.9811296463012695,-0.3207803964614868,2.4466037202873037,0.0,0.0,0.0,0.0,0.0,1100.0,0.0,0.0,1100.0
1769432374.5186543,2.9811296463012695,-0.3207803964614868,2.4466037202873037,0.0,0.0,0.0,0.0,0.0,1100.0,0.0,0.0,1100.0
1769432374.5685337,2.9811296463012695,-0.3207803964614868,2.4466037202873037,0.0,0.0,0.0,0.0,0.0,1100.0,0.0,0.0,1100.0
1769432374.6186323,2.9811296463012695,-0.3207803964614868,2.4466037202873037,0.0,0.0,0.0,0.0,0.0,1100.0,0.0,0.0,1100.0
1769432374.6685576,2.9811296463012695,-0.3207803964614868,2.4466037202873037,0.0,0.0,0.0,0.0,0.0,1100.0,0.0,0.0,1100.0
1769432374.7186058,2.9811296463012695,-0.3207803964614868,2.4466037202873037,0.0,0.0,0.0,0.0,0.0,1100.0,0.0,0.0,1100.0
1769432374.7685559,2.9811296463012695,-0.3207803964614868,2.4466037202873037,0.0,0.0,0.0,0.0,0.0,1100.0,0.0,0.0,1100.0
1769432374.8186467,2.9811296463012695,-0.3207803964614868,2.4466037202873037,0.0,0.0,0.0,0.0,0.0,1100.0,0.0,0.0,1100.0
1769432374.8685484,2.9811296463012695,-0.3207803964614868,2.4466037202873037,0.0,0.0,0.0,0.0,0.0,1100.0,0.0,0.0,1100.0
1769432374.9185958,2.9811296463012695,-0.3207803964614868,2.4466037202873037,0.0,0.0,0.0,0.0,0.0,1100.0,0.0,0.0,1100.0
1769432374.9685876,2.9811296463012695,-0.3207803964614868,2.4466037202873037,0.0,0.0,0.0,0.0,0.0,1100.0,0.0,0.0,1100.0
1769432375.0186124,2.9811296463012695,-0.3207803964614868,2.4466037202873037,0.0,0.0,0.0,0.0,0.0,1100.0,0.0,0.0,1100.0
1769432375.0685747,2.9811296463012695,-0.3207803964614868,2.4466037202873037,0.0,0.0,0.0,0.0,0.0,1100.0,0.0,0.0,1100.0
1769432375.1186795,2.9811296463012695,-0.3207803964614868,2.4466037202873037,0.0,0.0,0.0,0.0,0.0,1100.0,0.0,0.0,1100.0
1769432375.1684523,2.9811296463012695,-0.3207803964614868,2.4466037202873037,0.0,0.0,0.0,0.0,0.0,1100.0,0.0,0.0,1100.0
1769432375.218625,2.9811296463012695,-0.3207803964614868,2.4466037202873037,0.0,0.0,0.0,0.0,0.0,1100.0,0.0,0.0,1100.0
1769432375.268516,2.9811296463012695,-0.3207803964614868,2.4466037202873037,0.0,0.0,0.0,0.0,0.0,1100.0,0.0,0.0,1100.0
1769432375.3186417,2.9811296463012695,-0.3207803964614868,2.4466037202873037,0.0,0.0,0.0,0.0,0.0,1100.0,0.0,0.0,1100.0
1769432375.36855,2.9811296463012695,-0.3207803964614868,2.4466037202873037,0.0,0.0,0.0,0.0,0.0,1100.0,0.0,0.0,1100.0
1769432375.418575,2.9811296463012695,-0.3207803964614868,2.4466037202873037,0.0,0.0,0.0,0.0,0.0,1100.0,0.0,0.0,1100.0
1769432375.4685535,2.9811296463012695,-0.3207803964614868,2.4466037202873037,0.0,0.0,0.0,0.0,0.0,1100.0,0.0,0.0,1100.0
1769432375.5185244,2.9811296463012695,-0.3207803964614868,2.4466037202873037,0.0,0.0,0.0,0.0,0.0,1100.0,0.0,0.0,1100.0
1769432375.568555,2.9811296463012695,-0.3207803964614868,2.4466037202873037,0.0,0.0,0.0,0.0,0.0,1100.0,0.0,0.0,1100.0
1769432375.6186414,2.9811296463012695,-0.3207803964614868,2.4466037202873037,0.0,0.0,0.0,0.0,0.0,1100.0,0.0,0.0,1100.0
1769432375.668578,2.9811296463012695,-0.3207803964614868,2.4466037202873037,0.0,0.0,0.0,0.0,0.0,1100.0,0.0,0.0,1100.0
1769432375.7186465,2.9811296463012695,-0.3207803964614868,2.4466037202873037,0.0,0.0,0.0,0.0,0.0,1100.0,0.0,0.0,1100.0
1769432375.7685103,2.9811296463012695,-0.3207803964614868,2.4466037202873037,0.0,0.0,0.0,0.0,0.0,1100.0,0.0,0.0,1100.0
1769432375.8185651,2.9811296463012695,-0.3207803964614868,2.4466037202873037,0.0,0.0,0.0,0.0,0.0,1100.0,0.0,0.0,1100.0
1769432375.8685586,2.9811296463012695,-0.3207803964614868,2.4466037202873037,0.0,0.0,0.0,0.0,0.0,1100.0,0.0,0.0,1100.0
1769432375.9186203,2.9811296463012695,-0.3207803964614868,2.4466037202873037,0.0,0.0,0.0,0.0,0.0,1100.0,0.0,0.0,1100.0
1769432375.9685824,2.9811296463012695,-0.3207803964614868,2.4466037202873037,0.0,0.0,0.0,0.0,0.0,1100.0,0.0,0.0,1100.0
1769432376.0186207,2.9811296463012695,-0.3207803964614868,2.4466037202873037,0.0,0.0,0.0,0.0,0.0,1100.0,0.0,0.0,1100.0
1769432376.0685616,2.9811296463012695,-0.3207803964614868,2.4466037202873037,0.0,0.0,0.0,0.0,0.0,1100.0,0.0,0.0,1100.0
1769432376.1186478,2.9811296463012695,-0.3207803964614868,2.4466037202873037,0.0,0.0,0.0,0.0,0.0,1100.0,0.0,0.0,1100.0
1769432376.1684637,2.9811296463012695,-0.3207803964614868,2.4466037202873037,0.0,0.0,0.0,0.0,0.0,1100.0,0.0,0.0,1100.0
1769432376.2186491,2.9811296463012695,-0.3207803964614868,2.4466037202873037,0.0,0.0,0.0,0.0,0.0,1100.0,0.0,0.0,1100.0
1769432376.2703183,2.9811296463012695,-0.3207803964614868,2.4466037202873037,0.0,0.0,0.0,0.0,0.0,1100.0,0.0,0.0,1100.0
1769432376.3186514,2.9811296463012695,-0.3207803964614868,2.4466037202873037,0.0,0.0,0.0,0.0,0.0,1100.0,0.0,0.0,1100.0
1769432376.368551,2.9811296463012695,-0.3207803964614868,2.4466037202873037,0.0,0.0,0.0,0.0,0.0,1100.0,0.0,0.0,1100.0
1769432376.4185936,2.9811296463012695,-0.3207803964614868,2.4466037202873037,0.0,0.0,0.0,0.0,0.0,1100.0,0.0,0.0,1100.0
1769432376.4685414,2.9811296463012695,-0.3207803964614868,2.4466037202873037,0.0,0.0,0.0,0.0,0.0,1100.0,0.0,0.0,1100.0
1769432376.5186152,2.9811296463012695,-0.3207803964614868,2.4466037202873037,0.0,0.0,0.0,0.0,0.0,1100.0,0.0,0.0,1100.0
1769432376.5685275,2.9811296463012695,-0.3207803964614868,2.4466037202873037,0.0,0.0,0.0,0.0,0.0,1100.0,0.0,0.0,1100.0
1769432376.618618,2.9811296463012695,-0.3207803964614868,2.4466037202873037,0.0,0.0,0.0,0.0,0.0,1100.0,0.0,0.0,1100.0
1769432376.6685078,2.9811296463012695,-0.3207803964614868,2.4466037202873037,0.0,0.0,0.0,0.0,0.0,1100.0,0.0,0.0,1100.0
1769432376.7185433,2.9811296463012695,-0.3207803964614868,2.4466037202873037,0.0,0.0,0.0,0.0,0.0,1100.0,0.0,0.0,1100.0
1769432376.7685325,2.9811296463012695,-0.3207803964614868,2.4466037202873037,0.0,0.0,0.0,0.0,0.0,1100.0,0.0,0.0,1100.0
1769432376.8185744,2.9811296463012695,-0.3207803964614868,2.4466037202873037,0.0,0.0,0.0,0.0,0.0,1100.0,0.0,0.0,1100.0
1769432376.868518,2.9811296463012695,-0.3207803964614868,2.4466037202873037,0.0,0.0,0.0,0.0,0.0,1100.0,0.0,0.0,1100.0
1769432376.9185805,2.9811296463012695,-0.3207803964614868,2.4466037202873037,0.0,0.0,0.0,0.0,0.0,1100.0,0.0,0.0,1100.0
1769432376.9685328,2.9811296463012695,-0.3207803964614868,2.4466037202873037,0.0,0.0,0.0,0.0,0.0,1100.0,0.0,0.0,1100.0
1769432377.0185723,2.9811296463012695,-0.3207803964614868,2.4466037202873037,0.0,0.0,0.0,0.0,0.0,1100.0,0.0,0.0,1100.0
1769432377.0685263,2.9811296463012695,-0.3207803964614868,2.4466037202873037,0.0,0.0,0.0,0.0,0.0,1100.0,0.0,0.0,1100.0
1769432377.1186953,2.9811296463012695,-0.3207803964614868,2.4466037202873037,0.0,0.0,0.0,0.0,0.0,1100.0,0.0,0.0,1100.0
1769432377.168521,2.9811296463012695,-0.3207803964614868,2.4466037202873037,0.0,0.0,0.0,0.0,0.0,1100.0,0.0,0.0,1100.0
1769432377.2186153,2.9811296463012695,-0.3207803964614868,2.4466037202873037,0.0,0.0,0.0,0.0,0.0,1100.0,0.0,0.0,1100.0
1769432377.268511,2.9811296463012695,-0.3207803964614868,2.4466037202873037,0.0,0.0,0.0,0.0,0.0,1100.0,0.0,0.0,1100.0
1769432377.318557,2.9811296463012695,-0.3207803964614868,2.4466037202873037,0.0,0.0,0.0,0.0,0.0,1100.0,0.0,0.0,1100.0
1769432377.368537,2.9811296463012695,-0.3207803964614868,2.4466037202873037,0.0,0.0,0.0,0.0,0.0,1100.0,0.0,0.0,1100.0
1769432377.4185665,2.9811296463012695,-0.3207803964614868,2.4466037202873037,0.0,0.0,0.0,0.0,0.0,1100.0,0.0,0.0,1100.0
1769432377.46858,2.9811296463012695,-0.3207803964614868,2.4466037202873037,0.0,0.0,0.0,0.0,0.0,1100.0,0.0,0.0,1100.0
1769432377.5185807,2.9811296463012695,-0.3207803964614868,2.4466037202873037,0.0,0.0,0.0,0.0,0.0,1100.0,0.0,0.0,1100.0
1769432377.5685384,2.9811296463012695,-0.3207803964614868,2.4466037202873037,0.0,0.0,0.0,0.0,0.0,1100.0,0.0,0.0,1100.0
1769432377.6186311,2.9811296463012695,-0.3207803964614868,2.4466037202873037,0.0,0.0,0.0,0.0,0.0,1100.0,0.0,0.0,1100.0
1769432377.668515,2.9811296463012695,-0.3207803964614868,2.4466037202873037,0.0,0.0,0.0,0.0,0.0,1100.0,0.0,0.0,1100.0
1769432377.7185094,2.9811296463012695,-0.3207803964614868,2.4466037202873037,0.0,0.0,0.0,0.0,0.0,1100.0,0.0,0.0,1100.0
1769432377.768548,2.9811296463012695,-0.3207803964614868,2.4466037202873037,0.0,0.0,0.0,0.0,0.0,1100.0,0.0,0.0,1100.0
1769432377.8185053,2.9811296463012695,-0.3207803964614868,2.4466037202873037,0.0,0.0,0.0,0.0,0.0,1100.0,0.0,0.0,1100.0
1769432377.8685246,2.9811296463012695,-0.3207803964614868,2.4466037202873037,0.0,0.0,0.0,0.0,0.0,1100.0,0.0,0.0,1100.0
1769432377.9185638,2.9811296463012695,-0.3207803964614868,2.4466037202873037,0.0,0.0,0.0,0.0,0.0,1100.0,0.0,0.0,1100.0
1769432377.9685276,2.9811296463012695,-0.3207803964614868,2.4466037202873037,0.0,0.0,0.0,0.0,0.0,1100.0,0.0,0.0,1100.0
1769432378.0185995,2.9811296463012695,-0.3207803964614868,2.4466037202873037,0.0,0.0,0.0,0.0,0.0,1100.0,0.0,0.0,1100.0
1769432378.0685258,2.9811296463012695,-0.3207803964614868,2.4466037202873037,0.0,0.0,0.0,0.0,0.0,1100.0,0.0,0.0,1100.0
1769432378.118622,2.9811296463012695,-0.3207803964614868,2.4466037202873037,0.0,0.0,0.0,0.0,0.0,1100.0,0.0,0.0,1100.0
1769432378.168447,2.9811296463012695,-0.3207803964614868,2.4466037202873037,0.0,0.0,0.0,0.0,0.0,1100.0,0.0,0.0,1100.0
1769432378.2186158,2.9811296463012695,-0.3207803964614868,2.4466037202873037,0.0,0.0,0.0,0.0,0.0,1100.0,0.0,0.0,1100.0
1769432378.2685416,2.9811296463012695,-0.3207803964614868,2.4466037202873037,0.0,0.0,0.0,0.0,0.0,1100.0,0.0,0.0,1100.0
1769432378.3185906,2.9811296463012695,-0.3207803964614868,2.4466037202873037,0.0,0.0,0.0,0.0,0.0,1100.0,0.0,0.0,1100.0
1769432378.3685079,2.9811296463012695,-0.3207803964614868,2.4466037202873037,0.0,0.0,0.0,0.0,0.0,1100.0,0.0,0.0,1100.0
1769432378.4185774,2.9811296463012695,-0.3207803964614868,2.4466037202873037,0.0,0.0,0.0,0.0,0.0,1100.0,0.0,0.0,1100.0
1769432378.4685092,2.9811296463012695,-0.3207803964614868,2.4466037202873037,0.0,0.0,0.0,0.0,0.0,1100.0,0.0,0.0,1100.0
1769432378.5185955,2.9811296463012695,-0.3207803964614868,2.4466037202873037,0.0,0.0,0.0,0.0,0.0,1100.0,0.0,0.0,1100.0
1769432378.5685437,2.9811296463012695,-0.3207803964614868,2.4466037202873037,0.0,0.0,0.0,0.0,0.0,1100.0,0.0,0.0,1100.0
1769432378.618615,2.9811296463012695,-0.3207803964614868,2.4466037202873037,0.0,0.0,0.0,0.0,0.0,1100.0,0.0,0.0,1100.0
1769432378.6684916,2.9811296463012695,-0.3207803964614868,2.4466037202873037,0.0,0.0,0.0,0.0,0.0,1100.0,0.0,0.0,1100.0
1769432378.718579,2.9811296463012695,-0.3207803964614868,2.4466037202873037,0.0,0.0,0.0,0.0,0.0,1100.0,0.0,0.0,1100.0
1769432378.7684548,2.9811296463012695,-0.3207803964614868,2.4466037202873037,0.0,0.0,0.0,0.0,0.0,1100.0,0.0,0.0,1100.0
1769432378.81858,2.9811296463012695,-0.3207803964614868,2.4466037202873037,0.0,0.0,0.0,0.0,0.0,1100.0,0.0,0.0,1100.0
1769432378.868507,2.9811296463012695,-0.3207803964614868,2.4466037202873037,0.0,0.0,0.0,0.0,0.0,1100.0,0.0,0.0,1100.0
1769432378.9185596,2.9811296463012695,-0.3207803964614868,2.4466037202873037,0.0,0.0,0.0,0.0,0.0,1100.0,0.0,0.0,1100.0
1769432378.968516,2.9811296463012695,-0.3207803964614868,2.4466037202873037,0.0,0.0,0.0,0.0,0.0,1100.0,0.0,0.0,1100.0
1769432379.0185647,2.9811296463012695,-0.3207803964614868,2.4466037202873037,0.0,0.0,0.0,0.0,0.0,1100.0,0.0,0.0,1100.0
1769432379.0684788,2.9811296463012695,-0.3207803964614868,2.4466037202873037,0.0,0.0,0.0,0.0,0.0,1100.0,0.0,0.0,1100.0
1769432379.118611,2.9811296463012695,-0.3207803964614868,2.4466037202873037,0.0,0.0,0.0,0.0,0.0,1100.0,0.0,0.0,1100.0
1769432379.1684668,2.9811296463012695,-0.3207803964614868,2.4466037202873037,0.0,0.0,0.0,0.0,0.0,1100.0,0.0,0.0,1100.0
1769432379.2186434,2.9811296463012695,-0.3207803964614868,2.4466037202873037,0.0,0.0,0.0,0.0,0.0,1100.0,0.0,0.0,1100.0
1769432379.2685447,2.9811296463012695,-0.3207803964614868,2.4466037202873037,0.0,0.0,0.0,0.0,0.0,1100.0,0.0,0.0,1100.0
1769432379.3185802,2.9811296463012695,-0.3207803964614868,2.4466037202873037,0.0,0.0,0.0,0.0,0.0,1100.0,0.0,0.0,1100.0
1769432379.3685231,2.9811296463012695,-0.3207803964614868,2.4466037202873037,0.0,0.0,0.0,0.0,0.0,1100.0,0.0,0.0,1100.0
1769432379.4186397,2.9811296463012695,-0.3207803964614868,2.4466037202873037,0.0,0.0,0.0,0.0,0.0,1100.0,0.0,0.0,1100.0
1769432379.4685318,2.9811296463012695,-0.3207803964614868,2.4466037202873037,0.0,0.0,0.0,0.0,0.0,1100.0,0.0,0.0,1100.0
1769432379.5185702,2.9811296463012695,-0.3207803964614868,2.4466037202873037,0.0,0.0,0.0,0.0,0.0,1100.0,0.0,0.0,1100.0
1769432379.5684628,2.9811296463012695,-0.3207803964614868,2.4466037202873037,0.0,0.0,0.0,0.0,0.0,1100.0,0.0,0.0,1100.0
1769432379.6185658,2.9811296463012695,-0.3207803964614868,2.4466037202873037,0.0,0.0,0.0,0.0,0.0,1100.0,0.0,0.0,1100.0
1769432379.6685822,2.9811296463012695,-0.3207803964614868,2.4466037202873037,0.0,0.0,0.0,0.0,0.0,1100.0,0.0,0.0,1100.0
1769432379.7185311,2.9811296463012695,-0.3207803964614868,2.4466037202873037,0.0,0.0,0.0,0.0,0.0,1100.0,0.0,0.0,1100.0
1769432379.7685099,2.9811296463012695,-0.3207803964614868,2.4466037202873037,0.0,0.0,0.0,0.0,0.0,1100.0,0.0,0.0,1100.0
1769432379.8185973,2.9811296463012695,-0.3207803964614868,2.4466037202873037,0.0,0.0,0.0,0.0,0.0,1100.0,0.0,0.0,1100.0
1769432379.8685465,2.9811296463012695,-0.3207803964614868,2.4466037202873037,0.0,0.0,0.0,0.0,0.0,1100.0,0.0,0.0,1100.0
1769432379.9186356,2.9811296463012695,-0.3207803964614868,2.4466037202873037,0.0,0.0,0.0,0.0,0.0,1100.0,0.0,0.0,1100.0
1769432379.968466,2.9811296463012695,-0.3207803964614868,2.4466037202873037,0.0,0.0,0.0,0.0,0.0,1100.0,0.0,0.0,1100.0
1769432380.018604,2.9811296463012695,-0.3207803964614868,2.4466037202873037,0.0,0.0,0.0,0.0,0.0,1100.0,0.0,0.0,1100.0
1769432380.0684443,2.9811296463012695,-0.3207803964614868,2.4466037202873037,0.0,0.0,0.0,0.0,0.0,1100.0,0.0,0.0,1100.0
1769432380.1185045,2.9811296463012695,-0.3207803964614868,2.4466037202873037,0.0,0.0,0.0,0.0,0.0,1100.0,0.0,0.0,1100.0
1769432380.1685245,2.9811296463012695,-0.3207803964614868,2.4466037202873037,0.0,0.0,0.0,0.0,0.0,1100.0,0.0,0.0,1100.0
1769432380.2185946,2.9811296463012695,-0.3207803964614868,2.4466037202873037,0.0,0.0,0.0,0.0,0.0,1100.0,0.0,0.0,1100.0
1769432380.268484,2.9811296463012695,-0.3207803964614868,2.4466037202873037,0.0,0.0,0.0,0.0,0.0,1100.0,0.0,0.0,1100.0
1769432380.3186505,2.9811296463012695,-0.3207803964614868,2.4466037202873037,0.0,0.0,0.0,0.0,0.0,1100.0,0.0,0.0,1100.0
1769432380.3685577,2.9811296463012695,-0.3207803964614868,2.4466037202873037,0.0,0.0,0.0,0.0,0.0,1100.0,0.0,0.0,1100.0
1769432380.4185588,2.9811296463012695,-0.3207803964614868,2.4466037202873037,0.0,0.0,0.0,0.0,0.0,1100.0,0.0,0.0,1100.0
1769432380.4685285,2.9811296463012695,-0.3207803964614868,2.4466037202873037,0.0,0.0,0.0,0.0,0.0,1100.0,0.0,0.0,1100.0
1769432380.5185313,2.9811296463012695,-0.3207803964614868,2.4466037202873037,0.0,0.0,0.0,0.0,0.0,1100.0,0.0,0.0,1100.0
1769432380.568457,2.9811296463012695,-0.3207803964614868,2.4466037202873037,0.0,0.0,0.0,0.0,0.0,1100.0,0.0,0.0,1100.0
1769432380.6186047,2.9811296463012695,-0.3207803964614868,2.4466037202873037,0.0,0.0,0.0,0.0,0.0,1100.0,0.0,0.0,1100.0
1769432380.6685388,2.9811296463012695,-0.3207803964614868,2.4466037202873037,0.0,0.0,0.0,0.0,0.0,1100.0,0.0,0.0,1100.0
1769432380.7187238,2.9811296463012695,-0.3207803964614868,2.4466037202873037,0.0,0.0,0.0,0.0,0.0,1100.0,0.0,0.0,1100.0
1769432380.7685647,2.9811296463012695,-0.3207803964614868,2.4466037202873037,0.0,0.0,0.0,0.0,0.0,1100.0,0.0,0.0,1100.0
1769432380.8186269,2.9811296463012695,-0.3207803964614868,2.4466037202873037,0.0,0.0,0.0,0.0,0.0,1100.0,0.0,0.0,1100.0
1769432380.8686311,2.9811296463012695,-0.3207803964614868,2.4466037202873037,0.0,0.0,0.0,0.0,0.0,1100.0,0.0,0.0,1100.0
1769432380.9186745,2.9811296463012695,-0.3207803964614868,2.4466037202873037,0.0,0.0,0.0,0.0,0.0,1100.0,0.0,0.0,1100.0
1769432380.9685345,2.9811296463012695,-0.3207803964614868,2.4466037202873037,0.0,0.0,0.0,0.0,0.0,1100.0,0.0,0.0,1100.0
1769432381.0187495,2.9811296463012695,-0.3207803964614868,2.4466037202873037,0.0,0.0,0.0,0.0,0.0,1100.0,0.0,0.0,1100.0
1769432381.0685427,2.9811296463012695,-0.3207803964614868,2.4466037202873037,0.0,0.0,0.0,0.0,0.0,1100.0,0.0,0.0,1100.0
1769432381.1186082,2.9811296463012695,-0.3207803964614868,2.4466037202873037,0.0,0.0,0.0,0.0,0.0,1100.0,0.0,0.0,1100.0
1769432381.168602,2.9811296463012695,-0.3207803964614868,2.4466037202873037,0.0,0.0,0.0,0.0,0.0,1100.0,0.0,0.0,1100.0
1769432381.2186825,2.9811296463012695,-0.3207803964614868,2.4466037202873037,0.0,0.0,0.0,0.0,0.0,1100.0,0.0,0.0,1100.0
1769432381.2685707,2.9811296463012695,-0.3207803964614868,2.4466037202873037,0.0,0.0,0.0,0.0,0.0,1100.0,0.0,0.0,1100.0
1769432381.3186111,2.9811296463012695,-0.3207803964614868,2.4466037202873037,0.0,0.0,0.0,0.0,0.0,1100.0,0.0,0.0,1100.0
1769432381.3684998,2.9811296463012695,-0.3207803964614868,2.4466037202873037,0.0,0.0,0.0,0.0,0.0,1100.0,0.0,0.0,1100.0
1769432381.4186673,2.9811296463012695,-0.3207803964614868,2.4466037202873037,0.0,0.0,0.0,0.0,0.0,1100.0,0.0,0.0,1100.0
1769432381.468552,2.9811296463012695,-0.3207803964614868,2.4466037202873037,0.0,0.0,0.0,0.0,0.0,1100.0,0.0,0.0,1100.0
1769432381.518616,2.9811296463012695,-0.3207803964614868,2.4466037202873037,0.0,0.0,0.0,0.0,0.0,1100.0,0.0,0.0,1100.0
1769432381.5684683,2.9811296463012695,-0.3207803964614868,2.4466037202873037,0.0,0.0,0.0,0.0,0.0,1100.0,0.0,0.0,1100.0
1769432381.6186242,2.9811296463012695,-0.3207803964614868,2.4466037202873037,0.0,0.0,0.0,0.0,0.0,1100.0,0.0,0.0,1100.0
1769432381.6685848,2.9811296463012695,-0.3207803964614868,2.4466037202873037,0.0,0.0,0.0,0.0,0.0,1100.0,0.0,0.0,1100.0
1769432381.7186453,2.9811296463012695,-0.3207803964614868,2.4466037202873037,0.0,0.0,0.0,0.0,0.0,1100.0,0.0,0.0,1100.0
1769432381.7685528,2.9811296463012695,-0.3207803964614868,2.4466037202873037,0.0,0.0,0.0,0.0,0.0,1100.0,0.0,0.0,1100.0
1769432381.8186278,2.9811296463012695,-0.3207803964614868,2.4466037202873037,0.0,0.0,0.0,0.0,0.0,1100.0,0.0,0.0,1100.0
1769432381.868596,2.9811296463012695,-0.3207803964614868,2.4466037202873037,0.0,0.0,0.0,0.0,0.0,1100.0,0.0,0.0,1100.0
1769432381.9186342,2.9811296463012695,-0.3207803964614868,2.4466037202873037,0.0,0.0,0.0,0.0,0.0,1100.0,0.0,0.0,1100.0
1769432381.968549,2.9811296463012695,-0.3207803964614868,2.4466037202873037,0.0,0.0,0.0,0.0,0.0,1100.0,0.0,0.0,1100.0
1769432382.0186212,2.9811296463012695,-0.3207803964614868,2.4466037202873037,0.0,0.0,0.0,0.0,0.0,1100.0,0.0,0.0,1100.0
1769432382.06851,2.9811296463012695,-0.3207803964614868,2.4466037202873037,0.0,0.0,0.0,0.0,0.0,1100.0,0.0,0.0,1100.0
1769432382.1186085,2.9811296463012695,-0.3207803964614868,2.4466037202873037,0.0,0.0,0.0,0.0,0.0,1100.0,0.0,0.0,1100.0
1769432382.1685512,2.9811296463012695,-0.3207803964614868,2.4466037202873037,0.0,0.0,0.0,0.0,0.0,1100.0,0.0,0.0,1100.0
1769432382.2185667,2.9811296463012695,-0.3207803964614868,2.4466037202873037,0.0,0.0,0.0,0.0,0.0,1100.0,0.0,0.0,1100.0
1769432382.2685597,2.9811296463012695,-0.3207803964614868,2.4466037202873037,0.0,0.0,0.0,0.0,0.0,1100.0,0.0,0.0,1100.0
1769432382.3186178,2.9811296463012695,-0.3207803964614868,2.4466037202873037,0.0,0.0,0.0,0.0,0.0,1100.0,0.0,0.0,1100.0
1769432382.3685443,2.9811296463012695,-0.3207803964614868,2.4466037202873037,0.0,0.0,0.0,0.0,0.0,1100.0,0.0,0.0,1100.0
1769432382.4186285,2.9811296463012695,-0.3207803964614868,2.4466037202873037,0.0,0.0,0.0,0.0,0.0,1100.0,0.0,0.0,1100.0
1769432382.4684875,2.9811296463012695,-0.3207803964614868,2.4466037202873037,0.0,0.0,0.0,0.0,0.0,1100.0,0.0,0.0,1100.0
1769432382.5186293,2.9811296463012695,-0.3207803964614868,2.4466037202873037,0.0,0.0,0.0,0.0,0.0,1100.0,0.0,0.0,1100.0
1769432382.5685542,2.9811296463012695,-0.3207803964614868,2.4466037202873037,0.0,0.0,0.0,0.0,0.0,1100.0,0.0,0.0,1100.0
1769432382.6185684,2.9811296463012695,-0.3207803964614868,2.4466037202873037,0.0,0.0,0.0,0.0,0.0,1100.0,0.0,0.0,1100.0
1769432382.6685283,2.9811296463012695,-0.3207803964614868,2.4466037202873037,0.0,0.0,0.0,0.0,0.0,1100.0,0.0,0.0,1100.0
1769432382.7185996,2.9811296463012695,-0.3207803964614868,2.4466037202873037,0.0,0.0,0.0,0.0,0.0,1100.0,0.0,0.0,1100.0
1769432382.7685237,2.9811296463012695,-0.3207803964614868,2.4466037202873037,0.0,0.0,0.0,0.0,0.0,1100.0,0.0,0.0,1100.0
1769432382.8186183,2.9811296463012695,-0.3207803964614868,2.4466037202873037,0.0,0.0,0.0,0.0,0.0,1100.0,0.0,0.0,1100.0
1769432382.8685799,2.9811296463012695,-0.3207803964614868,2.4466037202873037,0.0,0.0,0.0,0.0,0.0,1100.0,0.0,0.0,1100.0
1769432382.9186354,2.9811296463012695,-0.3207803964614868,2.4466037202873037,0.0,0.0,0.0,0.0,0.0,1100.0,0.0,0.0,1100.0
1769432382.968547,2.9811296463012695,-0.3207803964614868,2.4466037202873037,0.0,0.0,0.0,0.0,0.0,1100.0,0.0,0.0,1100.0
1769432383.0186443,2.9811296463012695,-0.3207803964614868,2.4466037202873037,0.0,0.0,0.0,0.0,0.0,1100.0,0.0,0.0,1100.0
1769432383.0685472,2.9811296463012695,-0.3207803964614868,2.4466037202873037,0.0,0.0,0.0,0.0,0.0,1100.0,0.0,0.0,1100.0
1769432383.1186283,2.9811296463012695,-0.3207803964614868,2.4466037202873037,0.0,0.0,0.0,0.0,0.0,1100.0,0.0,0.0,1100.0
1769432383.1685424,2.9811296463012695,-0.3207803964614868,2.4466037202873037,0.0,0.0,0.0,0.0,0.0,1100.0,0.0,0.0,1100.0
1769432383.2185998,2.9811296463012695,-0.3207803964614868,2.4466037202873037,0.0,0.0,0.0,0.0,0.0,1100.0,0.0,0.0,1100.0
1769432383.268621,2.9811296463012695,-0.3207803964614868,2.4466037202873037,0.0,0.0,0.0,0.0,0.0,1100.0,0.0,0.0,1100.0
1769432383.3185496,2.9811296463012695,-0.3207803964614868,2.4466037202873037,0.0,0.0,0.0,0.0,0.0,1100.0,0.0,0.0,1100.0
1769432383.3685467,2.9811296463012695,-0.3207803964614868,2.4466037202873037,0.0,0.0,0.0,0.0,0.0,1100.0,0.0,0.0,1100.0
1769432383.4186118,2.9811296463012695,-0.3207803964614868,2.4466037202873037,0.0,0.0,0.0,0.0,0.0,1100.0,0.0,0.0,1100.0
1769432383.4685125,2.9811296463012695,-0.3207803964614868,2.4466037202873037,0.0,0.0,0.0,0.0,0.0,1100.0,0.0,0.0,1100.0
1769432383.5185513,2.9811296463012695,-0.3207803964614868,2.4466037202873037,0.0,0.0,0.0,0.0,0.0,1100.0,0.0,0.0,1100.0
1769432383.5685136,2.9811296463012695,-0.3207803964614868,2.4466037202873037,0.0,0.0,0.0,0.0,0.0,1100.0,0.0,0.0,1100.0
1769432383.618597,2.9811296463012695,-0.3207803964614868,2.4466037202873037,0.0,0.0,0.0,0.0,0.0,1100.0,0.0,0.0,1100.0
1769432383.6685202,2.9811296463012695,-0.3207803964614868,2.4466037202873037,0.0,0.0,0.0,0.0,0.0,1100.0,0.0,0.0,1100.0
1769432383.7186053,2.9811296463012695,-0.3207803964614868,2.4466037202873037,0.0,0.0,0.0,0.0,0.0,1100.0,0.0,0.0,1100.0
1769432383.7685046,2.9811296463012695,-0.3207803964614868,2.4466037202873037,0.0,0.0,0.0,0.0,0.0,1100.0,0.0,0.0,1100.0
1769432383.8185992,2.9811296463012695,-0.3207803964614868,2.4466037202873037,0.0,0.0,0.0,0.0,0.0,1100.0,0.0,0.0,1100.0
1769432383.8685381,2.9811296463012695,-0.3207803964614868,2.4466037202873037,0.0,0.0,0.0,0.0,0.0,1100.0,0.0,0.0,1100.0
1769432383.9186468,2.9811296463012695,-0.3207803964614868,2.4466037202873037,0.0,0.0,0.0,0.0,0.0,1100.0,0.0,0.0,1100.0
1769432383.9685137,2.9811296463012695,-0.3207803964614868,2.4466037202873037,0.0,0.0,0.0,0.0,0.0,1100.0,0.0,0.0,1100.0
1769432384.0185988,2.9811296463012695,-0.3207803964614868,2.4466037202873037,0.0,0.0,0.0,0.0,0.0,1100.0,0.0,0.0,1100.0
1769432384.0685284,2.9811296463012695,-0.3207803964614868,2.4466037202873037,0.0,0.0,0.0,0.0,0.0,1100.0,0.0,0.0,1100.0
1769432384.1186025,2.9811296463012695,-0.3207803964614868,2.4466037202873037,0.0,0.0,0.0,0.0,0.0,1100.0,0.0,0.0,1100.0
1769432384.1686158,2.9811296463012695,-0.3207803964614868,2.4466037202873037,0.0,0.0,0.0,0.0,0.0,1100.0,0.0,0.0,1100.0
1769432384.2185798,2.9811296463012695,-0.3207803964614868,2.4466037202873037,0.0,0.0,0.0,0.0,0.0,1100.0,0.0,0.0,1100.0
1769432384.268614,2.9811296463012695,-0.3207803964614868,2.4466037202873037,0.0,0.0,0.0,0.0,0.0,1100.0,0.0,0.0,1100.0
1769432384.3186572,2.9811296463012695,-0.3207803964614868,2.4466037202873037,0.0,0.0,0.0,0.0,0.0,1100.0,0.0,0.0,1100.0
1769432384.3685193,2.9811296463012695,-0.3207803964614868,2.4466037202873037,0.0,0.0,0.0,0.0,0.0,1100.0,0.0,0.0,1100.0
1769432384.4186194,2.9811296463012695,-0.3207803964614868,2.4466037202873037,0.0,0.0,0.0,0.0,0.0,1100.0,0.0,0.0,1100.0
1769432384.4685237,2.9811296463012695,-0.3207803964614868,2.4466037202873037,0.0,0.0,0.0,0.0,0.0,1100.0,0.0,0.0,1100.0
1769432384.5186415,2.9811296463012695,-0.3207803964614868,2.4466037202873037,0.0,0.0,0.0,0.0,0.0,1100.0,0.0,0.0,1100.0
1769432384.5685,2.9811296463012695,-0.3207803964614868,2.4466037202873037,0.0,0.0,0.0,0.0,0.0,1100.0,0.0,0.0,1100.0
1769432384.6185758,2.9811296463012695,-0.3207803964614868,2.4466037202873037,0.0,0.0,0.0,0.0,0.0,1100.0,0.0,0.0,1100.0
1769432384.6685262,2.9811296463012695,-0.3207803964614868,2.4466037202873037,0.0,0.0,0.0,0.0,0.0,1100.0,0.0,0.0,1100.0
1769432384.718483,2.9811296463012695,-0.3207803964614868,2.4466037202873037,0.0,0.0,0.0,0.0,0.0,1100.0,0.0,0.0,1100.0
1769432384.7684627,2.9811296463012695,-0.3207803964614868,2.4466037202873037,0.0,0.0,0.0,0.0,0.0,1100.0,0.0,0.0,1100.0
1769432384.8186076,2.9811296463012695,-0.3207803964614868,2.4466037202873037,0.0,0.0,0.0,0.0,0.0,1100.0,0.0,0.0,1100.0
1769432384.8686247,2.9811296463012695,-0.3207803964614868,2.4466037202873037,0.0,0.0,0.0,0.0,0.0,1100.0,0.0,0.0,1100.0
1769432384.9186113,2.9811296463012695,-0.3207803964614868,2.4466037202873037,0.0,0.0,0.0,0.0,0.0,1100.0,0.0,0.0,1100.0
1769432384.9685698,2.9811296463012695,-0.3207803964614868,2.4466037202873037,0.0,0.0,0.0,0.0,0.0,1100.0,0.0,0.0,1100.0
1769432385.0186453,2.9811296463012695,-0.3207803964614868,2.4466037202873037,0.0,0.0,0.0,0.0,0.0,1100.0,0.0,0.0,1100.0
1769432385.0685468,2.9811296463012695,-0.3207803964614868,2.4466037202873037,0.0,0.0,0.0,0.0,0.0,1100.0,0.0,0.0,1100.0
1769432385.11867,2.9811296463012695,-0.3207803964614868,2.4466037202873037,0.0,0.0,0.0,0.0,0.0,1100.0,0.0,0.0,1100.0
1769432385.1685178,2.9811296463012695,-0.3207803964614868,2.4466037202873037,0.0,0.0,0.0,0.0,0.0,1100.0,0.0,0.0,1100.0
1769432385.2186031,2.9811296463012695,-0.3207803964614868,2.4466037202873037,0.0,0.0,0.0,0.0,0.0,1100.0,0.0,0.0,1100.0
1769432385.2685351,2.9811296463012695,-0.3207803964614868,2.4466037202873037,0.0,0.0,0.0,0.0,0.0,1100.0,0.0,0.0,1100.0
1769432385.318616,2.9811296463012695,-0.3207803964614868,2.4466037202873037,0.0,0.0,0.0,0.0,0.0,1100.0,0.0,0.0,1100.0
1769432385.3685994,2.9811296463012695,-0.3207803964614868,2.4466037202873037,0.0,0.0,0.0,0.0,0.0,1100.0,0.0,0.0,1100.0
1769432385.4185853,2.9811296463012695,-0.3207803964614868,2.4466037202873037,0.0,0.0,0.0,0.0,0.0,1100.0,0.0,0.0,1100.0
1769432385.4686124,2.9811296463012695,-0.3207803964614868,2.4466037202873037,0.0,0.0,0.0,0.0,0.0,1100.0,0.0,0.0,1100.0
1769432385.518509,2.9811296463012695,-0.3207803964614868,2.4466037202873037,0.0,0.0,0.0,0.0,0.0,1100.0,0.0,0.0,1100.0
1769432385.5685265,2.9811296463012695,-0.3207803964614868,2.4466037202873037,0.0,0.0,0.0,0.0,0.0,1100.0,0.0,0.0,1100.0
1769432385.618617,2.9811296463012695,-0.3207803964614868,2.4466037202873037,0.0,0.0,0.0,0.0,0.0,1100.0,0.0,0.0,1100.0
1769432385.6685183,2.9811296463012695,-0.3207803964614868,2.4466037202873037,0.0,0.0,0.0,0.0,0.0,1100.0,0.0,0.0,1100.0
1769432385.7185771,2.9811296463012695,-0.3207803964614868,2.4466037202873037,0.0,0.0,0.0,0.0,0.0,1100.0,0.0,0.0,1100.0
1769432385.7685893,2.9811296463012695,-0.3207803964614868,2.4466037202873037,0.0,0.0,0.0,0.0,0.0,1100.0,0.0,0.0,1100.0
1769432385.818568,2.9811296463012695,-0.3207803964614868,2.4466037202873037,0.0,0.0,0.0,0.0,0.0,1100.0,0.0,0.0,1100.0
1769432385.8685555,2.9811296463012695,-0.3207803964614868,2.4466037202873037,0.0,0.0,0.0,0.0,0.0,1100.0,0.0,0.0,1100.0
1769432385.9186332,2.9811296463012695,-0.3207803964614868,2.4466037202873037,0.0,0.0,0.0,0.0,0.0,1100.0,0.0,0.0,1100.0
1769432385.968574,2.9811296463012695,-0.3207803964614868,2.4466037202873037,0.0,0.0,0.0,0.0,0.0,1100.0,0.0,0.0,1100.0
1769432386.01862,2.9811296463012695,-0.3207803964614868,2.4466037202873037,0.0,0.0,0.0,0.0,0.0,1100.0,0.0,0.0,1100.0
1769432386.0685678,2.9811296463012695,-0.3207803964614868,2.4466037202873037,0.0,0.0,0.0,0.0,0.0,1100.0,0.0,0.0,1100.0
1769432386.1186328,2.9811296463012695,-0.3207803964614868,2.4466037202873037,0.0,0.0,0.0,0.0,0.0,1100.0,0.0,0.0,1100.0
1769432386.1685677,2.9811296463012695,-0.3207803964614868,2.4466037202873037,0.0,0.0,0.0,0.0,0.0,1100.0,0.0,0.0,1100.0
1769432386.2186456,2.9811296463012695,-0.3207803964614868,2.4466037202873037,0.0,0.0,0.0,0.0,0.0,1100.0,0.0,0.0,1100.0
1769432386.2685323,2.9811296463012695,-0.3207803964614868,2.4466037202873037,0.0,0.0,0.0,0.0,0.0,1100.0,0.0,0.0,1100.0
1769432386.3184977,2.9811296463012695,-0.3207803964614868,2.4466037202873037,0.0,0.0,0.0,0.0,0.0,1100.0,0.0,0.0,1100.0
1769432386.3685474,2.9811296463012695,-0.3207803964614868,2.4466037202873037,0.0,0.0,0.0,0.0,0.0,1100.0,0.0,0.0,1100.0
1769432386.4184954,2.9811296463012695,-0.3207803964614868,2.4466037202873037,0.0,0.0,0.0,0.0,0.0,1100.0,0.0,0.0,1100.0
1769432386.468592,2.9811296463012695,-0.3207803964614868,2.4466037202873037,0.0,0.0,0.0,0.0,0.0,1100.0,0.0,0.0,1100.0
1769432386.5186012,2.9811296463012695,-0.3207803964614868,2.4466037202873037,0.0,0.0,0.0,0.0,0.0,1100.0,0.0,0.0,1100.0
1769432386.5685625,2.9811296463012695,-0.3207803964614868,2.4466037202873037,0.0,0.0,0.0,0.0,0.0,1100.0,0.0,0.0,1100.0
1769432386.6185987,2.9811296463012695,-0.3207803964614868,2.4466037202873037,0.0,0.0,0.0,0.0,0.0,1100.0,0.0,0.0,1100.0
1769432386.6685367,2.9811296463012695,-0.3207803964614868,2.4466037202873037,0.0,0.0,0.0,0.0,0.0,1100.0,0.0,0.0,1100.0
1769432386.7186482,2.9811296463012695,-0.3207803964614868,2.4466037202873037,0.0,0.0,0.0,0.0,0.0,1100.0,0.0,0.0,1100.0
1769432386.7685108,2.9811296463012695,-0.3207803964614868,2.4466037202873037,0.0,0.0,0.0,0.0,0.0,1100.0,0.0,0.0,1100.0
1769432386.818613,2.9811296463012695,-0.3207803964614868,2.4466037202873037,0.0,0.0,0.0,0.0,0.0,1100.0,0.0,0.0,1100.0
1769432386.8685172,2.9811296463012695,-0.3207803964614868,2.4466037202873037,0.0,0.0,0.0,0.0,0.0,1100.0,0.0,0.0,1100.0
1769432386.9185722,2.9811296463012695,-0.3207803964614868,2.4466037202873037,0.0,0.0,0.0,0.0,0.0,1100.0,0.0,0.0,1100.0
1769432386.968504,2.9811296463012695,-0.3207803964614868,2.4466037202873037,0.0,0.0,0.0,0.0,0.0,1100.0,0.0,0.0,1100.0
1769432387.0185916,2.9811296463012695,-0.3207803964614868,2.4466037202873037,0.0,0.0,0.0,0.0,0.0,1100.0,0.0,0.0,1100.0
1769432387.0686138,2.9811296463012695,-0.3207803964614868,2.4466037202873037,0.0,0.0,0.0,0.0,0.0,1100.0,0.0,0.0,1100.0
1769432387.1186385,2.9811296463012695,-0.3207803964614868,2.4466037202873037,0.0,0.0,0.0,0.0,0.0,1100.0,0.0,0.0,1100.0
1769432387.16854,2.9811296463012695,-0.3207803964614868,2.4466037202873037,0.0,0.0,0.0,0.0,0.0,1100.0,0.0,0.0,1100.0
1769432387.2186217,2.9811296463012695,-0.3207803964614868,2.4466037202873037,0.0,0.0,0.0,0.0,0.0,1100.0,0.0,0.0,1100.0
1769432387.2685163,2.9811296463012695,-0.3207803964614868,2.4466037202873037,0.0,0.0,0.0,0.0,0.0,1100.0,0.0,0.0,1100.0
1769432387.3186202,2.9811296463012695,-0.3207803964614868,2.4466037202873037,0.0,0.0,0.0,0.0,0.0,1100.0,0.0,0.0,1100.0
1769432387.3684914,2.9811296463012695,-0.3207803964614868,2.4466037202873037,0.0,0.0,0.0,0.0,0.0,1100.0,0.0,0.0,1100.0
1769432387.4185693,2.9811296463012695,-0.3207803964614868,2.4466037202873037,0.0,0.0,0.0,0.0,0.0,1100.0,0.0,0.0,1100.0
1769432387.468574,2.9811296463012695,-0.3207803964614868,2.4466037202873037,0.0,0.0,0.0,0.0,0.0,1100.0,0.0,0.0,1100.0
1769432387.518603,2.9811296463012695,-0.3207803964614868,2.4466037202873037,0.0,0.0,0.0,0.0,0.0,1100.0,0.0,0.0,1100.0
1769432387.5686502,2.9811296463012695,-0.3207803964614868,2.4466037202873037,0.0,0.0,0.0,0.0,0.0,1100.0,0.0,0.0,1100.0
1769432387.6186538,2.9811296463012695,-0.3207803964614868,2.4466037202873037,0.0,0.0,0.0,0.0,0.0,1100.0,0.0,0.0,1100.0
1769432387.6685126,2.9811296463012695,-0.3207803964614868,2.4466037202873037,0.0,0.0,0.0,0.0,0.0,1100.0,0.0,0.0,1100.0
1769432387.718628,2.9811296463012695,-0.3207803964614868,2.4466037202873037,0.0,0.0,0.0,0.0,0.0,1100.0,0.0,0.0,1100.0
1769432387.768573,2.9811296463012695,-0.3207803964614868,2.4466037202873037,0.0,0.0,0.0,0.0,0.0,1100.0,0.0,0.0,1100.0
1769432387.8186128,2.9811296463012695,-0.3207803964614868,2.4466037202873037,0.0,0.0,0.0,0.0,0.0,1100.0,0.0,0.0,1100.0
1769432387.868487,2.9811296463012695,-0.3207803964614868,2.4466037202873037,0.0,0.0,0.0,0.0,0.0,1100.0,0.0,0.0,1100.0
1769432387.9185185,2.9811296463012695,-0.3207803964614868,2.4466037202873037,0.0,0.0,0.0,0.0,0.0,1100.0,0.0,0.0,1100.0
1769432387.96863,2.9811296463012695,-0.3207803964614868,2.4466037202873037,0.0,0.0,0.0,0.0,0.0,1100.0,0.0,0.0,1100.0
1769432388.0186212,2.9811296463012695,-0.3207803964614868,2.4466037202873037,0.0,0.0,0.0,0.0,0.0,1100.0,0.0,0.0,1100.0
1769432388.0685337,2.9811296463012695,-0.3207803964614868,2.4466037202873037,0.0,0.0,0.0,0.0,0.0,1100.0,0.0,0.0,1100.0
1769432388.1186152,2.9811296463012695,-0.3207803964614868,2.4466037202873037,0.0,0.0,0.0,0.0,0.0,1100.0,0.0,0.0,1100.0
1769432388.1685572,2.9811296463012695,-0.3207803964614868,2.4466037202873037,0.0,0.0,0.0,0.0,0.0,1100.0,0.0,0.0,1100.0
1769432388.2186108,2.9811296463012695,-0.3207803964614868,2.4466037202873037,0.0,0.0,0.0,0.0,0.0,1100.0,0.0,0.0,1100.0
1769432388.2691088,2.9811296463012695,-0.3207803964614868,2.4466037202873037,0.0,0.0,0.0,0.0,0.0,1100.0,0.0,0.0,1100.0
1769432388.3186073,2.9811296463012695,-0.3207803964614868,2.4466037202873037,0.0,0.0,0.0,0.0,0.0,1100.0,0.0,0.0,1100.0
1769432388.3686385,2.9811296463012695,-0.3207803964614868,2.4466037202873037,0.0,0.0,0.0,0.0,0.0,1100.0,0.0,0.0,1100.0
1769432388.4186711,2.9811296463012695,-0.3207803964614868,2.4466037202873037,0.0,0.0,0.0,0.0,0.0,1100.0,0.0,0.0,1100.0
1769432388.4685502,2.9811296463012695,-0.3207803964614868,2.4466037202873037,0.0,0.0,0.0,0.0,0.0,1100.0,0.0,0.0,1100.0
1769432388.5186222,2.9811296463012695,-0.3207803964614868,2.4466037202873037,0.0,0.0,0.0,0.0,0.0,1100.0,0.0,0.0,1100.0
1769432388.5685067,2.9811296463012695,-0.3207803964614868,2.4466037202873037,0.0,0.0,0.0,0.0,0.0,1100.0,0.0,0.0,1100.0
1769432388.6186604,2.9811296463012695,-0.3207803964614868,2.4466037202873037,0.0,0.0,0.0,0.0,0.0,1100.0,0.0,0.0,1100.0
1769432388.668558,2.9811296463012695,-0.3207803964614868,2.4466037202873037,0.0,0.0,0.0,0.0,0.0,1100.0,0.0,0.0,1100.0
1769432388.718631,2.9811296463012695,-0.3207803964614868,2.4466037202873037,0.0,0.0,0.0,0.0,0.0,1100.0,0.0,0.0,1100.0
1769432388.7685666,2.9811296463012695,-0.3207803964614868,2.4466037202873037,0.0,0.0,0.0,0.0,0.0,1100.0,0.0,0.0,1100.0
1769432388.8186193,2.9811296463012695,-0.3207803964614868,2.4466037202873037,0.0,0.0,0.0,0.0,0.0,1100.0,0.0,0.0,1100.0
1769432388.8685913,2.9811296463012695,-0.3207803964614868,2.4466037202873037,0.0,0.0,0.0,0.0,0.0,1100.0,0.0,0.0,1100.0
1769432388.9188573,2.9811296463012695,-0.3207803964614868,2.4466037202873037,0.0,0.0,0.0,0.0,0.0,1100.0,0.0,0.0,1100.0
1769432388.9685905,2.9811296463012695,-0.3207803964614868,2.4466037202873037,0.0,0.0,0.0,0.0,0.0,1100.0,0.0,0.0,1100.0
1769432389.0186017,2.9811296463012695,-0.3207803964614868,2.4466037202873037,0.0,0.0,0.0,0.0,0.0,1100.0,0.0,0.0,1100.0
1769432389.0685153,2.9811296463012695,-0.3207803964614868,2.4466037202873037,0.0,0.0,0.0,0.0,0.0,1100.0,0.0,0.0,1100.0
1769432389.1186385,2.9811296463012695,-0.3207803964614868,2.4466037202873037,0.0,0.0,0.0,0.0,0.0,1100.0,0.0,0.0,1100.0
1769432389.1685512,2.9811296463012695,-0.3207803964614868,2.4466037202873037,0.0,0.0,0.0,0.0,0.0,1100.0,0.0,0.0,1100.0
1769432389.2186038,2.9811296463012695,-0.3207803964614868,2.4466037202873037,0.0,0.0,0.0,0.0,0.0,1100.0,0.0,0.0,1100.0
1769432389.2685127,2.9811296463012695,-0.3207803964614868,2.4466037202873037,0.0,0.0,0.0,0.0,0.0,1100.0,0.0,0.0,1100.0
1769432389.3186471,2.9811296463012695,-0.3207803964614868,2.4466037202873037,0.0,0.0,0.0,0.0,0.0,1100.0,0.0,0.0,1100.0
1769432389.368583,2.9811296463012695,-0.3207803964614868,2.4466037202873037,0.0,0.0,0.0,0.0,0.0,1100.0,0.0,0.0,1100.0
1769432389.4185913,2.9811296463012695,-0.3207803964614868,2.4466037202873037,0.0,0.0,0.0,0.0,0.0,1100.0,0.0,0.0,1100.0
1769432389.4685037,2.9811296463012695,-0.3207803964614868,2.4466037202873037,0.0,0.0,0.0,0.0,0.0,1100.0,0.0,0.0,1100.0
1769432389.5186098,2.9811296463012695,-0.3207803964614868,2.4466037202873037,0.0,0.0,0.0,0.0,0.0,1100.0,0.0,0.0,1100.0
1769432389.5685663,2.9538722038269043,1.145074486732483,0.039123604728273614,0.3075364090486401,-0.35521485644214984,-1.8865194370766603,0.0,0.0,1100.0,0.0,0.0,1100.0
1769432389.618661,2.9538722038269043,1.145074486732483,0.039123604728273614,0.3075364090486401,-0.35521485644214984,-1.8865194370766603,0.0,0.0,1100.0,0.0,0.0,1100.0
1769432389.6684728,2.9644618034362793,1.1453977823257446,0.0459086291171337,0.7518314067817223,-0.6817036345864874,-3.277694969711018,0.0,0.0,1100.0,0.0,0.0,1100.0
1769432389.7186177,2.9644618034362793,1.1453977823257446,0.0459086291171337,0.7518314067817223,-0.6817036345864874,-3.277694969711018,0.0,0.0,1100.0,0.0,0.0,1100.0
1769432389.7685406,2.9743757247924805,1.1482276916503906,0.04648165288022313,1.2234807011253217,-0.7534099147369564,-3.6937735708286774,0.0,0.0,1100.0,0.0,0.0,1100.0
1769432389.8186193,2.9743757247924805,1.1482276916503906,0.04648165288022313,1.2234807011253217,-0.7534099147369564,-3.6937735708286774,0.0,0.0,1100.0,0.0,0.0,1100.0
1769432389.86851,2.9832940101623535,1.1506215333938599,0.05129675993659691,1.5725399770318877,-0.5486381346668249,-3.3987586038947146,0.0,0.0,1100.0,0.0,0.0,1100.0
1769432389.918629,2.9832940101623535,1.1506215333938599,0.05129675993659691,1.5725399770318877,-0.5486381346668249,-3.3987586038947146,0.0,0.0,1100.0,0.0,0.0,1100.0
1769432389.9686024,2.9924769401550293,1.1533726453781128,0.05368791088246763,1.6921343318551945,-0.18191719582538562,-2.7863561501088223,0.0,0.0,1100.0,0.0,0.0,1100.0
1769432390.0186384,2.9924769401550293,1.1533726453781128,0.05368791088246763,1.6921343318551945,-0.18191719582538562,-2.7863561501088223,0.0,0.0,1100.0,0.0,0.0,1100.0
1769432390.0685468,3.0008740425109863,1.154966115951538,0.054793913832452384,1.5802903040072434,0.19281784267869956,-2.138888978591554,0.0,0.0,1100.0,0.0,0.0,1100.0
1769432390.1186435,3.0008740425109863,1.154966115951538,0.054793913832452384,1.5802903040072434,0.19281784267869956,-2.138888978591554,0.0,0.0,1100.0,0.0,0.0,1100.0
1769432390.1686008,3.008639335632324,1.1554244756698608,0.05664348038708092,1.3191663968604237,0.4693265995086961,-1.5906005220143224,0.0,0.0,1100.0,0.0,0.0,1100.0
1769432390.2186062,3.008639335632324,1.1554244756698608,0.05664348038708092,1.3191663968604237,0.4693265995086961,-1.5906005220143224,0.0,0.0,1100.0,0.0,0.0,1100.0
1769432390.2707317,3.017401695251465,1.1569408178329468,0.05778410373264711,1.0085270578364323,0.6166026957039232,-1.1759759387785527,0.0,0.0,1100.0,0.0,0.0,1100.0
1769432390.3186407,3.017401695251465,1.1569408178329468,0.05778410373264711,1.0085270578364323,0.6166026957039232,-1.1759759387785527,0.0,0.0,1100.0,0.0,0.0,1100.0
1769432390.3685439,3.025012493133545,1.1583775281906128,0.05984416236592463,0.7176333091316007,0.6539809443931984,-0.877869553275521,0.0,0.0,1100.0,0.0,0.0,1100.0
1769432390.4186018,3.025012493133545,1.1583775281906128,0.05984416236592463,0.7176333091316007,0.6539809443931984,-0.877869553275521,0.0,0.0,1100.0,0.0,0.0,1100.0
1769432390.468547,3.033799648284912,1.1609854698181152,0.06371211646659694,0.48015885065181174,0.6172116472247882,-0.6641299751233369,0.0,0.0,1100.0,0.0,0.0,1100.0
1769432390.5185993,3.033799648284912,1.1609854698181152,0.06371211646659694,0.48015885065181174,0.6172116472247882,-0.6641299751233369,0.0,0.0,1100.0,0.0,0.0,1100.0
1769432390.5685909,3.0433740615844727,1.1641161441802979,0.06498865671912926,0.30490096620713847,0.5399537927843525,-0.5097000255440634,0.0,0.0,1100.0,0.0,0.0,1100.0
1769432390.6186106,3.0433740615844727,1.1641161441802979,0.06498865671912926,0.30490096620713847,0.5399537927843525,-0.5097000255440634,0.0,0.0,1100.0,0.0,0.0,1100.0
1769432390.6685858,3.051297187805176,1.1665014028549194,0.06919284573319687,0.18607062798473414,0.4471809250806438,-0.39265500285969146,0.0,0.0,1100.0,0.0,0.0,1100.0
1769432390.7186096,3.051297187805176,1.1665014028549194,0.06919284573319687,0.18607062798473414,0.4471809250806438,-0.39265500285969146,0.0,0.0,1100.0,0.0,0.0,1100.0
1769432390.768477,3.0586376190185547,1.1681510210037231,0.0756000812165202,0.11248980627789808,0.35505611798917663,-0.29913107412496875,0.0,0.0,1100.0,0.0,0.0,1100.0
1769432390.8186162,3.0586376190185547,1.1681510210037231,0.0756000812165202,0.11248980627789808,0.35505611798917663,-0.29913107412496875,0.0,0.0,1100.0,0.0,0.0,1100.0
1769432390.8685334,3.0669031143188477,1.1698960065841675,0.07396375921350487,0.07234163097165562,0.2727262089686898,-0.2292527625691315,0.0,0.0,1100.0,0.0,0.0,1100.0
1769432390.9186,3.0669031143188477,1.1698960065841675,0.07396375921350487,0.07234163097165562,0.2727262089686898,-0.2292527625691315,0.0,0.0,1100.0,0.0,0.0,1100.0
1769432390.9685736,3.0739564895629883,1.170666217803955,0.0774927735608503,0.054403484278048336,0.20408631858299447,-0.17440724800802532,0.0,0.0,1100.0,0.0,0.0,1100.0
1769432391.0185935,3.0739564895629883,1.170666217803955,0.0774927735608503,0.054403484278048336,0.20408631858299447,-0.17440724800802532,0.0,0.0,1100.0,0.0,0.0,1100.0
1769432391.06857,3.0820817947387695,1.1721339225769043,0.07910029260340048,0.05022052736719696,0.1498811513163327,-0.13175925803630859,0.0,0.0,1100.0,0.0,0.0,1100.0
1769432391.118612,3.0820817947387695,1.1721339225769043,0.07910029260340048,0.05022052736719696,0.1498811513163327,-0.13175925803630859,0.0,0.0,1100.0,0.0,0.0,1100.0
1769432391.1685317,3.0901384353637695,1.174075961112976,0.07881199678607934,0.05349755337434005,0.10916055160194223,-0.10029458788204289,0.0,0.0,1100.0,0.0,0.0,1100.0
1769432391.2186184,3.0901384353637695,1.174075961112976,0.07881199678607934,0.05349755337434005,0.10916055160194223,-0.10029458788204289,0.0,0.0,1100.0,0.0,0.0,1100.0
1769432391.2685156,3.0994834899902344,1.1767609119415283,0.0824241144028365,0.060392576364792734,0.07999721632717263,-0.07434684866701212,0.0,0.0,1100.0,0.0,0.0,1100.0
1769432391.3186285,3.0994834899902344,1.1767609119415283,0.0824241144028365,0.060392576364792734,0.07999721632717263,-0.07434684866701212,0.0,0.0,1100.0,0.0,0.0,1100.0
1769432391.368587,3.1071391105651855,1.1797823905944824,0.0861232395222257,0.06781588611670555,0.060166199083937236,-0.05213836108790397,0.0,0.0,1100.0,0.0,0.0,1100.0
1769432391.4186554,3.1071391105651855,1.1797823905944824,0.0861232395222257,0.06781588611670555,0.060166199083937236,-0.05213836108790397,0.0,0.0,1100.0,0.0,0.0,1100.0
1769432391.4685183,3.1142635345458984,1.1816648244857788,0.09172052217632257,0.07395577541776627,0.04698083840776458,-0.03188507091296072,0.0,0.0,1100.0,0.0,0.0,1100.0
1769432391.518657,3.1142635345458984,1.1816648244857788,0.09172052217632257,0.07395577541776627,0.04698083840776458,-0.03188507091296072,0.0,0.0,1100.0,0.0,0.0,1100.0
1769432391.568576,3.1223020553588867,1.18294358253479,0.08992576639581254,0.07844061276196389,0.038069155899153766,-0.0196854995942652,0.0,0.0,1100.0,0.0,0.0,1100.0
1769432391.618575,3.1223020553588867,1.18294358253479,0.08992576639581254,0.07844061276196389,0.038069155899153766,-0.0196854995942652,0.0,0.0,1100.0,0.0,0.0,1100.0
1769432391.6685326,3.1299362182617188,1.1842904090881348,0.0894297403907153,0.08121754917025918,0.03184683440918558,-0.013539461276781697,0.0,0.0,1100.0,0.0,0.0,1100.0
1769432391.7186646,3.1299362182617188,1.1842904090881348,0.0894297403907153,0.08121754917025918,0.03184683440918558,-0.013539461276781697,0.0,0.0,1100.0,0.0,0.0,1100.0
1769432391.7685,3.137641429901123,1.1852675676345825,0.09102560384094574,0.08256511559564893,0.02714902423041899,-0.009200424235586587,0.0,0.0,1100.0,0.0,0.0,1100.0
1769432391.8186178,3.137641429901123,1.1852675676345825,0.09102560384094574,0.08256511559564893,0.02714902423041899,-0.009200424235586587,0.0,0.0,1100.0,0.0,0.0,1100.0
1769432391.8685606,3.1456451416015625,1.1869590282440186,0.09376006523651262,0.08298661271543038,0.023534395443696135,-0.004300655471390917,0.0,0.0,1100.0,0.0,0.0,1100.0
1769432391.9185634,3.1456451416015625,1.1869590282440186,0.09376006523651262,0.08298661271543038,0.023534395443696135,-0.004300655471390917,0.0,0.0,1100.0,0.0,0.0,1100.0
1769432391.9685588,3.1538515090942383,1.1897811889648438,0.10007081367841408,0.08298180991335959,0.02104861776514944,0.0039176627256498385,0.0,0.0,1100.0,0.0,0.0,1100.0
1769432392.0185728,3.1538515090942383,1.1897811889648438,0.10007081367841408,0.08298180991335959,0.02104861776514944,0.0039176627256498385,0.0,0.0,1100.0,0.0,0.0,1100.0
1769432392.0685167,3.162282943725586,1.1924047470092773,0.10072821010365463,0.08291006317298882,0.019463166176673555,0.009654241993649084,0.0,0.0,1100.0,0.0,0.0,1100.0
1769432392.1185875,3.162282943725586,1.1924047470092773,0.10072821010365463,0.08291006317298882,0.019463166176673555,0.009654241993649084,0.0,0.0,1100.0,0.0,0.0,1100.0
1769432392.168522,3.1696701049804688,1.1947166919708252,0.10328501207720997,0.0825998606296035,0.01846873964719222,0.013565430949898991,0.0,0.0,1100.0,0.0,0.0,1100.0
1769432392.218586,3.1696701049804688,1.1947166919708252,0.10328501207720997,0.0825998606296035,0.01846873964719222,0.013565430949898991,0.0,0.0,1100.0,0.0,0.0,1100.0
1769432392.2685661,3.176887035369873,1.1966482400894165,0.10394348797614317,0.08197531141508536,0.017718528011026434,0.014807347970019903,0.0,0.0,1100.0,0.0,0.0,1100.0
1769432392.3186004,3.176887035369873,1.1966482400894165,0.10394348797614317,0.08197531141508536,0.017718528011026434,0.014807347970019903,0.0,0.0,1100.0,0.0,0.0,1100.0
1769432392.3685455,3.1838955879211426,1.197745442390442,0.10552852440556748,0.0810080418801759,0.016780326538106915,0.014943769287863002,0.0,0.0,1100.0,0.0,0.0,1100.0
1769432392.4185033,3.1838955879211426,1.197745442390442,0.10552852440556748,0.0810080418801759,0.016780326538106915,0.014943769287863002,0.0,0.0,1100.0,0.0,0.0,1100.0
1769432392.468533,3.1908159255981445,1.1986041069030762,0.10861816811784397,0.0797457813712288,0.01546487264072087,0.01599903965958615,0.0,0.0,1100.0,0.0,0.0,1100.0
1769432392.5185893,3.1908159255981445,1.1986041069030762,0.10861816811784397,0.0797457813712288,0.01546487264072087,0.01599903965958615,0.0,0.0,1100.0,0.0,0.0,1100.0
1769432392.568544,3.199370861053467,1.2004437446594238,0.10940924957293419,0.07887207171622494,0.014079728937916067,0.016194687158324065,0.0,0.0,1100.0,0.0,0.0,1100.0
1769432392.6185954,3.199370861053467,1.2004437446594238,0.10940924957293419,0.07887207171622494,0.014079728937916067,0.016194687158324065,0.0,0.0,1100.0,0.0,0.0,1100.0
1769432392.66845,3.2074694633483887,1.2026431560516357,0.11022367419455126,0.07847651072413912,0.012934093294279417,0.015464400051826211,0.0,0.0,1100.0,0.0,0.0,1100.0
1769432392.7186043,3.2074694633483887,1.2026431560516357,0.11022367419455126,0.07847651072413912,0.012934093294279417,0.015464400051826211,0.0,0.0,1100.0,0.0,0.0,1100.0
1769432392.7685277,3.2159323692321777,1.2057757377624512,0.11428673742532691,0.07865407931995035,0.01241975402015238,0.01679056558968173,0.0,0.0,1100.0,0.0,0.0,1100.0
1769432392.8185256,3.2159323692321777,1.2057757377624512,0.11428673742532691,0.07865407931995035,0.01241975402015238,0.01679056558968173,0.0,0.0,1100.0,0.0,0.0,1100.0
1769432392.868531,3.2224369049072266,1.2081456184387207,0.1150208493830327,0.07866488196516766,0.012394233418067049,0.017315867873071496,0.0,0.0,1100.0,0.0,0.0,1100.0
1769432392.918622,3.2224369049072266,1.2081456184387207,0.1150208493830327,0.07866488196516766,0.012394233418067049,0.017315867873071496,0.0,0.0,1100.0,0.0,0.0,1100.0
1769432392.9685354,3.2303600311279297,1.2092554569244385,0.11214470069015903,0.0786501348206855,0.01224509767042763,0.013809268187211867,0.0,0.0,1100.0,0.0,0.0,1100.0
1769432393.0185812,3.2303600311279297,1.2092554569244385,0.11214470069015903,0.0786501348206855,0.01224509767042763,0.013809268187211867,0.0,0.0,1100.0,0.0,0.0,1100.0
1769432393.0685945,3.2369890213012695,1.211285948753357,0.11209871118180725,0.0782907663672946,0.01209039532237414,0.009690132190817819,0.0,0.0,1100.0,0.0,0.0,1100.0
1769432393.1186025,3.2369890213012695,1.211285948753357,0.11209871118180725,0.0782907663672946,0.01209039532237414,0.009690132190817819,0.0,0.0,1100.0,0.0,0.0,1100.0
1769432393.1686294,3.246180534362793,1.2133535146713257,0.11099188927475723,0.07835726700502503,0.011909431692238398,0.005553519085963222,0.0,0.0,1100.0,0.0,0.0,1100.0
1769432393.2186596,3.246180534362793,1.2133535146713257,0.11099188927475723,0.07835726700502503,0.011909431692238398,0.005553519085963222,0.0,0.0,1100.0,0.0,0.0,1100.0
1769432393.2685425,3.252167224884033,1.2138882875442505,0.11456219018878144,0.0780039934820849,0.011328978085687905,0.005548077726485592,0.0,0.0,1100.0,0.0,0.0,1100.0
1769432393.3185766,3.252167224884033,1.2138882875442505,0.11456219018878144,0.0780039934820849,0.011328978085687905,0.005548077726485592,0.0,0.0,1100.0,0.0,0.0,1100.0
1769432393.3685174,3.2616119384765625,1.216781497001648,0.1162486427587286,0.07816531778119525,0.010924822783032641,0.007450295335546005,0.0,0.0,1100.0,0.0,0.0,1100.0
1769432393.4186394,3.2616119384765625,1.216781497001648,0.1162486427587286,0.07816531778119525,0.010924822783032641,0.007450295335546005,0.0,0.0,1100.0,0.0,0.0,1100.0
1769432393.468514,3.2665252685546875,1.218339443206787,0.12480573777769077,0.07762140483790618,0.010634499658208828,0.015129504114457227,0.0,0.0,1100.0,0.0,0.0,1100.0
1769432393.5185657,3.2665252685546875,1.218339443206787,0.12480573777769077,0.07762140483790618,0.010634499658208828,0.015129504114457227,0.0,0.0,1200.0,0.0,0.0,1200.0
1769432393.5685816,3.2747068405151367,1.221163272857666,0.12692950731402775,0.07712780795977914,0.010694248443561672,0.02142485888617618,0.0,0.0,1200.0,0.0,0.0,1200.0
1769432393.618592,3.2747068405151367,1.221163272857666,0.12692950731402775,0.07712780795977914,0.010694248443561672,0.02142485888617618,0.0,0.0,1200.0,0.0,0.0,1200.0
1769432393.6686258,3.2813525199890137,1.2231483459472656,0.12665442570226837,0.07648385494603835,0.010905484635358256,0.022791218659037014,0.0,0.0,1200.0,0.0,0.0,1200.0
1769432393.7186193,3.2813525199890137,1.2231483459472656,0.12665442570226837,0.07648385494603835,0.010905484635358256,0.022791218659037014,0.0,0.0,1200.0,0.0,0.0,1200.0
1769432393.76851,3.2883214950561523,1.2243856191635132,0.1258133431182369,0.07573424552326238,0.010895284805638875,0.019912712296259186,0.0,0.0,1200.0,0.0,0.0,1200.0
1769432393.818604,3.2883214950561523,1.2243856191635132,0.1258133431182369,0.07573424552326238,0.010895284805638875,0.019912712296259186,0.0,0.0,1200.0,0.0,0.0,1200.0
1769432393.8685274,3.2962169647216797,1.2266037464141846,0.12458677475803448,0.07527574848443432,0.010836274154795048,0.014699002663454076,0.0,0.0,1200.0,0.0,0.0,1200.0
1769432393.918635,3.2962169647216797,1.2266037464141846,0.12458677475803448,0.07527574848443432,0.010836274154795048,0.014699002663454076,0.0,0.0,1200.0,0.0,0.0,1200.0
1769432393.9685254,3.3035454750061035,1.2280906438827515,0.12537900723768125,0.0750134413139242,0.010600373582823133,0.010608306365979606,0.0,0.0,1200.0,0.0,0.0,1200.0
1769432394.0185754,3.3035454750061035,1.2280906438827515,0.12537900723768125,0.0750134413139242,0.010600373582823133,0.010608306365979606,0.0,0.0,1200.0,0.0,0.0,1200.0
1769432394.0685751,3.313065528869629,1.23045814037323,0.1266119136549051,0.075602533389691,0.010374515013598649,0.008678158426566144,0.0,0.0,1200.0,0.0,0.0,1200.0
1769432394.1185913,3.313065528869629,1.23045814037323,0.1266119136549051,0.075602533389691,0.010374515013598649,0.008678158426566144,0.0,0.0,1200.0,0.0,0.0,1200.0
1769432394.1685665,3.322714328765869,1.23421049118042,0.12898931002998548,0.07720933685089207,0.01067323382757146,0.0092904832764923,0.0,0.0,1200.0,0.0,0.0,1200.0
1769432394.2186036,3.322714328765869,1.23421049118042,0.12898931002998548,0.07720933685089207,0.01067323382757146,0.0092904832764923,0.0,0.0,1200.0,0.0,0.0,1200.0
1769432394.2685018,3.331387996673584,1.2371236085891724,0.1375116384716666,0.07929208877581659,0.011345282569950106,0.01621747198755077,0.0,0.0,1200.0,0.0,0.0,1200.0
1769432394.318608,3.331387996673584,1.2371236085891724,0.1375116384716666,0.07929208877581659,0.011345282569950106,0.01621747198755077,0.0,0.0,1200.0,0.0,0.0,1200.0
1769432394.3685374,3.343583583831787,1.2407687902450562,0.13840727114452456,0.08260639923465736,0.012305842041476004,0.021168981381163108,0.0,0.0,1200.0,0.0,0.0,1200.0
1769432394.4186177,3.343583583831787,1.2407687902450562,0.13840727114452456,0.08260639923465736,0.012305842041476004,0.021168981381163108,0.0,0.0,1200.0,0.0,0.0,1200.0
1769432394.468542,3.3580031394958496,1.2461591958999634,0.13433803106043207,0.0878674719536985,0.013880812544302108,0.018668598288605405,0.0,0.0,1200.0,0.0,0.0,1200.0
1769432394.5185816,3.3580031394958496,1.2461591958999634,0.13433803106043207,0.0878674719536985,0.013880812544302108,0.018668598288605405,0.0,0.0,1200.0,0.0,0.0,1200.0
1769432394.5685408,3.3706088066101074,1.2488369941711426,0.13710850273784914,0.09409684920976967,0.015225314259641971,0.016107248879299076,0.0,0.0,1200.0,0.0,0.0,1200.0
1769432394.6185732,3.3706088066101074,1.2488369941711426,0.13710850273784914,0.09409684920976967,0.015225314259641971,0.016107248879299076,0.0,0.0,1200.0,0.0,0.0,1200.0
1769432394.6685433,3.3865180015563965,1.2531296014785767,0.13715341090476407,0.10159174804178331,0.01636890133422608,0.013400616021053767,0.0,0.0,1200.0,0.0,0.0,1200.0
1769432394.718598,3.3865180015563965,1.2531296014785767,0.13715341090476407,0.10159174804178331,0.01636890133422608,0.013400616021053767,0.0,0.0,1200.0,0.0,0.0,1200.0
1769432394.7684617,3.400528907775879,1.257243037223816,0.14073808885643935,0.1093512336400073,0.0173452319393639,0.013575682393905749,0.0,0.0,1200.0,0.0,0.0,1200.0
1769432394.8185956,3.400528907775879,1.257243037223816,0.14073808885643935,0.1093512336400073,0.0173452319393639,0.013575682393905749,0.0,0.0,1200.0,0.0,0.0,1200.0
1769432394.8685791,3.4177398681640625,1.2630629539489746,0.14550157718829126,0.1177496772113037,0.018565873643351025,0.017053816053994496,0.0,0.0,1200.0,0.0,0.0,1200.0
1769432394.9185824,3.4177398681640625,1.2630629539489746,0.14550157718829126,0.1177496772113037,0.018565873643351025,0.017053816053994496,0.0,0.0,1200.0,0.0,0.0,1200.0
1769432394.968539,3.437068462371826,1.2700865268707275,0.14522658871640104,0.12726527112460323,0.02038324987611659,0.018307533859771394,0.0,0.0,1200.0,0.0,0.0,1200.0
1769432395.018622,3.437068462371826,1.2700865268707275,0.14522658871640104,0.12726527112460323,0.02038324987611659,0.018307533859771394,0.0,0.0,1200.0,0.0,0.0,1200.0
1769432395.0686224,3.4550232887268066,1.2765387296676636,0.15018672162934,0.1370861035186444,0.02261137475651629,0.020928656385522368,0.0,0.0,1200.0,0.0,0.0,1200.0
1769432395.1185985,3.4550232887268066,1.2765387296676636,0.15018672162934,0.1370861035186444,0.02261137475651629,0.020928656385522368,0.0,0.0,1200.0,0.0,0.0,1200.0
1769432395.1686015,3.473393440246582,1.2822396755218506,0.14975875132263905,0.14659934068423996,0.024740532606997122,0.020789870347585032,0.0,0.0,1200.0,0.0,0.0,1200.0
1769432395.2185776,3.473393440246582,1.2822396755218506,0.14975875132263905,0.14659934068423996,0.024740532606997122,0.020789870347585032,0.0,0.0,1200.0,0.0,0.0,1200.0
1769432395.2686508,3.494758129119873,1.289462685585022,0.14540415121990158,0.15633308669160134,0.026861443813845406,0.014988602755181563,0.0,0.0,1200.0,0.0,0.0,1200.0
1769432395.318584,3.494758129119873,1.289462685585022,0.14540415121990158,0.15633308669160134,0.026861443813845406,0.014988602755181563,0.0,0.0,1200.0,0.0,0.0,1200.0
1769432395.3685162,3.515921115875244,1.2950172424316406,0.14800052824610344,0.16600490545606436,0.02842260915483146,0.011133453544265705,0.0,0.0,1200.0,0.0,0.0,1200.0
1769432395.41864,3.515921115875244,1.2950172424316406,0.14800052824610344,0.16600490545606436,0.02842260915483146,0.011133453544265705,0.0,0.0,1200.0,0.0,0.0,1200.0
1769432395.4685416,3.5384292602539062,1.3016579151153564,0.14926105026901837,0.1756734001649449,0.029546917641630005,0.009525190019554684,0.0,0.0,1200.0,0.0,0.0,1200.0
1769432395.518634,3.5384292602539062,1.3016579151153564,0.14926105026901837,0.1756734001649449,0.029546917641630005,0.009525190019554684,0.0,0.0,1200.0,0.0,0.0,1200.0
1769432395.5685174,3.561709403991699,1.309978723526001,0.15174764149730624,0.18538835655644764,0.030831281964919945,0.010360018740005889,0.0,0.0,1200.0,0.0,0.0,1200.0
1769432395.6185946,3.561709403991699,1.309978723526001,0.15174764149730624,0.18538835655644764,0.030831281964919945,0.010360018740005889,0.0,0.0,1200.0,0.0,0.0,1200.0
1769432395.6686313,3.585822105407715,1.3182353973388672,0.15240063540069304,0.19510509155215255,0.03237350584082235,0.011139232835609941,0.0,0.0,1200.0,0.0,0.0,1200.0
1769432395.7186737,3.585822105407715,1.3182353973388672,0.15240063540069304,0.19510509155215255,0.03237350584082235,0.011139232835609941,0.0,0.0,1200.0,0.0,0.0,1200.0
1769432395.768544,3.609455108642578,1.3276355266571045,0.15102245908460077,0.2043966001165006,0.0344873575956097,0.009618044186042438,0.0,0.0,1200.0,0.0,0.0,1200.0
1769432395.8185499,3.609455108642578,1.3276355266571045,0.15102245908460077,0.2043966001165006,0.0344873575956097,0.009618044186042438,0.0,0.0,1200.0,0.0,0.0,1200.0
1769432395.8686285,3.635427951812744,1.336137294769287,0.1518040426824534,0.21358360813724922,0.03671194986930213,0.008040692049985157,0.0,0.0,1200.0,0.0,0.0,1200.0
1769432395.9186761,3.635427951812744,1.336137294769287,0.1518040426824534,0.21358360813724922,0.03671194986930213,0.008040692049985157,0.0,0.0,1200.0,0.0,0.0,1200.0
1769432395.9686546,3.660250186920166,1.3441054821014404,0.15071742176626657,0.22213862840064594,0.03864816994360305,0.005642063404723403,0.0,0.0,1200.0,0.0,0.0,1200.0
1769432396.0187056,3.660250186920166,1.3441054821014404,0.15071742176626657,0.22213862840064594,0.03864816994360305,0.005642063404723403,0.0,0.0,1200.0,0.0,0.0,1200.0
1769432396.0685725,3.6868338584899902,1.3527607917785645,0.15137100755010913,0.23029417359860188,0.04026576973040965,0.0041379197018068525,0.0,0.0,1200.0,0.0,0.0,1200.0
1769432396.1186364,3.6868338584899902,1.3527607917785645,0.15137100755010913,0.23029417359860188,0.04026576973040965,0.0041379197018068525,0.0,0.0,1200.0,0.0,0.0,1200.0
1769432396.1685514,3.7137928009033203,1.3617005348205566,0.14486506180268055,0.23810194548003502,0.04165899574610957,-0.0019246912057333436,0.0,0.0,1200.0,0.0,0.0,1200.0
1769432396.218602,3.7137928009033203,1.3617005348205566,0.14486506180268055,0.23810194548003502,0.04165899574610957,-0.0019246912057333436,0.0,0.0,1200.0,0.0,0.0,1200.0
1769432396.268559,3.7422866821289062,1.3713966608047485,0.14074562311902916,0.24592598843162242,0.04306795192944518,-0.009594124479441891,0.0,0.0,1200.0,0.0,0.0,1200.0
1769432396.318589,3.7422866821289062,1.3713966608047485,0.14074562311902916,0.24592598843162242,0.04306795192944518,-0.009594124479441891,0.0,0.0,1200.0,0.0,0.0,1200.0
1769432396.3685331,3.7702112197875977,1.3818435668945312,0.14423995652946697,0.2535145308364156,0.04482409623812242,-0.010886539205210714,0.0,0.0,1200.0,0.0,0.0,1200.0
1769432396.418597,3.7702112197875977,1.3818435668945312,0.14423995652946697,0.2535145308364156,0.04482409623812242,-0.010886539205210714,0.0,0.0,1200.0,0.0,0.0,1200.0
1769432396.4685016,3.7996582984924316,1.3931454420089722,0.14313576067781675,0.2610938868950887,0.04713942492568857,-0.01006726375194097,0.0,0.0,1200.0,0.0,0.0,1200.0
1769432396.518597,3.7996582984924316,1.3931454420089722,0.14313576067781675,0.2610938868950887,0.04713942492568857,-0.01006726375194097,0.0,0.0,1200.0,0.0,0.0,1200.0
1769432396.5685542,3.829171657562256,1.4034525156021118,0.13934095884758158,0.26848591379590225,0.04960290403341896,-0.011263215459810233,0.0,0.0,1200.0,0.0,0.0,1200.0
1769432396.6186137,3.829171657562256,1.4034525156021118,0.13934095884758158,0.26848591379590225,0.04960290403341896,-0.011263215459810233,0.0,0.0,1200.0,0.0,0.0,1200.0
1769432396.668539,3.858729362487793,1.413641095161438,0.14184444417822295,0.27542687809979444,0.051900295027352834,-0.009598743093056803,0.0,0.0,1200.0,0.0,0.0,1200.0
1769432396.7185826,3.858729362487793,1.413641095161438,0.14184444417822295,0.27542687809979444,0.051900295027352834,-0.009598743093056803,0.0,0.0,1200.0,0.0,0.0,1200.0
1769432396.7685692,3.889406681060791,1.4231265783309937,0.13566422806374234,0.28200300564585556,0.05360881997902697,-0.012033220724220847,0.0,0.0,1200.0,0.0,0.0,1200.0
1769432396.8185728,3.889406681060791,1.4231265783309937,0.13566422806374234,0.28200300564585556,0.05360881997902697,-0.012033220724220847,0.0,0.0,1200.0,0.0,0.0,1200.0
1769432396.8686228,3.9208149909973145,1.4321080446243286,0.13867880285812895,0.2883266505584935,0.054444657274126264,-0.011130042017730983,0.0,0.0,1200.0,0.0,0.0,1200.0
1769432396.918661,3.9208149909973145,1.4321080446243286,0.13867880285812895,0.2883266505584935,0.054444657274126264,-0.011130042017730983,0.0,0.0,1200.0,0.0,0.0,1200.0
1769432396.9685683,3.9542860984802246,1.4426569938659668,0.13462013773796144,0.29502192510072356,0.054873760321440104,-0.012099695371467248,0.0,0.0,1200.0,0.0,0.0,1200.0
1769432397.018686,3.9542860984802246,1.4426569938659668,0.13462013773796144,0.29502192510072356,0.054873760321440104,-0.012099695371467248,0.0,0.0,1200.0,0.0,0.0,1200.0
1769432397.0685754,3.9856743812561035,1.4536212682724,0.13500243822700675,0.30140563177300866,0.055402743127130616,-0.011868028338001442,0.0,0.0,1200.0,0.0,0.0,1200.0
1769432397.1185834,3.9856743812561035,1.4536212682724,0.13500243822700675,0.30140563177300866,0.055402743127130616,-0.011868028338001442,0.0,0.0,1200.0,0.0,0.0,1200.0
1769432397.168525,4.018362045288086,1.4655876159667969,0.13187322864853446,0.3075113168560719,0.05647907264278085,-0.01296177098972265,0.0,0.0,1200.0,0.0,0.0,1200.0
1769432397.218641,4.018362045288086,1.4655876159667969,0.13187322864853446,0.3075113168560719,0.05647907264278085,-0.01296177098972265,0.0,0.0,1200.0,0.0,0.0,1200.0
1769432397.2685351,4.049654960632324,1.4770636558532715,0.13312258199275107,0.31275048075749284,0.05805067379878835,-0.011919148564993503,0.0,0.0,1200.0,0.0,0.0,1200.0
1769432397.3185904,4.049654960632324,1.4770636558532715,0.13312258199275107,0.31275048075749284,0.05805067379878835,-0.011919148564993503,0.0,0.0,1200.0,0.0,0.0,1200.0
1769432397.3685713,4.083133697509766,1.487134575843811,0.12723831744129832,0.31752705321587044,0.059419553089405934,-0.01447378346634767,0.0,0.0,1200.0,0.0,0.0,1200.0
1769432397.4186993,4.083133697509766,1.487134575843811,0.12723831744129832,0.31752705321587044,0.059419553089405934,-0.01447378346634767,0.0,0.0,1200.0,0.0,0.0,1200.0
1769432397.4686065,4.116658687591553,1.4969052076339722,0.12844169747431877,0.32195555815776106,0.06022002911759942,-0.014743986179132937,0.0,0.0,1200.0,0.0,0.0,1200.0
1769432397.5186658,4.116658687591553,1.4969052076339722,0.12844169747431877,0.32195555815776106,0.06022002911759942,-0.014743986179132937,0.0,0.0,1200.0,0.0,0.0,1200.0
1769432397.5685265,4.150660514831543,1.5079433917999268,0.13446547370083017,0.3262263714641438,0.06076785399404168,-0.008459597039489543,0.0,0.0,1200.0,0.0,0.0,1200.0
1769432397.6185455,4.150660514831543,1.5079433917999268,0.13446547370083017,0.3262263714641438,0.06076785399404168,-0.008459597039489543,0.0,0.0,1200.0,0.0,0.0,1200.0
1769432397.6685143,4.183891773223877,1.51887047290802,0.13540780340762026,0.33006897907002025,0.06120656440858153,-0.0018485385104758953,0.0,0.0,1200.0,0.0,0.0,1200.0
1769432397.718581,4.183891773223877,1.51887047290802,0.13540780340762026,0.33006897907002025,0.06120656440858153,-0.0018485385104758953,0.0,0.0,1200.0,0.0,0.0,1200.0
1769432397.7685456,4.218729496002197,1.5306682586669922,0.135264621329668,0.33388002322711613,0.061794651643958,0.002048550812182344,0.0,0.0,1200.0,0.0,0.0,1200.0
1769432397.8185785,4.218729496002197,1.5306682586669922,0.135264621329668,0.33388002322711613,0.061794651643958,0.002048550812182344,0.0,0.0,1200.0,0.0,0.0,1200.0
1769432397.8685586,4.253774166107178,1.5429093837738037,0.13880734184589727,0.33781736539799706,0.06269996193176786,0.00621909947510018,0.0,0.0,1200.0,0.0,0.0,1200.0
1769432397.918634,4.253774166107178,1.5429093837738037,0.13880734184589727,0.33781736539799706,0.06269996193176786,0.00621909947510018,0.0,0.0,1200.0,0.0,0.0,1200.0
1769432397.9685264,4.290524482727051,1.5546865463256836,0.14477835587091192,0.34231969642598575,0.0636321328518306,0.012869243349471392,0.0,0.0,1200.0,0.0,0.0,1200.0
1769432398.0186377,4.290524482727051,1.5546865463256836,0.14477835587091192,0.34231969642598575,0.0636321328518306,0.012869243349471392,0.0,0.0,1200.0,0.0,0.0,1200.0
1769432398.0685422,4.324459075927734,1.567272424697876,0.14151019817552335,0.34642803057685995,0.0647895701973038,0.013711865371779224,0.0,0.0,1200.0,0.0,0.0,1200.0
1769432398.1186094,4.324459075927734,1.567272424697876,0.14151019817552335,0.34642803057685995,0.0647895701973038,0.013711865371779224,0.0,0.0,1200.0,0.0,0.0,1200.0
1769432398.1685252,4.359578609466553,1.5783041715621948,0.14404226368723272,0.3500263186124546,0.0656095627172371,0.013674632205011951,0.0,0.0,1200.0,0.0,0.0,1200.0
1769432398.2186837,4.359578609466553,1.5783041715621948,0.14404226368723272,0.3500263186124546,0.0656095627172371,0.013674632205011951,0.0,0.0,1200.0,0.0,0.0,1200.0
1769432398.269084,4.396078586578369,1.5895813703536987,0.14906380257624363,0.3535122569011178,0.06589344125996255,0.016300665756565663,0.0,0.0,1200.0,0.0,0.0,1200.0
1769432398.318619,4.396078586578369,1.5895813703536987,0.14906380257624363,0.3535122569011178,0.06589344125996255,0.016300665756565663,0.0,0.0,1200.0,0.0,0.0,1200.0
1769432398.3686714,4.432609558105469,1.6008410453796387,0.1457340057331944,0.35697087446355125,0.06564760883482747,0.0145700823741407,0.0,0.0,1200.0,0.0,0.0,1200.0
1769432398.4187174,4.432609558105469,1.6008410453796387,0.1457340057331944,0.35697087446355125,0.06564760883482747,0.0145700823741407,0.0,0.0,1200.0,0.0,0.0,1200.0
1769432398.4686718,4.470102787017822,1.613451600074768,0.15127162228644497,0.360705726051799,0.06535989554053322,0.01570556698972322,0.0,0.0,1200.0,0.0,0.0,1200.0
1769432398.518686,4.470102787017822,1.613451600074768,0.15127162228644497,0.360705726051799,0.06535989554053322,0.01570556698972322,0.0,0.0,1200.0,0.0,0.0,1200.0
1769432398.5685449,4.507018566131592,1.625732660293579,0.14590048420950197,0.36446396714823776,0.06517097713956446,0.011620934137682264,0.0,0.0,1200.0,0.0,0.0,1200.0
1769432398.6185844,4.507018566131592,1.625732660293579,0.14590048420950197,0.36446396714823776,0.06517097713956446,0.011620934137682264,0.0,0.0,1200.0,0.0,0.0,1200.0
1769432398.668576,4.544931888580322,1.6402037143707275,0.1562429093719322,0.36844643531170584,0.06574022820324106,0.01519077307702223,0.0,0.0,1200.0,0.0,0.0,1200.0
1769432398.7186372,4.544931888580322,1.6402037143707275,0.1562429093719322,0.36844643531170584,0.06574022820324106,0.01519077307702223,0.0,0.0,1200.0,0.0,0.0,1200.0
1769432398.7685616,4.582345962524414,1.6533105373382568,0.1598165571152803,0.3723460265833541,0.06669498513269648,0.0207314442714497,0.0,0.0,1200.0,0.0,0.0,1200.0
1769432398.8186235,4.582345962524414,1.6533105373382568,0.1598165571152803,0.3723460265833541,0.06669498513269648,0.0207314442714497,0.0,0.0,1200.0,0.0,0.0,1200.0
1769432398.8685522,4.620902061462402,1.6658568382263184,0.1638574390475025,0.3762701887053047,0.06748118878374836,0.025929066682440622,0.0,0.0,1200.0,0.0,0.0,1200.0
1769432398.918624,4.620902061462402,1.6658568382263184,0.1638574390475025,0.3762701887053047,0.06748118878374836,0.025929066682440622,0.0,0.0,1200.0,0.0,0.0,1200.0
1769432398.9685624,4.660135746002197,1.6779752969741821,0.1712348726374513,0.38033695734213524,0.06764215838081976,0.03256692455847316,0.0,0.0,1200.0,0.0,0.0,1200.0
1769432399.0186377,4.660135746002197,1.6779752969741821,0.1712348726374513,0.38033695734213524,0.06764215838081976,0.03256692455847316,0.0,0.0,1200.0,0.0,0.0,1200.0
1769432399.0685563,4.699016571044922,1.6903666257858276,0.17541662058526342,0.3843477219862577,0.06715273978649769,0.03744350929779812,0.0,0.0,1200.0,0.0,0.0,1200.0
1769432399.1186328,4.699016571044922,1.6903666257858276,0.17541662058526342,0.3843477219862577,0.06715273978649769,0.03744350929779812,0.0,0.0,1200.0,0.0,0.0,1200.0
1769432399.1685758,4.738167762756348,1.7038490772247314,0.17989086525802556,0.38825140398540986,0.06642435440376418,0.04037194637160849,0.0,0.0,1200.0,0.0,0.0,1200.0
1769432399.2186205,4.738167762756348,1.7038490772247314,0.17989086525802556,0.38825140398540986,0.06642435440376418,0.04037194637160849,0.0,0.0,1200.0,0.0,0.0,1200.0
1769432399.268587,4.777585029602051,1.7177495956420898,0.18954028557920743,0.392046283623734,0.06573377033647106,0.04596505593810307,0.0,0.0,1200.0,0.0,0.0,1200.0
1769432399.3187284,4.777585029602051,1.7177495956420898,0.18954028557920743,0.392046283623734,0.06573377033647106,0.04596505593810307,0.0,0.0,1200.0,0.0,0.0,1200.0
1769432399.3685386,4.817008972167969,1.7329250574111938,0.19569484827435346,0.39571886907915876,0.06551891692086483,0.05104245451198739,0.0,0.0,1200.0,0.0,0.0,1200.0
1769432399.4186242,4.817008972167969,1.7329250574111938,0.19569484827435346,0.39571886907915876,0.06551891692086483,0.05104245451198739,0.0,0.0,1200.0,0.0,0.0,1200.0
1769432399.468623,4.856142044067383,1.7467149496078491,0.192376450301472,0.3990027221839752,0.06539170608092831,0.04720885117890688,0.0,0.0,1200.0,0.0,0.0,1200.0
1769432399.5186858,4.856142044067383,1.7467149496078491,0.192376450301472,0.3990027221839752,0.06539170608092831,0.04720885117890688,0.0,0.0,1200.0,0.0,0.0,1200.0
1769432399.5686026,4.896242618560791,1.7613749504089355,0.19939896000612922,0.40214824521441417,0.0653548670494849,0.04463447553793323,0.0,0.0,1200.0,0.0,0.0,1200.0
1769432399.6187215,4.896242618560791,1.7613749504089355,0.19939896000612922,0.40214824521441417,0.0653548670494849,0.04463447553793323,0.0,0.0,1200.0,0.0,0.0,1200.0
1769432399.6685827,4.936538219451904,1.7756059169769287,0.20856657229827746,0.4052391272882983,0.06516439516487542,0.04715691880782022,0.0,0.0,1200.0,0.0,0.0,1200.0
1769432399.718611,4.936538219451904,1.7756059169769287,0.20856657229827746,0.4052391272882983,0.06516439516487542,0.04715691880782022,0.0,0.0,1200.0,0.0,0.0,1200.0
1769432399.7685692,4.976738452911377,1.7893972396850586,0.21532642430423898,0.4081729822814949,0.06453379446070477,0.0514585856947731,0.0,0.0,1200.0,0.0,0.0,1200.0
1769432399.818645,4.976738452911377,1.7893972396850586,0.21532642430423898,0.4081729822814949,0.06453379446070477,0.0514585856947731,0.0,0.0,1200.0,0.0,0.0,1200.0
1769432399.8685532,5.017566204071045,1.804513692855835,0.22640196230871545,0.4111341929632727,0.06372445090573234,0.05900422667907114,0.0,0.0,1200.0,0.0,0.0,1200.0
1769432399.918622,5.017566204071045,1.804513692855835,0.22640196230871545,0.4111341929632727,0.06372445090573234,0.05900422667907114,0.0,0.0,1200.0,0.0,0.0,1200.0
1769432399.9686065,5.056887149810791,1.820404052734375,0.22660217874581434,0.41369078398963177,0.06315944995147103,0.059651108414163656,0.0,0.0,1200.0,0.0,0.0,1200.0
1769432400.0186331,5.056887149810791,1.820404052734375,0.22660217874581434,0.41369078398963177,0.06315944995147103,0.059651108414163656,0.0,0.0,1200.0,0.0,0.0,1200.0
1769432400.0686014,5.096937656402588,1.8370004892349243,0.2323531547159794,0.4159611709447594,0.06308373569301295,0.05815430477752326,0.0,0.0,1200.0,0.0,0.0,1200.0
1769432400.1186554,5.096937656402588,1.8370004892349243,0.2323531547159794,0.4159611709447594,0.06308373569301295,0.05815430477752326,0.0,0.0,1200.0,0.0,0.0,1200.0
1769432400.1685815,5.13716983795166,1.8536628484725952,0.2374111189321031,0.4180648269746476,0.0634330257489838,0.05617824415089774,0.0,0.0,1200.0,0.0,0.0,1200.0
1769432400.2185292,5.13716983795166,1.8536628484725952,0.2374111189321031,0.4180648269746476,0.0634330257489838,0.05617824415089774,0.0,0.0,1200.0,0.0,0.0,1200.0
1769432400.2685688,5.1765923500061035,1.8695067167282104,0.23883868846810508,0.4197191414465169,0.06382352162261572,0.05164601049892946,0.0,0.0,1200.0,0.0,0.0,1200.0
1769432400.3186307,5.1765923500061035,1.8695067167282104,0.23883868846810508,0.4197191414465169,0.06382352162261572,0.05164601049892946,0.0,0.0,1200.0,0.0,0.0,1200.0
1769432400.3685524,5.217487335205078,1.8857792615890503,0.24427327734986548,0.42133997813358637,0.06405590825569113,0.04863128796310252,0.0,0.0,1200.0,0.0,0.0,1200.0
1769432400.4185987,5.217487335205078,1.8857792615890503,0.24427327734986548,0.42133997813358637,0.06405590825569113,0.04863128796310252,0.0,0.0,1200.0,0.0,0.0,1200.0
1769432400.4685044,5.257557392120361,1.901603102684021,0.24568516374145943,0.4227724499391535,0.06394667011219146,0.04457441574098336,0.0,0.0,1200.0,0.0,0.0,1200.0
1769432400.5186462,5.257557392120361,1.901603102684021,0.24568516374145943,0.4227724499391535,0.06394667011219146,0.04457441574098336,0.0,0.0,1200.0,0.0,0.0,1200.0
1769432400.568532,5.2977776527404785,1.9186631441116333,0.2477634406283018,0.42409728429210586,0.06384173441438534,0.04013513344284254,0.0,0.0,1200.0,0.0,0.0,1200.0
1769432400.618493,5.2977776527404785,1.9186631441116333,0.2477634406283018,0.42409728429210586,0.06384173441438534,0.04013513344284254,0.0,0.0,1200.0,0.0,0.0,1200.0
1769432400.6685212,5.338148593902588,1.9354389905929565,0.24803339315638429,0.4253510215806844,0.06376225813970864,0.03456322688764745,0.0,0.0,1200.0,0.0,0.0,1200.0
1769432400.7185578,5.338148593902588,1.9354389905929565,0.24803339315638429,0.4253510215806844,0.06376225813970864,0.03456322688764745,0.0,0.0,1200.0,0.0,0.0,1200.0
1769432400.768521,5.378270149230957,1.9532217979431152,0.24378745223886256,0.4265307116933097,0.06405818541544404,0.025066337933517275,0.0,0.0,1200.0,0.0,0.0,1200.0
1769432400.818598,5.378270149230957,1.9532217979431152,0.24378745223886256,0.4265307116933097,0.06405818541544404,0.025066337933517275,0.0,0.0,1200.0,0.0,0.0,1200.0
1769432400.8684914,5.418629169464111,1.9719527959823608,0.24516122050430766,0.42776158768422806,0.0650692405507288,0.017777666045715963,0.0,0.0,1200.0,0.0,0.0,1200.0
1769432400.9185712,5.418629169464111,1.9719527959823608,0.24516122050430766,0.42776158768422806,0.0650692405507288,0.017777666045715963,0.0,0.0,1200.0,0.0,0.0,1200.0
1769432400.9685779,5.459232807159424,1.9899442195892334,0.244418429323348,0.42905314510036996,0.0665060089883011,0.012173167041033078,0.0,0.0,1200.0,0.0,0.0,1200.0
1769432401.0187006,5.459232807159424,1.9899442195892334,0.244418429323348,0.42905314510036996,0.0665060089883011,0.012173167041033078,0.0,0.0,1200.0,0.0,0.0,1200.0
1769432401.0685995,5.500725746154785,2.0072667598724365,0.246637521452568,0.4305957991246441,0.06783037927044941,0.010170034497596413,0.0,0.0,1200.0,0.0,0.0,1200.0
1769432401.1187916,5.500725746154785,2.0072667598724365,0.246637521452568,0.4305957991246441,0.06783037927044941,0.010170034497596413,0.0,0.0,1200.0,0.0,0.0,1200.0
1769432401.1685884,5.541803359985352,2.025050401687622,0.2500102984545993,0.43225946577342095,0.06895283109053991,0.01175699934326405,0.0,0.0,1200.0,0.0,0.0,1200.0
1769432401.2186658,5.541803359985352,2.025050401687622,0.2500102984545993,0.43225946577342095,0.06895283109053991,0.01175699934326405,0.0,0.0,1200.0,0.0,0.0,1200.0
1769432401.268467,5.582926273345947,2.042595386505127,0.2500064450761421,0.43391385347359396,0.06974491237642959,0.012623930726119085,0.0,0.0,1200.0,0.0,0.0,1200.0
1769432401.318589,5.582926273345947,2.042595386505127,0.2500064450761421,0.43391385347359396,0.06974491237642959,0.012623930726119085,0.0,0.0,1200.0,0.0,0.0,1200.0
1769432401.3686037,5.624341011047363,2.0609500408172607,0.2503163290879815,0.4356246046082145,0.07041749033622369,0.01219760150674779,0.0,0.0,1200.0,0.0,0.0,1200.0
1769432401.4185991,5.624341011047363,2.0609500408172607,0.2503163290879815,0.4356246046082145,0.07041749033622369,0.01219760150674779,0.0,0.0,1200.0,0.0,0.0,1200.0
1769432401.468524,5.664540767669678,2.0792722702026367,0.24625323492968754,0.4369627983459592,0.07115746889508816,0.007495933966661867,0.0,0.0,1200.0,0.0,0.0,1200.0
1769432401.5185962,5.664540767669678,2.0792722702026367,0.24625323492968754,0.4369627983459592,0.07115746889508816,0.007495933966661867,0.0,0.0,1200.0,0.0,0.0,1200.0
1769432401.568623,5.706850051879883,2.09829044342041,0.24457890509287772,0.43847476558931414,0.07207726940685381,0.0018478152629149546,0.0,0.0,1200.0,0.0,0.0,1200.0
1769432401.6186323,5.706850051879883,2.09829044342041,0.24457890509287772,0.43847476558931414,0.07207726940685381,0.0018478152629149546,0.0,0.0,1200.0,0.0,0.0,1200.0
1769432401.6686122,5.747552394866943,2.1169943809509277,0.24034114677768414,0.43978655990984605,0.07322373569042932,-0.005075669731520865,0.0,0.0,1200.0,0.0,0.0,1200.0
1769432401.7186897,5.747552394866943,2.1169943809509277,0.24034114677768414,0.43978655990984605,0.07322373569042932,-0.005075669731520865,0.0,0.0,1200.0,0.0,0.0,1200.0
1769432401.7686012,5.7900471687316895,2.135213851928711,0.24156106876666783,0.44125658403128687,0.07426534116928772,-0.007999327872993938,0.0,0.0,1200.0,0.0,0.0,1200.0
1769432401.8185472,5.7900471687316895,2.135213851928711,0.24156106876666783,0.44125658403128687,0.07426534116928772,-0.007999327872993938,0.0,0.0,1200.0,0.0,0.0,1200.0
1769432401.8685348,5.832267761230469,2.1530442237854004,0.24284034381489583,0.44283470851815593,0.07496049384080769,-0.007056434234177403,0.0,0.0,1200.0,0.0,0.0,1200.0
1769432401.9186015,5.832267761230469,2.1530442237854004,0.24284034381489583,0.44283470851815593,0.07496049384080769,-0.007056434234177403,0.0,0.0,1200.0,0.0,0.0,1200.0
1769432401.9686685,5.873918533325195,2.171396017074585,0.24902019475450743,0.4443176098680484,0.07543966645955101,-0.00017737664909394605,0.0,0.0,1200.0,0.0,0.0,1200.0
1769432402.0186818,5.873918533325195,2.171396017074585,0.24902019475450743,0.4443176098680484,0.07543966645955101,-0.00017737664909394605,0.0,0.0,1200.0,0.0,0.0,1200.0
1769432402.068522,5.916020393371582,2.1901614665985107,0.254555344543439,0.4457331322689561,0.07581319999334436,0.009592297056879136,0.0,0.0,1200.0,0.0,0.0,1200.0
1769432402.1187031,5.916020393371582,2.1901614665985107,0.254555344543439,0.4457331322689561,0.07581319999334436,0.009592297056879136,0.0,0.0,1200.0,0.0,0.0,1200.0
1769432402.1684568,5.957760334014893,2.209677219390869,0.2578630055412887,0.44704574350394843,0.07633817723980278,0.017716162855259097,0.0,0.0,1200.0,0.0,0.0,1200.0
1769432402.2186139,5.957760334014893,2.209677219390869,0.2578630055412887,0.44704574350394843,0.07633817723980278,0.017716162855259097,0.0,0.0,1200.0,0.0,0.0,1200.0
1769432402.2685533,6.00041937828064,2.2287211418151855,0.25899712025457955,0.44848824376776814,0.07680535497077015,0.021463933375886517,0.0,0.0,1200.0,0.0,0.0,1200.0
1769432402.3184922,6.00041937828064,2.2287211418151855,0.25899712025457955,0.44848824376776814,0.07680535497077015,0.021463933375886517,0.0,0.0,1200.0,0.0,0.0,1200.0
1769432402.3685398,6.042490482330322,2.248386859893799,0.26024882625387136,0.44994430864552004,0.07732879982243958,0.021829819127059443,0.0,0.0,1200.0,0.0,0.0,1200.0
1769432402.4185975,6.042490482330322,2.248386859893799,0.26024882625387136,0.44994430864552004,0.07732879982243958,0.021829819127059443,0.0,0.0,1200.0,0.0,0.0,1200.0
1769432402.4685118,6.085333347320557,2.2681288719177246,0.26896883898447577,0.451558926381039,0.07782283534716644,0.02632968787329063,0.0,0.0,1200.0,0.0,0.0,1200.0
1769432402.518599,6.085333347320557,2.2681288719177246,0.26896883898447577,0.451558926381039,0.07782283534716644,0.02632968787329063,0.0,0.0,1200.0,0.0,0.0,1200.0
1769432402.5685277,6.1277735233306885,2.2877466678619385,0.2757035706364963,0.453199738322089,0.0781530537822075,0.03313219961809215,0.0,0.0,1200.0,0.0,0.0,1200.0
1769432402.618522,6.1277735233306885,2.2877466678619385,0.2757035706364963,0.453199738322089,0.0781530537822075,0.03313219961809215,0.0,0.0,1200.0,0.0,0.0,1200.0
1769432402.6685114,6.170305490493774,2.306035041809082,0.27694128580034594,0.4546671824873114,0.07779945018644728,0.03596312141018763,0.0,0.0,1200.0,0.0,0.0,1200.0
1769432402.7186317,6.170305490493774,2.306035041809082,0.27694128580034594,0.4546671824873114,0.07779945018644728,0.03596312141018763,0.0,0.0,1200.0,0.0,0.0,1200.0
1769432402.768524,6.2128283977508545,2.3256161212921143,0.2859755239237032,0.45601747565792355,0.07703197071489509,0.04086404674580998,0.0,0.0,1200.0,0.0,0.0,1200.0
1769432402.8185747,6.2128283977508545,2.3256161212921143,0.2859755239237032,0.45601747565792355,0.07703197071489509,0.04086404674580998,0.0,0.0,1200.0,0.0,0.0,1200.0
1769432402.8685267,6.254696369171143,2.3461947441101074,0.2947871248623759,0.4571203474664969,0.07632262934415524,0.04788736291518069,0.0,0.0,1200.0,0.0,0.0,1200.0
1769432402.918595,6.254696369171143,2.3461947441101074,0.2947871248623759,0.4571203474664969,0.07632262934415524,0.04788736291518069,0.0,0.0,1200.0,0.0,0.0,1200.0
1769432402.968478,6.296668529510498,2.3668551445007324,0.29505425452966705,0.4580252019361352,0.0758245718253931,0.048879979227563645,0.0,0.0,1200.0,0.0,0.0,1200.0
1769432403.0185814,6.296668529510498,2.3668551445007324,0.29505425452966705,0.4580252019361352,0.0758245718253931,0.048879979227563645,0.0,0.0,1200.0,0.0,0.0,1200.0
1769432403.068517,6.338547706604004,2.387448787689209,0.29471798729210796,0.45874633116248387,0.07552013612465712,0.04387817265568504,0.0,0.0,1200.0,0.0,0.0,1200.0
1769432403.1186016,6.338547706604004,2.387448787689209,0.29471798729210796,0.45874633116248387,0.07552013612465712,0.04387817265568504,0.0,0.0,1200.0,0.0,0.0,1200.0
1769432403.1685228,6.381215572357178,2.4087717533111572,0.30432467117300543,0.4595938087738224,0.07545399427801835,0.043621244137671766,0.0,0.0,1200.0,0.0,0.0,1200.0
1769432403.2184858,6.381215572357178,2.4087717533111572,0.30432467117300543,0.4595938087738224,0.07545399427801835,0.043621244137671766,0.0,0.0,1200.0,0.0,0.0,1200.0
1769432403.2685137,6.422909736633301,2.4291701316833496,0.3045402134874102,0.4602859435434729,0.07534640233241525,0.04139481731432794,0.0,0.0,1200.0,0.0,0.0,1200.0
1769432403.31861,6.422909736633301,2.4291701316833496,0.3045402134874102,0.4602859435434729,0.07534640233241525,0.04139481731432794,0.0,0.0,1200.0,0.0,0.0,1200.0
1769432403.368548,6.465088605880737,2.449244737625122,0.3107051436529602,0.460849528990048,0.074893866318102,0.04122357570843395,0.0,0.0,1200.0,0.0,0.0,1200.0
1769432403.4186068,6.465088605880737,2.449244737625122,0.3107051436529602,0.460849528990048,0.074893866318102,0.04122357570843395,0.0,0.0,1200.0,0.0,0.0,1200.0
1769432403.468492,6.506989479064941,2.470386028289795,0.31837806343027175,0.46133000810669345,0.07433079034253966,0.04441483662507373,0.0,0.0,1200.0,0.0,0.0,1200.0
1769432403.5185852,6.506989479064941,2.470386028289795,0.31837806343027175,0.46133000810669345,0.07433079034253966,0.04441483662507373,0.0,0.0,1200.0,0.0,0.0,1200.0
1769432403.5685408,6.548435211181641,2.491905450820923,0.31461960016206447,0.461656291517026,0.07391568609400406,0.04064919218186376,0.0,0.0,1200.0,0.0,0.0,1200.0
1769432403.6185884,6.548435211181641,2.491905450820923,0.31461960016206447,0.461656291517026,0.07391568609400406,0.04064919218186376,0.0,0.0,1200.0,0.0,0.0,1200.0
1769432403.6684158,6.589463949203491,2.513519048690796,0.31411245192460413,0.4616914861445737,0.07379252246946076,0.033192102962639594,0.0,0.0,1200.0,0.0,0.0,1200.0
1769432403.7186093,6.589463949203491,2.513519048690796,0.31411245192460413,0.4616914861445737,0.07379252246946076,0.033192102962639594,0.0,0.0,1200.0,0.0,0.0,1200.0
1769432403.7685251,6.631790637969971,2.536257743835449,0.31482249604795687,0.46194751762630876,0.07417908568499447,0.025972020501504055,0.0,0.0,1200.0,0.0,0.0,1200.0
1769432403.81858,6.631790637969971,2.536257743835449,0.31482249604795687,0.46194751762630876,0.07417908568499447,0.025972020501504055,0.0,0.0,1200.0,0.0,0.0,1200.0
1769432403.8685396,6.6735570430755615,2.5581600666046143,0.3125892046713128,0.4623303680136136,0.07485036517199248,0.01811482973625784,0.0,0.0,1200.0,0.0,0.0,1200.0
1769432403.9185946,6.6735570430755615,2.5581600666046143,0.3125892046713128,0.4623303680136136,0.07485036517199248,0.01811482973625784,0.0,0.0,1200.0,0.0,0.0,1200.0
1769432403.968524,6.716096878051758,2.580211639404297,0.316678824403839,0.46302892899494386,0.07559445562765967,0.015250561493331653,0.0,0.0,1200.0,0.0,0.0,1200.0
1769432404.018632,6.716096878051758,2.580211639404297,0.316678824403839,0.46302892899494386,0.07559445562765967,0.015250561493331653,0.0,0.0,1200.0,0.0,0.0,1200.0
1769432404.0685334,6.7572290897369385,2.601895332336426,0.3146052370377097,0.46351553869844375,0.07630104628125481,0.01201329869785643,0.0,0.0,1200.0,0.0,0.0,1200.0
1769432404.1185894,6.7572290897369385,2.601895332336426,0.3146052370377097,0.46351553869844375,0.07630104628125481,0.01201329869785643,0.0,0.0,1200.0,0.0,0.0,1200.0
1769432404.168532,6.799722194671631,2.623588800430298,0.3161987105159163,0.46408728685635586,0.07678313409963909,0.010386283346206114,0.0,0.0,1200.0,0.0,0.0,1200.0
1769432404.2186036,6.799722194671631,2.623588800430298,0.3161987105159163,0.46408728685635586,0.07678313409963909,0.010386283346206114,0.0,0.0,1200.0,0.0,0.0,1200.0
1769432404.2685192,6.841184139251709,2.646197557449341,0.31715083758718343,0.4645701376238181,0.07736160330556338,0.009780967052792758,0.0,0.0,1200.0,0.0,0.0,1200.0
1769432404.3186834,6.841184139251709,2.646197557449341,0.31715083758718343,0.4645701376238181,0.07736160330556338,0.009780967052792758,0.0,0.0,1200.0,0.0,0.0,1200.0
1769432404.3685687,6.882927894592285,2.6688015460968018,0.31541873898013684,0.4649930247390796,0.07810167527426058,0.007563773467731913,0.0,0.0,1200.0,0.0,0.0,1200.0
1769432404.4186075,6.882927894592285,2.6688015460968018,0.31541873898013684,0.4649930247390796,0.07810167527426058,0.007563773467731913,0.0,0.0,1200.0,0.0,0.0,1200.0
1769432404.4685657,6.924525260925293,2.6917858123779297,0.3102535020939552,0.46535580213194694,0.07913365743895505,0.0012585986032266913,0.0,0.0,1200.0,0.0,0.0,1200.0
1769432404.5185852,6.924525260925293,2.6917858123779297,0.3102535020939552,0.46535580213194694,0.07913365743895505,0.0012585986032266913,0.0,0.0,1200.0,0.0,0.0,1200.0
1769432404.5685518,6.967625617980957,2.7149133682250977,0.3136375189937102,0.46611480747049694,0.08031839280644433,-0.0008038919834259728,0.0,0.0,1200.0,0.0,0.0,1200.0
1769432404.6185946,6.967625617980957,2.7149133682250977,0.3136375189937102,0.46611480747049694,0.08031839280644433,-0.0008038919834259728,0.0,0.0,1200.0,0.0,0.0,1200.0
1769432404.6685421,7.0104286670684814,2.737778902053833,0.315234942826077,0.46725121054655716,0.08147059688839753,0.00037598095849801353,0.0,0.0,1200.0,0.0,0.0,1200.0
1769432404.718616,7.0104286670684814,2.737778902053833,0.315234942826077,0.46725121054655716,0.08147059688839753,0.00037598095849801353,0.0,0.0,1200.0,0.0,0.0,1200.0
1769432404.7685268,7.052188873291016,2.760067939758301,0.316795735334245,0.4682599515182191,0.08239422737090794,0.0030440901628771434,0.0,0.0,1200.0,0.0,0.0,1200.0
1769432404.8186183,7.052188873291016,2.760067939758301,0.316795735334245,0.4682599515182191,0.08239422737090794,0.0030440901628771434,0.0,0.0,1200.0,0.0,0.0,1200.0
1769432404.868524,7.0949366092681885,2.7815074920654297,0.3135682268903821,0.46913921940195374,0.08267307145468304,0.0021685642505200426,0.0,0.0,1200.0,0.0,0.0,1200.0
1769432404.9186149,7.0949366092681885,2.7815074920654297,0.3135682268903821,0.46913921940195374,0.08267307145468304,0.0021685642505200426,0.0,0.0,1200.0,0.0,0.0,1200.0
1769432404.96853,7.137578248977661,2.8037109375,0.3151286473521804,0.46993215431911656,0.08250926400934559,0.0018481562514031287,0.0,0.0,1200.0,0.0,0.0,1200.0
1769432405.0185933,7.137578248977661,2.8037109375,0.3151286473521804,0.46993215431911656,0.08250926400934559,0.0018481562514031287,0.0,0.0,1200.0,0.0,0.0,1200.0
1769432405.0685544,7.179623365402222,2.8270230293273926,0.3181778390451129,0.4705874839153685,0.08246691185088183,0.0040461066107702745,0.0,0.0,1200.0,0.0,0.0,1200.0
1769432405.1185884,7.179623365402222,2.8270230293273926,0.3181778390451129,0.4705874839153685,0.08246691185088183,0.0040461066107702745,0.0,0.0,1200.0,0.0,0.0,1200.0
1769432405.1685252,7.221215009689331,2.851036787033081,0.3171786156729475,0.471033140510208,0.08300217415946154,0.004824102707717882,0.0,0.0,1200.0,0.0,0.0,1200.0
1769432405.2186048,7.221215009689331,2.851036787033081,0.3171786156729475,0.471033140510208,0.08300217415946154,0.004824102707717882,0.0,0.0,1200.0,0.0,0.0,1200.0
1769432405.2685487,7.2635178565979,2.874129056930542,0.3187114312786594,0.4713857049406006,0.08379454385344451,0.005742608807740808,0.0,0.0,1200.0,0.0,0.0,1200.0
1769432405.3186073,7.2635178565979,2.874129056930542,0.3187114312786594,0.4713857049406006,0.08379454385344451,0.005742608807740808,0.0,0.0,1200.0,0.0,0.0,1200.0
1769432405.3685143,7.306632995605469,2.897277593612671,0.3218514616523187,0.47196736049244997,0.08454076259844363,0.00831274360311331,0.0,0.0,1200.0,0.0,0.0,1200.0
1769432405.4185965,7.306632995605469,2.897277593612671,0.3218514616523187,0.47196736049244997,0.08454076259844363,0.00831274360311331,0.0,0.0,1200.0,0.0,0.0,1200.0
1769432405.4685338,7.348965644836426,2.9197375774383545,0.3286687107795423,0.4725396268337226,0.08491153998581168,0.014882236613858804,0.0,0.0,1200.0,0.0,0.0,1200.0
1769432405.518642,7.348965644836426,2.9197375774383545,0.3286687107795423,0.4725396268337226,0.08491153998581168,0.014882236613858804,0.0,0.0,1200.0,0.0,0.0,1200.0
1769432405.5686424,7.391172647476196,2.942251682281494,0.33218140851150757,0.47296886287010986,0.08480560634983451,0.02121078029069634,0.0,0.0,1200.0,0.0,0.0,1200.0
1769432405.618646,7.391172647476196,2.942251682281494,0.33218140851150757,0.47296886287010986,0.08480560634983451,0.02121078029069634,0.0,0.0,1200.0,0.0,0.0,1200.0
1769432405.6686342,7.433318853378296,2.965585231781006,0.33753303642710275,0.47329855882547617,0.08447269403584458,0.027303033238575657,0.0,0.0,1200.0,0.0,0.0,1200.0
1769432405.7186666,7.433318853378296,2.965585231781006,0.33753303642710275,0.47329855882547617,0.08447269403584458,0.027303033238575657,0.0,0.0,1200.0,0.0,0.0,1200.0
1769432405.7685208,7.475256443023682,2.988379955291748,0.34327464278599074,0.4734449799016607,0.08385040995685335,0.03309131723076002,0.0,0.0,1200.0,0.0,0.0,1200.0
1769432405.8186345,7.475256443023682,2.988379955291748,0.34327464278599074,0.4734449799016607,0.08385040995685335,0.03309131723076002,0.0,0.0,1200.0,0.0,0.0,1200.0
1769432405.8684995,7.517155170440674,3.013549566268921,0.3450791286009878,0.4736616033233169,0.08366046264521934,0.03514794573425353,0.0,0.0,1200.0,0.0,0.0,1200.0
1769432405.918633,7.517155170440674,3.013549566268921,0.3450791286009878,0.4736616033233169,0.08366046264521934,0.03514794573425353,0.0,0.0,1200.0,0.0,0.0,1200.0
1769432405.968614,7.559722661972046,3.037294626235962,0.3531748715953871,0.47409057500743224,0.08352689373609243,0.03899540998648569,0.0,0.0,1200.0,0.0,0.0,1200.0
1769432406.0186381,7.559722661972046,3.037294626235962,0.3531748715953871,0.47409057500743224,0.08352689373609243,0.03899540998648569,0.0,0.0,1200.0,0.0,0.0,1200.0
1769432406.068555,7.602336883544922,3.061556816101074,0.3626016997353023,0.4748291316004612,0.08333093203183409,0.045966725776394955,0.0,0.0,1200.0,0.0,0.0,1200.0
1769432406.118562,7.602336883544922,3.061556816101074,0.3626016997353023,0.4748291316004612,0.08333093203183409,0.045966725776394955,1000.0,0.05235987755982988,1200.0,0.0,1000.0,1200.0
1769432406.168465,7.6448705196380615,3.0856478214263916,0.3691029249898037,0.47579768707528786,0.08288470571954257,0.05221846354936069,2000.0,0.10471975511965977,1200.0,0.0,2000.0,1200.0
1769432406.218607,7.6448705196380615,3.0856478214263916,0.3691029249898037,0.47579768707528786,0.08288470571954257,0.05221846354936069,2000.0,0.10471975511965977,1200.0,0.0,2000.0,1200.0
1769432406.2684565,7.686214923858643,3.109816074371338,0.3751890501429962,0.4765746201281106,0.0822277629606454,0.05629771977835568,3000.0,0.15707963267948963,1200.0,0.0,3000.0,1200.0
1769432406.3185465,7.686214923858643,3.109816074371338,0.3751890501429962,0.4765746201281106,0.0822277629606454,0.05629771977835568,3000.0,0.15707963267948963,1200.0,0.0,3000.0,1200.0
1769432406.368518,7.727591037750244,3.133044481277466,0.37922529636422375,0.476885135609584,0.08106034764088256,0.056845550051719304,4000.0,0.20943951023931953,1200.0,0.0,4000.0,1200.0
1769432406.4186037,7.727591037750244,3.133044481277466,0.37922529636422375,0.476885135609584,0.08106034764088256,0.056845550051719304,5000.0,0.2617993877991494,1200.0,0.0,5000.0,1200.0
1769432406.468449,7.77023720741272,3.1572556495666504,0.38765226746520565,0.4772239113420892,0.07947124912660658,0.05843680033784895,5000.0,0.2617993877991494,1200.0,0.0,5000.0,1200.0
1769432406.5186071,7.77023720741272,3.1572556495666504,0.38765226746520565,0.4772239113420892,0.07947124912660658,0.05843680033784895,6000.0,0.31415926535897926,1200.0,0.0,6000.0,1200.0
1769432406.5685575,7.811387300491333,3.1827163696289062,0.3911092558573577,0.477488190770661,0.0780950896177502,0.057734824236457725,7000.0,0.36651914291880916,1200.0,0.0,7000.0,1200.0
1769432406.618627,7.811387300491333,3.1827163696289062,0.3911092558573577,0.477488190770661,0.0780950896177502,0.057734824236457725,7000.0,0.36651914291880916,1200.0,0.0,7000.0,1200.0
1769432406.668536,7.852839946746826,3.208375930786133,0.4025066533256325,0.4777752276060686,0.07710300248559827,0.0611752087926639,8000.0,0.41887902047863906,1200.0,0.0,8000.0,1200.0
1769432406.7186193,7.852839946746826,3.208375930786133,0.4025066533256325,0.4777752276060686,0.07710300248559827,0.0611752087926639,9000.0,0.47123889803846897,1200.0,0.0,9000.0,1200.0
1769432406.7685874,7.894296884536743,3.2350564002990723,0.4118455232161393,0.4782578171204654,0.07668593549579866,0.0666876210064352,9000.0,0.47123889803846897,1200.0,0.0,9000.0,1200.0
1769432406.81863,7.894296884536743,3.2350564002990723,0.4118455232161393,0.4782578171204654,0.07668593549579866,0.0666876210064352,9000.0,0.47123889803846897,1200.0,0.0,9000.0,1200.0
1769432406.868555,7.934851169586182,3.260295867919922,0.4225706536623868,0.4785417952075553,0.0763375524441248,0.07353045174421627,9000.0,0.47123889803846897,1200.0,0.0,9000.0,1200.0
1769432406.9186394,7.934851169586182,3.260295867919922,0.4225706536623868,0.4785417952075553,0.0763375524441248,0.07353045174421627,9000.0,0.47123889803846897,1200.0,0.0,9000.0,1200.0
1769432406.9685702,7.976264238357544,3.285857915878296,0.4389546358710845,0.47882028440537716,0.07565164241560714,0.08485035431953816,9000.0,0.47123889803846897,1200.0,0.0,9000.0,1200.0
1769432407.018633,7.976264238357544,3.285857915878296,0.4389546358710845,0.47882028440537716,0.07565164241560714,0.08485035431953816,9000.0,0.47123889803846897,1200.0,0.0,9000.0,1200.0
1769432407.0685704,8.016232252120972,3.31081485748291,0.46086958210078777,0.4786980646702288,0.0742978272634873,0.10295350920853384,9000.0,0.47123889803846897,1200.0,0.0,9000.0,1200.0
1769432407.118622,8.016232252120972,3.31081485748291,0.46086958210078777,0.4786980646702288,0.0742978272634873,0.10295350920853384,9000.0,0.47123889803846897,1200.0,0.0,9000.0,1200.0
1769432407.1685705,8.055863380432129,3.33723783493042,0.48537708231329635,0.4782354332776905,0.07249869943107128,0.12611461853855527,9000.0,0.47123889803846897,1200.0,0.0,9000.0,1200.0
1769432407.2185693,8.055863380432129,3.33723783493042,0.48537708231329635,0.4782354332776905,0.07249869943107128,0.12611461853855527,9000.0,0.47123889803846897,1200.0,0.0,9000.0,1200.0
1769432407.2684798,8.095127820968628,3.3634321689605713,0.511908002697032,0.47745613728160574,0.07012128478109031,0.15152260712429128,9000.0,0.47123889803846897,1200.0,0.0,9000.0,1200.0
1769432407.3186042,8.095127820968628,3.3634321689605713,0.511908002697032,0.47745613728160574,0.07012128478109031,0.15152260712429128,9000.0,0.47123889803846897,1200.0,0.0,9000.0,1200.0
1769432407.3685713,8.134244441986084,3.3919990062713623,0.5398227945841558,0.4768045021398087,0.0676375561200439,0.17660415255149,9000.0,0.47123889803846897,1200.0,0.0,9000.0,1200.0
1769432407.4186542,8.134244441986084,3.3919990062713623,0.5398227945841558,0.4768045021398087,0.0676375561200439,0.17660415255149,9000.0,0.47123889803846897,1200.0,0.0,9000.0,1200.0
1769432407.4686863,8.17338764667511,3.4205830097198486,0.5748795156543007,0.47653334031245653,0.064880116546283,0.2045166565373202,9000.0,0.47123889803846897,1200.0,0.0,9000.0,1200.0
1769432407.5186126,8.17338764667511,3.4205830097198486,0.5748795156543007,0.47653334031245653,0.064880116546283,0.2045166565373202,9000.0,0.47123889803846897,1200.0,0.0,9000.0,1200.0
1769432407.5685887,8.210526585578918,3.448586940765381,0.601581372106045,0.47607319195211806,0.061586344604236676,0.2260729339882157,9000.0,0.47123889803846897,1200.0,0.0,9000.0,1200.0
1769432407.6186254,8.210526585578918,3.448586940765381,0.601581372106045,0.47607319195211806,0.061586344604236676,0.2260729339882157,9000.0,0.47123889803846897,1200.0,0.0,9000.0,1200.0
1769432407.6685596,8.247220039367676,3.4763996601104736,0.6335749598986036,0.4751388376386757,0.057440865749633065,0.24418601424192907,9000.0,0.47123889803846897,1200.0,0.0,9000.0,1200.0
1769432407.7186308,8.247220039367676,3.4763996601104736,0.6335749598986036,0.4751388376386757,0.057440865749633065,0.24418601424192907,9000.0,0.47123889803846897,1200.0,0.0,9000.0,1200.0
1769432407.7685716,8.282988786697388,3.50551176071167,0.6708105790338843,0.4737315942929943,0.052664589033189366,0.2637357469421589,9000.0,0.47123889803846897,1200.0,0.0,9000.0,1200.0
1769432407.818647,8.282988786697388,3.50551176071167,0.6708105790338843,0.4737315942929943,0.052664589033189366,0.2637357469421589,9000.0,0.47123889803846897,1200.0,0.0,9000.0,1200.0
1769432407.8685856,8.31842839717865,3.5371875762939453,0.7156322086511846,0.47238680886802564,0.047847598741165794,0.28972269808590734,9000.0,0.47123889803846897,1200.0,0.0,9000.0,1200.0
1769432407.9186535,8.31842839717865,3.5371875762939453,0.7156322086511846,0.47238680886802564,0.047847598741165794,0.28972269808590734,9000.0,0.47123889803846897,1200.0,0.0,9000.0,1200.0
1769432407.9685757,8.352214336395264,3.5683679580688477,0.756236455906989,0.47093781261514633,0.042946432527988486,0.31529379630927773,9000.0,0.47123889803846897,1200.0,0.0,9000.0,1200.0
1769432408.0186737,8.352214336395264,3.5683679580688477,0.756236455906989,0.47093781261514633,0.042946432527988486,0.31529379630927773,9000.0,0.47123889803846897,1200.0,0.0,9000.0,1200.0
1769432408.0686445,8.385283470153809,3.6011300086975098,0.786283751680692,0.46950357159732803,0.03812377962793045,0.32867828751929123,9000.0,0.47123889803846897,1200.0,0.0,9000.0,1200.0
1769432408.1186285,8.385283470153809,3.6011300086975098,0.786283751680692,0.46950357159732803,0.03812377962793045,0.32867828751929123,9000.0,0.47123889803846897,1200.0,0.0,9000.0,1200.0
1769432408.168556,8.414559483528137,3.6341748237609863,0.8078888366773,0.46732505862339097,0.033932346076550914,0.3245182089042069,9000.0,0.47123889803846897,1200.0,0.0,9000.0,1200.0
1769432408.2185192,8.414559483528137,3.6341748237609863,0.8078888366773,0.46732505862339097,0.033932346076550914,0.3245182089042069,9000.0,0.47123889803846897,1200.0,0.0,9000.0,1200.0
1769432408.2703028,8.444822311401367,3.6677329540252686,0.8385970926287554,0.46475095908118713,0.030167658839404456,0.31644211103353015,9000.0,0.47123889803846897,1200.0,0.0,9000.0,1200.0
1769432408.3187413,8.444822311401367,3.6677329540252686,0.8385970926287554,0.46475095908118713,0.030167658839404456,0.31644211103353015,9000.0,0.47123889803846897,1200.0,0.0,9000.0,1200.0
1769432408.368565,8.473673939704895,3.702085494995117,0.8714612714779459,0.4619717293801046,0.02684094921129613,0.31182157567045166,9000.0,0.47123889803846897,1200.0,0.0,9000.0,1200.0
1769432408.4186332,8.473673939704895,3.702085494995117,0.8714612714779459,0.4619717293801046,0.02684094921129613,0.31182157567045166,9000.0,0.47123889803846897,1200.0,0.0,9000.0,1200.0
1769432408.468544,8.50082516670227,3.73659348487854,0.8957466474127749,0.45888772902301866,0.023983007055396126,0.30464024596060874,9000.0,0.47123889803846897,1200.0,0.0,9000.0,1200.0
1769432408.5186205,8.50082516670227,3.73659348487854,0.8957466474127749,0.45888772902301866,0.023983007055396126,0.30464024596060874,9000.0,0.47123889803846897,1200.0,0.0,9000.0,1200.0
1769432408.56848,8.527995705604553,3.769941806793213,0.9264271901582823,0.4554282396801922,0.020948324869714915,0.30007338376202897,9000.0,0.47123889803846897,1200.0,0.0,9000.0,1200.0
1769432408.61858,8.527995705604553,3.769941806793213,0.9264271901582823,0.4554282396801922,0.020948324869714915,0.30007338376202897,9000.0,0.47123889803846897,1200.0,0.0,9000.0,1200.0
1769432408.6685288,8.551840782165527,3.8060269355773926,0.9542694070356204,0.45162184843238895,0.01861341549359563,0.29638678553350983,9000.0,0.47123889803846897,1200.0,0.0,9000.0,1200.0
1769432408.7186084,8.551840782165527,3.8060269355773926,0.9542694070356204,0.45162184843238895,0.01861341549359563,0.29638678553350983,9000.0,0.47123889803846897,1200.0,0.0,9000.0,1200.0
1769432408.7685497,8.577821969985962,3.8416481018066406,0.9807309887966209,0.44814580208341204,0.016307203779640306,0.2920002769887729,9000.0,0.47123889803846897,1200.0,0.0,9000.0,1200.0
1769432408.8186412,8.577821969985962,3.8416481018066406,0.9807309887966209,0.44814580208341204,0.016307203779640306,0.2920002769887729,9000.0,0.47123889803846897,1200.0,0.0,9000.0,1200.0
1769432408.868529,8.599655270576477,3.879033327102661,1.0005502303676206,0.4448717704115151,0.014839446355581456,0.28195724380530485,9000.0,0.47123889803846897,1200.0,0.0,9000.0,1200.0
1769432408.9185798,8.599655270576477,3.879033327102661,1.0005502303676206,0.4448717704115151,0.014839446355581456,0.28195724380530485,9000.0,0.47123889803846897,1200.0,0.0,9000.0,1200.0
1769432408.9687495,8.62178087234497,3.913801670074463,1.0240342871979298,0.44133737520271354,0.013495667577864101,0.27115449025011723,9000.0,0.47123889803846897,1200.0,0.0,9000.0,1200.0
1769432409.0185635,8.62178087234497,3.913801670074463,1.0240342871979298,0.44133737520271354,0.013495667577864101,0.27115449025011723,9000.0,0.47123889803846897,1200.0,0.0,9000.0,1200.0
1769432409.0687573,8.641899585723877,3.948850631713867,1.039242151584875,0.4371960083407812,0.012327547081164904,0.2554583426385213,9000.0,0.47123889803846897,1200.0,0.0,9000.0,1200.0
1769432409.1186202,8.641899585723877,3.948850631713867,1.039242151584875,0.4371960083407812,0.012327547081164904,0.2554583426385213,9000.0,0.47123889803846897,1200.0,0.0,9000.0,1200.0
1769432409.168559,8.66256058216095,3.9889893531799316,1.0684214341275675,0.43400932167340917,0.011937780624490349,0.2481055806040863,9000.0,0.47123889803846897,1200.0,0.0,9000.0,1200.0
1769432409.2186747,8.66256058216095,3.9889893531799316,1.0684214341275675,0.43400932167340917,0.011937780624490349,0.2481055806040863,9000.0,0.47123889803846897,1200.0,0.0,9000.0,1200.0
1769432409.2685907,8.681568026542664,4.024857044219971,1.0853312627700031,0.43098892011205286,0.01171946752627276,0.23978641901078168,9000.0,0.47123889803846897,1200.0,0.0,9000.0,1200.0
1769432409.3186793,8.681568026542664,4.024857044219971,1.0853312627700031,0.43098892011205286,0.01171946752627276,0.23978641901078168,9000.0,0.47123889803846897,1200.0,0.0,9000.0,1200.0
1769432409.3684647,8.698026537895203,4.058612823486328,1.0981440529360942,0.4268565656872147,0.011494296589614513,0.22603247266163515,9000.0,0.47123889803846897,1200.0,0.0,9000.0,1200.0
1769432409.4185727,8.698026537895203,4.058612823486328,1.0981440529360942,0.4268565656872147,0.011494296589614513,0.22603247266163515,9000.0,0.47123889803846897,1200.0,0.0,9000.0,1200.0
1769432409.4685655,8.717457175254822,4.096102237701416,1.1312693456331662,0.42294784650818495,0.01081940715806834,0.22500718659106525,9000.0,0.47123889803846897,1200.0,0.0,9000.0,1200.0
1769432409.5186336,8.717457175254822,4.096102237701416,1.1312693456331662,0.42294784650818495,0.01081940715806834,0.22500718659106525,9000.0,0.47123889803846897,1200.0,0.0,9000.0,1200.0
1769432409.5685797,8.730628609657288,4.135642051696777,1.139281420248765,0.4195471374745153,0.011423945767797521,0.21628337373376902,9000.0,0.47123889803846897,1200.0,0.0,9000.0,1200.0
1769432409.6186497,8.730628609657288,4.135642051696777,1.139281420248765,0.4195471374745153,0.011423945767797521,0.21628337373376902,9000.0,0.47123889803846897,1200.0,0.0,9000.0,1200.0
1769432409.6685843,8.746872663497925,4.17625617980957,1.151416676194641,0.4175752697809925,0.012860038910439662,0.2019009736967538,9000.0,0.47123889803846897,1200.0,0.0,9000.0,1200.0
1769432409.7186038,8.746872663497925,4.17625617980957,1.151416676194641,0.4175752697809925,0.012860038910439662,0.2019009736967538,9000.0,0.47123889803846897,1200.0,0.0,9000.0,1200.0
1769432409.7684886,8.76256239414215,4.2142014503479,1.1724022514003822,0.4163984100121215,0.014192448937891781,0.19292616363062462,9000.0,0.47123889803846897,1200.0,0.0,9000.0,1200.0
1769432409.8185484,8.76256239414215,4.2142014503479,1.1724022514003822,0.4163984100121215,0.014192448937891781,0.19292616363062462,9000.0,0.47123889803846897,1200.0,0.0,9000.0,1200.0
1769432409.8684947,8.776226997375488,4.252922058105469,1.1928634945250653,0.4155341818115226,0.01547825948943702,0.19002751963686368,9000.0,0.47123889803846897,1200.0,0.0,9000.0,1200.0
1769432409.9184866,8.776226997375488,4.252922058105469,1.1928634945250653,0.4155341818115226,0.01547825948943702,0.19002751963686368,9000.0,0.47123889803846897,1200.0,0.0,9000.0,1200.0
1769432409.9685,8.790148377418518,4.288430213928223,1.2324444638342094,0.41391384362168704,0.015835228681023897,0.20599261021197585,9000.0,0.47123889803846897,1200.0,0.0,9000.0,1200.0
1769432410.018523,8.790148377418518,4.288430213928223,1.2324444638342094,0.41391384362168704,0.015835228681023897,0.20599261021197585,9000.0,0.47123889803846897,1200.0,0.0,9000.0,1200.0
1769432410.068567,8.802410244941711,4.327518939971924,1.2523782949149371,0.4121245090872427,0.015772369049205513,0.21925236281572366,9000.0,0.47123889803846897,1200.0,0.0,9000.0,1200.0
1769432410.118592,8.802410244941711,4.327518939971924,1.2523782949149371,0.4121245090872427,0.015772369049205513,0.21925236281572366,9000.0,0.47123889803846897,1200.0,0.0,9000.0,1200.0
1769432410.1684935,8.812897086143494,4.367801666259766,1.2656293659749247,0.41066518430993354,0.015988613652035154,0.21939226370266818,9000.0,0.47123889803846897,1200.0,0.0,9000.0,1200.0
1769432410.2186005,8.812897086143494,4.367801666259766,1.2656293659749247,0.41066518430993354,0.015988613652035154,0.21939226370266818,9000.0,0.47123889803846897,1200.0,0.0,9000.0,1200.0
1769432410.2684243,8.824642419815063,4.40814208984375,1.2893335966721846,0.40993146527435426,0.016052100317892174,0.2176052828124761,9000.0,0.47123889803846897,1200.0,0.0,9000.0,1200.0
1769432410.3185022,8.824642419815063,4.40814208984375,1.2893335966721846,0.40993146527435426,0.016052100317892174,0.2176052828124761,9000.0,0.47123889803846897,1200.0,0.0,9000.0,1200.0
1769432410.3684113,8.832785367965698,4.44875955581665,1.30639195672254,0.40964244579203296,0.016642869202371582,0.21243310134976318,9000.0,0.47123889803846897,1200.0,0.0,9000.0,1200.0
1769432410.4185095,8.832785367965698,4.44875955581665,1.30639195672254,0.40964244579203296,0.016642869202371582,0.21243310134976318,9000.0,0.47123889803846897,1200.0,0.0,9000.0,1200.0
1769432410.4685163,8.843940615653992,4.489985942840576,1.3313033908709517,0.41017102594663013,0.016800989190348763,0.2115004210139797,9000.0,0.47123889803846897,1200.0,0.0,9000.0,1200.0
1769432410.518542,8.843940615653992,4.489985942840576,1.3313033908709517,0.41017102594663013,0.016800989190348763,0.2115004210139797,9000.0,0.47123889803846897,1200.0,0.0,9000.0,1200.0
1769432410.5685346,8.849895000457764,4.529493808746338,1.3394364800179845,0.41040594570997796,0.01736039604349111,0.20180190179895052,9000.0,0.47123889803846897,1200.0,0.0,9000.0,1200.0
1769432410.6185913,8.849895000457764,4.529493808746338,1.3394364800179845,0.41040594570997796,0.01736039604349111,0.20180190179895052,9000.0,0.47123889803846897,1200.0,0.0,9000.0,1200.0
1769432410.6684551,8.859340071678162,4.568583011627197,1.3730945380258746,0.41026287916389814,0.017206349082690277,0.2046763740629368,9000.0,0.47123889803846897,1200.0,0.0,9000.0,1200.0
1769432410.7185678,8.859340071678162,4.568583011627197,1.3730945380258746,0.41026287916389814,0.017206349082690277,0.2046763740629368,9000.0,0.47123889803846897,1200.0,0.0,9000.0,1200.0
1769432410.7685094,8.865439057350159,4.608490943908691,1.4025494536668583,0.4096961116828309,0.01681213349757162,0.21646252751472778,9000.0,0.47123889803846897,1200.0,0.0,9000.0,1200.0
1769432410.818532,8.865439057350159,4.608490943908691,1.4025494536668583,0.4096961116828309,0.01681213349757162,0.21646252751472778,9000.0,0.47123889803846897,1200.0,0.0,9000.0,1200.0
1769432410.868429,8.871219992637634,4.648172855377197,1.4324267449755608,0.408747729389499,0.016157442230014064,0.2318365426658302,9000.0,0.47123889803846897,1200.0,0.0,9000.0,1200.0
1769432410.9185514,8.871219992637634,4.648172855377197,1.4324267449755608,0.408747729389499,0.016157442230014064,0.2318365426658302,9000.0,0.47123889803846897,1200.0,0.0,9000.0,1200.0
1769432410.968529,8.872535467147827,4.692329406738281,1.4065998696299493,0.40860870780364905,0.016946130109369906,0.20312066473531118,9000.0,0.47123889803846897,1200.0,0.0,9000.0,1200.0
1769432411.0184832,8.872535467147827,4.692329406738281,1.4065998696299493,0.40860870780364905,0.016946130109369906,0.20312066473531118,9000.0,0.47123889803846897,1200.0,0.0,9000.0,1200.0
1769432411.0684688,8.88019859790802,4.733714580535889,1.4569298320950201,0.4093230070264029,0.01706185413220271,0.19935565354453158,9000.0,0.47123889803846897,1200.0,0.0,9000.0,1200.0
1769432411.1186326,8.88019859790802,4.733714580535889,1.4569298320950201,0.4093230070264029,0.01706185413220271,0.19935565354453158,9000.0,0.47123889803846897,1200.0,0.0,9000.0,1200.0
1769432411.168518,8.883024454116821,4.77469539642334,1.4745271347468112,0.4101733182980739,0.01695983974568946,0.20149264289481048,9000.0,0.47123889803846897,1200.0,0.0,9000.0,1200.0
1769432411.2185812,8.883024454116821,4.77469539642334,1.4745271347468112,0.4101733182980739,0.01695983974568946,0.20149264289481048,9000.0,0.47123889803846897,1200.0,0.0,9000.0,1200.0
1769432411.2685282,8.8829665184021,4.814680099487305,1.481139736409819,0.41039396977690307,0.017522732739994763,0.1935805135312873,9000.0,0.47123889803846897,1200.0,0.0,9000.0,1200.0
1769432411.318536,8.8829665184021,4.814680099487305,1.481139736409819,0.41039396977690307,0.017522732739994763,0.1935805135312873,9000.0,0.47123889803846897,1200.0,0.0,9000.0,1200.0
1769432411.3685274,8.887394189834595,4.855073928833008,1.526565294210414,0.4102409510225082,0.017254930829008065,0.20699942451512765,9000.0,0.47123889803846897,1200.0,0.0,9000.0,1200.0
1769432411.4185212,8.887394189834595,4.855073928833008,1.526565294210414,0.4102409510225082,0.017254930829008065,0.20699942451512765,9000.0,0.47123889803846897,1200.0,0.0,9000.0,1200.0
1769432411.468532,8.888432264328003,4.894829750061035,1.5535380000292491,0.4095205578854319,0.0163953724193743,0.22484904605280748,9000.0,0.47123889803846897,1200.0,0.0,9000.0,1200.0
1769432411.51856,8.888432264328003,4.894829750061035,1.5535380000292491,0.4095205578854319,0.0163953724193743,0.22484904605280748,9000.0,0.47123889803846897,1200.0,0.0,9000.0,1200.0
1769432411.5686274,8.886528372764587,4.934066295623779,1.566684435552915,0.40805248483068834,0.015825117418418924,0.22884816281954268,9000.0,0.47123889803846897,1200.0,0.0,9000.0,1200.0
1769432411.618644,8.886528372764587,4.934066295623779,1.566684435552915,0.40805248483068834,0.015825117418418924,0.22884816281954268,9000.0,0.47123889803846897,1200.0,0.0,9000.0,1200.0
1769432411.6684608,8.883886933326721,4.975433349609375,1.5900700866960653,0.4066759433700983,0.015908690598633788,0.2281137402844208,9000.0,0.47123889803846897,1200.0,0.0,9000.0,1200.0
1769432411.7185185,8.883886933326721,4.975433349609375,1.5900700866960653,0.4066759433700983,0.015908690598633788,0.2281137402844208,9000.0,0.47123889803846897,1200.0,0.0,9000.0,1200.0
1769432411.7685533,8.885628461837769,5.017776012420654,1.6341625752757043,0.40625133765713156,0.014870965284038291,0.24319702996008305,9000.0,0.47123889803846897,1200.0,0.0,9000.0,1200.0
1769432411.8185976,8.885628461837769,5.017776012420654,1.6341625752757043,0.40625133765713156,0.014870965284038291,0.24319702996008305,9000.0,0.47123889803846897,1200.0,0.0,9000.0,1200.0
1769432411.8685348,8.880144476890564,5.059652328491211,1.6434685254820378,0.40660326297648514,0.01420305713765593,0.24391280181538216,9000.0,0.47123889803846897,1200.0,0.0,9000.0,1200.0
1769432411.9186168,8.880144476890564,5.059652328491211,1.6434685254820378,0.40660326297648514,0.01420305713765593,0.24391280181538216,9000.0,0.47123889803846897,1200.0,0.0,9000.0,1200.0
1769432411.9685154,8.874237179756165,5.099890232086182,1.6430961100060584,0.40706850195081756,0.014380179683531322,0.22144111253922183,9000.0,0.47123889803846897,1200.0,0.0,9000.0,1200.0
1769432412.0185099,8.874237179756165,5.099890232086182,1.6430961100060584,0.40706850195081756,0.014380179683531322,0.22144111253922183,9000.0,0.47123889803846897,1200.0,0.0,9000.0,1200.0
1769432412.0685263,8.869097471237183,5.14027214050293,1.6609147457013842,0.4074237849573684,0.015016058816248063,0.19944051525005732,9000.0,0.47123889803846897,1200.0,0.0,9000.0,1200.0
1769432412.1185644,8.869097471237183,5.14027214050293,1.6609147457013842,0.4074237849573684,0.015016058816248063,0.19944051525005732,9000.0,0.47123889803846897,1200.0,0.0,9000.0,1200.0
1769432412.168535,8.864166855812073,5.182342052459717,1.6940261742020866,0.40816805535498407,0.015509975302907993,0.19730258117477553,9000.0,0.47123889803846897,1200.0,0.0,9000.0,1200.0
1769432412.2185743,8.864166855812073,5.182342052459717,1.6940261742020866,0.40816805535498407,0.015509975302907993,0.19730258117477553,9000.0,0.47123889803846897,1200.0,0.0,9000.0,1200.0
1769432412.2685335,8.855641961097717,5.239485740661621,1.7092693179806933,0.41426334973266066,0.01637622206183427,0.1974400060937812,9000.0,0.47123889803846897,1200.0,0.0,9000.0,1200.0
1769432412.3186004,8.855641961097717,5.239485740661621,1.7092693179806933,0.41426334973266066,0.01637622206183427,0.1974400060937812,9000.0,0.47123889803846897,1200.0,0.0,9000.0,1200.0
1769432412.3686197,8.848240733146667,5.278707981109619,1.7284158199903867,0.42070562773738757,0.017106672305457416,0.19762349038757618,9000.0,0.47123889803846897,1200.0,0.0,9000.0,1200.0
1769432412.4185724,8.848240733146667,5.278707981109619,1.7284158199903867,0.42070562773738757,0.017106672305457416,0.19762349038757618,9000.0,0.47123889803846897,1200.0,0.0,9000.0,1200.0
1769432412.468533,8.839575052261353,5.317734718322754,1.7457328473664635,0.42514794401302664,0.01773010920215644,0.1958277389469029,9000.0,0.47123889803846897,1200.0,0.0,9000.0,1200.0
1769432412.51853,8.839575052261353,5.317734718322754,1.7457328473664635,0.42514794401302664,0.01773010920215644,0.1958277389469029,9000.0,0.47123889803846897,1200.0,0.0,9000.0,1200.0
1769432412.568527,8.830437421798706,5.357484817504883,1.7673796327791838,0.4271857633829154,0.018187631208714763,0.19592539463938047,9000.0,0.47123889803846897,1200.0,0.0,9000.0,1200.0
1769432412.6185904,8.830437421798706,5.357484817504883,1.7673796327791838,0.4271857633829154,0.018187631208714763,0.19592539463938047,9000.0,0.47123889803846897,1200.0,0.0,9000.0,1200.0
1769432412.668579,8.819968461990356,5.396982192993164,1.78502911285298,0.42712167522023525,0.01868487363268121,0.19493944077425657,9000.0,0.47123889803846897,1200.0,0.0,9000.0,1200.0
1769432412.7185602,8.819968461990356,5.396982192993164,1.78502911285298,0.42712167522023525,0.01868487363268121,0.19493944077425657,9000.0,0.47123889803846897,1200.0,0.0,9000.0,1200.0
1769432412.7684884,8.809779644012451,5.4356770515441895,1.8065012255283506,0.42528595674481173,0.01898393507214151,0.19564310464800452,9000.0,0.47123889803846897,1200.0,0.0,9000.0,1200.0
1769432412.8185923,8.809779644012451,5.4356770515441895,1.8065012255283506,0.42528595674481173,0.01898393507214151,0.19564310464800452,9000.0,0.47123889803846897,1200.0,0.0,9000.0,1200.0
1769432412.8685317,8.797424674034119,5.474053859710693,1.8211228586399493,0.4223013619053954,0.01950783601323901,0.19259001835090162,9000.0,0.47123889803846897,1200.0,0.0,9000.0,1200.0
1769432412.9185925,8.797424674034119,5.474053859710693,1.8211228586399493,0.4223013619053954,0.01950783601323901,0.19259001835090162,9000.0,0.47123889803846897,1200.0,0.0,9000.0,1200.0
1769432412.9684446,8.785174369812012,5.511267185211182,1.8368512463983704,0.4184388591659749,0.020190014268943277,0.18715025256758583,9000.0,0.47123889803846897,1200.0,0.0,9000.0,1200.0
1769432413.0185292,8.785174369812012,5.511267185211182,1.8368512463983704,0.4184388591659749,0.020190014268943277,0.18715025256758583,9000.0,0.47123889803846897,1200.0,0.0,9000.0,1200.0
1769432413.0685406,8.77126145362854,5.546397686004639,1.8410408376227654,0.4135750583185459,0.02146266838935357,0.17203850689508143,9000.0,0.47123889803846897,1200.0,0.0,9000.0,1200.0
1769432413.1185765,8.77126145362854,5.546397686004639,1.8410408376227654,0.4135750583185459,0.02146266838935357,0.17203850689508143,9000.0,0.47123889803846897,1200.0,0.0,9000.0,1200.0
1769432413.1684623,8.759183645248413,5.58822774887085,1.8809715037643393,0.41011842644566243,0.022100896811714957,0.1788418474045651,9000.0,0.47123889803846897,1200.0,0.0,9000.0,1200.0
1769432413.2185798,8.759183645248413,5.58822774887085,1.8809715037643393,0.41011842644566243,0.022100896811714957,0.1788418474045651,9000.0,0.47123889803846897,1200.0,0.0,9000.0,1200.0
1769432413.2685282,8.74433708190918,5.623316764831543,1.8915585723895108,0.40693311963897105,0.0227483791450444,0.1824333217228367,9000.0,0.47123889803846897,1200.0,0.0,9000.0,1200.0
1769432413.3185463,8.74433708190918,5.623316764831543,1.8915585723895108,0.40693311963897105,0.0227483791450444,0.1824333217228367,9000.0,0.47123889803846897,1200.0,0.0,9000.0,1200.0
1769432413.3685138,8.72914457321167,5.659842491149902,1.9084716676352071,0.4040914097710943,0.023454615795708404,0.1826385946106768,9000.0,0.47123889803846897,1200.0,0.0,9000.0,1200.0
1769432413.4185731,8.72914457321167,5.659842491149902,1.9084716676352071,0.4040914097710943,0.023454615795708404,0.1826385946106768,9000.0,0.47123889803846897,1200.0,0.0,9000.0,1200.0
1769432413.4685142,8.713027238845825,5.696518421173096,1.9290920664437259,0.4018195295213667,0.02424389574408492,0.18376967092804938,9000.0,0.47123889803846897,1200.0,0.0,9000.0,1200.0
1769432413.5185928,8.713027238845825,5.696518421173096,1.9290920664437259,0.4018195295213667,0.02424389574408492,0.18376967092804938,9000.0,0.47123889803846897,1200.0,0.0,9000.0,1200.0
1769432413.5685487,8.696288347244263,5.728923797607422,1.947445178291563,0.3989322879836926,0.025403000557260264,0.18462842328456258,9000.0,0.47123889803846897,1200.0,0.0,9000.0,1200.0
1769432413.618527,8.696288347244263,5.728923797607422,1.947445178291563,0.3989322879836926,0.025403000557260264,0.18462842328456258,9000.0,0.47123889803846897,1200.0,0.0,9000.0,1200.0
1769432413.6685355,8.678639769554138,5.7659149169921875,1.9695327575668857,0.39672450174117424,0.02659283010041124,0.18790459357849082,9000.0,0.47123889803846897,1200.0,0.0,9000.0,1200.0
1769432413.7184787,8.678639769554138,5.7659149169921875,1.9695327575668857,0.39672450174117424,0.02659283010041124,0.18790459357849082,9000.0,0.47123889803846897,1200.0,0.0,9000.0,1200.0
1769432413.7684252,8.661218404769897,5.7993621826171875,1.9880536953971255,0.39455429829087607,0.027629545400812063,0.1901500343818102,9000.0,0.47123889803846897,1200.0,0.0,9000.0,1200.0
1769432413.8185947,8.661218404769897,5.7993621826171875,1.9880536953971255,0.39455429829087607,0.027629545400812063,0.1901500343818102,9000.0,0.47123889803846897,1200.0,0.0,9000.0,1200.0
1769432413.8684864,8.642063021659851,5.832408905029297,2.0078498864399865,0.3923344657752692,0.02878225803678093,0.1917933582591169,9000.0,0.47123889803846897,1200.0,0.0,9000.0,1200.0
1769432413.9186015,8.642063021659851,5.832408905029297,2.0078498864399865,0.3923344657752692,0.02878225803678093,0.1917933582591169,9000.0,0.47123889803846897,1200.0,0.0,9000.0,1200.0
1769432413.9685428,8.623099565505981,5.859498500823975,2.0355938903317767,0.3883450320305491,0.030428604719540564,0.19929662675920223,9000.0,0.47123889803846897,1200.0,0.0,9000.0,1200.0
1769432414.0185869,8.623099565505981,5.859498500823975,2.0355938903317767,0.3883450320305491,0.030428604719540564,0.19929662675920223,9000.0,0.47123889803846897,1200.0,0.0,9000.0,1200.0
1769432414.0685363,8.603187799453735,5.896937370300293,2.057207633789405,0.3856667808230884,0.03147152343748491,0.20634838167621808,9000.0,0.47123889803846897,1200.0,0.0,9000.0,1200.0
1769432414.1185212,8.603187799453735,5.896937370300293,2.057207633789405,0.3856667808230884,0.03147152343748491,0.20634838167621808,9000.0,0.47123889803846897,1200.0,0.0,9000.0,1200.0
1769432414.1684556,8.582148790359497,5.932302951812744,2.074272533466835,0.3848950512726758,0.03180444644199278,0.20745805715998847,9000.0,0.47123889803846897,1200.0,0.0,9000.0,1200.0
1769432414.2185826,8.582148790359497,5.932302951812744,2.074272533466835,0.3848950512726758,0.03180444644199278,0.20745805715998847,9000.0,0.47123889803846897,1200.0,0.0,9000.0,1200.0
1769432414.2685804,8.560225248336792,5.96621561050415,2.096411985459117,0.3856224561377973,0.03167347342560758,0.2077397050319057,9000.0,0.47123889803846897,1200.0,0.0,9000.0,1200.0
1769432414.3185935,8.560225248336792,5.96621561050415,2.096411985459117,0.3856224561377973,0.03167347342560758,0.2077397050319057,9000.0,0.47123889803846897,1200.0,0.0,9000.0,1200.0
1769432414.3684669,8.53758442401886,6.002567291259766,2.1074489384602852,0.38816133885061066,0.03093332964253189,0.20006206134794657,9000.0,0.47123889803846897,1200.0,0.0,9000.0,1200.0
1769432414.4185855,8.53758442401886,6.002567291259766,2.1074489384602852,0.38816133885061066,0.03093332964253189,0.20006206134794657,9000.0,0.47123889803846897,1200.0,0.0,9000.0,1200.0
1769432414.4685483,8.514095902442932,6.0348591804504395,2.127766600518161,0.39113067246724836,0.03022025115083806,0.19395360439206097,9000.0,0.47123889803846897,1200.0,0.0,9000.0,1200.0
1769432414.5185983,8.514095902442932,6.0348591804504395,2.127766600518161,0.39113067246724836,0.03022025115083806,0.19395360439206097,9000.0,0.47123889803846897,1200.0,0.0,9000.0,1200.0
1769432414.568531,8.49073076248169,6.064399719238281,2.1495928844644734,0.3930199323405618,0.029947205432195718,0.1927507871574827,9000.0,0.47123889803846897,1200.0,0.0,9000.0,1200.0
1769432414.6185167,8.49073076248169,6.064399719238281,2.1495928844644734,0.3930199323405618,0.029947205432195718,0.1927507871574827,9000.0,0.47123889803846897,1200.0,0.0,9000.0,1200.0
1769432414.6685157,8.466196656227112,6.099214553833008,2.176564779372166,0.39511971406067614,0.02950059417852128,0.1993128652752083,9000.0,0.47123889803846897,1200.0,0.0,9000.0,1200.0
1769432414.7186053,8.466196656227112,6.099214553833008,2.176564779372166,0.39511971406067614,0.02950059417852128,0.1993128652752083,9000.0,0.47123889803846897,1200.0,0.0,9000.0,1200.0
1769432414.7685182,8.441752076148987,6.125040054321289,2.190315877018449,0.3952977229799588,0.029751313475995942,0.20010956470467448,9000.0,0.47123889803846897,1200.0,0.0,9000.0,1200.0
1769432414.8185935,8.441752076148987,6.125040054321289,2.190315877018449,0.3952977229799588,0.029751313475995942,0.20010956470467448,9000.0,0.47123889803846897,1200.0,0.0,9000.0,1200.0
1769432414.868539,8.415837526321411,6.160604476928711,2.2165294016081205,0.39613644666834064,0.02954334531521942,0.2040159877440557,9000.0,0.47123889803846897,1200.0,0.0,9000.0,1200.0
1769432414.9185832,8.415837526321411,6.160604476928711,2.2165294016081205,0.39613644666834064,0.02954334531521942,0.2040159877440557,9000.0,0.47123889803846897,1200.0,0.0,9000.0,1200.0
1769432414.9685357,8.389374017715454,6.192709445953369,2.2340800805985355,0.3976718341482107,0.028894918589924174,0.20479302500426247,9000.0,0.47123889803846897,1200.0,0.0,9000.0,1200.0
1769432415.018589,8.389374017715454,6.192709445953369,2.2340800805985355,0.3976718341482107,0.028894918589924174,0.20479302500426247,9000.0,0.47123889803846897,1200.0,0.0,9000.0,1200.0
1769432415.0685196,8.362253308296204,6.220710754394531,2.2596196945688254,0.3987479652764998,0.02851035224888542,0.20842950000874363,9000.0,0.47123889803846897,1200.0,0.0,9000.0,1200.0
1769432415.1185317,8.362253308296204,6.220710754394531,2.2596196945688254,0.3987479652764998,0.02851035224888542,0.20842950000874363,9000.0,0.47123889803846897,1200.0,0.0,9000.0,1200.0
1769432415.1685288,8.3349130153656,6.245551109313965,2.2722598693199405,0.3982140096658667,0.02904263097205046,0.2047882119032117,9000.0,0.47123889803846897,1200.0,0.0,9000.0,1200.0
1769432415.2185867,8.3349130153656,6.245551109313965,2.2722598693199405,0.3982140096658667,0.02904263097205046,0.2047882119032117,9000.0,0.47123889803846897,1200.0,0.0,9000.0,1200.0
1769432415.268481,8.306810736656189,6.27879524230957,2.2619068158649647,0.3983663908074063,0.029166629385818175,0.17673613146199738,9000.0,0.47123889803846897,1200.0,0.0,9000.0,1200.0
1769432415.318616,8.306810736656189,6.27879524230957,2.2619068158649647,0.3983663908074063,0.029166629385818175,0.17673613146199738,9000.0,0.47123889803846897,1200.0,0.0,9000.0,1200.0
1769432415.3684986,8.277870774269104,6.310372829437256,2.2982490798838593,0.3997301396172656,0.02869760086804809,0.16932544495970725,9000.0,0.47123889803846897,1200.0,0.0,9000.0,1200.0
1769432415.41848,8.277870774269104,6.310372829437256,2.2982490798838593,0.3997301396172656,0.02869760086804809,0.16932544495970725,9000.0,0.47123889803846897,1200.0,0.0,9000.0,1200.0
1769432415.4685168,8.250014185905457,6.337153911590576,2.3206246357254874,0.4007764333352025,0.028061973254100238,0.1744280316618378,9000.0,0.47123889803846897,1200.0,0.0,9000.0,1200.0
1769432415.5185325,8.250014185905457,6.337153911590576,2.3206246357254874,0.4007764333352025,0.028061973254100238,0.1744280316618378,9000.0,0.47123889803846897,1200.0,0.0,9000.0,1200.0
1769432415.5684521,8.22006094455719,6.364983081817627,2.3439207025426154,0.40163667090001964,0.027567852843976066,0.18501078927854497,9000.0,0.47123889803846897,1200.0,0.0,9000.0,1200.0
1769432415.6185284,8.22006094455719,6.364983081817627,2.3439207025426154,0.40163667090001964,0.027567852843976066,0.18501078927854497,9000.0,0.47123889803846897,1200.0,0.0,9000.0,1200.0
1769432415.6685257,8.18933391571045,6.3873820304870605,2.3462537917948407,0.4012230904605935,0.02840888703370163,0.17974822137916402,9000.0,0.47123889803846897,1200.0,0.0,9000.0,1200.0
1769432415.7185006,8.18933391571045,6.3873820304870605,2.3462537917948407,0.4012230904605935,0.02840888703370163,0.17974822137916402,9000.0,0.47123889803846897,1200.0,0.0,9000.0,1200.0
1769432415.768555,8.157816171646118,6.410236835479736,2.355325463586587,0.3997286207133291,0.030758040564544724,0.1658538750523996,9000.0,0.47123889803846897,1200.0,0.0,9000.0,1200.0
1769432415.8185606,8.157816171646118,6.410236835479736,2.355325463586587,0.3997286207133291,0.030758040564544724,0.1658538750523996,9000.0,0.47123889803846897,1200.0,0.0,9000.0,1200.0
1769432415.8685415,8.128050565719604,6.444921016693115,2.419275122337555,0.40010118335237865,0.031015234497100676,0.1928908071733665,9000.0,0.47123889803846897,1200.0,0.0,9000.0,1200.0
1769432415.9185736,8.128050565719604,6.444921016693115,2.419275122337555,0.40010118335237865,0.031015234497100676,0.1928908071733665,9000.0,0.47123889803846897,1200.0,0.0,9000.0,1200.0
1769432415.9684322,8.09685468673706,6.471218109130859,2.449023694126782,0.4013913828295626,0.029752592654368457,0.22665441154285193,9000.0,0.47123889803846897,1200.0,0.0,9000.0,1200.0
1769432416.0185854,8.09685468673706,6.471218109130859,2.449023694126782,0.4013913828295626,0.029752592654368457,0.22665441154285193,9000.0,0.47123889803846897,1200.0,0.0,9000.0,1200.0
1769432416.0685163,8.062852501869202,6.492452621459961,2.453994959074794,0.4024160245423373,0.02901672614289942,0.2337490472290882,9000.0,0.47123889803846897,1200.0,0.0,9000.0,1200.0
1769432416.1186023,8.062852501869202,6.492452621459961,2.453994959074794,0.4024160245423373,0.02901672614289942,0.2337490472290882,9000.0,0.47123889803846897,1200.0,0.0,9000.0,1200.0
1769432416.1685238,8.028964042663574,6.512233734130859,2.464040867026267,0.40246986474483676,0.029667927779771588,0.2207919255218993,9000.0,0.47123889803846897,1200.0,0.0,9000.0,1200.0
1769432416.2185216,8.028964042663574,6.512233734130859,2.464040867026267,0.40246986474483676,0.029667927779771588,0.2207919255218993,9000.0,0.47123889803846897,1200.0,0.0,9000.0,1200.0
1769432416.2685423,7.996901512145996,6.537647247314453,2.494938171652345,0.4024064456270012,0.029811759581434193,0.21534858778527619,9000.0,0.47123889803846897,1200.0,0.0,9000.0,1200.0
1769432416.3185875,7.996901512145996,6.537647247314453,2.494938171652345,0.4024064456270012,0.029811759581434193,0.21534858778527619,9000.0,0.47123889803846897,1200.0,0.0,9000.0,1200.0
1769432416.3685377,7.963070869445801,6.559632778167725,2.515294785545781,0.4022544365752598,0.029676938823653503,0.21315716973823434,9000.0,0.47123889803846897,1200.0,0.0,9000.0,1200.0
1769432416.4185781,7.963070869445801,6.559632778167725,2.515294785545781,0.4022544365752598,0.029676938823653503,0.21315716973823434,9000.0,0.47123889803846897,1200.0,0.0,9000.0,1200.0
1769432416.4686086,7.928289175033569,6.580862045288086,2.538354793214348,0.4021694747599928,0.029531769215412753,0.21407541422240703,9000.0,0.47123889803846897,1200.0,0.0,9000.0,1200.0
1769432416.5185852,7.928289175033569,6.580862045288086,2.538354793214348,0.4021694747599928,0.029531769215412753,0.21407541422240703,9000.0,0.47123889803846897,1200.0,0.0,9000.0,1200.0
1769432416.568532,7.8942954540252686,6.603088855743408,2.566898461806102,0.402270592512588,0.028768521930089292,0.2209600363408556,9000.0,0.47123889803846897,1200.0,0.0,9000.0,1200.0
1769432416.6186304,7.8942954540252686,6.603088855743408,2.566898461806102,0.402270592512588,0.028768521930089292,0.2209600363408556,9000.0,0.47123889803846897,1200.0,0.0,9000.0,1200.0
1769432416.6685324,7.858777284622192,6.6230902671813965,2.5886522988334675,0.402508731297069,0.02783900161763558,0.22610309613996185,9000.0,0.47123889803846897,1200.0,0.0,9000.0,1200.0
1769432416.7186205,7.858777284622192,6.6230902671813965,2.5886522988334675,0.402508731297069,0.02783900161763558,0.22610309613996185,9000.0,0.47123889803846897,1200.0,0.0,9000.0,1200.0
1769432416.7685373,7.82303524017334,6.641878604888916,2.609833381994781,0.4026847090638807,0.027045648726047714,0.22748573357267085,9000.0,0.47123889803846897,1200.0,0.0,9000.0,1200.0
1769432416.818587,7.82303524017334,6.641878604888916,2.609833381994781,0.4026847090638807,0.027045648726047714,0.22748573357267085,9000.0,0.47123889803846897,1200.0,0.0,9000.0,1200.0
1769432416.8685718,7.786748886108398,6.659643650054932,2.6282752708621415,0.4027314702458998,0.026610477027079416,0.22398049705067472,9000.0,0.47123889803846897,1200.0,0.0,9000.0,1200.0
1769432416.918493,7.786748886108398,6.659643650054932,2.6282752708621415,0.4027314702458998,0.026610477027079416,0.22398049705067472,9000.0,0.47123889803846897,1200.0,0.0,9000.0,1200.0
1769432416.9684978,7.75034761428833,6.677137851715088,2.6510878436653518,0.4026799303255481,0.026385367207698802,0.2210955075299318,9000.0,0.47123889803846897,1200.0,0.0,9000.0,1200.0
1769432417.0185816,7.75034761428833,6.677137851715088,2.6510878436653518,0.4026799303255481,0.026385367207698802,0.2210955075299318,9000.0,0.47123889803846897,1200.0,0.0,9000.0,1200.0
1769432417.068542,7.713547468185425,6.6945366859436035,2.6757218617207377,0.4027002222850084,0.026081328661663142,0.22157903154898687,9000.0,0.47123889803846897,1200.0,0.0,9000.0,1200.0
1769432417.1186175,7.713547468185425,6.6945366859436035,2.6757218617207377,0.4027002222850084,0.026081328661663142,0.22157903154898687,9000.0,0.47123889803846897,1200.0,0.0,9000.0,1200.0
1769432417.1685383,7.676408290863037,6.711048603057861,2.7022101355750365,0.40281795486641825,0.025587950610974283,0.22607980310924677,9000.0,0.47123889803846897,1200.0,0.0,9000.0,1200.0
1769432417.218526,7.676408290863037,6.711048603057861,2.7022101355750365,0.40281795486641825,0.025587950610974283,0.22607980310924677,9000.0,0.47123889803846897,1200.0,0.0,9000.0,1200.0
1769432417.2685306,7.638607978820801,6.725674152374268,2.719915754047828,0.4029285380373624,0.02525368793660535,0.22581708036536355,9000.0,0.47123889803846897,1200.0,0.0,9000.0,1200.0
1769432417.3185692,7.638607978820801,6.725674152374268,2.719915754047828,0.4029285380373624,0.02525368793660535,0.22581708036536355,9000.0,0.47123889803846897,1200.0,0.0,9000.0,1200.0
1769432417.3685398,7.6005859375,6.74102258682251,2.749560381187492,0.40319688327429,0.024719451535531563,0.23000789125908855,9000.0,0.47123889803846897,1200.0,0.0,9000.0,1200.0
1769432417.4184868,7.6005859375,6.74102258682251,2.749560381187492,0.40319688327429,0.024719451535531563,0.23000789125908855,9000.0,0.47123889803846897,1200.0,0.0,9000.0,1200.0
1769432417.4685261,7.562673807144165,6.753696918487549,2.763159834740208,0.4032470457959227,0.02434953530325821,0.22613070060619012,9000.0,0.47123889803846897,1200.0,0.0,9000.0,1200.0
1769432417.518652,7.562673807144165,6.753696918487549,2.763159834740208,0.4032470457959227,0.02434953530325821,0.22613070060619012,9000.0,0.47123889803846897,1200.0,0.0,9000.0,1200.0
1769432417.5684373,7.523512840270996,6.766723155975342,2.788651423819205,0.40343900981186664,0.0240910588935352,0.22419010296701972,9000.0,0.47123889803846897,1200.0,0.0,9000.0,1200.0
1769432417.618608,7.523512840270996,6.766723155975342,2.788651423819205,0.40343900981186664,0.0240910588935352,0.22419010296701972,9000.0,0.47123889803846897,1200.0,0.0,9000.0,1200.0
1769432417.6685178,7.4848902225494385,6.777709007263184,2.8034549115476204,0.40347641500147563,0.024151780436943077,0.21759319749826037,9000.0,0.47123889803846897,1200.0,0.0,9000.0,1200.0
1769432417.718769,7.4848902225494385,6.777709007263184,2.8034549115476204,0.40347641500147563,0.024151780436943077,0.21759319749826037,9000.0,0.47123889803846897,1200.0,0.0,9000.0,1200.0
1769432417.768528,7.445899486541748,6.788742542266846,2.8265614175097427,0.40342926339369733,0.024334345873287973,0.21372096142882027,9000.0,0.47123889803846897,1200.0,0.0,9000.0,1200.0
1769432417.8185685,7.445899486541748,6.788742542266846,2.8265614175097427,0.40342926339369733,0.024334345873287973,0.21372096142882027,9000.0,0.47123889803846897,1200.0,0.0,9000.0,1200.0
1769432417.8684676,7.406124114990234,6.799667835235596,2.852838633484153,0.4036079092948541,0.024367938957326668,0.21602211170749736,9000.0,0.47123889803846897,1200.0,0.0,9000.0,1200.0
1769432417.9185622,7.406124114990234,6.799667835235596,2.852838633484153,0.4036079092948541,0.024367938957326668,0.21602211170749736,9000.0,0.47123889803846897,1200.0,0.0,9000.0,1200.0
1769432417.968542,7.366736173629761,6.808872222900391,2.8742998531106005,0.4037935988008832,0.024328879219952314,0.21875021793343608,9000.0,0.47123889803846897,1200.0,0.0,9000.0,1200.0
1769432418.0186362,7.366736173629761,6.808872222900391,2.8742998531106005,0.4037935988008832,0.024328879219952314,0.21875021793343608,9000.0,0.47123889803846897,1200.0,0.0,9000.0,1200.0
1769432418.0685487,7.327059268951416,6.817572116851807,2.896691413106986,0.40396963550450216,0.02416319723218544,0.2208335519724592,9000.0,0.47123889803846897,1200.0,0.0,9000.0,1200.0
1769432418.118503,7.327059268951416,6.817572116851807,2.896691413106986,0.40396963550450216,0.02416319723218544,0.2208335519724592,9000.0,0.47123889803846897,1200.0,0.0,9000.0,1200.0
1769432418.168519,7.28741192817688,6.824980735778809,2.916500962521139,0.40399894493727145,0.023986749591032877,0.22007960472556362,9000.0,0.47123889803846897,1200.0,0.0,9000.0,1200.0
1769432418.2185745,7.28741192817688,6.824980735778809,2.916500962521139,0.40399894493727145,0.023986749591032877,0.22007960472556362,9000.0,0.47123889803846897,1200.0,0.0,9000.0,1200.0
1769432418.2684512,7.247296333312988,6.831782341003418,2.9377792355025645,0.4039991000838679,0.023820641123093546,0.21839896920695168,9000.0,0.47123889803846897,1200.0,0.0,9000.0,1200.0
1769432418.3185804,7.247296333312988,6.831782341003418,2.9377792355025645,0.4039991000838679,0.023820641123093546,0.21839896920695168,9000.0,0.47123889803846897,1200.0,0.0,9000.0,1200.0
1769432418.3685467,7.207316875457764,6.8375749588012695,2.9580125597983877,0.4038878854801841,0.02370039592319799,0.21591458403716676,9000.0,0.47123889803846897,1200.0,0.0,9000.0,1200.0
1769432418.4185956,7.207316875457764,6.8375749588012695,2.9580125597983877,0.4038878854801841,0.02370039592319799,0.21591458403716676,9000.0,0.47123889803846897,1200.0,0.0,9000.0,1200.0
1769432418.4686809,7.167289733886719,6.8429036140441895,2.9802560971739456,0.40370494028174686,0.02351350048583354,0.21481834367440253,9000.0,0.47123889803846897,1200.0,0.0,9000.0,1200.0
1769432418.5185943,7.167289733886719,6.8429036140441895,2.9802560971739456,0.40370494028174686,0.02351350048583354,0.21481834367440253,9000.0,0.47123889803846897,1200.0,0.0,9000.0,1200.0
1769432418.5685492,7.127640247344971,6.846816539764404,2.9960171172003403,0.40328123709724073,0.023396063933927163,0.21005078237171135,9000.0,0.47123889803846897,1200.0,0.0,9000.0,1200.0
1769432418.6187298,7.127640247344971,6.846816539764404,2.9960171172003403,0.40328123709724073,0.023396063933927163,0.21005078237171135,9000.0,0.47123889803846897,1200.0,0.0,9000.0,1200.0
1769432418.66854,7.0872931480407715,6.849786758422852,3.0162618387034486,0.40278920858931094,0.02350441336860081,0.2058091909693474,9000.0,0.47123889803846897,1200.0,0.0,9000.0,1200.0
1769432418.718581,7.0872931480407715,6.849786758422852,3.0162618387034486,0.40278920858931094,0.02350441336860081,0.2058091909693474,9000.0,0.47123889803846897,1200.0,0.0,9000.0,1200.0
1769432418.768486,7.046654224395752,6.852808475494385,3.0421870302143588,0.4024836942132254,0.02357720357569496,0.20770262406604895,9000.0,0.47123889803846897,1200.0,0.0,9000.0,1200.0
1769432418.8186266,7.046654224395752,6.852808475494385,3.0421870302143588,0.4024836942132254,0.02357720357569496,0.20770262406604895,9000.0,0.47123889803846897,1200.0,0.0,9000.0,1200.0
1769432418.8685546,7.006303071975708,6.8544745445251465,3.061946237160397,0.40229222904302137,0.023636819899533146,0.20950148650940242,9000.0,0.47123889803846897,1200.0,0.0,9000.0,1200.0
1769432418.9186451,7.006303071975708,6.8544745445251465,3.061946237160397,0.40229222904302137,0.023636819899533146,0.20950148650940242,9000.0,0.47123889803846897,1200.0,0.0,9000.0,1200.0
1769432418.968694,6.9665422439575195,6.854826927185059,3.0782809392467465,0.40196170813476984,0.02382464290330732,0.20691147819986264,9000.0,0.47123889803846897,1200.0,0.0,9000.0,1200.0
1769432419.0186312,6.9665422439575195,6.854826927185059,3.0782809392467465,0.40196170813476984,0.02382464290330732,0.20691147819986264,9000.0,0.47123889803846897,1200.0,0.0,9000.0,1200.0
1769432419.0685172,6.9262120723724365,6.854490756988525,3.098770121241207,0.40159224310838443,0.024173334342190714,0.20417128841874052,9000.0,0.47123889803846897,1200.0,0.0,9000.0,1200.0
1769432419.1186194,6.9262120723724365,6.854490756988525,3.098770121241207,0.40159224310838443,0.024173334342190714,0.20417128841874052,9000.0,0.47123889803846897,1200.0,0.0,9000.0,1200.0
1769432419.1685467,6.885266304016113,6.854132175445557,3.1253735835706076,0.40150172634775505,0.024401129343903122,0.20742021319612608,9000.0,0.47123889803846897,1200.0,0.0,9000.0,1200.0
1769432419.2185163,6.885266304016113,6.854132175445557,3.1253735835706076,0.40150172634775505,0.024401129343903122,0.20742021319612608,9000.0,0.47123889803846897,1200.0,0.0,9000.0,1200.0
1769432419.2685032,6.844918489456177,6.852420806884766,3.144711457642554,0.40155006063847265,0.02453074130210861,0.20965356898743773,9000.0,0.47123889803846897,1200.0,0.0,9000.0,1200.0
1769432419.3186636,6.844918489456177,6.852420806884766,3.144711457642554,0.40155006063847265,0.02453074130210861,0.20965356898743773,9000.0,0.47123889803846897,1200.0,0.0,9000.0,1200.0
1769432419.368518,6.804592847824097,6.850067138671875,3.166366575111775,0.4016641125261605,0.024517522028823336,0.21122294780918818,9000.0,0.47123889803846897,1200.0,0.0,9000.0,1200.0
1769432419.4186633,6.804592847824097,6.850067138671875,3.166366575111775,0.4016641125261605,0.024517522028823336,0.21122294780918818,9000.0,0.47123889803846897,1200.0,0.0,9000.0,1200.0
1769432419.4686108,6.76451301574707,6.846587657928467,3.185958203306659,0.40171914272277076,0.024460284880871184,0.2107491440442733,9000.0,0.47123889803846897,1200.0,0.0,9000.0,1200.0
1769432419.5186462,6.76451301574707,6.846587657928467,3.185958203306659,0.40171914272277076,0.024460284880871184,0.2107491440442733,9000.0,0.47123889803846897,1200.0,0.0,9000.0,1200.0
1769432419.5685525,6.724132537841797,6.84207820892334,3.206100231549117,0.4018103335562426,0.024488830021317447,0.20925673021962263,9000.0,0.47123889803846897,1200.0,0.0,9000.0,1200.0
1769432419.618549,6.724132537841797,6.84207820892334,3.206100231549117,0.4018103335562426,0.024488830021317447,0.20925673021962263,9000.0,0.47123889803846897,1200.0,0.0,9000.0,1200.0
1769432419.6685514,6.68399715423584,6.837015151977539,3.2259597584539335,0.401908526611817,0.02455092166737452,0.20730436096009602,9000.0,0.47123889803846897,1200.0,0.0,9000.0,1200.0
1769432419.7186131,6.68399715423584,6.837015151977539,3.2259597584539335,0.401908526611817,0.02455092166737452,0.20730436096009602,9000.0,0.47123889803846897,1200.0,0.0,9000.0,1200.0
1769432419.768513,6.644311904907227,6.8301167488098145,3.242773875742835,0.4018934037376921,0.0249606264364707,0.20300962146655963,9000.0,0.47123889803846897,1200.0,0.0,9000.0,1200.0
1769432419.8186376,6.644311904907227,6.8301167488098145,3.242773875742835,0.4018934037376921,0.0249606264364707,0.20300962146655963,9000.0,0.47123889803846897,1200.0,0.0,9000.0,1200.0
1769432419.868454,6.603844165802002,6.823609352111816,3.2653938487680527,0.4020419701331581,0.025383081189798255,0.20179097000717414,9000.0,0.47123889803846897,1200.0,0.0,9000.0,1200.0
1769432419.918596,6.603844165802002,6.823609352111816,3.2653938487680527,0.4020419701331581,0.025383081189798255,0.20179097000717414,9000.0,0.47123889803846897,1200.0,0.0,9000.0,1200.0
1769432419.9686668,6.564412355422974,6.815332412719727,3.2845140615536015,0.4021533788858644,0.025975680293056844,0.20103136248472056,9000.0,0.47123889803846897,1200.0,0.0,9000.0,1200.0
1769432420.0186367,6.564412355422974,6.815332412719727,3.2845140615536015,0.4021533788858644,0.025975680293056844,0.20103136248472056,9000.0,0.47123889803846897,1200.0,0.0,9000.0,1200.0
1769432420.0686696,6.524844169616699,6.806853771209717,3.3074077126083945,0.402230152109711,0.02654696137974408,0.20288640489007942,9000.0,0.47123889803846897,1200.0,0.0,9000.0,1200.0
1769432420.1186616,6.524844169616699,6.806853771209717,3.3074077126083945,0.402230152109711,0.02654696137974408,0.20288640489007942,9000.0,0.47123889803846897,1200.0,0.0,9000.0,1200.0
1769432420.1686773,6.48569655418396,6.797503471374512,3.324010313034826,0.40220432812532564,0.027038234181500358,0.20169481845351958,9000.0,0.47123889803846897,1200.0,0.0,9000.0,1200.0
1769432420.2187014,6.48569655418396,6.797503471374512,3.324010313034826,0.40220432812532564,0.027038234181500358,0.20169481845351958,9000.0,0.47123889803846897,1200.0,0.0,9000.0,1200.0
1769432420.268713,6.446405649185181,6.787110805511475,3.345296027886979,0.4021995721960601,0.027505504905463128,0.2011477582952218,9000.0,0.47123889803846897,1200.0,0.0,9000.0,1200.0
1769432420.3186598,6.446405649185181,6.787110805511475,3.345296027886979,0.4021995721960601,0.027505504905463128,0.2011477582952218,9000.0,0.47123889803846897,1200.0,0.0,9000.0,1200.0
1769432420.368583,6.4068663120269775,6.776465892791748,3.3679453880266186,0.4023953798177251,0.027762749449153447,0.20298896562314714,9000.0,0.47123889803846897,1200.0,0.0,9000.0,1200.0
1769432420.4185667,6.4068663120269775,6.776465892791748,3.3679453880266186,0.4023953798177251,0.027762749449153447,0.20298896562314714,9000.0,0.47123889803846897,1200.0,0.0,9000.0,1200.0
1769432420.4686852,6.3675501346588135,6.7639594078063965,3.387789187315145,0.4028518900964399,0.02809493516308445,0.20427969442465108,9000.0,0.47123889803846897,1200.0,0.0,9000.0,1200.0
1769432420.518826,6.3675501346588135,6.7639594078063965,3.387789187315145,0.4028518900964399,0.02809493516308445,0.20427969442465108,9000.0,0.47123889803846897,1200.0,0.0,9000.0,1200.0
1769432420.568453,6.329203128814697,6.751577377319336,3.410155970236947,0.4032519739026748,0.028315386172761484,0.20639401808498398,9000.0,0.47123889803846897,1200.0,0.0,9000.0,1200.0
1769432420.6186368,6.329203128814697,6.751577377319336,3.410155970236947,0.4032519739026748,0.028315386172761484,0.20639401808498398,9000.0,0.47123889803846897,1200.0,0.0,9000.0,1200.0
1769432420.6685228,6.290929079055786,6.739058017730713,3.43468253935919,0.4034982726693408,0.028126764705368835,0.2108555397425969,9000.0,0.47123889803846897,1200.0,0.0,9000.0,1200.0
1769432420.7186806,6.290929079055786,6.739058017730713,3.43468253935919,0.4034982726693408,0.028126764705368835,0.2108555397425969,9000.0,0.47123889803846897,1200.0,0.0,9000.0,1200.0
1769432420.768537,6.252522945404053,6.7247633934021,3.454439522244529,0.40374855640699636,0.02777366803182822,0.21294428211296682,9000.0,0.47123889803846897,1200.0,0.0,9000.0,1200.0
1769432420.818579,6.252522945404053,6.7247633934021,3.454439522244529,0.40374855640699636,0.02777366803182822,0.21294428211296682,9000.0,0.47123889803846897,1200.0,0.0,9000.0,1200.0
1769432420.8685098,6.214911222457886,6.7101945877075195,3.4771556785893876,0.4038749807878663,0.02725398695213065,0.21466797225811132,9000.0,0.47123889803846897,1200.0,0.0,9000.0,1200.0
1769432420.9185944,6.214911222457886,6.7101945877075195,3.4771556785893876,0.4038749807878663,0.02725398695213065,0.21466797225811132,9000.0,0.47123889803846897,1200.0,0.0,9000.0,1200.0
1769432420.9685357,6.177172660827637,6.693641185760498,3.4987822354013614,0.4040744668346109,0.02695124489160597,0.21569125126503985,9000.0,0.47123889803846897,1200.0,0.0,9000.0,1200.0
1769432421.018511,6.177172660827637,6.693641185760498,3.4987822354013614,0.4040744668346109,0.02695124489160597,0.21569125126503985,9000.0,0.47123889803846897,1200.0,0.0,9000.0,1200.0
1769432421.0685344,6.139485836029053,6.6759748458862305,3.5220723274172845,0.4045335105618677,0.027038850609698364,0.2174503415141132,9000.0,0.47123889803846897,1200.0,0.0,9000.0,1200.0
1769432421.1186435,6.139485836029053,6.6759748458862305,3.5220723274172845,0.4045335105618677,0.027038850609698364,0.2174503415141132,9000.0,0.47123889803846897,1200.0,0.0,9000.0,1200.0
1769432421.1685429,6.102770566940308,6.659420013427734,3.5426186289949437,0.40492038215153264,0.02694867987228206,0.21769965883552936,9000.0,0.47123889803846897,1200.0,0.0,9000.0,1200.0
1769432421.2185452,6.102770566940308,6.659420013427734,3.5426186289949437,0.40492038215153264,0.02694867987228206,0.21769965883552936,9000.0,0.47123889803846897,1200.0,0.0,9000.0,1200.0
1769432421.2686594,6.066543817520142,6.641546249389648,3.5635884309768366,0.40510149294424863,0.026670785408418052,0.2168438787437676,9000.0,0.47123889803846897,1200.0,0.0,9000.0,1200.0
1769432421.3186533,6.066543817520142,6.641546249389648,3.5635884309768366,0.40510149294424863,0.026670785408418052,0.2168438787437676,9000.0,0.47123889803846897,1200.0,0.0,9000.0,1200.0
1769432421.3686502,6.030122995376587,6.622842788696289,3.584836100256079,0.4052419878690329,0.026215683904393404,0.21574109244243708,9000.0,0.47123889803846897,1200.0,0.0,9000.0,1200.0
1769432421.41874,6.030122995376587,6.622842788696289,3.584836100256079,0.4052419878690329,0.026215683904393404,0.21574109244243708,9000.0,0.47123889803846897,1200.0,0.0,9000.0,1200.0
1769432421.4686365,5.994390487670898,6.602582931518555,3.6063092745136385,0.405410994883157,0.025905703504908603,0.21497161665158243,9000.0,0.47123889803846897,1200.0,0.0,9000.0,1200.0
1769432421.5185575,5.994390487670898,6.602582931518555,3.6063092745136385,0.405410994883157,0.025905703504908603,0.21497161665158243,9000.0,0.47123889803846897,1200.0,0.0,9000.0,1200.0
1769432421.5685217,5.959882736206055,6.582028388977051,3.625088353631314,0.4053393998447546,0.02581322456163762,0.2124800983542065,9000.0,0.47123889803846897,1200.0,0.0,9000.0,1200.0
1769432421.6186097,5.959882736206055,6.582028388977051,3.625088353631314,0.4053393998447546,0.02581322456163762,0.2124800983542065,9000.0,0.47123889803846897,1200.0,0.0,9000.0,1200.0
1769432421.668533,5.924619197845459,6.560208797454834,3.6501837727696818,0.40540145211178646,0.025938520980937827,0.21364910066821652,9000.0,0.47123889803846897,1200.0,0.0,9000.0,1200.0
1769432421.7186434,5.924619197845459,6.560208797454834,3.6501837727696818,0.40540145211178646,0.025938520980937827,0.21364910066821652,9000.0,0.47123889803846897,1200.0,0.0,9000.0,1200.0
1769432421.7684677,5.888819217681885,6.536471843719482,3.6705953759880114,0.4061668320842375,0.026433330370135993,0.21447361803230436,9000.0,0.47123889803846897,1200.0,0.0,9000.0,1200.0
1769432421.8185792,5.888819217681885,6.536471843719482,3.6705953759880114,0.4061668320842375,0.026433330370135993,0.21447361803230436,9000.0,0.47123889803846897,1200.0,0.0,9000.0,1200.0
1769432421.8685067,5.855682373046875,6.515178203582764,3.6865339465708287,0.40664599443142324,0.026619734543324988,0.2105442268103856,9000.0,0.47123889803846897,1200.0,0.0,9000.0,1200.0
1769432421.9186761,5.855682373046875,6.515178203582764,3.6865339465708287,0.40664599443142324,0.026619734543324988,0.2105442268103856,9000.0,0.47123889803846897,1200.0,0.0,9000.0,1200.0
1769432421.968437,5.8236470222473145,6.492428779602051,3.7119129442548426,0.4063806235133693,0.026607837688752127,0.21051059937263075,9000.0,0.47123889803846897,1200.0,0.0,9000.0,1200.0
1769432422.0184884,5.8236470222473145,6.492428779602051,3.7119129442548426,0.4063806235133693,0.026607837688752127,0.21051059937263075,9000.0,0.47123889803846897,1200.0,0.0,9000.0,1200.0
1769432422.0684783,5.791400909423828,6.469080448150635,3.734414655713501,0.4055434401335983,0.026368172985910515,0.21258625578014756,9000.0,0.47123889803846897,1200.0,0.0,9000.0,1200.0
1769432422.1187005,5.791400909423828,6.469080448150635,3.734414655713501,0.4055434401335983,0.026368172985910515,0.21258625578014756,9000.0,0.47123889803846897,1200.0,0.0,9000.0,1200.0
1769432422.1686368,5.759773254394531,6.444648742675781,3.753895245083626,0.4043844862605078,0.02608280867315662,0.21290191028081198,8000.0,0.41887902047863906,1200.0,0.0,8000.0,1200.0
1769432422.218677,5.759773254394531,6.444648742675781,3.753895245083626,0.4043844862605078,0.02608280867315662,0.21290191028081198,7000.0,0.36651914291880916,1200.0,0.0,7000.0,1200.0
1769432422.2686384,5.727819919586182,6.418698787689209,3.773953969192183,0.403481120572792,0.025958916523858438,0.2116787629301741,6000.0,0.31415926535897926,1200.0,0.0,6000.0,1200.0
1769432422.318801,5.727819919586182,6.418698787689209,3.773953969192183,0.403481120572792,0.025958916523858438,0.2116787629301741,5000.0,0.2617993877991494,1200.0,0.0,5000.0,1200.0
1769432422.3685288,5.695901393890381,6.391563415527344,3.794462246010169,0.40328407092831164,0.02610623061630225,0.21008781116031397,4000.0,0.20943951023931953,1200.0,0.0,4000.0,1200.0
1769432422.4185987,5.695901393890381,6.391563415527344,3.794462246010169,0.40328407092831164,0.02610623061630225,0.21008781116031397,3000.0,0.15707963267948963,1200.0,0.0,3000.0,1200.0
1769432422.4685607,5.665740489959717,6.364437580108643,3.814050325021048,0.40337895562746157,0.02651900700300498,0.20794816809487363,2000.0,0.10471975511965977,1200.0,0.0,2000.0,1200.0
1769432422.5185902,5.665740489959717,6.364437580108643,3.814050325021048,0.40337895562746157,0.02651900700300498,0.20794816809487363,1000.0,0.05235987755982988,1200.0,0.0,1000.0,1200.0
1769432422.568528,5.636178016662598,6.338384628295898,3.8342381588409222,0.40326435973280556,0.026688035623880328,0.20613961158007207,0.0,0.0,1200.0,0.0,0.0,1200.0
1769432422.618572,5.636178016662598,6.338384628295898,3.8342381588409222,0.40326435973280556,0.026688035623880328,0.20613961158007207,0.0,0.0,1200.0,0.0,0.0,1200.0
1769432422.6686177,5.607579708099365,6.311196327209473,3.852828164712914,0.4027384120950025,0.026695866151995762,0.2036003250100757,0.0,0.0,1200.0,0.0,0.0,1200.0
1769432422.7187862,5.607579708099365,6.311196327209473,3.852828164712914,0.4027384120950025,0.026695866151995762,0.2036003250100757,0.0,0.0,1200.0,0.0,0.0,1200.0
1769432422.7686107,5.579440116882324,6.284339427947998,3.867824192856589,0.4016742432176815,0.026396674002138375,0.19776023294972872,0.0,0.0,1200.0,0.0,0.0,1200.0
1769432422.8186958,5.579440116882324,6.284339427947998,3.867824192856589,0.4016742432176815,0.026396674002138375,0.19776023294972872,0.0,0.0,1200.0,0.0,0.0,1200.0
1769432422.8685431,5.551501274108887,6.255961894989014,3.877747290105168,0.4004344598386328,0.026071112705432126,0.1858885844193126,0.0,0.0,1200.0,0.0,0.0,1200.0
1769432422.918545,5.551501274108887,6.255961894989014,3.877747290105168,0.4004344598386328,0.026071112705432126,0.1858885844193126,0.0,0.0,1200.0,0.0,0.0,1200.0
1769432422.9684458,5.524133682250977,6.226293087005615,3.882311580579236,0.3993781086882198,0.02616364112292772,0.16661397416351642,0.0,0.0,1200.0,0.0,0.0,1200.0
1769432423.0185819,5.524133682250977,6.226293087005615,3.882311580579236,0.3993781086882198,0.02616364112292772,0.16661397416351642,0.0,0.0,1200.0,0.0,0.0,1200.0
1769432423.068487,5.497507095336914,6.195839881896973,3.878646403675965,0.3986467149966895,0.027052901829116335,0.13782496623549428,0.0,0.0,1200.0,0.0,0.0,1200.0
1769432423.1185927,5.497507095336914,6.195839881896973,3.878646403675965,0.3986467149966895,0.027052901829116335,0.13782496623549428,0.0,0.0,1200.0,0.0,0.0,1200.0
1769432423.168549,5.4696760177612305,6.163750171661377,3.8827421865548564,0.3989272452870847,0.028821080329446292,0.11144768498775416,0.0,0.0,1200.0,0.0,0.0,1200.0
1769432423.2185457,5.4696760177612305,6.163750171661377,3.8827421865548564,0.3989272452870847,0.028821080329446292,0.11144768498775416,0.0,0.0,1200.0,0.0,0.0,1200.0
1769432423.2685163,5.443295001983643,6.132453441619873,3.8747929429507884,0.39976165597457114,0.031364702188064544,0.08197340152264959,0.0,0.0,1200.0,0.0,0.0,1200.0
1769432423.318538,5.443295001983643,6.132453441619873,3.8747929429507884,0.39976165597457114,0.031364702188064544,0.08197340152264959,0.0,0.0,1200.0,0.0,0.0,1200.0
1769432423.368443,5.417165756225586,6.102111339569092,3.8720241354896814,0.40055379980887673,0.03425738490177073,0.05575024871748717,0.0,0.0,1200.0,0.0,0.0,1200.0
1769432423.4185858,5.417165756225586,6.102111339569092,3.8720241354896814,0.40055379980887673,0.03425738490177073,0.05575024871748717,0.0,0.0,1200.0,0.0,0.0,1200.0
1769432423.4685364,5.391213893890381,6.071620941162109,3.866835057030208,0.40102696251351055,0.03728983646161931,0.03311852870740219,0.0,0.0,1200.0,0.0,0.0,1200.0
1769432423.518589,5.391213893890381,6.071620941162109,3.866835057030208,0.40102696251351055,0.03728983646161931,0.03311852870740219,0.0,0.0,1200.0,0.0,0.0,1200.0
1769432423.5685515,5.365749835968018,6.040572643280029,3.861328922730521,0.40111028613851785,0.040555730997663075,0.014141171817316122,0.0,0.0,1200.0,0.0,0.0,1200.0
1769432423.6186025,5.365749835968018,6.040572643280029,3.861328922730521,0.40111028613851785,0.040555730997663075,0.014141171817316122,0.0,0.0,1200.0,0.0,0.0,1200.0
1769432423.6685503,5.3398756980896,6.008488655090332,3.8511379653109947,0.40118517677476606,0.04419182999756589,-0.004891833476019968,0.0,0.0,1200.0,0.0,0.0,1200.0
1769432423.7186012,5.3398756980896,6.008488655090332,3.8511379653109947,0.40118517677476606,0.04419182999756589,-0.004891833476019968,0.0,0.0,1200.0,0.0,0.0,1200.0
1769432423.7685256,5.313077926635742,5.976529598236084,3.8414845887166758,0.4015746527737445,0.04794740088757197,-0.022991758110781534,0.0,0.0,1200.0,0.0,0.0,1200.0
1769432423.8186197,5.313077926635742,5.976529598236084,3.8414845887166758,0.4015746527737445,0.04794740088757197,-0.022991758110781534,0.0,0.0,1200.0,0.0,0.0,1200.0
1769432423.8685374,5.285601615905762,5.943201541900635,3.836639547543722,0.40276775605493664,0.0518571113422763,-0.0351069972620684,0.0,0.0,1200.0,0.0,0.0,1200.0
1769432423.9186423,5.285601615905762,5.943201541900635,3.836639547543722,0.40276775605493664,0.0518571113422763,-0.0351069972620684,0.0,0.0,1200.0,0.0,0.0,1200.0
1769432423.968535,5.258376121520996,5.910495281219482,3.828078210099579,0.4045437265056205,0.055785133346190924,-0.04452205049539236,0.0,0.0,1200.0,0.0,0.0,1200.0
1769432424.0184774,5.258376121520996,5.910495281219482,3.828078210099579,0.4045437265056205,0.055785133346190924,-0.04452205049539236,0.0,0.0,1200.0,0.0,0.0,1200.0
1769432424.0685127,5.231561660766602,5.878129959106445,3.824482994978916,0.4064345660263147,0.059636182860949294,-0.048571014770835,0.0,0.0,1200.0,0.0,0.0,1200.0
1769432424.1186085,5.231561660766602,5.878129959106445,3.824482994978916,0.4064345660263147,0.059636182860949294,-0.048571014770835,0.0,0.0,1200.0,0.0,0.0,1200.0
1769432424.1685302,5.204757213592529,5.845917224884033,3.8213448505680994,0.4081244912787147,0.06329092590923507,-0.04822016108916072,0.0,0.0,1200.0,0.0,0.0,1200.0
1769432424.218595,5.204757213592529,5.845917224884033,3.8213448505680994,0.4081244912787147,0.06329092590923507,-0.04822016108916072,0.0,0.0,1200.0,0.0,0.0,1200.0
1769432424.268567,5.178218841552734,5.814866065979004,3.816048546671687,0.40912970922480363,0.06645697984526625,-0.04729956035749335,0.0,0.0,1200.0,0.0,0.0,1200.0
1769432424.31862,5.178218841552734,5.814866065979004,3.816048546671687,0.40912970922480363,0.06645697984526625,-0.04729956035749335,0.0,0.0,1200.0,0.0,0.0,1200.0
1769432424.3685095,5.1501336097717285,5.7819952964782715,3.815033044406002,0.41015561660220407,0.06918372200947112,-0.04373330907847499,0.0,0.0,1200.0,0.0,0.0,1200.0
1769432424.4186194,5.1501336097717285,5.7819952964782715,3.815033044406002,0.41015561660220407,0.06918372200947112,-0.04373330907847499,0.0,0.0,1200.0,0.0,0.0,1200.0
1769432424.468512,5.121547698974609,5.7483134269714355,3.8143762796775964,0.4117189834814528,0.07163262879116207,-0.038121982327769977,0.0,0.0,1200.0,0.0,0.0,1200.0
1769432424.518585,5.121547698974609,5.7483134269714355,3.8143762796775964,0.4117189834814528,0.07163262879116207,-0.038121982327769977,0.0,0.0,1200.0,0.0,0.0,1200.0
1769432424.5685225,5.092874050140381,5.714399337768555,3.812026522015776,0.4139311553261584,0.07391699522847218,-0.03326463394785287,0.0,0.0,1200.0,0.0,0.0,1200.0
1769432424.6186323,5.092874050140381,5.714399337768555,3.812026522015776,0.4139311553261584,0.07391699522847218,-0.03326463394785287,0.0,0.0,1200.0,0.0,0.0,1200.0
1769432424.668561,5.0638604164123535,5.679666042327881,3.807897343900227,0.41686806599664866,0.07621884240579607,-0.031300085982949526,0.0,0.0,1200.0,0.0,0.0,1200.0
1769432424.718596,5.0638604164123535,5.679666042327881,3.807897343900227,0.41686806599664866,0.07621884240579607,-0.031300085982949526,0.0,0.0,1200.0,0.0,0.0,1200.0
1769432424.7685678,5.034233093261719,5.645732402801514,3.8156805457043306,0.42030234657779664,0.07820479779633092,-0.022338453486516578,0.0,0.0,1200.0,0.0,0.0,1200.0
1769432424.8185148,5.034233093261719,5.645732402801514,3.8156805457043306,0.42030234657779664,0.07820479779633092,-0.022338453486516578,0.0,0.0,1200.0,0.0,0.0,1200.0
1769432424.8685591,5.0054426193237305,5.6120076179504395,3.8202832032347973,0.42367340793507663,0.07981460469807543,-0.010124492425497891,0.0,0.0,1200.0,0.0,0.0,1200.0
1769432424.9185312,5.0054426193237305,5.6120076179504395,3.8202832032347973,0.42367340793507663,0.07981460469807543,-0.010124492425497891,0.0,0.0,1100.0,0.0,0.0,1100.0
1769432424.9685144,4.976415157318115,5.578915119171143,3.829891501922547,0.42661629552270297,0.08076438290123171,0.00597547567960219,0.0,0.0,1100.0,0.0,0.0,1100.0
1769432425.0185978,4.976415157318115,5.578915119171143,3.829891501922547,0.42661629552270297,0.08076438290123171,0.00597547567960219,0.0,0.0,1100.0,0.0,0.0,1100.0
1769432425.0685518,4.9476447105407715,5.545181751251221,3.8372031837859075,0.4290203362541346,0.0811494520298945,0.02143551710277202,0.0,0.0,1100.0,0.0,0.0,1100.0
1769432425.1185846,4.9476447105407715,5.545181751251221,3.8372031837859075,0.4290203362541346,0.0811494520298945,0.02143551710277202,0.0,0.0,1100.0,0.0,0.0,1100.0
1769432425.168511,4.9176177978515625,5.510059356689453,3.8447923909433803,0.43156121882194187,0.08111801040555436,0.03434172646626997,0.0,0.0,1100.0,0.0,0.0,1100.0
1769432425.218597,4.9176177978515625,5.510059356689453,3.8447923909433803,0.43156121882194187,0.08111801040555436,0.03434172646626997,0.0,0.0,1100.0,0.0,0.0,1100.0
1769432425.268534,4.887453556060791,5.473800182342529,3.8479623350843624,0.4346587787429511,0.08097690288720605,0.04092137145000738,0.0,0.0,1100.0,0.0,0.0,1100.0
1769432425.3186133,4.887453556060791,5.473800182342529,3.8479623350843624,0.4346587787429511,0.08097690288720605,0.04092137145000738,0.0,0.0,1100.0,0.0,0.0,1100.0
1769432425.3685136,4.856912136077881,5.438635349273682,3.8543907152546466,0.43815174656103295,0.08044232022390868,0.044951593013093136,0.0,0.0,1100.0,0.0,0.0,1100.0
1769432425.4185271,4.856912136077881,5.438635349273682,3.8543907152546466,0.43815174656103295,0.08044232022390868,0.044951593013093136,0.0,0.0,1100.0,0.0,0.0,1100.0
1769432425.4684637,4.82887601852417,5.404640197753906,3.8618394135001175,0.44092959394124787,0.0796258987701159,0.04894411423728522,0.0,0.0,1100.0,0.0,0.0,1100.0
1769432425.5185747,4.82887601852417,5.404640197753906,3.8618394135001175,0.44092959394124787,0.0796258987701159,0.04894411423728522,0.0,0.0,1100.0,0.0,0.0,1100.0
1769432425.5685384,4.8019280433654785,5.37168550491333,3.871764309623153,0.4421404776747431,0.07852439363191878,0.055160634176808006,0.0,0.0,1100.0,0.0,0.0,1100.0
1769432425.6185849,4.8019280433654785,5.37168550491333,3.871764309623153,0.4421404776747431,0.07852439363191878,0.055160634176808006,0.0,0.0,1100.0,0.0,0.0,1100.0
1769432425.668541,4.775909900665283,5.3395771980285645,3.881780881790711,0.4413305035956435,0.07709774099205567,0.06279187739129984,0.0,0.0,1100.0,0.0,0.0,1100.0
1769432425.7186146,4.775909900665283,5.3395771980285645,3.881780881790711,0.4413305035956435,0.07709774099205567,0.06279187739129984,0.0,0.0,1100.0,0.0,0.0,1100.0
1769432425.768525,4.750479221343994,5.308441638946533,3.8908239854256337,0.43847831115673697,0.0752235559880488,0.06966373158273599,0.0,0.0,1100.0,0.0,0.0,1100.0
1769432425.8186164,4.750479221343994,5.308441638946533,3.8908239854256337,0.43847831115673697,0.0752235559880488,0.06966373158273599,0.0,0.0,1100.0,0.0,0.0,1100.0
1769432425.868539,4.725194931030273,5.2774271965026855,3.9010172180045437,0.43407859855993564,0.07289640350432597,0.0759413662302155,0.0,0.0,1100.0,0.0,0.0,1100.0
1769432425.91854,4.725194931030273,5.2774271965026855,3.9010172180045437,0.43407859855993564,0.07289640350432597,0.0759413662302155,0.0,0.0,1100.0,0.0,0.0,1100.0
1769432425.9685516,4.699734687805176,5.24558687210083,3.909827353511616,0.42901081139355984,0.07032684093984275,0.08033934160890553,0.0,0.0,1100.0,0.0,0.0,1100.0
1769432426.018556,4.699734687805176,5.24558687210083,3.909827353511616,0.42901081139355984,0.07032684093984275,0.08033934160890553,0.0,0.0,1100.0,0.0,0.0,1100.0
1769432426.0685189,4.675013542175293,5.2141571044921875,3.916191917596667,0.42371428153005203,0.06769849486699242,0.08107897859190197,0.0,0.0,1100.0,0.0,0.0,1100.0
1769432426.118594,4.675013542175293,5.2141571044921875,3.916191917596667,0.42371428153005203,0.06769849486699242,0.08107897859190197,0.0,0.0,1100.0,0.0,0.0,1100.0
1769432426.168563,4.651926517486572,5.183650016784668,3.9214889592497113,0.418017569699588,0.06523494234102842,0.07839902031532033,0.0,0.0,1100.0,0.0,0.0,1100.0
1769432426.218595,4.651926517486572,5.183650016784668,3.9214889592497113,0.418017569699588,0.06523494234102842,0.07839902031532033,0.0,0.0,1100.0,0.0,0.0,1100.0
1769432426.2699437,4.629289627075195,5.154151916503906,3.9253806035463623,0.41182341198987804,0.06288031142723621,0.07294002307306108,0.0,0.0,1100.0,0.0,0.0,1100.0
1769432426.3186064,4.629289627075195,5.154151916503906,3.9253806035463623,0.41182341198987804,0.06288031142723621,0.07294002307306108,0.0,0.0,1100.0,0.0,0.0,1100.0
1769432426.3685622,4.607491970062256,5.125983715057373,3.9332122030629795,0.4048810393040867,0.06046825389849617,0.06954261105582318,0.0,0.0,1100.0,0.0,0.0,1100.0
1769432426.4186223,4.607491970062256,5.125983715057373,3.9332122030629795,0.4048810393040867,0.06046825389849617,0.06954261105582318,0.0,0.0,1100.0,0.0,0.0,1100.0
1769432426.4685247,4.5865349769592285,5.098425388336182,3.942725582172597,0.3971872767584271,0.05799952564292155,0.07011721421355666,0.0,0.0,1100.0,0.0,0.0,1100.0
1769432426.518617,4.5865349769592285,5.098425388336182,3.942725582172597,0.3971872767584271,0.05799952564292155,0.07011721421355666,0.0,0.0,1100.0,0.0,0.0,1100.0
1769432426.56859,4.566869258880615,5.0711236000061035,3.9459977672865745,0.3887905609167926,0.05573549901405541,0.06849648172836664,0.0,0.0,1100.0,0.0,0.0,1100.0
1769432426.6186554,4.566869258880615,5.0711236000061035,3.9459977672865745,0.3887905609167926,0.05573549901405541,0.06849648172836664,0.0,0.0,1100.0,0.0,0.0,1100.0
1769432426.6685872,4.547425746917725,5.0447587966918945,3.9518301735388204,0.37987745627264236,0.05359680308071155,0.06623025458189413,0.0,0.0,1100.0,0.0,0.0,1100.0
1769432426.718608,4.547425746917725,5.0447587966918945,3.9518301735388204,0.37987745627264236,0.05359680308071155,0.06623025458189413,0.0,0.0,1100.0,0.0,0.0,1100.0
1769432426.768591,4.525250434875488,5.014714241027832,3.9599104991392493,0.3723858331767521,0.05175508080973306,0.06591645736653906,0.0,0.0,1100.0,0.0,0.0,1100.0
1769432426.8187451,4.525250434875488,5.014714241027832,3.9599104991392493,0.3723858331767521,0.05175508080973306,0.06591645736653906,0.0,0.0,1100.0,0.0,0.0,1100.0
1769432426.8687184,4.505631446838379,4.987316131591797,3.9642418599400346,0.3658765032776607,0.05017916804866412,0.06444578582092884,0.0,0.0,1100.0,0.0,0.0,1100.0
1769432426.9187398,4.505631446838379,4.987316131591797,3.9642418599400346,0.3658765032776607,0.05017916804866412,0.06444578582092884,0.0,0.0,1100.0,0.0,0.0,1100.0
1769432426.96856,4.487241268157959,4.961447238922119,3.968302704115625,0.359549028442192,0.04873888767287474,0.06145209083340881,0.0,0.0,1100.0,0.0,0.0,1100.0
1769432427.0185382,4.487241268157959,4.961447238922119,3.968302704115625,0.359549028442192,0.04873888767287474,0.06145209083340881,0.0,0.0,1100.0,0.0,0.0,1100.0
1769432427.0686364,4.467644691467285,4.93473482131958,3.9773518348408525,0.35369848855272207,0.0472519914683096,0.06163752045011205,0.0,0.0,1100.0,0.0,0.0,1100.0
1769432427.1186771,4.467644691467285,4.93473482131958,3.9773518348408525,0.35369848855272207,0.0472519914683096,0.06163752045011205,0.0,0.0,1100.0,0.0,0.0,1100.0
1769432427.1685636,4.451234817504883,4.91028356552124,3.9775844567373118,0.34732267538357825,0.045896276367708884,0.057882292969416375,0.0,0.0,1100.0,0.0,0.0,1100.0
1769432427.2186255,4.451234817504883,4.91028356552124,3.9775844567373118,0.34732267538357825,0.045896276367708884,0.057882292969416375,0.0,0.0,1100.0,0.0,0.0,1100.0
1769432427.268679,4.433511257171631,4.885003089904785,3.9822593989248056,0.34080469418542175,0.04461271615691303,0.05388940664902698,0.0,0.0,1100.0,0.0,0.0,1100.0
1769432427.3186734,4.433511257171631,4.885003089904785,3.9822593989248056,0.34080469418542175,0.04461271615691303,0.05388940664902698,0.0,0.0,1100.0,0.0,0.0,1100.0
1769432427.3685763,4.416109561920166,4.8599162101745605,3.9851631425159018,0.3344318532631362,0.04340507712993068,0.04959917711997521,0.0,0.0,1100.0,0.0,0.0,1100.0
1769432427.418612,4.416109561920166,4.8599162101745605,3.9851631425159018,0.3344318532631362,0.04340507712993068,0.04959917711997521,0.0,0.0,1100.0,0.0,0.0,1100.0
1769432427.468591,4.398759841918945,4.834344863891602,3.987199232437277,0.3285994615693724,0.042391505790284376,0.04477940107267805,0.0,0.0,1100.0,0.0,0.0,1100.0
1769432427.5186636,4.398759841918945,4.834344863891602,3.987199232437277,0.3285994615693724,0.042391505790284376,0.04477940107267805,0.0,0.0,1100.0,0.0,0.0,1100.0
1769432427.5685523,4.381457805633545,4.8088812828063965,3.9911193385126604,0.32351173830389407,0.04157056841965494,0.041455024461169054,0.0,0.0,1100.0,0.0,0.0,1100.0
1769432427.6186328,4.381457805633545,4.8088812828063965,3.9911193385126604,0.32351173830389407,0.04157056841965494,0.041455024461169054,0.0,0.0,1100.0,0.0,0.0,1100.0
1769432427.6686473,4.365564346313477,4.784295558929443,3.988797876418501,0.31873899175356357,0.04105991837605103,0.034851297605500264,0.0,0.0,1100.0,0.0,0.0,1100.0
1769432427.7186508,4.365564346313477,4.784295558929443,3.988797876418501,0.31873899175356357,0.04105991837605103,0.034851297605500264,0.0,0.0,1100.0,0.0,0.0,1100.0
1769432427.7685468,4.34980583190918,4.760554790496826,3.9905964325117136,0.3139702401302349,0.04070483594360683,0.02894726046006263,0.0,0.0,1100.0,0.0,0.0,1100.0
1769432427.8186734,4.34980583190918,4.760554790496826,3.9905964325117136,0.3139702401302349,0.04070483594360683,0.02894726046006263,0.0,0.0,1100.0,0.0,0.0,1100.0
1769432427.8685954,4.334709644317627,4.73796272277832,3.991135382616163,0.3088058501285276,0.04032730442599583,0.02389352357935131,0.0,0.0,1100.0,0.0,0.0,1100.0
1769432427.918543,4.334709644317627,4.73796272277832,3.991135382616163,0.3088058501285276,0.04032730442599583,0.02389352357935131,0.0,0.0,1100.0,0.0,0.0,1100.0
1769432427.968557,4.320101261138916,4.7152581214904785,3.9898364393395522,0.30325931611098256,0.040018347498610864,0.01832265748355596,0.0,0.0,1100.0,0.0,0.0,1100.0
1769432428.0186603,4.320101261138916,4.7152581214904785,3.9898364393395522,0.30325931611098256,0.040018347498610864,0.01832265748355596,0.0,0.0,1100.0,0.0,0.0,1100.0
1769432428.0685565,4.305140495300293,4.692387104034424,3.9929860825545562,0.2977109972807695,0.03975601325171221,0.01604027529151608,0.0,0.0,1200.0,0.0,0.0,1200.0
1769432428.11862,4.305140495300293,4.692387104034424,3.9929860825545562,0.2977109972807695,0.03975601325171221,0.01604027529151608,0.0,0.0,1200.0,0.0,0.0,1200.0
1769432428.1685112,4.290098667144775,4.668981552124023,3.991068778753809,0.2926367239995198,0.03962401475588885,0.012783651641750014,0.0,0.0,1200.0,0.0,0.0,1200.0
1769432428.218684,4.290098667144775,4.668981552124023,3.991068778753809,0.2926367239995198,0.03962401475588885,0.012783651641750014,0.0,0.0,1200.0,0.0,0.0,1200.0
1769432428.2685697,4.274946212768555,4.645601272583008,3.9910021460593934,0.28832550644116867,0.039604161042163855,0.009629761137949146,0.0,0.0,1200.0,0.0,0.0,1200.0
1769432428.3186514,4.274946212768555,4.645601272583008,3.9910021460593934,0.28832550644116867,0.039604161042163855,0.009629761137949146,0.0,0.0,1200.0,0.0,0.0,1200.0
1769432428.3686109,4.260409832000732,4.6226983070373535,3.9891958001645924,0.2845935311819711,0.039716086866798894,0.0056742774726440326,0.0,0.0,1200.0,0.0,0.0,1200.0
1769432428.418617,4.260409832000732,4.6226983070373535,3.9891958001645924,0.2845935311819711,0.039716086866798894,0.0056742774726440326,0.0,0.0,1200.0,0.0,0.0,1200.0
1769432428.468647,4.246368885040283,4.601699352264404,3.990832523089554,0.28083483955180266,0.03965516336169015,0.004057878307632126,0.0,0.0,1200.0,0.0,0.0,1200.0
1769432428.5185943,4.246368885040283,4.601699352264404,3.990832523089554,0.28083483955180266,0.03965516336169015,0.004057878307632126,0.0,0.0,1200.0,0.0,0.0,1200.0
1769432428.5685496,4.2332305908203125,4.579995632171631,3.9872705106380626,0.27687948977958926,0.03971123094920348,0.0005984120411451576,0.0,0.0,1200.0,0.0,0.0,1200.0
1769432428.618715,4.2332305908203125,4.579995632171631,3.9872705106380626,0.27687948977958926,0.03971123094920348,0.0005984120411451576,0.0,0.0,1200.0,0.0,0.0,1200.0
1769432428.6686711,4.219962120056152,4.558103561401367,3.9849395654018838,0.2729000224871024,0.04000154379683577,-0.003708164581679227,0.0,0.0,1200.0,0.0,0.0,1200.0
1769432428.7185895,4.219962120056152,4.558103561401367,3.9849395654018838,0.2729000224871024,0.04000154379683577,-0.003708164581679227,0.0,0.0,1200.0,0.0,0.0,1200.0
1769432428.7685463,4.204580783843994,4.53467321395874,3.9852253402464193,0.2699190042162197,0.04034323934208163,-0.00586579462716426,0.0,0.0,1200.0,0.0,0.0,1200.0
1769432428.8186855,4.204580783843994,4.53467321395874,3.9852253402464193,0.2699190042162197,0.04034323934208163,-0.00586579462716426,0.0,0.0,1200.0,0.0,0.0,1200.0
1769432428.8685563,4.188812732696533,4.509715557098389,3.9844803767498242,0.2686807200088213,0.04087858207361911,-0.0066950489665912345,0.0,0.0,1200.0,0.0,0.0,1200.0
1769432428.918693,4.188812732696533,4.509715557098389,3.9844803767498242,0.2686807200088213,0.04087858207361911,-0.0066950489665912345,0.0,0.0,1200.0,0.0,0.0,1200.0
1769432428.9686227,4.172350883483887,4.4835896492004395,3.9852404998863906,0.2695813527493368,0.04169257376311465,-0.005721846354136566,0.0,0.0,1200.0,0.0,0.0,1200.0
1769432429.0185537,4.172350883483887,4.4835896492004395,3.9852404998863906,0.2695813527493368,0.04169257376311465,-0.005721846354136566,0.0,0.0,1200.0,0.0,0.0,1200.0
1769432429.0685632,4.155107021331787,4.456923007965088,3.987852231171811,0.27258525413727097,0.042653991499794625,-0.00222506032644327,0.0,0.0,1200.0,0.0,0.0,1200.0
1769432429.1186438,4.155107021331787,4.456923007965088,3.987852231171811,0.27258525413727097,0.042653991499794625,-0.00222506032644327,0.0,0.0,1200.0,0.0,0.0,1200.0
1769432429.1685543,4.138576030731201,4.429479598999023,3.9837018851956927,0.27716046818049067,0.04398631796405617,-0.0026818901360930797,0.0,0.0,1200.0,0.0,0.0,1200.0
1769432429.218516,4.138576030731201,4.429479598999023,3.9837018851956927,0.27716046818049067,0.04398631796405617,-0.0026818901360930797,0.0,0.0,1200.0,0.0,0.0,1200.0
1769432429.268526,4.12127161026001,4.402548313140869,3.9860233632047604,0.2826431338627396,0.04536483815064642,-0.001887980656990346,0.0,0.0,1200.0,0.0,0.0,1200.0
1769432429.3186047,4.12127161026001,4.402548313140869,3.9860233632047604,0.2826431338627396,0.04536483815064642,-0.001887980656990346,0.0,0.0,1200.0,0.0,0.0,1200.0
1769432429.3685167,4.104976654052734,4.37482213973999,3.9812798146636252,0.2883606573700224,0.047025354942817926,-0.004694446649250984,0.0,0.0,1200.0,0.0,0.0,1200.0
1769432429.418597,4.104976654052734,4.37482213973999,3.9812798146636252,0.2883606573700224,0.047025354942817926,-0.004694446649250984,0.0,0.0,1200.0,0.0,0.0,1200.0
1769432429.4685545,4.08677864074707,4.346219539642334,3.982909425308985,0.2944138557595018,0.048690869311590425,-0.00554257148986444,0.0,0.0,1200.0,0.0,0.0,1200.0
1769432429.5185707,4.08677864074707,4.346219539642334,3.982909425308985,0.2944138557595018,0.048690869311590425,-0.00554257148986444,1000.0,0.05235987755982988,1200.0,0.0,1000.0,1200.0
1769432429.5685205,4.068639278411865,4.316503047943115,3.985956902224178,0.30083122841034643,0.05043753837337479,-0.002722575446330496,1000.0,0.05235987755982988,1200.0,0.0,1000.0,1200.0
1769432429.6185915,4.068639278411865,4.316503047943115,3.985956902224178,0.30083122841034643,0.05043753837337479,-0.002722575446330496,2000.0,0.10471975511965977,1200.0,0.0,2000.0,1200.0
1769432429.6685715,4.049397945404053,4.285221576690674,3.9873516020166506,0.3079505051381156,0.05227857807561317,0.0011007806235870119,3000.0,0.15707963267948963,1200.0,0.0,3000.0,1200.0
1769432429.7186031,4.049397945404053,4.285221576690674,3.9873516020166506,0.3079505051381156,0.05227857807561317,0.0011007806235870119,3000.0,0.15707963267948963,1200.0,0.0,3000.0,1200.0
1769432429.7685168,4.029443264007568,4.253426551818848,3.9922927435127833,0.31581238100024495,0.05404880900312138,0.007319564903002493,4000.0,0.20943951023931953,1200.0,0.0,4000.0,1200.0
1769432429.8187106,4.029443264007568,4.253426551818848,3.9922927435127833,0.31581238100024495,0.05404880900312138,0.007319564903002493,4000.0,0.20943951023931953,1200.0,0.0,4000.0,1200.0
1769432429.868531,4.009636402130127,4.221479892730713,3.9935711666487332,0.3240307197702979,0.05567408904180695,0.011897319036905626,5000.0,0.2617993877991494,1200.0,0.0,5000.0,1200.0
1769432429.9186673,4.009636402130127,4.221479892730713,3.9935711666487332,0.3240307197702979,0.05567408904180695,0.011897319036905626,6000.0,0.31415926535897926,1200.0,0.0,6000.0,1200.0
1769432429.9686499,3.989771842956543,4.1896071434021,3.996971888678331,0.33210263875113594,0.05703780419138878,0.015843705062775538,6000.0,0.31415926535897926,1200.0,0.0,6000.0,1200.0
1769432430.0187268,3.989771842956543,4.1896071434021,3.996971888678331,0.33210263875113594,0.05703780419138878,0.015843705062775538,7000.0,0.36651914291880916,1200.0,0.0,7000.0,1200.0
1769432430.0685425,3.971254825592041,4.157838821411133,4.001837805735013,0.3392935993049805,0.058362926274947,0.020516643974203545,8000.0,0.41887902047863906,1200.0,0.0,8000.0,1200.0
1769432430.1186473,3.971254825592041,4.157838821411133,4.001837805735013,0.3392935993049805,0.058362926274947,0.020516643974203545,8000.0,0.41887902047863906,1200.0,0.0,8000.0,1200.0
1769432430.1685095,3.9515271186828613,4.125125408172607,4.010584269585033,0.34575904446110256,0.0595508538071135,0.02861632899850354,9000.0,0.47123889803846897,1200.0,0.0,9000.0,1200.0
1769432430.2185986,3.9515271186828613,4.125125408172607,4.010584269585033,0.34575904446110256,0.0595508538071135,0.02861632899850354,9000.0,0.47123889803846897,1200.0,0.0,9000.0,1200.0
1769432430.2685533,3.931626319885254,4.0911383628845215,4.020188962227202,0.3518720067578448,0.06068741500408062,0.039377806270653265,9000.0,0.47123889803846897,1200.0,0.0,9000.0,1200.0
1769432430.3186464,3.931626319885254,4.0911383628845215,4.020188962227202,0.3518720067578448,0.06068741500408062,0.039377806270653265,9000.0,0.47123889803846897,1200.0,0.0,9000.0,1200.0
1769432430.3685925,3.9111595153808594,4.056533336639404,4.037208720913725,0.357962087731539,0.06163417546200305,0.05644101535494077,9000.0,0.47123889803846897,1200.0,0.0,9000.0,1200.0
1769432430.418663,3.9111595153808594,4.056533336639404,4.037208720913725,0.357962087731539,0.06163417546200305,0.05644101535494077,9000.0,0.47123889803846897,1200.0,0.0,9000.0,1200.0
1769432430.4685903,3.8899636268615723,4.021779537200928,4.062931503851825,0.3642010445993881,0.06197669719938915,0.08349141117646432,9000.0,0.47123889803846897,1200.0,0.0,9000.0,1200.0
1769432430.518557,3.8899636268615723,4.021779537200928,4.062931503851825,0.3642010445993881,0.06197669719938915,0.08349141117646432,9000.0,0.47123889803846897,1200.0,0.0,9000.0,1200.0
1769432430.5686128,3.8690013885498047,3.986194610595703,4.08555929361126,0.3706218731301787,0.061618119624019335,0.11261524296130898,9000.0,0.47123889803846897,1200.0,0.0,9000.0,1200.0
1769432430.6186485,3.8690013885498047,3.986194610595703,4.08555929361126,0.3706218731301787,0.061618119624019335,0.11261524296130898,9000.0,0.47123889803846897,1200.0,0.0,9000.0,1200.0
1769432430.6685407,3.84897518157959,3.9504811763763428,4.107914695135932,0.37685663128423186,0.06063123618476503,0.1384866258767737,9000.0,0.47123889803846897,1200.0,0.0,9000.0,1200.0
1769432430.7185895,3.84897518157959,3.9504811763763428,4.107914695135932,0.37685663128423186,0.06063123618476503,0.1384866258767737,9000.0,0.47123889803846897,1200.0,0.0,9000.0,1200.0
1769432430.7684977,3.829728603363037,3.9154398441314697,4.137472854356234,0.3823462819883064,0.05895103467625003,0.164751405177631,9000.0,0.47123889803846897,1200.0,0.0,9000.0,1200.0
1769432430.818587,3.829728603363037,3.9154398441314697,4.137472854356234,0.3823462819883064,0.05895103467625003,0.164751405177631,9000.0,0.47123889803846897,1200.0,0.0,9000.0,1200.0
1769432430.868555,3.8108181953430176,3.879535675048828,4.165189032157825,0.38704754672275515,0.056657776440073845,0.18872876779953962,9000.0,0.47123889803846897,1200.0,0.0,9000.0,1200.0
1769432430.9185917,3.8108181953430176,3.879535675048828,4.165189032157825,0.38704754672275515,0.056657776440073845,0.18872876779953962,9000.0,0.47123889803846897,1200.0,0.0,9000.0,1200.0
1769432430.9686294,3.7922520637512207,3.8427484035491943,4.197352196845932,0.3911604331450373,0.0538677570071714,0.21229527123219813,9000.0,0.47123889803846897,1200.0,0.0,9000.0,1200.0
1769432431.0185285,3.7922520637512207,3.8427484035491943,4.197352196845932,0.3911604331450373,0.0538677570071714,0.21229527123219813,9000.0,0.47123889803846897,1200.0,0.0,9000.0,1200.0
1769432431.0685272,3.775069236755371,3.8055968284606934,4.237606640331446,0.3946452288061641,0.050803131200535805,0.24058139835125716,9000.0,0.47123889803846897,1200.0,0.0,9000.0,1200.0
1769432431.1185832,3.775069236755371,3.8055968284606934,4.237606640331446,0.3946452288061641,0.050803131200535805,0.24058139835125716,9000.0,0.47123889803846897,1200.0,0.0,9000.0,1200.0
1769432431.1685228,3.7587051391601562,3.768275260925293,4.282085852975902,0.3974889819801792,0.047459014420524755,0.2739106987675593,9000.0,0.47123889803846897,1200.0,0.0,9000.0,1200.0
1769432431.2186072,3.7587051391601562,3.768275260925293,4.282085852975902,0.3974889819801792,0.047459014420524755,0.2739106987675593,9000.0,0.47123889803846897,1200.0,0.0,9000.0,1200.0
1769432431.268468,3.74179744720459,3.73017954826355,4.322774411998891,0.4001005767096322,0.0434556009876819,0.3046529070418657,9000.0,0.47123889803846897,1200.0,0.0,9000.0,1200.0
1769432431.3186088,3.74179744720459,3.73017954826355,4.322774411998891,0.4001005767096322,0.0434556009876819,0.3046529070418657,9000.0,0.47123889803846897,1200.0,0.0,9000.0,1200.0
1769432431.368521,3.727141857147217,3.6919569969177246,4.3541162673202845,0.40230856492081546,0.03902828520840234,0.3222921307001602,9000.0,0.47123889803846897,1200.0,0.0,9000.0,1200.0
1769432431.418671,3.727141857147217,3.6919569969177246,4.3541162673202845,0.40230856492081546,0.03902828520840234,0.3222921307001602,9000.0,0.47123889803846897,1200.0,0.0,9000.0,1200.0
1769432431.468507,3.7131614685058594,3.653637170791626,4.376077908825847,0.4040045516694925,0.034294368817435326,0.32107491963381446,9000.0,0.47123889803846897,1200.0,0.0,9000.0,1200.0
1769432431.5186117,3.7131614685058594,3.653637170791626,4.376077908825847,0.4040045516694925,0.034294368817435326,0.32107491963381446,9000.0,0.47123889803846897,1200.0,0.0,9000.0,1200.0
1769432431.5685427,3.702275276184082,3.616302251815796,4.418541085015841,0.4045320926465186,0.02983372105327208,0.3238770590748824,9000.0,0.47123889803846897,1200.0,0.0,9000.0,1200.0
1769432431.6186254,3.702275276184082,3.616302251815796,4.418541085015841,0.4045320926465186,0.02983372105327208,0.3238770590748824,9000.0,0.47123889803846897,1200.0,0.0,9000.0,1200.0
1769432431.6685016,3.692460060119629,3.5781099796295166,4.454707003331056,0.4039964282544362,0.02598357751873093,0.32939982395870676,9000.0,0.47123889803846897,1200.0,0.0,9000.0,1200.0
1769432431.7185748,3.692460060119629,3.5781099796295166,4.454707003331056,0.4039964282544362,0.02598357751873093,0.32939982395870676,9000.0,0.47123889803846897,1200.0,0.0,9000.0,1200.0
1769432431.7684848,3.6828651428222656,3.5385284423828125,4.4875668487224845,0.40318977483121005,0.022717961786209863,0.333202137018876,9000.0,0.47123889803846897,1200.0,0.0,9000.0,1200.0
1769432431.8185894,3.6828651428222656,3.5385284423828125,4.4875668487224845,0.40318977483121005,0.022717961786209863,0.333202137018876,9000.0,0.47123889803846897,1200.0,0.0,9000.0,1200.0
1769432431.8685799,3.67452335357666,3.498779773712158,4.518067192538697,0.40245627736885586,0.019950203951374614,0.3327470036914287,9000.0,0.47123889803846897,1200.0,0.0,9000.0,1200.0
1769432431.9185984,3.67452335357666,3.498779773712158,4.518067192538697,0.40245627736885586,0.019950203951374614,0.3327470036914287,9000.0,0.47123889803846897,1200.0,0.0,9000.0,1200.0
1769432431.9685278,3.6666975021362305,3.4587812423706055,4.548656981444036,0.40202569328670007,0.017394247193013315,0.3293327753830883,9000.0,0.47123889803846897,1200.0,0.0,9000.0,1200.0
1769432432.0186088,3.6666975021362305,3.4587812423706055,4.548656981444036,0.40202569328670007,0.017394247193013315,0.3293327753830883,9000.0,0.47123889803846897,1200.0,0.0,9000.0,1200.0
1769432432.068507,3.6608896255493164,3.4198694229125977,4.577018233100137,0.4014426428373711,0.015073819655041225,0.323053389386273,9000.0,0.47123889803846897,1200.0,0.0,9000.0,1200.0
1769432432.1185665,3.6608896255493164,3.4198694229125977,4.577018233100137,0.4014426428373711,0.015073819655041225,0.323053389386273,9000.0,0.47123889803846897,1200.0,0.0,9000.0,1200.0
1769432432.168553,3.655848503112793,3.380953073501587,4.604932833556765,0.4005661109659987,0.012917729883180136,0.3153234346199201,9000.0,0.47123889803846897,1200.0,0.0,9000.0,1200.0
1769432432.218582,3.655848503112793,3.380953073501587,4.604932833556765,0.4005661109659987,0.012917729883180136,0.3153234346199201,9000.0,0.47123889803846897,1200.0,0.0,9000.0,1200.0
1769432432.2685766,3.6530237197875977,3.342499017715454,4.630040418375296,0.3991417383645258,0.011254974222928397,0.305492611318124,9000.0,0.47123889803846897,1200.0,0.0,9000.0,1200.0
1769432432.318584,3.6530237197875977,3.342499017715454,4.630040418375296,0.3991417383645258,0.011254974222928397,0.305492611318124,9000.0,0.47123889803846897,1200.0,0.0,9000.0,1200.0
1769432432.36846,3.651447296142578,3.3037426471710205,4.6548454185651345,0.3973114993258438,0.010287526766377043,0.2948552621108938,9000.0,0.47123889803846897,1200.0,0.0,9000.0,1200.0
1769432432.4185958,3.651447296142578,3.3037426471710205,4.6548454185651345,0.3973114993258438,0.010287526766377043,0.2948552621108938,9000.0,0.47123889803846897,1200.0,0.0,9000.0,1200.0
1769432432.468626,3.650467872619629,3.264204263687134,4.679557845051545,0.39555475312836685,0.009917647996644423,0.2848249613565555,9000.0,0.47123889803846897,1200.0,0.0,9000.0,1200.0
1769432432.518654,3.650467872619629,3.264204263687134,4.679557845051545,0.39555475312836685,0.009917647996644423,0.2848249613565555,9000.0,0.47123889803846897,1200.0,0.0,9000.0,1200.0
1769432432.5684884,3.6503944396972656,3.2246110439300537,4.701676991516659,0.3941472004475316,0.009973350377991025,0.2742714620364663,9000.0,0.47123889803846897,1200.0,0.0,9000.0,1200.0
1769432432.618656,3.6503944396972656,3.2246110439300537,4.701676991516659,0.3941472004475316,0.009973350377991025,0.2742714620364663,9000.0,0.47123889803846897,1200.0,0.0,9000.0,1200.0
1769432432.6686115,3.650271415710449,3.1847405433654785,4.722192653852845,0.39330051817018524,0.010001889692923127,0.26268470455573634,9000.0,0.47123889803846897,1200.0,0.0,9000.0,1200.0
1769432432.7186422,3.650271415710449,3.1847405433654785,4.722192653852845,0.39330051817018524,0.010001889692923127,0.26268470455573634,9000.0,0.47123889803846897,1200.0,0.0,9000.0,1200.0
1769432432.7686284,3.6521449089050293,3.1455726623535156,4.745605052378567,0.39273909937566137,0.010141302168654836,0.2535612447184458,9000.0,0.47123889803846897,1200.0,0.0,9000.0,1200.0
1769432432.8186104,3.6521449089050293,3.1455726623535156,4.745605052378567,0.39273909937566137,0.010141302168654836,0.2535612447184458,9000.0,0.47123889803846897,1200.0,0.0,9000.0,1200.0
1769432432.8687499,3.654832363128662,3.1069936752319336,4.764879754957693,0.39214144106551574,0.010405887945667078,0.2441775323167365,9000.0,0.47123889803846897,1200.0,0.0,9000.0,1200.0
1769432432.9186566,3.654832363128662,3.1069936752319336,4.764879754957693,0.39214144106551574,0.010405887945667078,0.2441775323167365,9000.0,0.47123889803846897,1200.0,0.0,9000.0,1200.0
1769432432.9686174,3.6587467193603516,3.0684807300567627,4.788674765336581,0.3914072666876097,0.01089999435616951,0.2382622688869365,9000.0,0.47123889803846897,1200.0,0.0,9000.0,1200.0
1769432433.0186775,3.6587467193603516,3.0684807300567627,4.788674765336581,0.3914072666876097,0.01089999435616951,0.2382622688869365,9000.0,0.47123889803846897,1200.0,0.0,9000.0,1200.0
1769432433.0686543,3.6640381813049316,3.030409574508667,4.804866051265198,0.3904369811963353,0.011799652596328357,0.229749651736991,9000.0,0.47123889803846897,1200.0,0.0,9000.0,1200.0
1769432433.118654,3.6640381813049316,3.030409574508667,4.804866051265198,0.3904369811963353,0.011799652596328357,0.229749651736991,9000.0,0.47123889803846897,1200.0,0.0,9000.0,1200.0
1769432433.168676,3.669743537902832,2.9915974140167236,4.826111015343053,0.3895535599124934,0.012962315041804786,0.22287094918273567,9000.0,0.47123889803846897,1200.0,0.0,9000.0,1200.0
1769432433.2186272,3.669743537902832,2.9915974140167236,4.826111015343053,0.3895535599124934,0.012962315041804786,0.22287094918273567,9000.0,0.47123889803846897,1200.0,0.0,9000.0,1200.0
1769432433.2685385,3.676365852355957,2.9523472785949707,4.8488581154401995,0.3890986358681916,0.014260518819495742,0.21970692371199352,9000.0,0.47123889803846897,1200.0,0.0,9000.0,1200.0
1769432433.3186274,3.676365852355957,2.9523472785949707,4.8488581154401995,0.3890986358681916,0.014260518819495742,0.21970692371199352,9000.0,0.47123889803846897,1200.0,0.0,9000.0,1200.0
1769432433.3685288,3.6837105751037598,2.913614511489868,4.865633618635212,0.38900803860812877,0.015551390600248084,0.2147300617193407,9000.0,0.47123889803846897,1200.0,0.0,9000.0,1200.0
1769432433.418494,3.6837105751037598,2.913614511489868,4.865633618635212,0.38900803860812877,0.015551390600248084,0.2147300617193407,9000.0,0.47123889803846897,1200.0,0.0,9000.0,1200.0
1769432433.4685254,3.691150188446045,2.8746068477630615,4.883929011746432,0.3893133083935234,0.01652227146318528,0.20894966027836737,9000.0,0.47123889803846897,1200.0,0.0,9000.0,1200.0
1769432433.518548,3.691150188446045,2.8746068477630615,4.883929011746432,0.3893133083935234,0.01652227146318528,0.20894966027836737,9000.0,0.47123889803846897,1200.0,0.0,9000.0,1200.0
1769432433.568541,3.7000293731689453,2.8365049362182617,4.906988225172709,0.3897102566494518,0.017306087794098056,0.20715033472982916,9000.0,0.47123889803846897,1200.0,0.0,9000.0,1200.0
1769432433.6185763,3.7000293731689453,2.8365049362182617,4.906988225172709,0.3897102566494518,0.017306087794098056,0.20715033472982916,9000.0,0.47123889803846897,1200.0,0.0,9000.0,1200.0
1769432433.6685586,3.710000514984131,2.7990190982818604,4.927248682054309,0.3899094771298472,0.018089390352891643,0.2067440312154927,9000.0,0.47123889803846897,1200.0,0.0,9000.0,1200.0
1769432433.71863,3.710000514984131,2.7990190982818604,4.927248682054309,0.3899094771298472,0.018089390352891643,0.2067440312154927,9000.0,0.47123889803846897,1200.0,0.0,9000.0,1200.0
1769432433.7685103,3.720686435699463,2.7613306045532227,4.948082682207268,0.3899667854252411,0.01889481058898283,0.20698179031889016,9000.0,0.47123889803846897,1200.0,0.0,9000.0,1200.0
1769432433.8185995,3.720686435699463,2.7613306045532227,4.948082682207268,0.3899667854252411,0.01889481058898283,0.20698179031889016,9000.0,0.47123889803846897,1200.0,0.0,9000.0,1200.0
1769432433.8685439,3.732964038848877,2.724306583404541,4.967126369600722,0.3898326168138949,0.019985510780458383,0.20597895814357264,9000.0,0.47123889803846897,1200.0,0.0,9000.0,1200.0
1769432433.9186041,3.732964038848877,2.724306583404541,4.967126369600722,0.3898326168138949,0.019985510780458383,0.20597895814357264,9000.0,0.47123889803846897,1200.0,0.0,9000.0,1200.0
1769432433.9684615,3.745286464691162,2.686574697494507,4.9867907300207195,0.3898162034839909,0.021109412459801684,0.20437194817333684,9000.0,0.47123889803846897,1200.0,0.0,9000.0,1200.0
1769432434.01855,3.745286464691162,2.686574697494507,4.9867907300207195,0.3898162034839909,0.021109412459801684,0.20437194817333684,9000.0,0.47123889803846897,1200.0,0.0,9000.0,1200.0
1769432434.0684428,3.7579922676086426,2.6483874320983887,5.009218583447847,0.3902193833376963,0.0219477372165805,0.20486249061652279,9000.0,0.47123889803846897,1200.0,0.0,9000.0,1200.0
1769432434.1186218,3.7579922676086426,2.6483874320983887,5.009218583447847,0.3902193833376963,0.0219477372165805,0.20486249061652279,9000.0,0.47123889803846897,1200.0,0.0,9000.0,1200.0
1769432434.1685607,3.7712550163269043,2.611074447631836,5.031964630316503,0.3908533934549478,0.022347464470881918,0.20742996053289461,9000.0,0.47123889803846897,1200.0,0.0,9000.0,1200.0
1769432434.218623,3.7712550163269043,2.611074447631836,5.031964630316503,0.3908533934549478,0.022347464470881918,0.20742996053289461,9000.0,0.47123889803846897,1200.0,0.0,9000.0,1200.0
1769432434.2686727,3.785350799560547,2.573805809020996,5.055072356207111,0.3916375794398909,0.02230776497770341,0.2112540648469165,9000.0,0.47123889803846897,1200.0,0.0,9000.0,1200.0
1769432434.318666,3.785350799560547,2.573805809020996,5.055072356207111,0.3916375794398909,0.02230776497770341,0.2112540648469165,9000.0,0.47123889803846897,1200.0,0.0,9000.0,1200.0
1769432434.3685834,3.800830841064453,2.5374276638031006,5.077643753487333,0.3923563350605193,0.0221349159006348,0.2148904463880997,9000.0,0.47123889803846897,1200.0,0.0,9000.0,1200.0
1769432434.4185345,3.800830841064453,2.5374276638031006,5.077643753487333,0.3923563350605193,0.0221349159006348,0.2148904463880997,9000.0,0.47123889803846897,1200.0,0.0,9000.0,1200.0
1769432434.4685318,3.817166805267334,2.5019805431365967,5.101724632201681,0.3927380034435,0.022042956337549616,0.2189607134625813,9000.0,0.47123889803846897,1200.0,0.0,9000.0,1200.0
1769432434.5185637,3.817166805267334,2.5019805431365967,5.101724632201681,0.3927380034435,0.022042956337549616,0.2189607134625813,9000.0,0.47123889803846897,1200.0,0.0,9000.0,1200.0
1769432434.5685203,3.8353114128112793,2.4667952060699463,5.119604583875617,0.3928562480394775,0.022426103233480786,0.21824664621222253,9000.0,0.47123889803846897,1200.0,0.0,9000.0,1200.0
1769432434.6185765,3.8353114128112793,2.4667952060699463,5.119604583875617,0.3928562480394775,0.022426103233480786,0.21824664621222253,9000.0,0.47123889803846897,1200.0,0.0,9000.0,1200.0
1769432434.6685224,3.8533272743225098,2.431211471557617,5.14394819036837,0.39296726608358357,0.022978964246789694,0.21863078423718968,9000.0,0.47123889803846897,1200.0,0.0,9000.0,1200.0
1769432434.7185104,3.8533272743225098,2.431211471557617,5.14394819036837,0.39296726608358357,0.022978964246789694,0.21863078423718968,9000.0,0.47123889803846897,1200.0,0.0,9000.0,1200.0
1769432434.7685027,3.872103214263916,2.3957083225250244,5.162015656240667,0.39326841025493725,0.023492190532612037,0.21614476711625644,9000.0,0.47123889803846897,1200.0,0.0,9000.0,1200.0
1769432434.818582,3.872103214263916,2.3957083225250244,5.162015656240667,0.39326841025493725,0.023492190532612037,0.21614476711625644,9000.0,0.47123889803846897,1200.0,0.0,9000.0,1200.0
1769432434.868528,3.891145706176758,2.3601858615875244,5.183317696300126,0.39386479839475746,0.023681693793537427,0.2137730369530431,9000.0,0.47123889803846897,1200.0,0.0,9000.0,1200.0
1769432434.9185913,3.891145706176758,2.3601858615875244,5.183317696300126,0.39386479839475746,0.023681693793537427,0.2137730369530431,9000.0,0.47123889803846897,1200.0,0.0,9000.0,1200.0
1769432434.9685328,3.9107794761657715,2.3255631923675537,5.206786769052278,0.39454686673151423,0.02349324549274314,0.21408747701873698,9000.0,0.47123889803846897,1200.0,0.0,9000.0,1200.0
1769432435.0186026,3.9107794761657715,2.3255631923675537,5.206786769052278,0.39454686673151423,0.02349324549274314,0.21408747701873698,9000.0,0.47123889803846897,1200.0,0.0,9000.0,1200.0
1769432435.0685217,3.931379795074463,2.2918927669525146,5.229256602340236,0.39504554133385217,0.02311532056629736,0.21575140987003155,9000.0,0.47123889803846897,1200.0,0.0,9000.0,1200.0
1769432435.1185699,3.931379795074463,2.2918927669525146,5.229256602340236,0.39504554133385217,0.02311532056629736,0.21575140987003155,9000.0,0.47123889803846897,1200.0,0.0,9000.0,1200.0
1769432435.1685147,3.953869342803955,2.258838176727295,5.250608714453559,0.3953894242002968,0.02304241635631015,0.21686631925600483,9000.0,0.47123889803846897,1200.0,0.0,9000.0,1200.0
1769432435.2185698,3.953869342803955,2.258838176727295,5.250608714453559,0.3953894242002968,0.02304241635631015,0.21686631925600483,9000.0,0.47123889803846897,1200.0,0.0,9000.0,1200.0
1769432435.2685773,3.9777393341064453,2.2261123657226562,5.273161336490828,0.39575867706304635,0.02357995242659188,0.2180462519782772,9000.0,0.47123889803846897,1200.0,0.0,9000.0,1200.0
1769432435.3186402,3.9777393341064453,2.2261123657226562,5.273161336490828,0.39575867706304635,0.02357995242659188,0.2180462519782772,9000.0,0.47123889803846897,1200.0,0.0,9000.0,1200.0
1769432435.3685365,4.001401901245117,2.193587064743042,5.293135371684936,0.39619201670250753,0.024393610458017176,0.21730691098963456,9000.0,0.47123889803846897,1200.0,0.0,9000.0,1200.0
1769432435.4185781,4.001401901245117,2.193587064743042,5.293135371684936,0.39619201670250753,0.024393610458017176,0.21730691098963456,9000.0,0.47123889803846897,1200.0,0.0,9000.0,1200.0
1769432435.4685254,4.024820804595947,2.160914421081543,5.311134870819269,0.39671785568970025,0.024911349026178958,0.2134794111915641,9000.0,0.47123889803846897,1200.0,0.0,9000.0,1200.0
1769432435.5186033,4.024820804595947,2.160914421081543,5.311134870819269,0.39671785568970025,0.024911349026178958,0.2134794111915641,9000.0,0.47123889803846897,1200.0,0.0,9000.0,1200.0
1769432435.5685189,4.050177097320557,2.128890037536621,5.3339736741120465,0.3974550120990345,0.025322404593729652,0.2116980896174503,9000.0,0.47123889803846897,1200.0,0.0,9000.0,1200.0
1769432435.6185884,4.050177097320557,2.128890037536621,5.3339736741120465,0.3974550120990345,0.025322404593729652,0.2116980896174503,9000.0,0.47123889803846897,1200.0,0.0,9000.0,1200.0
1769432435.668559,4.07405424118042,2.097182512283325,5.357594867553447,0.39810615913914743,0.02506583839377607,0.21310369852784095,9000.0,0.47123889803846897,1200.0,0.0,9000.0,1200.0
1769432435.718558,4.07405424118042,2.097182512283325,5.357594867553447,0.39810615913914743,0.02506583839377607,0.21310369852784095,9000.0,0.47123889803846897,1200.0,0.0,9000.0,1200.0
1769432435.7685602,4.100381851196289,2.0669054985046387,5.3778621956007955,0.39857424519395235,0.024704288058521453,0.21387564994086875,9000.0,0.47123889803846897,1200.0,0.0,9000.0,1200.0
1769432435.8185694,4.100381851196289,2.0669054985046387,5.3778621956007955,0.39857424519395235,0.024704288058521453,0.21387564994086875,9000.0,0.47123889803846897,1200.0,0.0,9000.0,1200.0
1769432435.8684905,4.127157211303711,2.0369415283203125,5.403256452731682,0.3988868896093473,0.02438993206223128,0.21729785525198078,9000.0,0.47123889803846897,1200.0,0.0,9000.0,1200.0
1769432435.9186113,4.127157211303711,2.0369415283203125,5.403256452731682,0.3988868896093473,0.02438993206223128,0.21729785525198078,9000.0,0.47123889803846897,1200.0,0.0,9000.0,1200.0
1769432435.9685078,4.155742168426514,2.0080082416534424,5.425183098105958,0.39917740539881935,0.024559276720931975,0.2200660247455326,9000.0,0.47123889803846897,1200.0,0.0,9000.0,1200.0
1769432436.0186133,4.155742168426514,2.0080082416534424,5.425183098105958,0.39917740539881935,0.024559276720931975,0.2200660247455326,9000.0,0.47123889803846897,1200.0,0.0,9000.0,1200.0
1769432436.0685112,4.184011936187744,1.9791513681411743,5.444537663488089,0.39947945631981674,0.0249325392419964,0.2194099066329425,9000.0,0.47123889803846897,1200.0,0.0,9000.0,1200.0
1769432436.118625,4.184011936187744,1.9791513681411743,5.444537663488089,0.39947945631981674,0.0249325392419964,0.2194099066329425,9000.0,0.47123889803846897,1200.0,0.0,9000.0,1200.0
1769432436.1685004,4.213634967803955,1.9507557153701782,5.4695510761848904,0.39997359418241213,0.02548541050387876,0.22059674751953645,9000.0,0.47123889803846897,1200.0,0.0,9000.0,1200.0
1769432436.2185884,4.213634967803955,1.9507557153701782,5.4695510761848904,0.39997359418241213,0.02548541050387876,0.22059674751953645,9000.0,0.47123889803846897,1200.0,0.0,9000.0,1200.0
1769432436.2685764,4.242435455322266,1.922560691833496,5.490787202263748,0.40051547594506887,0.025684077002827165,0.2210812454125755,9000.0,0.47123889803846897,1200.0,0.0,9000.0,1200.0
1769432436.3184917,4.242435455322266,1.922560691833496,5.490787202263748,0.40051547594506887,0.025684077002827165,0.2210812454125755,9000.0,0.47123889803846897,1200.0,0.0,9000.0,1200.0
1769432436.3685913,4.271667003631592,1.895241379737854,5.514673342016378,0.40091251632900826,0.025371606956788934,0.22257832414144985,9000.0,0.47123889803846897,1200.0,0.0,9000.0,1200.0
1769432436.4185996,4.271667003631592,1.895241379737854,5.514673342016378,0.40091251632900826,0.025371606956788934,0.22257832414144985,9000.0,0.47123889803846897,1200.0,0.0,9000.0,1200.0
1769432436.4685252,4.301486968994141,1.8687101602554321,5.533641720580514,0.4010607619330716,0.024641176009778727,0.22110857370162204,9000.0,0.47123889803846897,1200.0,0.0,9000.0,1200.0
1769432436.5185926,4.301486968994141,1.8687101602554321,5.533641720580514,0.4010607619330716,0.024641176009778727,0.22110857370162204,9000.0,0.47123889803846897,1200.0,0.0,9000.0,1200.0
1769432436.568534,4.333054542541504,1.8433698415756226,5.558738301619955,0.40107444882776966,0.02403652157056552,0.22186812799748035,9000.0,0.47123889803846897,1200.0,0.0,9000.0,1200.0
1769432436.618607,4.333054542541504,1.8433698415756226,5.558738301619955,0.40107444882776966,0.02403652157056552,0.22186812799748035,9000.0,0.47123889803846897,1200.0,0.0,9000.0,1200.0
1769432436.6685286,4.365448951721191,1.819213628768921,5.579705565454652,0.40099838589183306,0.023940838648888258,0.22190527496622303,9000.0,0.47123889803846897,1200.0,0.0,9000.0,1200.0
1769432436.7186477,4.365448951721191,1.819213628768921,5.579705565454652,0.40099838589183306,0.023940838648888258,0.22190527496622303,9000.0,0.47123889803846897,1200.0,0.0,9000.0,1200.0
1769432436.7685266,4.398324489593506,1.7953704595565796,5.5986117709959204,0.4009608601967527,0.024319652834841284,0.2191737990050423,9000.0,0.47123889803846897,1200.0,0.0,9000.0,1200.0
1769432436.8185563,4.398324489593506,1.7953704595565796,5.5986117709959204,0.4009608601967527,0.024319652834841284,0.2191737990050423,9000.0,0.47123889803846897,1200.0,0.0,9000.0,1200.0
1769432436.868567,4.431066513061523,1.7717453241348267,5.621371138713537,0.4009784829793754,0.024786637427592184,0.21758493651626776,9000.0,0.47123889803846897,1200.0,0.0,9000.0,1200.0
1769432436.918656,4.431066513061523,1.7717453241348267,5.621371138713537,0.4009784829793754,0.024786637427592184,0.21758493651626776,9000.0,0.47123889803846897,1200.0,0.0,9000.0,1200.0
1769432436.9685256,4.463592529296875,1.7488116025924683,5.639554162937765,0.40088031297069765,0.02500070644439248,0.2141552780158628,9000.0,0.47123889803846897,1200.0,0.0,9000.0,1200.0
1769432437.0186443,4.463592529296875,1.7488116025924683,5.639554162937765,0.40088031297069765,0.02500070644439248,0.2141552780158628,9000.0,0.47123889803846897,1200.0,0.0,9000.0,1200.0
1769432437.068602,4.496824741363525,1.7261550426483154,5.65946347153072,0.40075963694856115,0.02484299192592687,0.21055994869691222,9000.0,0.47123889803846897,1200.0,0.0,9000.0,1200.0
1769432437.1186159,4.496824741363525,1.7261550426483154,5.65946347153072,0.40075963694856115,0.02484299192592687,0.21055994869691222,9000.0,0.47123889803846897,1200.0,0.0,9000.0,1200.0
1769432437.1685581,4.530467987060547,1.7048968076705933,5.677390273512097,0.40049508682570323,0.024529814007166417,0.20601198057606465,9000.0,0.47123889803846897,1200.0,0.0,9000.0,1200.0
1769432437.2185743,4.530467987060547,1.7048968076705933,5.677390273512097,0.40049508682570323,0.024529814007166417,0.20601198057606465,9000.0,0.47123889803846897,1200.0,0.0,9000.0,1200.0
1769432437.2685494,4.5647807121276855,1.6840871572494507,5.696418010454284,0.4001848519575548,0.024209631238236527,0.20194263445170632,9000.0,0.47123889803846897,1200.0,0.0,9000.0,1200.0
1769432437.3185997,4.5647807121276855,1.6840871572494507,5.696418010454284,0.4001848519575548,0.024209631238236527,0.20194263445170632,9000.0,0.47123889803846897,1200.0,0.0,9000.0,1200.0
1769432437.3685286,4.600083351135254,1.6641690731048584,5.710834148187222,0.39999280115636027,0.024158291354927617,0.19520614713772003,9000.0,0.47123889803846897,1200.0,0.0,9000.0,1200.0
1769432437.4185896,4.600083351135254,1.6641690731048584,5.710834148187222,0.39999280115636027,0.024158291354927617,0.19520614713772003,9000.0,0.47123889803846897,1200.0,0.0,9000.0,1200.0
1769432437.4685464,4.6361589431762695,1.6454323530197144,5.725539900435321,0.39995675163540256,0.02467660753707581,0.18689755979161998,9000.0,0.47123889803846897,1200.0,0.0,9000.0,1200.0
1769432437.5185976,4.6361589431762695,1.6454323530197144,5.725539900435321,0.39995675163540256,0.02467660753707581,0.18689755979161998,9000.0,0.47123889803846897,1200.0,0.0,9000.0,1200.0
1769432437.5685537,4.67105770111084,1.6272308826446533,5.751721768856618,0.3997391239659445,0.025411211688768517,0.18765026862120024,9000.0,0.47123889803846897,1200.0,0.0,9000.0,1200.0
1769432437.61866,4.67105770111084,1.6272308826446533,5.751721768856618,0.3997391239659445,0.025411211688768517,0.18765026862120024,9000.0,0.47123889803846897,1200.0,0.0,9000.0,1200.0
1769432437.6684785,4.706571578979492,1.6085309982299805,5.77148811202059,0.39950766372815005,0.025887245142638213,0.19108726396287948,9000.0,0.47123889803846897,1200.0,0.0,9000.0,1200.0
1769432437.7185483,4.706571578979492,1.6085309982299805,5.77148811202059,0.39950766372815005,0.025887245142638213,0.19108726396287948,9000.0,0.47123889803846897,1200.0,0.0,9000.0,1200.0
1769432437.7685242,4.742229461669922,1.590829849243164,5.790884061270558,0.39924577294814906,0.025979066727459692,0.19394679677879703,9000.0,0.47123889803846897,1200.0,0.0,9000.0,1200.0
1769432437.8186316,4.742229461669922,1.590829849243164,5.790884061270558,0.39924577294814906,0.025979066727459692,0.19394679677879703,9000.0,0.47123889803846897,1200.0,0.0,9000.0,1200.0
1769432437.868545,4.778420925140381,1.5737370252609253,5.810302663315525,0.3990144073962966,0.025721721349997968,0.1954609829495592,9000.0,0.47123889803846897,1200.0,0.0,9000.0,1200.0
1769432437.918615,4.778420925140381,1.5737370252609253,5.810302663315525,0.3990144073962966,0.025721721349997968,0.1954609829495592,9000.0,0.47123889803846897,1200.0,0.0,9000.0,1200.0
1769432437.9685502,4.815317630767822,1.5579267740249634,5.829816491654162,0.39884470572654385,0.025429498116874824,0.1959747995736524,9000.0,0.47123889803846897,1200.0,0.0,9000.0,1200.0
1769432438.018645,4.815317630767822,1.5579267740249634,5.829816491654162,0.39884470572654385,0.025429498116874824,0.1959747995736524,9000.0,0.47123889803846897,1200.0,0.0,9000.0,1200.0
1769432438.0685236,4.852179050445557,1.5432099103927612,5.84710349999575,0.3985680493984347,0.025301150032094273,0.19418738469176183,9000.0,0.47123889803846897,1200.0,0.0,9000.0,1200.0
1769432438.1186836,4.852179050445557,1.5432099103927612,5.84710349999575,0.3985680493984347,0.025301150032094273,0.19418738469176183,9000.0,0.47123889803846897,1200.0,0.0,9000.0,1200.0
1769432438.1685333,4.890196800231934,1.5291932821273804,5.868077964313833,0.3984262259974851,0.02552932412649893,0.19383031742092438,9000.0,0.47123889803846897,1200.0,0.0,9000.0,1200.0
1769432438.2185714,4.890196800231934,1.5291932821273804,5.868077964313833,0.3984262259974851,0.02552932412649893,0.19383031742092438,9000.0,0.47123889803846897,1200.0,0.0,9000.0,1200.0
1769432438.268549,4.928175926208496,1.5151796340942383,5.888279548551835,0.3985269402952651,0.025847115129486856,0.19462604445969414,9000.0,0.47123889803846897,1200.0,0.0,9000.0,1200.0
1769432438.3185916,4.928175926208496,1.5151796340942383,5.888279548551835,0.3985269402952651,0.025847115129486856,0.19462604445969414,9000.0,0.47123889803846897,1200.0,0.0,9000.0,1200.0
1769432438.3686535,4.965960502624512,1.502031922340393,5.910347468189313,0.3987026403677299,0.026060635667725558,0.19740671531457377,9000.0,0.47123889803846897,1200.0,0.0,9000.0,1200.0
1769432438.418698,4.965960502624512,1.502031922340393,5.910347468189313,0.3987026403677299,0.026060635667725558,0.19740671531457377,9000.0,0.47123889803846897,1200.0,0.0,9000.0,1200.0
1769432438.4685857,5.003745079040527,1.4896751642227173,5.933409076469869,0.3987720610428362,0.026055023046428358,0.2020774221401285,9000.0,0.47123889803846897,1200.0,0.0,9000.0,1200.0
1769432438.518711,5.003745079040527,1.4896751642227173,5.933409076469869,0.3987720610428362,0.026055023046428358,0.2020774221401285,9000.0,0.47123889803846897,1200.0,0.0,9000.0,1200.0
1769432438.5686238,5.042485237121582,1.4768285751342773,5.955423881847327,0.39908450733829465,0.02554668993997555,0.20664245800895067,9000.0,0.47123889803846897,1200.0,0.0,9000.0,1200.0
1769432438.6185944,5.042485237121582,1.4768285751342773,5.955423881847327,0.39908450733829465,0.02554668993997555,0.20664245800895067,9000.0,0.47123889803846897,1200.0,0.0,9000.0,1200.0
1769432438.6686523,5.080699443817139,1.4663722515106201,5.97314948599992,0.3992553077369806,0.024893558014347093,0.20692665611487765,9000.0,0.47123889803846897,1200.0,0.0,9000.0,1200.0
1769432438.718641,5.080699443817139,1.4663722515106201,5.97314948599992,0.3992553077369806,0.024893558014347093,0.20692665611487765,9000.0,0.47123889803846897,1200.0,0.0,9000.0,1200.0
1769432438.768611,5.1196722984313965,1.4570209980010986,5.9935913121126765,0.399276932354262,0.024469927787868353,0.20583614198123112,9000.0,0.47123889803846897,1200.0,0.0,9000.0,1200.0
1769432438.818649,5.1196722984313965,1.4570209980010986,5.9935913121126765,0.399276932354262,0.024469927787868353,0.20583614198123112,9000.0,0.47123889803846897,1200.0,0.0,9000.0,1200.0
1769432438.8686268,5.158952713012695,1.4489357471466064,6.0112638360684345,0.39916678544751805,0.024565120941504908,0.2025935613157999,9000.0,0.47123889803846897,1200.0,0.0,9000.0,1200.0
1769432438.918588,5.158952713012695,1.4489357471466064,6.0112638360684345,0.39916678544751805,0.024565120941504908,0.2025935613157999,9000.0,0.47123889803846897,1200.0,0.0,9000.0,1200.0
1769432438.968517,5.198709964752197,1.4411652088165283,6.032514538466624,0.39912680248056415,0.025084605020159006,0.20098792457047684,9000.0,0.47123889803846897,1200.0,0.0,9000.0,1200.0
1769432439.0185933,5.198709964752197,1.4411652088165283,6.032514538466624,0.39912680248056415,0.025084605020159006,0.20098792457047684,9000.0,0.47123889803846897,1200.0,0.0,9000.0,1200.0
1769432439.0684485,5.237670421600342,1.4333285093307495,6.050859101968939,0.39901714184841797,0.025522418051249628,0.19907373821502372,9000.0,0.47123889803846897,1200.0,0.0,9000.0,1200.0
1769432439.1186256,5.237670421600342,1.4333285093307495,6.050859101968939,0.39901714184841797,0.025522418051249628,0.19907373821502372,9000.0,0.47123889803846897,1200.0,0.0,9000.0,1200.0
1769432439.168529,5.276891231536865,1.4270470142364502,6.069783212105486,0.3987662962508615,0.02593566365851697,0.1971380940186994,9000.0,0.47123889803846897,1200.0,0.0,9000.0,1200.0
1769432439.2186873,5.276891231536865,1.4270470142364502,6.069783212105486,0.3987662962508615,0.02593566365851697,0.1971380940186994,9000.0,0.47123889803846897,1200.0,0.0,9000.0,1200.0
1769432439.268563,5.3155517578125,1.4199830293655396,6.097061053615611,0.3983280405639322,0.025775695110591225,0.20195293736483746,9000.0,0.47123889803846897,1200.0,0.0,9000.0,1200.0
1769432439.3185785,5.3155517578125,1.4199830293655396,6.097061053615611,0.3983280405639322,0.025775695110591225,0.20195293736483746,9000.0,0.47123889803846897,1200.0,0.0,9000.0,1200.0
1769432439.3685572,5.356194972991943,1.4146537780761719,6.11902571947203,0.3982120781268859,0.025377021296931757,0.2077610380736021,9000.0,0.47123889803846897,1200.0,0.0,9000.0,1200.0
1769432439.4186223,5.356194972991943,1.4146537780761719,6.11902571947203,0.3982120781268859,0.025377021296931757,0.2077610380736021,9000.0,0.47123889803846897,1200.0,0.0,9000.0,1200.0
1769432439.4685223,5.396269798278809,1.4105299711227417,6.1433876408469965,0.39832619636995975,0.024951215366497435,0.21414090314529927,9000.0,0.47123889803846897,1200.0,0.0,9000.0,1200.0
1769432439.5186076,5.396269798278809,1.4105299711227417,6.1433876408469965,0.39832619636995975,0.024951215366497435,0.21414090314529927,9000.0,0.47123889803846897,1200.0,0.0,9000.0,1200.0
1769432439.5686378,5.435791015625,1.408381462097168,6.16412602715521,0.3983009082642562,0.024884346613602018,0.21740554070276874,9000.0,0.47123889803846897,1200.0,0.0,9000.0,1200.0
1769432439.6185937,5.435791015625,1.408381462097168,6.16412602715521,0.3983009082642562,0.024884346613602018,0.21740554070276874,9000.0,0.47123889803846897,1200.0,0.0,9000.0,1200.0
1769432439.6685927,5.477285861968994,1.405847430229187,6.184819366250435,0.39871494742702906,0.025012641692164942,0.21768393798762117,9000.0,0.47123889803846897,1200.0,0.0,9000.0,1200.0
1769432439.7185693,5.477285861968994,1.405847430229187,6.184819366250435,0.39871494742702906,0.025012641692164942,0.21768393798762117,9000.0,0.47123889803846897,1200.0,0.0,9000.0,1200.0
1769432439.7685146,5.518010139465332,1.404175043106079,6.210442945311567,0.3994450530397703,0.025125312671681607,0.2201268536836094,9000.0,0.47123889803846897,1200.0,0.0,9000.0,1200.0
1769432439.8185687,5.518010139465332,1.404175043106079,6.210442945311567,0.3994450530397703,0.025125312671681607,0.2201268536836094,9000.0,0.47123889803846897,1200.0,0.0,9000.0,1200.0
1769432439.8686411,5.55747127532959,1.4032256603240967,6.2298553310696665,0.3999458712034519,0.02500419014655899,0.22001581713732463,9000.0,0.47123889803846897,1200.0,0.0,9000.0,1200.0
1769432439.918617,5.55747127532959,1.4032256603240967,6.2298553310696665,0.3999458712034519,0.02500419014655899,0.22001581713732463,9000.0,0.47123889803846897,1200.0,0.0,9000.0,1200.0
1769432439.9686053,5.597991943359375,1.40300452709198,6.250656698788779,0.4003678298210325,0.02464308530547079,0.21839329612557237,9000.0,0.47123889803846897,1200.0,0.0,9000.0,1200.0
1769432440.0186605,5.597991943359375,1.40300452709198,6.250656698788779,0.4003678298210325,0.02464308530547079,0.21839329612557237,9000.0,0.47123889803846897,1200.0,0.0,9000.0,1200.0
1769432440.0685678,5.6366705894470215,1.403380036354065,6.276931076609308,0.40019232433470403,0.023916018305261653,0.2205637258176314,9000.0,0.47123889803846897,1200.0,0.0,9000.0,1200.0
1769432440.118605,5.6366705894470215,1.403380036354065,6.276931076609308,0.40019232433470403,0.023916018305261653,0.2205637258176314,9000.0,0.47123889803846897,1200.0,0.0,9000.0,1200.0
1769432440.168651,5.677579402923584,1.4056535959243774,6.297946590221856,0.40000115074313153,0.02329396667513161,0.22190583858791266,9000.0,0.47123889803846897,1200.0,0.0,9000.0,1200.0
1769432440.2186584,5.677579402923584,1.4056535959243774,6.297946590221856,0.40000115074313153,0.02329396667513161,0.22190583858791266,9000.0,0.47123889803846897,1200.0,0.0,9000.0,1200.0
1769432440.2685907,5.7191081047058105,1.4088163375854492,6.320827111184721,0.4002963081312772,0.022968089162644128,0.2230272681151966,9000.0,0.47123889803846897,1200.0,0.0,9000.0,1200.0
1769432440.3186562,5.7191081047058105,1.4088163375854492,6.320827111184721,0.4002963081312772,0.022968089162644128,0.2230272681151966,9000.0,0.47123889803846897,1200.0,0.0,9000.0,1200.0
1769432440.36854,5.760237693786621,1.413285493850708,6.342745863648807,0.4010378645165795,0.023060698263277713,0.22329395752378314,9000.0,0.47123889803846897,1200.0,0.0,9000.0,1200.0
1769432440.418587,5.760237693786621,1.413285493850708,6.342745863648807,0.4010378645165795,0.023060698263277713,0.22329395752378314,9000.0,0.47123889803846897,1200.0,0.0,9000.0,1200.0
1769432440.4685528,5.800586700439453,1.417544960975647,6.367412910684492,0.40192436563424455,0.023140109286464528,0.22508462440026625,9000.0,0.47123889803846897,1200.0,0.0,9000.0,1200.0
1769432440.518588,5.800586700439453,1.417544960975647,6.367412910684492,0.40192436563424455,0.023140109286464528,0.22508462440026625,9000.0,0.47123889803846897,1200.0,0.0,9000.0,1200.0
1769432440.5684881,5.839550018310547,1.4222551584243774,6.37613347534498,0.4023461031964195,0.022932268838848496,0.21569195005405728,9000.0,0.47123889803846897,1200.0,0.0,9000.0,1200.0
1769432440.6186104,5.839550018310547,1.4222551584243774,6.37613347534498,0.4023461031964195,0.022932268838848496,0.21569195005405728,9000.0,0.47123889803846897,1200.0,0.0,9000.0,1200.0
1769432440.6684628,5.878990650177002,1.4276372194290161,6.392089373475594,0.4023030867736789,0.022425249140075577,0.20315233987970951,9000.0,0.47123889803846897,1200.0,0.0,9000.0,1200.0
1769432440.7185147,5.878990650177002,1.4276372194290161,6.392089373475594,0.4023030867736789,0.022425249140075577,0.20315233987970951,9000.0,0.47123889803846897,1200.0,0.0,9000.0,1200.0
1769432440.768607,5.9188551902771,1.4360156059265137,6.428604392178659,0.4020717311056011,0.022366493085848496,0.20788965923249703,9000.0,0.47123889803846897,1200.0,0.0,9000.0,1200.0
1769432440.8186476,5.9188551902771,1.4360156059265137,6.428604392178659,0.4020717311056011,0.022366493085848496,0.20788965923249703,9000.0,0.47123889803846897,1200.0,0.0,9000.0,1200.0
1769432440.8686445,5.958309173583984,1.4432567358016968,6.438275469536068,0.4017435027697689,0.022351126755124115,0.2061266859489908,9000.0,0.47123889803846897,1200.0,0.0,9000.0,1200.0
1769432440.9186597,5.958309173583984,1.4432567358016968,6.438275469536068,0.4017435027697689,0.022351126755124115,0.2061266859489908,9000.0,0.47123889803846897,1200.0,0.0,9000.0,1200.0
1769432440.9686618,5.9985671043396,1.4521417617797852,6.460318236003222,0.40171596256819353,0.022464834964629938,0.2046484414396926,9000.0,0.47123889803846897,1200.0,0.0,9000.0,1200.0
1769432441.01865,5.9985671043396,1.4521417617797852,6.460318236003222,0.40171596256819353,0.022464834964629938,0.2046484414396926,9000.0,0.47123889803846897,1200.0,0.0,9000.0,1200.0
1769432441.0686002,6.038364887237549,1.4618734121322632,6.478701806283141,0.4019986872529475,0.022729500735242606,0.20224255646434336,9000.0,0.47123889803846897,1200.0,0.0,9000.0,1200.0
1769432441.1186612,6.038364887237549,1.4618734121322632,6.478701806283141,0.4019986872529475,0.022729500735242606,0.20224255646434336,9000.0,0.47123889803846897,1200.0,0.0,9000.0,1200.0
1769432441.1686313,6.077443838119507,1.4721306562423706,6.501030495855124,0.4023639574511588,0.023037112033674256,0.20230577502237812,9000.0,0.47123889803846897,1200.0,0.0,9000.0,1200.0
1769432441.2186892,6.077443838119507,1.4721306562423706,6.501030495855124,0.4023639574511588,0.023037112033674256,0.20230577502237812,9000.0,0.47123889803846897,1200.0,0.0,9000.0,1200.0
1769432441.2686453,6.117026329040527,1.4833779335021973,6.522844282213865,0.402907890970237,0.023351168627356107,0.2041893378405612,9000.0,0.47123889803846897,1200.0,0.0,9000.0,1200.0
1769432441.3186646,6.117026329040527,1.4833779335021973,6.522844282213865,0.402907890970237,0.023351168627356107,0.2041893378405612,9000.0,0.47123889803846897,1200.0,0.0,9000.0,1200.0
1769432441.3684857,6.155060052871704,1.4950217008590698,6.542770894690735,0.403180406769596,0.02356274797754056,0.20532767021969345,9000.0,0.47123889803846897,1200.0,0.0,9000.0,1200.0
1769432441.418552,6.155060052871704,1.4950217008590698,6.542770894690735,0.403180406769596,0.02356274797754056,0.20532767021969345,9000.0,0.47123889803846897,1200.0,0.0,9000.0,1200.0
1769432441.4686372,6.193317890167236,1.5077255964279175,6.56252500258918,0.40320830192341167,0.023717941958271888,0.20518394800760434,9000.0,0.47123889803846897,1200.0,0.0,9000.0,1200.0
1769432441.5186803,6.193317890167236,1.5077255964279175,6.56252500258918,0.40320830192341167,0.023717941958271888,0.20518394800760434,9000.0,0.47123889803846897,1200.0,0.0,9000.0,1200.0
1769432441.5685148,6.2325758934021,1.5212681293487549,6.586102617606744,0.4034637036060656,0.023776473992845566,0.2071866838998692,9000.0,0.47123889803846897,1200.0,0.0,9000.0,1200.0
1769432441.618664,6.2325758934021,1.5212681293487549,6.586102617606744,0.4034637036060656,0.023776473992845566,0.2071866838998692,9000.0,0.47123889803846897,1200.0,0.0,9000.0,1200.0
1769432441.6685402,6.270193815231323,1.5359394550323486,6.60548866978004,0.4036655256722971,0.02391365259660306,0.2078042834258365,9000.0,0.47123889803846897,1200.0,0.0,9000.0,1200.0
1769432441.7186403,6.270193815231323,1.5359394550323486,6.60548866978004,0.4036655256722971,0.02391365259660306,0.2078042834258365,9000.0,0.47123889803846897,1200.0,0.0,9000.0,1200.0
1769432441.7685382,6.3085291385650635,1.5512553453445435,6.624842844037151,0.4040377659666494,0.02407617952054635,0.20670992055173815,9000.0,0.47123889803846897,1200.0,0.0,9000.0,1200.0
1769432441.8185737,6.3085291385650635,1.5512553453445435,6.624842844037151,0.4040377659666494,0.02407617952054635,0.20670992055173815,9000.0,0.47123889803846897,1200.0,0.0,9000.0,1200.0
1769432441.8684464,6.3461315631866455,1.5675406455993652,6.64431764590443,0.4044994154316825,0.024324727478847095,0.2047207341940423,9000.0,0.47123889803846897,1200.0,0.0,9000.0,1200.0
1769432441.9184763,6.3461315631866455,1.5675406455993652,6.64431764590443,0.4044994154316825,0.024324727478847095,0.2047207341940423,9000.0,0.47123889803846897,1200.0,0.0,9000.0,1200.0
1769432441.968619,6.38253927230835,1.5842379331588745,6.668827161697283,0.40469695635569986,0.024607237051929576,0.20652886171967982,9000.0,0.47123889803846897,1200.0,0.0,9000.0,1200.0
1769432442.01862,6.38253927230835,1.5842379331588745,6.668827161697283,0.40469695635569986,0.024607237051929576,0.20652886171967982,8000.0,0.41887902047863906,1200.0,0.0,8000.0,1200.0
1769432442.068608,6.419504165649414,1.6022014617919922,6.693626407110308,0.4048633514841179,0.024940114008689656,0.21174813136110343,7000.0,0.36651914291880916,1200.0,0.0,7000.0,1200.0
1769432442.118667,6.419504165649414,1.6022014617919922,6.693626407110308,0.4048633514841179,0.024940114008689656,0.21174813136110343,6000.0,0.31415926535897926,1200.0,0.0,6000.0,1200.0
1769432442.1686165,6.455483436584473,1.6203229427337646,6.710641119504565,0.40485057339896496,0.025170968651522133,0.2123080447224579,5000.0,0.2617993877991494,1200.0,0.0,5000.0,1200.0
1769432442.218653,6.455483436584473,1.6203229427337646,6.710641119504565,0.40485057339896496,0.025170968651522133,0.2123080447224579,4000.0,0.20943951023931953,1200.0,0.0,4000.0,1200.0
1769432442.268542,6.491552352905273,1.6393252611160278,6.73651969789459,0.40479981603256704,0.02522674026079509,0.2151235269718819,3000.0,0.15707963267948963,1200.0,0.0,3000.0,1200.0
1769432442.3186262,6.491552352905273,1.6393252611160278,6.73651969789459,0.40479981603256704,0.02522674026079509,0.2151235269718819,2000.0,0.10471975511965977,1200.0,0.0,2000.0,1200.0
1769432442.3685932,6.527312994003296,1.6586090326309204,6.753922548812971,0.40474982707605184,0.02495803088427963,0.21406458268180625,1000.0,0.05235987755982988,1200.0,0.0,1000.0,1200.0
1769432442.4186385,6.527312994003296,1.6586090326309204,6.753922548812971,0.40474982707605184,0.02495803088427963,0.21406458268180625,0.0,0.0,1200.0,0.0,0.0,1200.0
1769432442.468528,6.563101291656494,1.6798464059829712,6.778049776646638,0.4049916048849552,0.024682555199150438,0.21464105927323668,0.0,0.0,1200.0,0.0,0.0,1200.0
1769432442.5186553,6.563101291656494,1.6798464059829712,6.778049776646638,0.4049916048849552,0.024682555199150438,0.21464105927323668,0.0,0.0,1200.0,0.0,0.0,1200.0
1769432442.5685873,6.598002910614014,1.7011818885803223,6.794949139872753,0.40536836319843805,0.024403994649687514,0.21179939429322503,0.0,0.0,1200.0,0.0,0.0,1200.0
1769432442.6186688,6.598002910614014,1.7011818885803223,6.794949139872753,0.40536836319843805,0.024403994649687514,0.21179939429322503,0.0,0.0,1200.0,0.0,0.0,1200.0
1769432442.6686087,6.633063554763794,1.7232543230056763,6.8091259784527125,0.40595127415862364,0.024101237829446353,0.20384645697213333,0.0,0.0,1200.0,0.0,0.0,1200.0
1769432442.7185729,6.633063554763794,1.7232543230056763,6.8091259784527125,0.40595127415862364,0.024101237829446353,0.20384645697213333,0.0,0.0,1200.0,0.0,0.0,1200.0
1769432442.7685802,6.667224645614624,1.7463001012802124,6.820147548934563,0.4066038748559979,0.023987664614926008,0.19069920354198963,0.0,0.0,1200.0,0.0,0.0,1200.0
1769432442.8185604,6.667224645614624,1.7463001012802124,6.820147548934563,0.4066038748559979,0.023987664614926008,0.19069920354198963,0.0,0.0,1200.0,0.0,0.0,1200.0
1769432442.868518,6.700063943862915,1.7697809934616089,6.8199195978453275,0.4069403507975043,0.02431489539260223,0.1667636974067036,0.0,0.0,1200.0,0.0,0.0,1200.0
1769432442.9186006,6.700063943862915,1.7697809934616089,6.8199195978453275,0.4069403507975043,0.02431489539260223,0.1667636974067036,0.0,0.0,1200.0,0.0,0.0,1200.0
1769432442.9684663,6.732616186141968,1.794251561164856,6.81887766945343,0.40695672626620155,0.0253743045556379,0.13653839690556352,0.0,0.0,1200.0,0.0,0.0,1200.0
1769432443.0185986,6.732616186141968,1.794251561164856,6.81887766945343,0.40695672626620155,0.0253743045556379,0.13653839690556352,0.0,0.0,1200.0,0.0,0.0,1200.0
1769432443.0684135,6.765208005905151,1.8188414573669434,6.815875087809928,0.40677594768370257,0.02712984568730809,0.10464753637612098,0.0,0.0,1200.0,0.0,0.0,1200.0
1769432443.1186154,6.765208005905151,1.8188414573669434,6.815875087809928,0.40677594768370257,0.02712984568730809,0.10464753637612098,0.0,0.0,1200.0,0.0,0.0,1200.0
1769432443.168523,6.799303293228149,1.8450804948806763,6.819955270225324,0.40717980265600917,0.02959307959776012,0.08098054721314905,0.0,0.0,1200.0,0.0,0.0,1200.0
1769432443.2186284,6.799303293228149,1.8450804948806763,6.819955270225324,0.40717980265600917,0.02959307959776012,0.08098054721314905,0.0,0.0,1200.0,0.0,0.0,1200.0
1769432443.2686167,6.83216667175293,1.8708772659301758,6.808195270873119,0.40794062439914314,0.0326407166019459,0.05390148800476126,0.0,0.0,1200.0,0.0,0.0,1200.0
1769432443.3185143,6.83216667175293,1.8708772659301758,6.808195270873119,0.40794062439914314,0.0326407166019459,0.05390148800476126,0.0,0.0,1200.0,0.0,0.0,1200.0
1769432443.3685591,6.865196704864502,1.8970592021942139,6.804219173810894,0.40897703132555335,0.036147330898220004,0.03024247628305832,0.0,0.0,1200.0,0.0,0.0,1200.0
1769432443.4185786,6.865196704864502,1.8970592021942139,6.804219173810894,0.40897703132555335,0.036147330898220004,0.03024247628305832,0.0,0.0,1200.0,0.0,0.0,1200.0
1769432443.4686024,6.897590637207031,1.9240838289260864,6.794748922707149,0.41010740847701216,0.04027833010246883,0.0077527061212056166,0.0,0.0,1200.0,0.0,0.0,1200.0
1769432443.518606,6.897590637207031,1.9240838289260864,6.794748922707149,0.41010740847701216,0.04027833010246883,0.0077527061212056166,0.0,0.0,1200.0,0.0,0.0,1200.0
1769432443.5685456,6.929734706878662,1.9499491453170776,6.7858278890733335,0.41093553532412624,0.04465964599120322,-0.01242127705883686,0.0,0.0,1200.0,0.0,0.0,1200.0
1769432443.6186,6.929734706878662,1.9499491453170776,6.7858278890733335,0.41093553532412624,0.04465964599120322,-0.01242127705883686,0.0,0.0,1200.0,0.0,0.0,1200.0
1769432443.6686082,6.963807582855225,1.9772604703903198,6.777677414798799,0.4120815599823275,0.04915490206694137,-0.02880858247652461,0.0,0.0,1200.0,0.0,0.0,1200.0
1769432443.7186818,6.963807582855225,1.9772604703903198,6.777677414798799,0.4120815599823275,0.04915490206694137,-0.02880858247652461,0.0,0.0,1200.0,0.0,0.0,1200.0
1769432443.7686229,6.998007535934448,2.0039703845977783,6.771682427953808,0.41361315753775796,0.053456154167714216,-0.03969018180154122,0.0,0.0,1200.0,0.0,0.0,1200.0
1769432443.81855,6.998007535934448,2.0039703845977783,6.771682427953808,0.41361315753775796,0.053456154167714216,-0.03969018180154122,0.0,0.0,1200.0,0.0,0.0,1200.0
1769432443.8686392,7.031845331192017,2.0296149253845215,6.769773620600634,0.41515080942871396,0.057174888895407214,-0.04294261045155327,0.0,0.0,1200.0,0.0,0.0,1200.0
1769432443.918655,7.031845331192017,2.0296149253845215,6.769773620600634,0.41515080942871396,0.057174888895407214,-0.04294261045155327,0.0,0.0,1200.0,0.0,0.0,1200.0
1769432443.9686363,7.066846609115601,2.0586907863616943,6.763103132322556,0.41733156242605696,0.06101261605494674,-0.04478592455535416,0.0,0.0,1200.0,0.0,0.0,1200.0
1769432444.0186663,7.066846609115601,2.0586907863616943,6.763103132322556,0.41733156242605696,0.06101261605494674,-0.04478592455535416,0.0,0.0,1200.0,0.0,0.0,1200.0
1769432444.068619,7.101449489593506,2.0854291915893555,6.763279138401165,0.4197277552009953,0.0645650904800233,-0.04184702915987174,0.0,0.0,1200.0,0.0,0.0,1200.0
1769432444.1186643,7.101449489593506,2.0854291915893555,6.763279138401165,0.4197277552009953,0.0645650904800233,-0.04184702915987174,0.0,0.0,1200.0,0.0,0.0,1200.0
1769432444.1686072,7.136420488357544,2.1120028495788574,6.753277832876264,0.42210768027067724,0.06758236148050484,-0.04354541753592032,0.0,0.0,1200.0,0.0,0.0,1200.0
1769432444.2186751,7.136420488357544,2.1120028495788574,6.753277832876264,0.42210768027067724,0.06758236148050484,-0.04354541753592032,0.0,0.0,1200.0,0.0,0.0,1200.0
1769432444.2686126,7.17164158821106,2.140720844268799,6.760535537451753,0.42467917707574315,0.07056625089900948,-0.036549342924903104,0.0,0.0,1200.0,0.0,0.0,1200.0
1769432444.318638,7.17164158821106,2.140720844268799,6.760535537451753,0.42467917707574315,0.07056625089900948,-0.036549342924903104,0.0,0.0,1200.0,0.0,0.0,1200.0
1769432444.3685207,7.20705246925354,2.1679399013519287,6.7606208987471135,0.4272511272544311,0.07317885871264634,-0.027489671789431954,0.0,0.0,1200.0,0.0,0.0,1200.0
1769432444.4185798,7.20705246925354,2.1679399013519287,6.7606208987471135,0.4272511272544311,0.07317885871264634,-0.027489671789431954,0.0,0.0,1200.0,0.0,0.0,1200.0
1769432444.4685366,7.244281053543091,2.1946592330932617,6.761152595840291,0.4300865791603376,0.07485564316087348,-0.019213453164833205,0.0,0.0,1200.0,0.0,0.0,1200.0
1769432444.5186048,7.244281053543091,2.1946592330932617,6.761152595840291,0.4300865791603376,0.07485564316087348,-0.019213453164833205,0.0,0.0,1300.0,0.0,0.0,1300.0
1769432444.5685954,7.279515266418457,2.2225751876831055,6.760664990746087,0.4327747198088014,0.07614465894880597,-0.013556942712196561,0.0,0.0,1300.0,0.0,0.0,1300.0
1769432444.6186464,7.279515266418457,2.2225751876831055,6.760664990746087,0.4327747198088014,0.07614465894880597,-0.013556942712196561,0.0,0.0,1300.0,0.0,0.0,1300.0
1769432444.6686215,7.315910577774048,2.2506420612335205,6.759819679404825,0.4354382416283561,0.0771849974841158,-0.010563353047638451,0.0,0.0,1300.0,0.0,0.0,1300.0
1769432444.7186682,7.315910577774048,2.2506420612335205,6.759819679404825,0.4354382416283561,0.0771849974841158,-0.010563353047638451,0.0,0.0,1300.0,0.0,0.0,1300.0
1769432444.7685113,7.352337598800659,2.2799041271209717,6.771012090724609,0.4382468573711809,0.07833682880867794,9.057834794324281e-05,0.0,0.0,1300.0,0.0,0.0,1300.0
1769432444.8185875,7.352337598800659,2.2799041271209717,6.771012090724609,0.4382468573711809,0.07833682880867794,9.057834794324281e-05,0.0,0.0,1300.0,0.0,0.0,1300.0
1769432444.8686273,7.388836145401001,2.3082518577575684,6.774333156593428,0.4410470535290005,0.0793495371752828,0.010668123072955326,0.0,0.0,1300.0,0.0,0.0,1300.0
1769432444.9186382,7.388836145401001,2.3082518577575684,6.774333156593428,0.4410470535290005,0.0793495371752828,0.010668123072955326,0.0,0.0,1300.0,0.0,0.0,1300.0
1769432444.9686074,7.425716161727905,2.3352749347686768,6.782218237810271,0.4436075191524197,0.07959567276022848,0.022046911107754974,0.0,0.0,1300.0,0.0,0.0,1300.0
1769432445.0186436,7.425716161727905,2.3352749347686768,6.782218237810271,0.4436075191524197,0.07959567276022848,0.022046911107754974,0.0,0.0,1300.0,0.0,0.0,1300.0
1769432445.0686405,7.462102651596069,2.364764451980591,6.784441667432198,0.4460638122844153,0.07967784480744657,0.02876339140710283,0.0,0.0,1300.0,0.0,0.0,1300.0
1769432445.1188087,7.462102651596069,2.364764451980591,6.784441667432198,0.4460638122844153,0.07967784480744657,0.02876339140710283,0.0,0.0,1300.0,0.0,0.0,1300.0
1769432445.168539,7.500319957733154,2.393625020980835,6.807922895882012,0.4488580455620597,0.07925539521470781,0.047609927336648664,0.0,0.0,1300.0,0.0,0.0,1300.0
1769432445.2186656,7.500319957733154,2.393625020980835,6.807922895882012,0.4488580455620597,0.07925539521470781,0.047609927336648664,0.0,0.0,1300.0,0.0,0.0,1300.0
1769432445.268586,7.537029504776001,2.424053907394409,6.812308394630607,0.4518390235170169,0.07881701172455985,0.061084590210061934,0.0,0.0,1300.0,0.0,0.0,1300.0
1769432445.318702,7.537029504776001,2.424053907394409,6.812308394630607,0.4518390235170169,0.07881701172455985,0.061084590210061934,0.0,0.0,1300.0,0.0,0.0,1300.0
1769432445.3685508,7.573639154434204,2.4538822174072266,6.817141811382908,0.4547027930454489,0.07829861445869218,0.06646475339200553,0.0,0.0,1300.0,0.0,0.0,1300.0
1769432445.4186838,7.573639154434204,2.4538822174072266,6.817141811382908,0.4547027930454489,0.07829861445869218,0.06646475339200553,0.0,0.0,1300.0,0.0,0.0,1300.0
1769432445.4685326,7.6099677085876465,2.484323501586914,6.825050581524664,0.45730764879561064,0.07781164163694339,0.06853717893749427,0.0,0.0,1300.0,0.0,0.0,1300.0
1769432445.5186343,7.6099677085876465,2.484323501586914,6.825050581524664,0.45730764879561064,0.07781164163694339,0.06853717893749427,0.0,0.0,1300.0,0.0,0.0,1300.0
1769432445.5685287,7.647043466567993,2.5147294998168945,6.828803100881318,0.4597914937517372,0.077192474253749,0.06647968078081398,0.0,0.0,1300.0,0.0,0.0,1300.0
1769432445.618644,7.647043466567993,2.5147294998168945,6.828803100881318,0.4597914937517372,0.077192474253749,0.06647968078081398,0.0,0.0,1300.0,0.0,0.0,1300.0
1769432445.6686106,7.683633804321289,2.545701503753662,6.838514233839415,0.46212479156424063,0.07655010537903274,0.06668496340187369,0.0,0.0,1300.0,0.0,0.0,1300.0
1769432445.7186594,7.683633804321289,2.545701503753662,6.838514233839415,0.46212479156424063,0.07655010537903274,0.06668496340187369,0.0,0.0,1300.0,0.0,0.0,1300.0
1769432445.7685277,7.720716953277588,2.5758979320526123,6.84713719875408,0.46429895272537836,0.07554553649743181,0.06889433229515086,0.0,0.0,1300.0,0.0,0.0,1300.0
1769432445.8186762,7.720716953277588,2.5758979320526123,6.84713719875408,0.46429895272537836,0.07554553649743181,0.06889433229515086,0.0,0.0,1400.0,0.0,0.0,1400.0
1769432445.8685653,7.757291078567505,2.6079835891723633,6.854292364525608,0.46644334051418124,0.07463289928260214,0.0708612731555341,0.0,0.0,1400.0,0.0,0.0,1400.0
1769432445.9186077,7.757291078567505,2.6079835891723633,6.854292364525608,0.46644334051418124,0.07463289928260214,0.0708612731555341,0.0,0.0,1400.0,0.0,0.0,1400.0
1769432445.968553,7.793458700180054,2.6391305923461914,6.862124264913048,0.4682970957860538,0.07369347606720783,0.072507154058198,0.0,0.0,1400.0,0.0,0.0,1400.0
1769432446.018608,7.793458700180054,2.6391305923461914,6.862124264913048,0.4682970957860538,0.07369347606720783,0.072507154058198,0.0,0.0,1400.0,0.0,0.0,1400.0
1769432446.0685194,7.830085754394531,2.6715216636657715,6.8646874170784224,0.4701274830331658,0.07289499105257695,0.06970420667856533,0.0,0.0,1400.0,0.0,0.0,1400.0
1769432446.118599,7.830085754394531,2.6715216636657715,6.8646874170784224,0.4701274830331658,0.07289499105257695,0.06970420667856533,0.0,0.0,1400.0,0.0,0.0,1400.0
1769432446.1684456,7.865834474563599,2.7046594619750977,6.871430224180635,0.47186986349850407,0.07255572801790944,0.06681766805443748,0.0,0.0,1400.0,0.0,0.0,1400.0
1769432446.2186716,7.865834474563599,2.7046594619750977,6.871430224180635,0.47186986349850407,0.07255572801790944,0.06681766805443748,0.0,0.0,1400.0,0.0,0.0,1400.0
1769432446.268558,7.90234899520874,2.7384207248687744,6.878922468648274,0.47381632235579535,0.07266325447946703,0.06578702949950488,0.0,0.0,1400.0,0.0,0.0,1400.0
1769432446.3185723,7.90234899520874,2.7384207248687744,6.878922468648274,0.47381632235579535,0.07266325447946703,0.06578702949950488,0.0,0.0,1400.0,0.0,0.0,1400.0
1769432446.3685143,7.937883138656616,2.771221399307251,6.880382009259677,0.47555317425629395,0.07293981059048209,0.06163964615376879,0.0,0.0,1400.0,0.0,0.0,1400.0
1769432446.4186065,7.937883138656616,2.771221399307251,6.880382009259677,0.47555317425629395,0.07293981059048209,0.06163964615376879,0.0,0.0,1400.0,0.0,0.0,1400.0
1769432446.468537,7.974265098571777,2.8041017055511475,6.885862589416351,0.4771575210991429,0.07303286656954289,0.057965144058807136,0.0,0.0,1400.0,0.0,0.0,1400.0
1769432446.5185978,7.974265098571777,2.8041017055511475,6.885862589416351,0.4771575210991429,0.07303286656954289,0.057965144058807136,0.0,0.0,1400.0,0.0,0.0,1400.0
1769432446.568523,8.009633183479309,2.8362743854522705,6.883614740990058,0.4782539115390247,0.07278826353266729,0.04968054935305171,0.0,0.0,1400.0,0.0,0.0,1400.0
1769432446.6186028,8.009633183479309,2.8362743854522705,6.883614740990058,0.4782539115390247,0.07278826353266729,0.04968054935305171,0.0,0.0,1400.0,0.0,0.0,1400.0
1769432446.6685188,8.045804262161255,2.8694560527801514,6.889844769827892,0.47915081314425356,0.07231038166225223,0.04478969517063834,0.0,0.0,1400.0,0.0,0.0,1400.0
1769432446.718601,8.045804262161255,2.8694560527801514,6.889844769827892,0.47915081314425356,0.07231038166225223,0.04478969517063834,0.0,0.0,1400.0,0.0,0.0,1400.0
1769432446.7685113,8.081132888793945,2.903712272644043,6.8909656444641,0.4799593071680947,0.07210377361094998,0.04019565650063959,0.0,0.0,1400.0,0.0,0.0,1400.0
1769432446.8185823,8.081132888793945,2.903712272644043,6.8909656444641,0.4799593071680947,0.07210377361094998,0.04019565650063959,0.0,0.0,1400.0,0.0,0.0,1400.0
1769432446.8685188,8.117270588874817,2.9389877319335938,6.892382708285291,0.4811301893368049,0.072421102418365,0.03560236247552904,0.0,0.0,1400.0,0.0,0.0,1400.0
1769432446.918567,8.117270588874817,2.9389877319335938,6.892382708285291,0.4811301893368049,0.072421102418365,0.03560236247552904,0.0,0.0,1400.0,0.0,0.0,1400.0
1769432446.9685252,8.152618408203125,2.972257614135742,6.889115622917128,0.4821634567739586,0.07284753597891494,0.027622687077864333,0.0,0.0,1400.0,0.0,0.0,1400.0
1769432447.018612,8.152618408203125,2.972257614135742,6.889115622917128,0.4821634567739586,0.07284753597891494,0.027622687077864333,0.0,0.0,1400.0,0.0,0.0,1400.0
1769432447.0685668,8.18759548664093,3.005807876586914,6.89183290268322,0.48280979615402747,0.07331295559201301,0.02219103808683643,0.0,0.0,1400.0,0.0,0.0,1400.0
1769432447.1186442,8.18759548664093,3.005807876586914,6.89183290268322,0.48280979615402747,0.07331295559201301,0.02219103808683643,0.0,0.0,1400.0,0.0,0.0,1400.0
1769432447.1685193,8.223921537399292,3.0407187938690186,6.9001674675446205,0.48363237356830435,0.07382890669202759,0.02450285880400993,0.0,0.0,1400.0,0.0,0.0,1400.0
1769432447.2185707,8.223921537399292,3.0407187938690186,6.9001674675446205,0.48363237356830435,0.07382890669202759,0.02450285880400993,0.0,0.0,1400.0,0.0,0.0,1400.0
1769432447.268519,8.259649991989136,3.077608585357666,6.914268868183417,0.48502452735116297,0.07487745566076887,0.0368622045301978,0.0,0.0,1400.0,0.0,0.0,1400.0
1769432447.3185172,8.259649991989136,3.077608585357666,6.914268868183417,0.48502452735116297,0.07487745566076887,0.0368622045301978,0.0,0.0,1400.0,0.0,0.0,1400.0
1769432447.3685286,8.295398712158203,3.1107704639434814,6.91475123331228,0.48632113866712756,0.07541333172200915,0.04389734907647355,0.0,0.0,1400.0,0.0,0.0,1400.0
1769432447.4186187,8.295398712158203,3.1107704639434814,6.91475123331228,0.48632113866712756,0.07541333172200915,0.04389734907647355,0.0,0.0,1400.0,0.0,0.0,1400.0
1769432447.4685645,8.331750512123108,3.145474433898926,6.923918304982393,0.4876908957543979,0.07528615337479036,0.05035268182668096,0.0,0.0,1400.0,0.0,0.0,1400.0
1769432447.5185926,8.331750512123108,3.145474433898926,6.923918304982393,0.4876908957543979,0.07528615337479036,0.05035268182668096,0.0,0.0,1400.0,0.0,0.0,1400.0
1769432447.5686126,8.365868926048279,3.1816017627716064,6.917335660119468,0.4888065361912155,0.07532178912523335,0.044789779834730245,0.0,0.0,1400.0,0.0,0.0,1400.0
1769432447.6185853,8.365868926048279,3.1816017627716064,6.917335660119468,0.4888065361912155,0.07532178912523335,0.044789779834730245,0.0,0.0,1400.0,0.0,0.0,1400.0
1769432447.6685169,8.401438355445862,3.215398073196411,6.911064259123355,0.4895311479777635,0.0749847461761063,0.030244182986596188,0.0,0.0,1400.0,0.0,0.0,1400.0
1769432447.7185993,8.401438355445862,3.215398073196411,6.911064259123355,0.4895311479777635,0.0749847461761063,0.030244182986596188,0.0,0.0,1400.0,0.0,0.0,1400.0
1769432447.7685268,8.436793684959412,3.2519383430480957,6.917374903984825,0.49030767374971673,0.07490197464968872,0.02227039912585964,0.0,0.0,1400.0,0.0,0.0,1400.0
1769432447.818632,8.436793684959412,3.2519383430480957,6.917374903984825,0.49030767374971673,0.07490197464968872,0.02227039912585964,0.0,0.0,1400.0,0.0,0.0,1400.0
1769432447.8685381,8.471721887588501,3.2880747318267822,6.916459046919602,0.49109918675970227,0.07525329222224361,0.01686769033116101,0.0,0.0,1400.0,0.0,0.0,1400.0
1769432447.918618,8.471721887588501,3.2880747318267822,6.916459046919602,0.49109918675970227,0.07525329222224361,0.01686769033116101,0.0,0.0,1400.0,0.0,0.0,1400.0
1769432447.9686327,8.5070960521698,3.322404384613037,6.914331099660339,0.49163221559757314,0.07546722475529292,0.0114197004645375,0.0,0.0,1400.0,0.0,0.0,1400.0
1769432448.0186362,8.5070960521698,3.322404384613037,6.914331099660339,0.49163221559757314,0.07546722475529292,0.0114197004645375,0.0,0.0,1400.0,0.0,0.0,1400.0
1769432448.0685678,8.542800784111023,3.357290267944336,6.919676187714641,0.49202417842132934,0.07539422878904367,0.011586712884165585,0.0,0.0,1400.0,0.0,0.0,1400.0
1769432448.118584,8.542800784111023,3.357290267944336,6.919676187714641,0.49202417842132934,0.07539422878904367,0.011586712884165585,0.0,0.0,1400.0,0.0,0.0,1400.0
1769432448.1686165,8.57690441608429,3.3949570655822754,6.925353610500919,0.4924592526894896,0.07600610866792863,0.016606844043534436,0.0,0.0,1400.0,0.0,0.0,1400.0
1769432448.2186067,8.57690441608429,3.3949570655822754,6.925353610500919,0.4924592526894896,0.07600610866792863,0.016606844043534436,0.0,0.0,1400.0,0.0,0.0,1400.0
1769432448.2684462,8.61229383945465,3.4321529865264893,6.930119709800016,0.4932513274292765,0.0770991595291047,0.023106551928889975,0.0,0.0,1400.0,0.0,0.0,1400.0
1769432448.3186083,8.61229383945465,3.4321529865264893,6.930119709800016,0.4932513274292765,0.0770991595291047,0.023106551928889975,0.0,0.0,1400.0,0.0,0.0,1400.0
1769432448.3685338,8.647343039512634,3.4695589542388916,6.925041651163577,0.4943972746007163,0.07854636800662605,0.021402476200251177,0.0,0.0,1400.0,0.0,0.0,1400.0
1769432448.4185753,8.647343039512634,3.4695589542388916,6.925041651163577,0.4943972746007163,0.07854636800662605,0.021402476200251177,0.0,0.0,1400.0,0.0,0.0,1400.0
1769432448.4685452,8.683675050735474,3.5046803951263428,6.931898677363421,0.4956722905581528,0.07929729334725329,0.022100489369151672,0.0,0.0,1400.0,0.0,0.0,1400.0
1769432448.5186355,8.683675050735474,3.5046803951263428,6.931898677363421,0.4956722905581528,0.07929729334725329,0.022100489369151672,0.0,0.0,1400.0,0.0,0.0,1400.0
1769432448.5685503,8.718008279800415,3.5396156311035156,6.930153886241776,0.4963732246911073,0.07935753210409748,0.019993853975328817,0.0,0.0,1400.0,0.0,0.0,1400.0
1769432448.6186333,8.718008279800415,3.5396156311035156,6.930153886241776,0.4963732246911073,0.07935753210409748,0.019993853975328817,0.0,0.0,1400.0,0.0,0.0,1400.0
1769432448.6684716,8.753158211708069,3.5771477222442627,6.934890568736416,0.4970088388475861,0.07935571539277517,0.02024145665347917,0.0,0.0,1400.0,0.0,0.0,1400.0
1769432448.718621,8.753158211708069,3.5771477222442627,6.934890568736416,0.4970088388475861,0.07935571539277517,0.02024145665347917,0.0,0.0,1400.0,0.0,0.0,1400.0
1769432448.7685711,8.788200855255127,3.6128599643707275,6.94051230544016,0.49742779280821,0.07905929764237953,0.02378185650968692,0.0,0.0,1400.0,0.0,0.0,1400.0
1769432448.8186142,8.788200855255127,3.6128599643707275,6.94051230544016,0.49742779280821,0.07905929764237953,0.02378185650968692,0.0,0.0,1400.0,0.0,0.0,1400.0
1769432448.8685806,8.823179602622986,3.6479387283325195,6.941506536994266,0.4974734463622276,0.07824811129304188,0.025534839517462427,0.0,0.0,1400.0,0.0,0.0,1400.0
1769432448.9186492,8.823179602622986,3.6479387283325195,6.941506536994266,0.4974734463622276,0.07824811129304188,0.025534839517462427,0.0,0.0,1400.0,0.0,0.0,1400.0
1769432448.9685516,8.857991337776184,3.685563087463379,6.946746427637952,0.4975888666813833,0.07758980353639813,0.02820219993281599,0.0,0.0,1400.0,0.0,0.0,1400.0
1769432449.0186083,8.857991337776184,3.685563087463379,6.946746427637952,0.4975888666813833,0.07758980353639813,0.02820219993281599,0.0,0.0,1400.0,0.0,0.0,1400.0
1769432449.0685441,8.892940163612366,3.724496603012085,6.95010592915852,0.4982743132706565,0.0775992339144962,0.030373930764927205,0.0,0.0,1400.0,0.0,0.0,1400.0
1769432449.1186514,8.892940163612366,3.724496603012085,6.95010592915852,0.4982743132706565,0.0775992339144962,0.030373930764927205,0.0,0.0,1400.0,0.0,0.0,1400.0
1769432449.1685529,8.927542567253113,3.7598724365234375,6.9559567015572465,0.4988140389799801,0.07742632302810178,0.03370094013149012,0.0,0.0,1400.0,0.0,0.0,1400.0
1769432449.2186527,8.927542567253113,3.7598724365234375,6.9559567015572465,0.4988140389799801,0.07742632302810178,0.03370094013149012,0.0,0.0,1400.0,0.0,0.0,1400.0
1769432449.268593,8.962231040000916,3.7971384525299072,6.964005006433648,0.49932329718044144,0.07713447815566969,0.03955508045094195,0.0,0.0,1400.0,0.0,0.0,1400.0
1769432449.3186436,8.962231040000916,3.7971384525299072,6.964005006433648,0.49932329718044144,0.07713447815566969,0.03955508045094195,0.0,0.0,1400.0,0.0,0.0,1400.0
1769432449.368563,8.996045351028442,3.836576461791992,6.976100465300914,0.5000740892684891,0.07736966220269897,0.04990326834383196,0.0,0.0,1400.0,0.0,0.0,1400.0
1769432449.4186761,8.996045351028442,3.836576461791992,6.976100465300914,0.5000740892684891,0.07736966220269897,0.04990326834383196,0.0,0.0,1400.0,0.0,0.0,1400.0
1769432449.4685585,9.031144738197327,3.8704640865325928,6.971967106397332,0.5003504567627067,0.07654187933613496,0.04978367398782611,0.0,0.0,1400.0,0.0,0.0,1400.0
1769432449.5186348,9.031144738197327,3.8704640865325928,6.971967106397332,0.5003504567627067,0.07654187933613496,0.04978367398782611,0.0,0.0,1400.0,0.0,0.0,1400.0
1769432449.5685663,9.065600752830505,3.9079782962799072,6.978423312840473,0.500508003590352,0.07523055585910624,0.04829520829399289,0.0,0.0,1400.0,0.0,0.0,1400.0
1769432449.6186118,9.065600752830505,3.9079782962799072,6.978423312840473,0.500508003590352,0.07523055585910624,0.04829520829399289,0.0,0.0,1400.0,0.0,0.0,1400.0
1769432449.6685655,9.099833130836487,3.9467318058013916,6.989503420782276,0.5009116360071805,0.07406452256374936,0.052004082606363244,0.0,0.0,1400.0,0.0,0.0,1400.0
1769432449.7186227,9.099833130836487,3.9467318058013916,6.989503420782276,0.5009116360071805,0.07406452256374936,0.052004082606363244,0.0,0.0,1400.0,0.0,0.0,1400.0
1769432449.7685316,9.133156895637512,3.9846370220184326,6.992485083039226,0.5012543702255555,0.07317981742376549,0.05366118794222415,0.0,0.0,1400.0,0.0,0.0,1400.0
1769432449.8185432,9.133156895637512,3.9846370220184326,6.992485083039226,0.5012543702255555,0.07317981742376549,0.05366118794222415,0.0,0.0,1400.0,0.0,0.0,1400.0
1769432449.8685482,9.166862487792969,4.022582054138184,6.99620619295566,0.5015689362322042,0.07246244086230375,0.052821019474435085,1000.0,0.05235987755982988,1400.0,0.0,1000.0,1400.0
1769432449.918617,9.166862487792969,4.022582054138184,6.99620619295566,0.5015689362322042,0.07246244086230375,0.052821019474435085,2000.0,0.10471975511965977,1400.0,0.0,2000.0,1400.0
1769432449.9686244,9.200914978981018,4.063510417938232,7.009251305100864,0.502526204050199,0.07238776987129834,0.05780730017349764,2000.0,0.10471975511965977,1400.0,0.0,2000.0,1400.0
1769432450.018617,9.200914978981018,4.063510417938232,7.009251305100864,0.502526204050199,0.07238776987129834,0.05780730017349764,3000.0,0.15707963267948963,1400.0,0.0,3000.0,1400.0
1769432450.0685065,9.23582398891449,4.1005144119262695,7.021688475570432,0.5037231856537596,0.07170921848052499,0.06729884635127666,4000.0,0.20943951023931953,1400.0,0.0,4000.0,1400.0
1769432450.1185563,9.23582398891449,4.1005144119262695,7.021688475570432,0.5037231856537596,0.07170921848052499,0.06729884635127666,4000.0,0.20943951023931953,1400.0,0.0,4000.0,1400.0
1769432450.1685114,9.267801463603973,4.138329982757568,7.019385828564307,0.5043417574861662,0.0707663757447749,0.06677785420102701,5000.0,0.2617993877991494,1400.0,0.0,5000.0,1400.0
1769432450.218509,9.267801463603973,4.138329982757568,7.019385828564307,0.5043417574861662,0.0707663757447749,0.06677785420102701,6000.0,0.31415926535897926,1400.0,0.0,6000.0,1400.0
1769432450.2686048,9.301563739776611,4.176981449127197,7.024665969800489,0.5047611952723358,0.06954660621740914,0.0629134205817301,6000.0,0.31415926535897926,1400.0,0.0,6000.0,1400.0
1769432450.3185883,9.301563739776611,4.176981449127197,7.024665969800489,0.5047611952723358,0.06954660621740914,0.0629134205817301,7000.0,0.36651914291880916,1400.0,0.0,7000.0,1400.0
1769432450.368579,9.331958949565887,4.22944974899292,7.056577684935846,0.5072955566404426,0.07196222195892288,0.07995268598244168,7000.0,0.36651914291880916,1400.0,0.0,7000.0,1400.0
1769432450.4185371,9.331958949565887,4.22944974899292,7.056577684935846,0.5072955566404426,0.07196222195892288,0.07995268598244168,8000.0,0.41887902047863906,1400.0,0.0,8000.0,1400.0
1769432450.4686036,9.362109124660492,4.272913932800293,7.045722935208177,0.5104655583607611,0.07647753673135761,0.08007925603839108,9000.0,0.47123889803846897,1400.0,0.0,9000.0,1400.0
1769432450.5187125,9.362109124660492,4.272913932800293,7.045722935208177,0.5104655583607611,0.07647753673135761,0.08007925603839108,9000.0,0.47123889803846897,1400.0,0.0,9000.0,1400.0
1769432450.5686293,9.395187437534332,4.317636013031006,7.064499234062131,0.5144407880027654,0.08137113004617526,0.08442544815051746,9000.0,0.47123889803846897,1400.0,0.0,9000.0,1400.0
1769432450.618622,9.395187437534332,4.317636013031006,7.064499234062131,0.5144407880027654,0.08137113004617526,0.08442544815051746,9000.0,0.47123889803846897,1400.0,0.0,9000.0,1400.0
1769432450.6685612,9.42537534236908,4.3578996658325195,7.0768140286609444,0.517361928130036,0.08505381883890047,0.09098381464525278,9000.0,0.47123889803846897,1400.0,0.0,9000.0,1400.0
1769432450.7193637,9.42537534236908,4.3578996658325195,7.0768140286609444,0.517361928130036,0.08505381883890047,0.09098381464525278,9000.0,0.47123889803846897,1400.0,0.0,9000.0,1400.0
1769432450.7685268,9.456458687782288,4.398591995239258,7.096518447982671,0.5189450682812147,0.08669313890397866,0.10358661925576901,9000.0,0.47123889803846897,1400.0,0.0,9000.0,1400.0
1769432450.8186958,9.456458687782288,4.398591995239258,7.096518447982671,0.5189450682812147,0.08669313890397866,0.10358661925576901,9000.0,0.47123889803846897,1400.0,0.0,9000.0,1400.0
1769432450.8684754,9.492041051387787,4.438765048980713,7.142289413445033,0.5203355485822924,0.08480015649837334,0.14001633817488615,9000.0,0.47123889803846897,1400.0,0.0,9000.0,1400.0
1769432450.918701,9.492041051387787,4.438765048980713,7.142289413445033,0.5203355485822924,0.08480015649837334,0.14001633817488615,9000.0,0.47123889803846897,1400.0,0.0,9000.0,1400.0
1769432450.9685278,9.523442059755325,4.481000900268555,7.175656630886719,0.5215113375926558,0.0804294770771962,0.18194120580240378,9000.0,0.47123889803846897,1400.0,0.0,9000.0,1400.0
1769432451.0186605,9.523442059755325,4.481000900268555,7.175656630886719,0.5215113375926558,0.0804294770771962,0.18194120580240378,9000.0,0.47123889803846897,1400.0,0.0,9000.0,1400.0
1769432451.068508,9.55022320151329,4.5226545333862305,7.19126814705019,0.5213334195777175,0.07514703199778089,0.20524751959065363,9000.0,0.47123889803846897,1400.0,0.0,9000.0,1400.0
1769432451.1186652,9.55022320151329,4.5226545333862305,7.19126814705019,0.5213334195777175,0.07514703199778089,0.20524751959065363,9000.0,0.47123889803846897,1400.0,0.0,9000.0,1400.0
1769432451.1686337,9.579480797052383,4.564737319946289,7.224134188458088,0.5203651681901643,0.06906394005323624,0.2236688921883873,9000.0,0.47123889803846897,1400.0,0.0,9000.0,1400.0
1769432451.2186475,9.579480797052383,4.564737319946289,7.224134188458088,0.5203651681901643,0.06906394005323624,0.2236688921883873,9000.0,0.47123889803846897,1400.0,0.0,9000.0,1400.0
1769432451.2686138,9.604430675506592,4.605297565460205,7.253803303362565,0.5177687358917298,0.06280254898271986,0.2387244112251219,9000.0,0.47123889803846897,1400.0,0.0,9000.0,1400.0
1769432451.3185284,9.604430675506592,4.605297565460205,7.253803303362565,0.5177687358917298,0.06280254898271986,0.2387244112251219,9000.0,0.47123889803846897,1400.0,0.0,9000.0,1400.0
1769432451.36862,9.631845384836197,4.620370388031006,7.256854408231119,0.5080279292930002,0.05065237426784101,0.23016716442728108,9000.0,0.47123889803846897,1400.0,0.0,9000.0,1400.0
1769432451.4186633,9.631845384836197,4.620370388031006,7.256854408231119,0.5080279292930002,0.05065237426784101,0.23016716442728108,9000.0,0.47123889803846897,1400.0,0.0,9000.0,1400.0
1769432451.4685159,9.656487047672272,4.660388946533203,7.27784736000355,0.49603414048363625,0.0378181266443482,0.21787687004094813,9000.0,0.47123889803846897,1400.0,0.0,9000.0,1400.0
1769432451.518512,9.656487047672272,4.660388946533203,7.27784736000355,0.49603414048363625,0.0378181266443482,0.21787687004094813,9000.0,0.47123889803846897,1400.0,0.0,9000.0,1400.0
1769432451.5685275,9.677416414022446,4.701808929443359,7.303063136302262,0.4843795870887619,0.02787131138516255,0.21261247630456875,9000.0,0.47123889803846897,1400.0,0.0,9000.0,1400.0
1769432451.6185284,9.677416414022446,4.701808929443359,7.303063136302262,0.4843795870887619,0.02787131138516255,0.21261247630456875,9000.0,0.47123889803846897,1400.0,0.0,9000.0,1400.0
1769432451.6684682,9.702822834253311,4.746978282928467,7.376946132391241,0.47641456045752584,0.020957275777704298,0.2525585954562676,9000.0,0.47123889803846897,1400.0,0.0,9000.0,1400.0
1769432451.7185388,9.702822834253311,4.746978282928467,7.376946132391241,0.47641456045752584,0.020957275777704298,0.2525585954562676,9000.0,0.47123889803846897,1400.0,0.0,9000.0,1400.0
1769432451.768521,9.72186267375946,4.788860321044922,7.394711743103762,0.47094835415557307,0.017080254007339687,0.28069734382503786,9000.0,0.47123889803846897,1400.0,0.0,9000.0,1400.0
1769432451.818585,9.72186267375946,4.788860321044922,7.394711743103762,0.47094835415557307,0.017080254007339687,0.28069734382503786,9000.0,0.47123889803846897,1400.0,0.0,9000.0,1400.0
1769432451.868513,9.742527902126312,4.832421779632568,7.448758085393338,0.46802461999648964,0.01497475994828694,0.3142250170661568,9000.0,0.47123889803846897,1400.0,0.0,9000.0,1400.0
1769432451.9186149,9.742527902126312,4.832421779632568,7.448758085393338,0.46802461999648964,0.01497475994828694,0.3142250170661568,9000.0,0.47123889803846897,1400.0,0.0,9000.0,1400.0
1769432451.968518,9.763532608747482,4.876327037811279,7.505062719931109,0.467398997135823,0.012989504970408525,0.3542707329192315,9000.0,0.47123889803846897,1400.0,0.0,9000.0,1400.0
1769432452.018604,9.763532608747482,4.876327037811279,7.505062719931109,0.467398997135823,0.012989504970408525,0.3542707329192315,9000.0,0.47123889803846897,1400.0,0.0,9000.0,1400.0
1769432452.0684571,9.774318546056747,4.918509483337402,7.497271667387065,0.46635899627766664,0.01250936530012194,0.34490020772330404,9000.0,0.47123889803846897,1400.0,0.0,9000.0,1400.0
1769432452.1185863,9.774318546056747,4.918509483337402,7.497271667387065,0.46635899627766664,0.01250936530012194,0.34490020772330404,9000.0,0.47123889803846897,1400.0,0.0,9000.0,1400.0
1769432452.1685357,9.790635570883751,4.962215900421143,7.546704419918479,0.4653848672847784,0.012129895052399326,0.33908922365523925,9000.0,0.47123889803846897,1400.0,0.0,9000.0,1400.0
1769432452.2185879,9.790635570883751,4.962215900421143,7.546704419918479,0.4653848672847784,0.012129895052399326,0.33908922365523925,9000.0,0.47123889803846897,1400.0,0.0,9000.0,1400.0
1769432452.26853,9.802008301019669,5.0066914558410645,7.562058423390884,0.4642032325435633,0.012377174569496387,0.32208309743076224,9000.0,0.47123889803846897,1400.0,0.0,9000.0,1400.0
1769432452.3185937,9.802008301019669,5.0066914558410645,7.562058423390884,0.4642032325435633,0.012377174569496387,0.32208309743076224,9000.0,0.47123889803846897,1400.0,0.0,9000.0,1400.0
1769432452.3684878,9.813991233706474,5.051303386688232,7.59061214482655,0.4630309898606755,0.012815449578688276,0.3067468222384676,9000.0,0.47123889803846897,1400.0,0.0,9000.0,1400.0
1769432452.4186661,9.813991233706474,5.051303386688232,7.59061214482655,0.4630309898606755,0.012815449578688276,0.3067468222384676,9000.0,0.47123889803846897,1400.0,0.0,9000.0,1400.0
1769432452.4685218,9.824409693479538,5.093789577484131,7.615107327265527,0.4612223103504437,0.013040865753217206,0.29353903563226946,9000.0,0.47123889803846897,1400.0,0.0,9000.0,1400.0
1769432452.5185945,9.824409693479538,5.093789577484131,7.615107327265527,0.4612223103504437,0.013040865753217206,0.29353903563226946,9000.0,0.47123889803846897,1400.0,0.0,9000.0,1400.0
1769432452.5685165,9.833624005317688,5.137694358825684,7.638847869440946,0.45903194755146465,0.01315141125723587,0.2821058246949887,9000.0,0.47123889803846897,1400.0,0.0,9000.0,1400.0
1769432452.6184905,9.833624005317688,5.137694358825684,7.638847869440946,0.45903194755146465,0.01315141125723587,0.2821058246949887,9000.0,0.47123889803846897,1400.0,0.0,9000.0,1400.0
1769432452.6685672,9.841669902205467,5.180972099304199,7.658750620611826,0.45645855949145825,0.013183168996992513,0.26948775230352984,9000.0,0.47123889803846897,1400.0,0.0,9000.0,1400.0
1769432452.718603,9.841669902205467,5.180972099304199,7.658750620611826,0.45645855949145825,0.013183168996992513,0.26948775230352984,9000.0,0.47123889803846897,1400.0,0.0,9000.0,1400.0
1769432452.7685995,9.848999977111816,5.224215030670166,7.677737897144146,0.45363759457057873,0.013109409510916468,0.25573864473930386,9000.0,0.47123889803846897,1400.0,0.0,9000.0,1400.0
1769432452.81856,9.848999977111816,5.224215030670166,7.677737897144146,0.45363759457057873,0.013109409510916468,0.25573864473930386,9000.0,0.47123889803846897,1400.0,0.0,9000.0,1400.0
1769432452.8685315,9.854139268398285,5.267560005187988,7.694773135635479,0.45064376974626347,0.013375442539561945,0.24090850221288196,9000.0,0.47123889803846897,1400.0,0.0,9000.0,1400.0
1769432452.9185882,9.854139268398285,5.267560005187988,7.694773135635479,0.45064376974626347,0.013375442539561945,0.24090850221288196,9000.0,0.47123889803846897,1400.0,0.0,9000.0,1400.0
1769432452.9684834,9.858550548553467,5.310776710510254,7.710079174989821,0.4475977322441277,0.014073534807056934,0.22526957604923903,9000.0,0.47123889803846897,1400.0,0.0,9000.0,1400.0
1769432453.0186083,9.858550548553467,5.310776710510254,7.710079174989821,0.4475977322441277,0.014073534807056934,0.22526957604923903,9000.0,0.47123889803846897,1400.0,0.0,9000.0,1400.0
1769432453.0685365,9.862562969326973,5.354429721832275,7.732013897183229,0.4448165696831214,0.015039096313878453,0.2156590384310361,9000.0,0.47123889803846897,1400.0,0.0,9000.0,1400.0
1769432453.1186588,9.862562969326973,5.354429721832275,7.732013897183229,0.4448165696831214,0.015039096313878453,0.2156590384310361,9000.0,0.47123889803846897,1400.0,0.0,9000.0,1400.0
1769432453.168628,9.865454524755478,5.396521091461182,7.749669936700418,0.4419385509349769,0.01610055054100504,0.20858269446556982,9000.0,0.47123889803846897,1400.0,0.0,9000.0,1400.0
1769432453.2186596,9.865454524755478,5.396521091461182,7.749669936700418,0.4419385509349769,0.01610055054100504,0.20858269446556982,9000.0,0.47123889803846897,1400.0,0.0,9000.0,1400.0
1769432453.2685688,9.867095232009888,5.439425945281982,7.766845421852564,0.43913677772112447,0.017355560930304846,0.20226621872545367,9000.0,0.47123889803846897,1400.0,0.0,9000.0,1400.0
1769432453.3186963,9.867095232009888,5.439425945281982,7.766845421852564,0.43913677772112447,0.017355560930304846,0.20226621872545367,9000.0,0.47123889803846897,1400.0,0.0,9000.0,1400.0
1769432453.3685534,9.86979466676712,5.481013774871826,7.7949710205973775,0.4362614899071309,0.018063411338193305,0.20503469852164496,9000.0,0.47123889803846897,1400.0,0.0,9000.0,1400.0
1769432453.4186735,9.86979466676712,5.481013774871826,7.7949710205973775,0.4362614899071309,0.018063411338193305,0.20503469852164496,9000.0,0.47123889803846897,1400.0,0.0,9000.0,1400.0
1769432453.468595,9.870365872979164,5.52215576171875,7.815271834140863,0.4331057214423306,0.018385253584379185,0.20868727220796982,9000.0,0.47123889803846897,1400.0,0.0,9000.0,1400.0
1769432453.5186663,9.870365872979164,5.52215576171875,7.815271834140863,0.4331057214423306,0.018385253584379185,0.20868727220796982,9000.0,0.47123889803846897,1400.0,0.0,9000.0,1400.0
1769432453.568658,9.870026513934135,5.565547943115234,7.8407721830342885,0.43046912286188527,0.018557578026900827,0.21461664577557357,9000.0,0.47123889803846897,1400.0,0.0,9000.0,1400.0
1769432453.6186144,9.870026513934135,5.565547943115234,7.8407721830342885,0.43046912286188527,0.018557578026900827,0.21461664577557357,9000.0,0.47123889803846897,1400.0,0.0,9000.0,1400.0
1769432453.668638,9.867815092206001,5.609405517578125,7.852499929185426,0.4287788127432628,0.019037260853580547,0.21094336230221938,9000.0,0.47123889803846897,1400.0,0.0,9000.0,1400.0
1769432453.7186863,9.867815092206001,5.609405517578125,7.852499929185426,0.4287788127432628,0.019037260853580547,0.21094336230221938,9000.0,0.47123889803846897,1400.0,0.0,9000.0,1400.0
1769432453.7686033,9.866239473223686,5.651700973510742,7.877497668270892,0.4276349767454774,0.019382372879216316,0.20953376735535972,9000.0,0.47123889803846897,1400.0,0.0,9000.0,1400.0
1769432453.8185458,9.866239473223686,5.651700973510742,7.877497668270892,0.4276349767454774,0.019382372879216316,0.20953376735535972,9000.0,0.47123889803846897,1400.0,0.0,9000.0,1400.0
1769432453.8685925,9.863478899002075,5.693473815917969,7.898896945220253,0.4266256576385792,0.019514852416098002,0.2096368911273817,9000.0,0.47123889803846897,1400.0,0.0,9000.0,1400.0
1769432453.9186559,9.863478899002075,5.693473815917969,7.898896945220253,0.4266256576385792,0.019514852416098002,0.2096368911273817,9000.0,0.47123889803846897,1400.0,0.0,9000.0,1400.0
1769432453.9685094,9.860102429986,5.734554290771484,7.918870011213825,0.4253842780441289,0.01936291535495674,0.2092937483878824,9000.0,0.47123889803846897,1400.0,0.0,9000.0,1400.0
1769432454.0187042,9.860102429986,5.734554290771484,7.918870011213825,0.4253842780441289,0.01936291535495674,0.2092937483878824,9000.0,0.47123889803846897,1400.0,0.0,9000.0,1400.0
1769432454.068472,9.854646682739258,5.777897834777832,7.937283571480952,0.42457523352818205,0.019405445075083377,0.20700849481103262,9000.0,0.47123889803846897,1500.0,0.0,9000.0,1500.0
1769432454.118639,9.854646682739258,5.777897834777832,7.937283571480952,0.42457523352818205,0.019405445075083377,0.20700849481103262,8000.0,0.41887902047863906,1500.0,0.0,8000.0,1500.0
1769432454.1685898,9.847958162426949,5.8197102546691895,7.954997829753037,0.42397220636130134,0.019910059555064082,0.20289145795298963,7000.0,0.36651914291880916,1500.0,0.0,7000.0,1500.0
1769432454.218677,9.847958162426949,5.8197102546691895,7.954997829753037,0.42397220636130134,0.019910059555064082,0.20289145795298963,6000.0,0.31415926535897926,1500.0,0.0,6000.0,1500.0
1769432454.2684646,9.842827707529068,5.856851100921631,7.980482227087281,0.4219988739871612,0.02010754759878196,0.2041500383461889,5000.0,0.2617993877991494,1500.0,0.0,5000.0,1500.0
1769432454.318602,9.842827707529068,5.856851100921631,7.980482227087281,0.4219988739871612,0.02010754759878196,0.2041500383461889,4000.0,0.20943951023931953,1500.0,0.0,4000.0,1500.0
1769432454.3685493,9.83512270450592,5.900401592254639,8.00224323247347,0.42046786138925957,0.020289839679915447,0.20725145258155142,3000.0,0.15707963267948963,1500.0,0.0,3000.0,1500.0
1769432454.4186006,9.83512270450592,5.900401592254639,8.00224323247347,0.42046786138925957,0.020289839679915447,0.20725145258155142,2000.0,0.10471975511965977,1500.0,0.0,2000.0,1500.0
1769432454.468454,9.82736425101757,5.937557697296143,8.016061548952104,0.4180716688886753,0.020394807115476157,0.2040675263949999,1000.0,0.05235987755982988,1500.0,0.0,1000.0,1500.0
1769432454.5186064,9.82736425101757,5.937557697296143,8.016061548952104,0.4180716688886753,0.020394807115476157,0.2040675263949999,0.0,0.0,1500.0,0.0,0.0,1500.0
1769432454.568522,9.82472126185894,5.960287570953369,8.04507917349728,0.4098477936318489,0.01887050563729756,0.2074467316523543,0.0,0.0,1500.0,0.0,0.0,1500.0
1769432454.618805,9.82472126185894,5.960287570953369,8.04507917349728,0.4098477936318489,0.01887050563729756,0.2074467316523543,0.0,0.0,1500.0,0.0,0.0,1500.0
1769432454.6685426,9.82472126185894,5.960287570953369,8.04507917349728,0.38788821258243417,0.015392376419832793,0.19473249240467316,0.0,0.0,1500.0,0.0,0.0,1500.0
1769432454.718575,9.82472126185894,5.960287570953369,8.04507917349728,0.38788821258243417,0.015392376419832793,0.19473249240467316,0.0,0.0,1500.0,0.0,0.0,1500.0
1769432454.76852,9.82472126185894,5.960287570953369,8.04507917349728,0.3526013927297905,0.010825941045516083,0.16824058047021362,0.0,0.0,1500.0,0.0,0.0,1500.0
1769432454.8185952,9.82472126185894,5.960287570953369,8.04507917349728,0.3526013927297905,0.010825941045516083,0.16824058047021362,0.0,0.0,1500.0,0.0,0.0,1500.0
1769432454.8686185,9.82472126185894,5.960287570953369,8.04507917349728,0.3081652113483301,0.006192112604657074,0.1365066174547788,0.0,0.0,1500.0,0.0,0.0,1500.0
1769432454.9186063,9.82472126185894,5.960287570953369,8.04507917349728,0.3081652113483301,0.006192112604657074,0.1365066174547788,0.0,0.0,1500.0,0.0,0.0,1500.0
1769432454.968547,9.82472126185894,5.960287570953369,8.04507917349728,0.2597214103217229,0.002208862064614449,0.10636473135873051,0.0,0.0,1500.0,0.0,0.0,1500.0
1769432455.0185058,9.82472126185894,5.960287570953369,8.04507917349728,0.2597214103217229,0.002208862064614449,0.10636473135873051,0.0,0.0,1500.0,0.0,0.0,1500.0
1769432455.0684927,9.82472126185894,5.960287570953369,8.04507917349728,0.21181190837156433,-0.0007872483872284728,0.08117368837568992,0.0,0.0,1500.0,0.0,0.0,1500.0
1769432455.1187844,9.82472126185894,5.960287570953369,8.04507917349728,0.21181190837156433,-0.0007872483872284728,0.08117368837568992,0.0,0.0,1500.0,0.0,0.0,1500.0
1769432455.1686103,9.82472126185894,5.960287570953369,8.04507917349728,0.1677410398458633,-0.002751969007850869,0.06162093861503961,0.0,0.0,1500.0,0.0,0.0,1500.0
1769432455.2186823,9.82472126185894,5.960287570953369,8.04507917349728,0.1677410398458633,-0.002751969007850869,0.06162093861503961,0.0,0.0,1500.0,0.0,0.0,1500.0
1769432455.2685373,9.82472126185894,5.960287570953369,8.04507917349728,0.12946427983676734,-0.003814797374102776,0.04700085725036811,0.0,0.0,1500.0,0.0,0.0,1500.0
1769432455.318593,9.82472126185894,5.960287570953369,8.04507917349728,0.12946427983676734,-0.003814797374102776,0.04700085725036811,0.0,0.0,1500.0,0.0,0.0,1500.0
1769432455.368642,9.82472126185894,5.960287570953369,8.04507917349728,0.09773314045664336,-0.0041813898856196624,0.03616553992346468,0.0,0.0,1500.0,0.0,0.0,1500.0
1769432455.4186833,9.82472126185894,5.960287570953369,8.04507917349728,0.09773314045664336,-0.0041813898856196624,0.03616553992346468,0.0,0.0,1500.0,0.0,0.0,1500.0
1769432455.4686282,9.82472126185894,5.960287570953369,8.04507917349728,0.07246086250805349,-0.004067677745837023,0.028065508049986886,0.0,0.0,1500.0,0.0,0.0,1500.0
1769432455.5186136,9.82472126185894,5.960287570953369,8.04507917349728,0.07246086250805349,-0.004067677745837023,0.028065508049986886,0.0,0.0,1600.0,0.0,0.0,1600.0
1769432455.5685208,9.82472126185894,5.960287570953369,8.04507917349728,0.05302761855142912,-0.003664864304802247,0.021910066569374952,0.0,0.0,1600.0,0.0,0.0,1600.0
1769432455.6185226,9.82472126185894,5.960287570953369,8.04507917349728,0.05302761855142912,-0.003664864304802247,0.021910066569374952,0.0,0.0,1600.0,0.0,0.0,1600.0
1769432455.668549,9.82472126185894,5.960287570953369,8.04507917349728,0.03851454645787689,-0.0031222907936454014,0.017147921717510884,0.0,0.0,1600.0,0.0,0.0,1600.0
1769432455.7186046,9.82472126185894,5.960287570953369,8.04507917349728,0.03851454645787689,-0.0031222907936454014,0.017147921717510884,0.0,0.0,1600.0,0.0,0.0,1600.0
1769432455.7685568,9.82472126185894,5.960287570953369,8.04507917349728,0.027943191498748066,-0.002545816275909418,0.013420529502148573,0.0,0.0,1600.0,0.0,0.0,1600.0
1769432455.8186026,9.82472126185894,5.960287570953369,8.04507917349728,0.027943191498748066,-0.002545816275909418,0.013420529502148573,0.0,0.0,1600.0,0.0,0.0,1600.0
1769432455.8685558,9.82472126185894,5.960287570953369,8.04507917349728,0.020404415633936836,-0.0020035977543026353,0.010494093242744014,0.0,0.0,1600.0,0.0,0.0,1600.0
1769432455.9186056,9.82472126185894,5.960287570953369,8.04507917349728,0.020404415633936836,-0.0020035977543026353,0.010494093242744014,0.0,0.0,1600.0,0.0,0.0,1600.0
1769432455.9685268,9.82472126185894,5.960287570953369,8.04507917349728,0.0150990232895418,-0.0015317326866093061,0.008195081295601071,0.0,0.0,1600.0,0.0,0.0,1600.0
1769432456.018611,9.82472126185894,5.960287570953369,8.04507917349728,0.0150990232895418,-0.0015317326866093061,0.008195081295601071,0.0,0.0,1600.0,0.0,0.0,1600.0
1769432456.0685382,9.82472126185894,5.960287570953369,8.04507917349728,0.01137950942681277,-0.0011435261490314577,0.0063905196598507,0.0,0.0,1600.0,0.0,0.0,1600.0
1769432456.1186633,9.82472126185894,5.960287570953369,8.04507917349728,0.01137950942681277,-0.0011435261490314577,0.0063905196598507,0.0,0.0,1600.0,0.0,0.0,1600.0
1769432456.1685593,9.82472126185894,5.960287570953369,8.04507917349728,0.008758666790814244,-0.0008386395250757775,0.004980298380701288,0.0,0.0,1600.0,0.0,0.0,1600.0
1769432456.2187006,9.82472126185894,5.960287570953369,8.04507917349728,0.008758666790814244,-0.0008386395250757775,0.004980298380701288,0.0,0.0,1600.0,0.0,0.0,1600.0
1769432456.26854,9.82472126185894,5.960287570953369,8.04507917349728,0.006878697938852178,-0.000607947401374955,0.0038799772213823957,0.0,0.0,1600.0,0.0,0.0,1600.0
1769432456.3185563,9.82472126185894,5.960287570953369,8.04507917349728,0.006878697938852178,-0.000607947401374955,0.0038799772213823957,0.0,0.0,1600.0,0.0,0.0,1600.0
1769432456.3685293,9.82472126185894,5.960287570953369,8.04507917349728,0.005492371077392102,-0.00043883297562337864,0.0030231526061155548,0.0,0.0,1600.0,0.0,0.0,1600.0
1769432456.4186108,9.82472126185894,5.960287570953369,8.04507917349728,0.005492371077392102,-0.00043883297562337864,0.0030231526061155548,0.0,0.0,1600.0,0.0,0.0,1600.0
1769432456.4685302,9.82472126185894,5.960287570953369,8.04507917349728,0.004434348923383124,-0.00031792186618746754,0.0023558910707991826,0.0,0.0,1600.0,0.0,0.0,1600.0
1769432456.518611,9.82472126185894,5.960287570953369,8.04507917349728,0.004434348923383124,-0.00031792186618746754,0.0023558910707991826,0.0,0.0,1600.0,0.0,0.0,1600.0
1769432456.5685134,9.82472126185894,5.960287570953369,8.04507917349728,0.0035992570641888676,-0.00023305193036934123,0.0018361870488659822,0.0,0.0,1600.0,0.0,0.0,1600.0
1769432456.618572,9.82472126185894,5.960287570953369,8.04507917349728,0.0035992570641888676,-0.00023305193036934123,0.0018361870488659822,0.0,0.0,1600.0,0.0,0.0,1600.0
1769432456.6685195,9.82472126185894,5.960287570953369,8.04507917349728,0.002922181612788681,-0.00017407177104854249,0.0014313757411047456,0.0,0.0,1600.0,0.0,0.0,1600.0
1769432456.718495,9.82472126185894,5.960287570953369,8.04507917349728,0.002922181612788681,-0.00017407177104854249,0.0014313757411047456,0.0,0.0,1600.0,0.0,0.0,1600.0
1769432456.7685418,9.82472126185894,5.960287570953369,8.04507917349728,0.0023636659742214423,-0.00013302959592731466,0.0011159161208184375,0.0,0.0,1600.0,0.0,0.0,1600.0
1769432456.8186116,9.82472126185894,5.960287570953369,8.04507917349728,0.0023636659742214423,-0.00013302959592731466,0.0011159161208184375,0.0,0.0,1600.0,0.0,0.0,1600.0
1769432456.8685567,9.82472126185894,5.960287570953369,8.04507917349728,0.0018996233346474818,-0.00010405385362725696,0.0008700324512988519,0.0,0.0,1600.0,0.0,0.0,1600.0
1769432456.9186141,9.82472126185894,5.960287570953369,8.04507917349728,0.0018996233346474818,-0.00010405385362725696,0.0008700324512988519,0.0,0.0,1600.0,0.0,0.0,1600.0
1769432456.9685175,9.82472126185894,5.960287570953369,8.04507917349728,0.0015144460459253946,-8.302229739706526e-05,0.0006783319873298328,0.0,0.0,1600.0,0.0,0.0,1600.0
1769432457.0186439,9.82472126185894,5.960287570953369,8.04507917349728,0.0015144460459253946,-8.302229739706526e-05,0.0006783319873298328,0.0,0.0,1600.0,0.0,0.0,1600.0
1769432457.068525,9.82472126185894,5.960287570953369,8.04507917349728,0.0011968531519988674,-6.71771351066067e-05,0.0005288231583383977,0.0,0.0,1600.0,0.0,0.0,1600.0
1769432457.1186452,9.82472126185894,5.960287570953369,8.04507917349728,0.0011968531519988674,-6.71771351066067e-05,0.0005288231583383977,0.0,0.0,1600.0,0.0,0.0,1600.0
1769432457.16852,9.82472126185894,5.960287570953369,8.04507917349728,0.0009378000813505254,-5.4765392359365126e-05,0.0004122696607929592,0.0,0.0,1600.0,0.0,0.0,1600.0
1769432457.2185676,9.82472126185894,5.960287570953369,8.04507917349728,0.0009378000813505254,-5.4765392359365126e-05,0.0004122696607929592,0.0,0.0,1600.0,0.0,0.0,1600.0
1769432457.268556,9.82472126185894,5.960287570953369,8.04507917349728,0.0007292069875682614,-4.4718278462748094e-05,0.00032146674230696174,1000.0,0.05235987755982988,1600.0,0.0,1000.0,1600.0
1769432457.3186274,9.82472126185894,5.960287570953369,8.04507917349728,0.0007292069875682614,-4.4718278462748094e-05,0.00032146674230696174,2000.0,0.10471975511965977,1600.0,0.0,2000.0,1600.0
1769432457.3686132,9.82472126185894,5.960287570953369,8.04507917349728,0.0005631664222861592,-3.638744288730883e-05,0.000250580903483038,2000.0,0.10471975511965977,1600.0,0.0,2000.0,1600.0
1769432457.4184885,9.82472126185894,5.960287570953369,8.04507917349728,0.0005631664222861592,-3.638744288730883e-05,0.000250580903483038,3000.0,0.15707963267948963,1600.0,0.0,3000.0,1600.0
1769432457.4685426,9.82472126185894,5.960287570953369,8.04507917349728,0.0004328294789068886,-2.9416458291612214e-05,0.0001953748913130539,4000.0,0.20943951023931953,1600.0,0.0,4000.0,1600.0
1769432457.5186381,9.82472126185894,5.960287570953369,8.04507917349728,0.0004328294789068886,-2.9416458291612214e-05,0.0001953748913130539,4000.0,0.20943951023931953,1600.0,0.0,4000.0,1600.0
1769432457.5685155,9.82472126185894,5.960287570953369,8.04507917349728,0.0003315861888986677,-2.3574739173415203e-05,0.00015231142765946508,5000.0,0.2617993877991494,1600.0,0.0,5000.0,1600.0
1769432457.618647,9.82472126185894,5.960287570953369,8.04507917349728,0.0003315861888986677,-2.3574739173415203e-05,0.00015231142765946508,6000.0,0.31415926535897926,1600.0,0.0,6000.0,1600.0
1769432457.6685548,9.82472126185894,5.960287570953369,8.04507917349728,0.0002536596776918594,-1.8709431801802268e-05,0.00011870774520647052,6000.0,0.31415926535897926,1600.0,0.0,6000.0,1600.0
1769432457.7186234,9.82472126185894,5.960287570953369,8.04507917349728,0.0002536596776918594,-1.8709431801802268e-05,0.00011870774520647052,7000.0,0.36651914291880916,1600.0,0.0,7000.0,1600.0
1769432457.7684581,9.82472126185894,5.960287570953369,8.04507917349728,0.00019424242322388827,-1.4711113234664782e-05,9.256424842375022e-05,7000.0,0.36651914291880916,1600.0,0.0,7000.0,1600.0
1769432457.8185775,9.82472126185894,5.960287570953369,8.04507917349728,0.00019424242322388827,-1.4711113234664782e-05,9.256424842375022e-05,8000.0,0.41887902047863906,1600.0,0.0,8000.0,1600.0
1769432457.8685045,9.82472126185894,5.960287570953369,8.04507917349728,0.00014905051192903667,-1.1461269440604486e-05,7.214533291419073e-05,9000.0,0.47123889803846897,1600.0,0.0,9000.0,1600.0
1769432457.9186254,9.82472126185894,5.960287570953369,8.04507917349728,0.00014905051192903667,-1.1461269440604486e-05,7.214533291419073e-05,9000.0,0.47123889803846897,1600.0,0.0,9000.0,1600.0
1769432457.9685261,9.82472126185894,5.960287570953369,8.04507917349728,0.0001147951427008658,-8.861122545252248e-06,5.62391374354059e-05,8000.0,0.41887902047863906,1600.0,0.0,8000.0,1600.0
1769432458.0186067,9.82472126185894,5.960287570953369,8.04507917349728,0.0001147951427008658,-8.861122545252248e-06,5.62391374354059e-05,7000.0,0.36651914291880916,1500.0,0.0,7000.0,1500.0
1769432458.0685177,9.82472126185894,5.960287570953369,8.04507917349728,8.88225803303419e-05,-6.810772811731405e-06,4.385110914345501e-05,6000.0,0.31415926535897926,1500.0,0.0,6000.0,1500.0
1769432458.1186163,9.82472126185894,5.960287570953369,8.04507917349728,8.88225803303419e-05,-6.810772811731405e-06,4.385110914345501e-05,5000.0,0.2617993877991494,1500.0,0.0,5000.0,1500.0
1769432458.1686528,9.82472126185894,5.960287570953369,8.04507917349728,6.903224729619828e-05,-5.212010896355363e-06,3.417918561012662e-05,4000.0,0.20943951023931953,1500.0,0.0,4000.0,1500.0
1769432458.2185857,9.82472126185894,5.960287570953369,8.04507917349728,6.903224729619828e-05,-5.212010896355363e-06,3.417918561012662e-05,3000.0,0.15707963267948963,1500.0,0.0,3000.0,1500.0
1769432458.2685647,9.82472126185894,5.960287570953369,8.04507917349728,5.388923918907119e-05,-3.980695304998377e-06,2.6643867858581683e-05,2000.0,0.10471975511965977,1400.0,0.0,2000.0,1400.0
1769432458.318598,9.82472126185894,5.960287570953369,8.04507917349728,5.388923918907119e-05,-3.980695304998377e-06,2.6643867858581683e-05,1000.0,0.05235987755982988,1400.0,0.0,1000.0,1400.0
1769432458.3686318,9.82472126185894,5.960287570953369,8.04507917349728,4.2223602882488004e-05,-3.040707630551926e-06,2.0770370581325927e-05,0.0,0.0,1400.0,0.0,0.0,1400.0
1769432458.4186943,9.82472126185894,5.960287570953369,8.04507917349728,4.2223602882488004e-05,-3.040707630551926e-06,2.0770370581325927e-05,0.0,0.0,1300.0,0.0,0.0,1300.0
1769432458.4684238,9.82472126185894,5.960287570953369,8.04507917349728,3.317574316691574e-05,-2.327815498499276e-06,1.6194751155825848e-05,0.0,0.0,1300.0,0.0,0.0,1300.0
1769432458.5186124,9.82472126185894,5.960287570953369,8.04507917349728,3.317574316691574e-05,-2.327815498499276e-06,1.6194751155825848e-05,0.0,0.0,1300.0,0.0,0.0,1300.0
1769432458.5685434,9.82472126185894,5.960287570953369,8.04507917349728,2.6101265818988047e-05,-1.788197585256206e-06,1.2623206337628967e-05,0.0,0.0,1300.0,0.0,0.0,1300.0
1769432458.6185367,9.82472126185894,5.960287570953369,8.04507917349728,2.6101265818988047e-05,-1.788197585256206e-06,1.2623206337628967e-05,0.0,0.0,1300.0,0.0,0.0,1300.0
1769432458.6684313,9.82472126185894,5.960287570953369,8.04507917349728,2.0545730711183327e-05,-1.3803036467815074e-06,9.841279010763345e-06,0.0,0.0,1300.0,0.0,0.0,1300.0
1769432458.7185037,9.82472126185894,5.960287570953369,8.04507917349728,2.0545730711183327e-05,-1.3803036467815074e-06,9.841279010763345e-06,0.0,0.0,1300.0,0.0,0.0,1300.0
1769432458.7685502,9.82472126185894,5.960287570953369,8.04507917349728,1.6164092034680898e-05,-1.0710269506355732e-06,7.672698000259443e-06,0.0,0.0,1300.0,0.0,0.0,1300.0
1769432458.8185856,9.82472126185894,5.960287570953369,8.04507917349728,1.6164092034680898e-05,-1.0710269506355732e-06,7.672698000259443e-06,0.0,0.0,1300.0,0.0,0.0,1300.0
1769432458.868559,9.82472126185894,5.960287570953369,8.04507917349728,1.27013310684234e-05,-8.353349034842768e-07,5.982992718152496e-06,0.0,0.0,1300.0,0.0,0.0,1300.0
1769432458.9186003,9.82472126185894,5.960287570953369,8.04507917349728,1.27013310684234e-05,-8.353349034842768e-07,5.982992718152496e-06,0.0,0.0,1300.0,0.0,0.0,1300.0
1769432458.9685104,9.82472126185894,5.960287570953369,8.04507917349728,9.959784390998181e-06,-6.542252904639264e-07,4.664052646607924e-06,0.0,0.0,1300.0,0.0,0.0,1300.0
1769432459.0186105,9.82472126185894,5.960287570953369,8.04507917349728,9.959784390998181e-06,-6.542252904639264e-07,4.664052646607924e-06,0.0,0.0,1300.0,0.0,0.0,1300.0
1769432459.0685236,9.82472126185894,5.960287570953369,8.04507917349728,7.792388817444032e-06,-5.140254712018517e-07,3.6355929740812844e-06,0.0,0.0,1300.0,0.0,0.0,1300.0
1769432459.1186185,9.82472126185894,5.960287570953369,8.04507917349728,7.792388817444032e-06,-5.140254712018517e-07,3.6355929740812844e-06,0.0,0.0,1300.0,0.0,0.0,1300.0
1769432459.1685197,9.82472126185894,5.960287570953369,8.04507917349728,6.083194770484137e-06,-4.046986084792065e-07,2.8339975107408916e-06,0.0,0.0,1300.0,0.0,0.0,1300.0
1769432459.2185895,9.82472126185894,5.960287570953369,8.04507917349728,6.083194770484137e-06,-4.046986084792065e-07,2.8339975107408916e-06,0.0,0.0,1300.0,0.0,0.0,1300.0
1769432459.2685232,9.82472126185894,5.960287570953369,8.04507917349728,4.739198350918626e-06,-3.1887601783564783e-07,2.20920409958567e-06,0.0,0.0,1300.0,0.0,0.0,1300.0
1769432459.3186197,9.82472126185894,5.960287570953369,8.04507917349728,4.739198350918626e-06,-3.1887601783564783e-07,2.20920409958567e-06,0.0,0.0,1300.0,0.0,0.0,1300.0
1769432459.3685565,9.82472126185894,5.960287570953369,8.04507917349728,3.6860275261974104e-06,-2.511799911679184e-07,1.7223724914257923e-06,0.0,0.0,1300.0,0.0,0.0,1300.0
1769432459.4185963,9.82472126185894,5.960287570953369,8.04507917349728,3.6860275261974104e-06,-2.511799911679184e-07,1.7223724914257923e-06,0.0,0.0,1300.0,0.0,0.0,1300.0
1769432459.4687245,9.82472126185894,5.960287570953369,8.04507917349728,2.8630240001275417e-06,-1.9758816926206534e-07,1.3427103925722286e-06,0.0,0.0,1300.0,0.0,0.0,1300.0
1769432459.5186367,9.82472126185894,5.960287570953369,8.04507917349728,2.8630240001275417e-06,-1.9758816926206534e-07,1.3427103925722286e-06,0.0,0.0,1300.0,0.0,0.0,1300.0
1769432459.5685265,9.82472126185894,5.960287570953369,8.04507917349728,2.2220865137227647e-06,-1.551305307866829e-07,1.0467979516895428e-06,0.0,0.0,1300.0,0.0,0.0,1300.0
1769432459.6185865,9.82472126185894,5.960287570953369,8.04507917349728,2.2220865137227647e-06,-1.551305307866829e-07,1.0467979516895428e-06,1000.0,0.05235987755982988,1300.0,0.0,1000.0,1300.0
1769432459.6684506,9.82472126185894,5.960287570953369,8.04507917349728,1.7241216074395528e-06,-1.2150774179395357e-07,8.160570492915477e-07,1000.0,0.05235987755982988,1300.0,0.0,1000.0,1300.0
1769432459.7184646,9.82472126185894,5.960287570953369,8.04507917349728,1.7241216074395528e-06,-1.2150774179395357e-07,8.160570492915477e-07,2000.0,0.10471975511965977,1300.0,0.0,2000.0,1300.0
1769432459.7684665,9.82472126185894,5.960287570953369,8.04507917349728,1.338072413835016e-06,-9.494102600157635e-08,6.362012252235846e-07,3000.0,0.15707963267948963,1300.0,0.0,3000.0,1300.0
1769432459.8184836,9.82472126185894,5.960287570953369,8.04507917349728,1.338072413835016e-06,-9.494102600157635e-08,6.362012252235846e-07,3000.0,0.15707963267948963,1300.0,0.0,3000.0,1300.0
1769432459.8685367,9.82472126185894,5.960287570953369,8.04507917349728,1.0390755014015244e-06,-7.400724956449923e-08,4.959581410492339e-07,4000.0,0.20943951023931953,1300.0,0.0,4000.0,1300.0
1769432459.9186287,9.82472126185894,5.960287570953369,8.04507917349728,1.0390755014015244e-06,-7.400724956449923e-08,4.959581410492339e-07,5000.0,0.2617993877991494,1300.0,0.0,5000.0,1300.0
1769432459.96848,9.82472126185894,5.960287570953369,8.04507917349728,8.07636465364568e-07,-5.757280296775107e-08,3.866370168515676e-07,5000.0,0.2617993877991494,1300.0,0.0,5000.0,1300.0
1769432460.0186076,9.82472126185894,5.960287570953369,8.04507917349728,8.07636465364568e-07,-5.757280296775107e-08,3.866370168515676e-07,6000.0,0.31415926535897926,1300.0,0.0,6000.0,1300.0
1769432460.0684536,9.82472126185894,5.960287570953369,8.04507917349728,6.284644767464442e-07,-4.471997471591061e-08,3.0143500508346675e-07,7000.0,0.36651914291880916,1300.0,0.0,7000.0,1300.0
1769432460.1185331,9.82472126185894,5.960287570953369,8.04507917349728,6.284644767464442e-07,-4.471997471591061e-08,3.0143500508346675e-07,7000.0,0.36651914291880916,1300.0,0.0,7000.0,1300.0
1769432460.1685307,9.82472126185894,5.960287570953369,8.04507917349728,4.895036291026742e-07,-3.469412171622022e-08,2.3494519414128367e-07,8000.0,0.41887902047863906,1300.0,0.0,8000.0,1300.0
1769432460.2185025,9.82472126185894,5.960287570953369,8.04507917349728,4.895036291026742e-07,-3.469412171622022e-08,2.3494519414128367e-07,8000.0,0.41887902047863906,1300.0,0.0,8000.0,1300.0
1769432460.268531,9.82472126185894,5.960287570953369,8.04507917349728,3.817300754371368e-07,-2.6907803141897532e-08,1.8317028417893422e-07,9000.0,0.47123889803846897,1300.0,0.0,9000.0,1300.0
1769432460.3186467,9.82472126185894,5.960287570953369,8.04507917349728,3.817300754371368e-07,-2.6907803141897532e-08,1.8317028417893422e-07,9000.0,0.47123889803846897,1300.0,0.0,9000.0,1300.0
1769432460.3686302,9.82472126185894,5.960287570953369,8.04507917349728,2.979452724867824e-07,-2.0870479982173975e-08,1.427962072970942e-07,9000.0,0.47123889803846897,1300.0,0.0,9000.0,1300.0
1769432460.418638,9.82472126185894,5.960287570953369,8.04507917349728,2.979452724867824e-07,-2.0870479982173975e-08,1.427962072970942e-07,9000.0,0.47123889803846897,1300.0,0.0,9000.0,1300.0
1769432460.4684572,9.82472126185894,5.960287570953369,8.04507917349728,2.3271750509382482e-07,-1.6197916656428634e-08,1.113321728378215e-07,8000.0,0.41887902047863906,1300.0,0.0,8000.0,1300.0
1769432460.518631,9.82472126185894,5.960287570953369,8.04507917349728,2.3271750509382482e-07,-1.6197916656428634e-08,1.113321728378215e-07,8000.0,0.41887902047863906,1300.0,0.0,8000.0,1300.0
1769432460.5685349,9.82472126185894,5.960287570953369,8.04507917349728,1.8182603393226338e-07,-1.2582096313738182e-08,8.678934138235937e-08,7000.0,0.36651914291880916,1300.0,0.0,7000.0,1300.0
1769432460.618644,9.82472126185894,5.960287570953369,8.04507917349728,1.8182603393226338e-07,-1.2582096313738182e-08,8.678934138235937e-08,6000.0,0.31415926535897926,1300.0,0.0,6000.0,1300.0
1769432460.6685221,9.82472126185894,5.960287570953369,8.04507917349728,1.4207391057008705e-07,-9.784247993186748e-09,6.765297238415865e-08,5000.0,0.2617993877991494,1300.0,0.0,5000.0,1300.0
1769432460.718656,9.82472126185894,5.960287570953369,8.04507917349728,1.4207391057008705e-07,-9.784247993186748e-09,6.765297238415865e-08,4000.0,0.20943951023931953,1300.0,0.0,4000.0,1300.0
1769432460.7684727,9.82472126185894,5.960287570953369,8.04507917349728,1.1100832568997911e-07,-7.618657711109881e-09,5.274222979526005e-08,3000.0,0.15707963267948963,1300.0,0.0,3000.0,1300.0
1769432460.818613,9.82472126185894,5.960287570953369,8.04507917349728,1.1100832568997911e-07,-7.618657711109881e-09,5.274222979526005e-08,2000.0,0.10471975511965977,1300.0,0.0,2000.0,1300.0
1769432460.8686092,9.82472126185894,5.960287570953369,8.04507917349728,8.668447177198824e-08,-5.937911297265517e-09,4.110158801451849e-08,1000.0,0.05235987755982988,1300.0,0.0,1000.0,1300.0
1769432460.9185867,9.82472126185894,5.960287570953369,8.04507917349728,8.668447177198824e-08,-5.937911297265517e-09,4.110158801451849e-08,0.0,0.0,1300.0,0.0,0.0,1300.0
1769432460.9685202,9.82472126185894,5.960287570953369,8.04507917349728,6.768013576146664e-08,-4.634205297174551e-09,3.204663111200412e-08,0.0,0.0,1300.0,0.0,0.0,1300.0
1769432461.018718,9.82472126185894,5.960287570953369,8.04507917349728,6.768013576146664e-08,-4.634205297174551e-09,3.204663111200412e-08,0.0,0.0,1300.0,0.0,0.0,1300.0
1769432461.06853,9.82472126185894,5.960287570953369,8.04507917349728,5.281705322528671e-08,-3.61986244197052e-09,2.4986731095406536e-08,1000.0,0.05235987755982988,1300.0,0.0,1000.0,1300.0
1769432461.1186166,9.82472126185894,5.960287570953369,8.04507917349728,5.281705322528671e-08,-3.61986244197052e-09,2.4986731095406536e-08,1000.0,0.05235987755982988,1300.0,0.0,1000.0,1300.0
1769432461.168424,9.82472126185894,5.960287570953369,8.04507917349728,4.1192788132753914e-08,-2.8288446793649003e-09,1.9480415458171705e-08,2000.0,0.10471975511965977,1300.0,0.0,2000.0,1300.0
1769432461.2185977,9.82472126185894,5.960287570953369,8.04507917349728,4.1192788132753914e-08,-2.8288446793649003e-09,1.9480415458171705e-08,3000.0,0.15707963267948963,1300.0,0.0,3000.0,1300.0
1769432461.268503,9.82472126185894,5.960287570953369,8.04507917349728,3.2110038453362864e-08,-2.2111542370077408e-09,1.5187429835459106e-08,3000.0,0.15707963267948963,1300.0,0.0,3000.0,1300.0
1769432461.3185775,9.82472126185894,5.960287570953369,8.04507917349728,3.2110038453362864e-08,-2.2111542370077408e-09,1.5187429835459106e-08,4000.0,0.20943951023931953,1300.0,0.0,4000.0,1300.0
1769432461.3684611,9.82472126185894,5.960287570953369,8.04507917349728,2.501858868135122e-08,-1.7282074617919694e-09,1.1839909009502321e-08,5000.0,0.2617993877991494,1300.0,0.0,5000.0,1300.0
1769432461.4185317,9.82472126185894,5.960287570953369,8.04507917349728,2.501858868135122e-08,-1.7282074617919694e-09,1.1839909009502321e-08,5000.0,0.2617993877991494,1300.0,0.0,5000.0,1300.0
1769432461.4685225,9.82472126185894,5.960287570953369,8.04507917349728,1.9486426819244172e-08,-1.350311857103451e-09,9.229797935545728e-09,6000.0,0.31415926535897926,1300.0,0.0,6000.0,1300.0
1769432461.5185456,9.82472126185894,5.960287570953369,8.04507917349728,1.9486426819244172e-08,-1.350311857103451e-09,9.229797935545728e-09,7000.0,0.36651914291880916,1300.0,0.0,7000.0,1300.0
1769432461.5685234,9.82472126185894,5.960287570953369,8.04507917349728,1.517471868553872e-08,-1.0545683885157194e-09,7.1952443827503025e-09,7000.0,0.36651914291880916,1300.0,0.0,7000.0,1300.0
1769432461.6185572,9.82472126185894,5.960287570953369,8.04507917349728,1.517471868553872e-08,-1.0545683885157194e-09,7.1952443827503025e-09,8000.0,0.41887902047863906,1300.0,0.0,8000.0,1300.0
1769432461.6685398,9.82472126185894,5.960287570953369,8.04507917349728,1.1815288883829047e-08,-8.230587760225922e-10,5.608589928135962e-09,9000.0,0.47123889803846897,1300.0,0.0,9000.0,1300.0
1769432461.7185826,9.82472126185894,5.960287570953369,8.04507917349728,1.1815288883829047e-08,-8.230587760225922e-10,5.608589928135962e-09,9000.0,0.47123889803846897,1300.0,0.0,9000.0,1300.0
1769432461.7685397,9.82472126185894,5.960287570953369,8.04507917349728,9.199129762776972e-09,-6.419122020979106e-10,4.371387236276906e-09,9000.0,0.47123889803846897,1300.0,0.0,9000.0,1300.0
1769432461.81856,9.82472126185894,5.960287570953369,8.04507917349728,9.199129762776972e-09,-6.419122020979106e-10,4.371387236276906e-09,9000.0,0.47123889803846897,1300.0,0.0,9000.0,1300.0
1769432461.8685586,9.82472126185894,5.960287570953369,8.04507917349728,7.165179650092917e-09,-5.004652574667174e-10,3.408467581835271e-09,9000.0,0.47123889803846897,1300.0,0.0,9000.0,1300.0
1769432461.9185185,9.82472126185894,5.960287570953369,8.04507917349728,7.165179650092917e-09,-5.004652574667174e-10,3.408467581835271e-09,9000.0,0.47123889803846897,1300.0,0.0,9000.0,1300.0
1769432461.9685283,9.82472126185894,5.960287570953369,8.04507917349728,5.582128984869009e-09,-3.8998294031306883e-10,2.657463744504951e-09,9000.0,0.47123889803846897,1300.0,0.0,9000.0,1300.0
1769432462.0185966,9.82472126185894,5.960287570953369,8.04507917349728,5.582128984869009e-09,-3.8998294031306883e-10,2.657463744504951e-09,9000.0,0.47123889803846897,1300.0,0.0,9000.0,1300.0
1769432462.0685408,9.82472126185894,5.960287570953369,8.04507917349728,4.349616294552206e-09,-3.037446425549689e-10,2.07169999343922e-09,9000.0,0.47123889803846897,1300.0,0.0,9000.0,1300.0
1769432462.1186392,9.82472126185894,5.960287570953369,8.04507917349728,4.349616294552206e-09,-3.037446425549689e-10,2.07169999343922e-09,9000.0,0.47123889803846897,1300.0,0.0,9000.0,1300.0
1769432462.1684601,9.82472126185894,5.960287570953369,8.04507917349728,3.390134850601283e-09,-2.3651147518855494e-10,1.6150396264524189e-09,9000.0,0.47123889803846897,1300.0,0.0,9000.0,1300.0
1769432462.2185662,9.82472126185894,5.960287570953369,8.04507917349728,3.390134850601283e-09,-2.3651147518855494e-10,1.6150396264524189e-09,9000.0,0.47123889803846897,1300.0,0.0,9000.0,1300.0
1769432462.2685242,9.82472126185894,5.960287570953369,8.04507917349728,2.6429794832585453e-09,-1.8413718036498078e-10,1.2590133536428739e-09,9000.0,0.47123889803846897,1300.0,0.0,9000.0,1300.0
1769432462.3186052,9.82472126185894,5.960287570953369,8.04507917349728,2.6429794832585453e-09,-1.8413718036498078e-10,1.2590133536428739e-09,9000.0,0.47123889803846897,1300.0,0.0,9000.0,1300.0
1769432462.368489,9.82472126185894,5.960287570953369,8.04507917349728,2.0610392484435086e-09,-1.4337139375878104e-10,9.81524941315214e-10,9000.0,0.47123889803846897,1300.0,0.0,9000.0,1300.0
1769432462.4185262,9.82472126185894,5.960287570953369,8.04507917349728,2.0610392484435086e-09,-1.4337139375878104e-10,9.81524941315214e-10,9000.0,0.47123889803846897,1300.0,0.0,9000.0,1300.0
1769432462.468521,9.82472126185894,5.960287570953369,8.04507917349728,1.607478196744262e-09,-1.1164564514990049e-10,7.651732481338044e-10,9000.0,0.47123889803846897,1300.0,0.0,9000.0,1300.0
1769432462.5186298,9.82472126185894,5.960287570953369,8.04507917349728,1.607478196744262e-09,-1.1164564514990049e-10,7.651732481338044e-10,9000.0,0.47123889803846897,1300.0,0.0,9000.0,1300.0
1769432462.5685017,9.82472126185894,5.960287570953369,8.04507917349728,1.253826122761476e-09,-8.695580923558036e-11,5.96492607499125e-10,9000.0,0.47123889803846897,1300.0,0.0,9000.0,1300.0
1769432462.6186752,9.82472126185894,5.960287570953369,8.04507917349728,1.253826122761476e-09,-8.695580923558036e-11,5.96492607499125e-10,9000.0,0.47123889803846897,1300.0,0.0,9000.0,1300.0
1769432462.668568,9.82472126185894,5.960287570953369,8.04507917349728,9.779899874698253e-10,-6.774457740669368e-11,4.64991186020797e-10,9000.0,0.47123889803846897,1300.0,0.0,9000.0,1300.0
1769432462.7185857,9.82472126185894,5.960287570953369,8.04507917349728,9.779899874698253e-10,-6.774457740669368e-11,4.64991186020797e-10,9000.0,0.47123889803846897,1300.0,0.0,9000.0,1300.0
1769432462.768645,9.82472126185894,5.960287570953369,8.04507917349728,7.627915354570904e-10,-5.2793248556111116e-11,3.624648540963729e-10,9000.0,0.47123889803846897,1300.0,0.0,9000.0,1300.0
1769432462.818673,9.82472126185894,5.960287570953369,8.04507917349728,7.627915354570904e-10,-5.2793248556111116e-11,3.624648540963729e-10,9000.0,0.47123889803846897,1300.0,0.0,9000.0,1300.0
1769432462.8684607,9.82472126185894,5.960287570953369,8.04507917349728,5.949088543267101e-10,-4.115166859545134e-11,2.825535491068873e-10,9000.0,0.47123889803846897,1300.0,0.0,9000.0,1300.0
1769432462.9185753,9.82472126185894,5.960287570953369,8.04507917349728,5.949088543267101e-10,-4.115166859545134e-11,2.825535491068873e-10,9000.0,0.47123889803846897,1300.0,0.0,9000.0,1300.0
1769432462.9685535,9.82472126185894,5.960287570953369,8.04507917349728,4.639438157092294e-10,-3.208675799021836e-11,2.2027555945637107e-10,9000.0,0.47123889803846897,1300.0,0.0,9000.0,1300.0
1769432463.0185976,9.82472126185894,5.960287570953369,8.04507917349728,4.639438157092294e-10,-3.208675799021836e-11,2.2027555945637107e-10,9000.0,0.47123889803846897,1300.0,0.0,9000.0,1300.0
1769432463.0684662,9.82472126185894,5.960287570953369,8.04507917349728,3.618336903684149e-10,-2.502879512852974e-11,1.7177354495597997e-10,9000.0,0.47123889803846897,1300.0,0.0,9000.0,1300.0
1769432463.118622,9.82472126185894,5.960287570953369,8.04507917349728,3.618336903684149e-10,-2.502879512852974e-11,1.7177354495597997e-10,9000.0,0.47123889803846897,1300.0,0.0,9000.0,1300.0
1769432463.1685252,9.82472126185894,5.960287570953369,8.04507917349728,2.8208386018235104e-10,-1.9519945290718638e-11,1.338910308973041e-10,9000.0,0.47123889803846897,1300.0,0.0,9000.0,1300.0
1769432463.2186067,9.82472126185894,5.960287570953369,8.04507917349728,2.8208386018235104e-10,-1.9519945290718638e-11,1.338910308973041e-10,9000.0,0.47123889803846897,1300.0,0.0,9000.0,1300.0
1769432463.268507,9.82472126185894,5.960287570953369,8.04507917349728,2.1989149136262315e-10,-1.522321551689581e-11,1.0437753594003424e-10,9000.0,0.47123889803846897,1300.0,0.0,9000.0,1300.0
1769432463.3186674,9.82472126185894,5.960287570953369,8.04507917349728,2.1989149136262315e-10,-1.522321551689581e-11,1.0437753594003424e-10,9000.0,0.47123889803846897,1300.0,0.0,9000.0,1300.0
1769432463.3685708,9.82472126185894,5.960287570953369,8.04507917349728,1.7138830158606042e-10,-1.1872640786490096e-11,8.13611552772321e-11,9000.0,0.47123889803846897,1300.0,0.0,9000.0,1300.0
1769432463.4186282,9.82472126185894,5.960287570953369,8.04507917349728,1.7138830158606042e-10,-1.1872640786490096e-11,8.13611552772321e-11,9000.0,0.47123889803846897,1300.0,0.0,9000.0,1300.0
1769432463.4685369,9.82472126185894,5.960287570953369,8.04507917349728,1.3360312708840233e-10,-9.26306414625346e-12,6.344042528518846e-11,9000.0,0.47123889803846897,1300.0,0.0,9000.0,1300.0
1769432463.5185935,9.82472126185894,5.960287570953369,8.04507917349728,1.3360312708840233e-10,-9.26306414625346e-12,6.344042528518846e-11,9000.0,0.47123889803846897,1300.0,0.0,9000.0,1300.0
1769432463.568419,9.82472126185894,5.960287570953369,8.04507917349728,1.0411462222528908e-10,-7.226166101049294e-12,4.944893158938552e-11,9000.0,0.47123889803846897,1300.0,0.0,9000.0,1300.0
1769432463.6186535,9.82472126185894,5.960287570953369,8.04507917349728,1.0411462222528908e-10,-7.226166101049294e-12,4.944893158938552e-11,9000.0,0.47123889803846897,1300.0,0.0,9000.0,1300.0
1769432463.668659,9.82472126185894,5.960287570953369,8.04507917349728,8.113847820346068e-11,-5.638381226600392e-12,3.8546587474871464e-11,9000.0,0.47123889803846897,1300.0,0.0,9000.0,1300.0
1769432463.718623,9.82472126185894,5.960287570953369,8.04507917349728,8.113847820346068e-11,-5.638381226600392e-12,3.8546587474871464e-11,9000.0,0.47123889803846897,1300.0,0.0,9000.0,1300.0
1769432463.7684839,9.82472126185894,5.960287570953369,8.04507917349728,6.323336087877166e-11,-4.397580514510635e-12,3.004676128248664e-11,9000.0,0.47123889803846897,1300.0,0.0,9000.0,1300.0
1769432463.818601,9.82472126185894,5.960287570953369,8.04507917349728,6.323336087877166e-11,-4.397580514510635e-12,3.004676128248664e-11,9000.0,0.47123889803846897,1300.0,0.0,9000.0,1300.0
1769432463.8684993,9.82472126185894,5.960287570953369,8.04507917349728,4.928465792895842e-11,-3.4300667091877122e-12,2.342649849077563e-11,9000.0,0.47123889803846897,1300.0,0.0,9000.0,1300.0
1769432463.9185011,9.82472126185894,5.960287570953369,8.04507917349728,4.928465792895842e-11,-3.4300667091877122e-12,2.342649849077563e-11,9000.0,0.47123889803846897,1300.0,0.0,9000.0,1300.0
1769432463.9684744,9.82472126185894,5.960287570953369,8.04507917349728,3.841314841358438e-11,-2.6738552758616473e-12,1.8265998065949994e-11,9000.0,0.47123889803846897,1300.0,0.0,9000.0,1300.0
1769432464.0186145,9.82472126185894,5.960287570953369,8.04507917349728,3.841314841358438e-11,-2.6738552758616473e-12,1.8265998065949994e-11,9000.0,0.47123889803846897,1300.0,0.0,9000.0,1300.0
1769432464.0685425,9.82472126185894,5.960287570953369,8.04507917349728,2.994283655313623e-11,-2.08488723538659e-12,1.4239969748153779e-11,9000.0,0.47123889803846897,1300.0,0.0,9000.0,1300.0
1769432464.1186419,9.82472126185894,5.960287570953369,8.04507917349728,2.994283655313623e-11,-2.08488723538659e-12,1.4239969748153779e-11,9000.0,0.47123889803846897,1300.0,0.0,9000.0,1300.0
1769432464.1685293,9.82472126185894,5.960287570953369,8.04507917349728,2.3344840573221853e-11,-1.6265286677504627e-12,1.1103552071454312e-11,9000.0,0.47123889803846897,1300.0,0.0,9000.0,1300.0
1769432464.2186546,9.82472126185894,5.960287570953369,8.04507917349728,2.3344840573221853e-11,-1.6265286677504627e-12,1.1103552071454312e-11,9000.0,0.47123889803846897,1300.0,0.0,9000.0,1300.0
1769432464.2684438,9.82472126185894,5.960287570953369,8.04507917349728,1.8200278016758403e-11,-1.2678876411299959e-12,8.653189728021949e-12,9000.0,0.47123889803846897,1300.0,0.0,9000.0,1300.0
1769432464.318586,9.82472126185894,5.960287570953369,8.04507917349728,1.8200278016758403e-11,-1.2678876411299959e-12,8.653189728021949e-12,9000.0,0.47123889803846897,1300.0,0.0,9000.0,1300.0
1769432464.3685231,9.82472126185894,5.960287570953369,8.04507917349728,1.4189684493406935e-11,-9.892166438998849e-13,6.741265724413033e-12,9000.0,0.47123889803846897,1300.0,0.0,9000.0,1300.0
1769432464.418614,9.82472126185894,5.960287570953369,8.04507917349728,1.4189684493406935e-11,-9.892166438998849e-13,6.741265724413033e-12,9000.0,0.47123889803846897,1300.0,0.0,9000.0,1300.0
1769432464.4685218,9.82472126185894,5.960287570953369,8.04507917349728,1.106273187070026e-11,-7.710534514325285e-13,5.254849371356833e-12,9000.0,0.47123889803846897,1300.0,0.0,9000.0,1300.0
1769432464.5185018,9.82472126185894,5.960287570953369,8.04507917349728,1.106273187070026e-11,-7.710534514325285e-13,5.254849371356833e-12,9000.0,0.47123889803846897,1300.0,0.0,9000.0,1300.0
1769432464.5685122,9.82472126185894,5.960287570953369,8.04507917349728,8.626329198153115e-12,-6.022596464892117e-13,4.097569196698474e-12,9000.0,0.47123889803846897,1300.0,0.0,9000.0,1300.0
1769432464.6186702,9.82472126185894,5.960287570953369,8.04507917349728,8.626329198153115e-12,-6.022596464892117e-13,4.097569196698474e-12,9000.0,0.47123889803846897,1300.0,0.0,9000.0,1300.0
1769432464.6685326,9.82472126185894,5.960287570953369,8.04507917349728,6.72589939566112e-12,-4.713784167496957e-13,3.1968186826897753e-12,9000.0,0.47123889803846897,1300.0,0.0,9000.0,1300.0
1769432464.7185829,9.82472126185894,5.960287570953369,8.04507917349728,6.72589939566112e-12,-4.713784167496957e-13,3.1968186826897753e-12,9000.0,0.47123889803846897,1300.0,0.0,9000.0,1300.0
1769432464.768616,9.82472126185894,5.960287570953369,8.04507917349728,5.243380080207965e-12,-3.6875174207901576e-13,2.4942344012612405e-12,9000.0,0.47123889803846897,1300.0,0.0,9000.0,1300.0
1769432464.818662,9.82472126185894,5.960287570953369,8.04507917349728,5.243380080207965e-12,-3.6875174207901576e-13,2.4942344012612405e-12,9000.0,0.47123889803846897,1300.0,0.0,9000.0,1300.0
1769432464.8686695,9.82472126185894,5.960287570953369,8.04507917349728,4.088031131238242e-12,-2.89920828913619e-13,1.9416230997438993e-12,9000.0,0.47123889803846897,1300.0,0.0,9000.0,1300.0
1769432464.9186726,9.82472126185894,5.960287570953369,8.04507917349728,4.088031131238242e-12,-2.89920828913619e-13,1.9416230997438993e-12,9000.0,0.47123889803846897,1300.0,0.0,9000.0,1300.0
1769432464.9686127,9.82472126185894,5.960287570953369,8.04507917349728,3.1869632097839196e-12,-2.2872852889189956e-13,1.5121674812085125e-12,9000.0,0.47123889803846897,1300.0,0.0,9000.0,1300.0
1769432465.0186837,9.82472126185894,5.960287570953369,8.04507917349728,3.1869632097839196e-12,-2.2872852889189956e-13,1.5121674812085125e-12,9000.0,0.47123889803846897,1300.0,0.0,9000.0,1300.0
1769432465.06859,9.82472126185894,5.960287570953369,8.04507917349728,2.484792705425769e-12,-1.797070491047176e-13,1.179824328798964e-12,9000.0,0.47123889803846897,1300.0,0.0,9000.0,1300.0
1769432465.1186917,9.82472126185894,5.960287570953369,8.04507917349728,2.484792705425769e-12,-1.797070491047176e-13,1.179824328798964e-12,9000.0,0.47123889803846897,1300.0,0.0,9000.0,1300.0
1769432465.1686428,9.82472126185894,5.960287570953369,8.04507917349728,1.9361825463306125e-12,-1.3934443306860547e-13,9.20894253115344e-13,9000.0,0.47123889803846897,1300.0,0.0,9000.0,1300.0
1769432465.218665,9.82472126185894,5.960287570953369,8.04507917349728,1.9361825463306125e-12,-1.3934443306860547e-13,9.20894253115344e-13,9000.0,0.47123889803846897,1300.0,0.0,9000.0,1300.0
1769432465.2685742,9.82472126185894,5.960287570953369,8.04507917349728,1.5084987323404177e-12,-1.0658373636266335e-13,7.203758920650508e-13,9000.0,0.47123889803846897,1300.0,0.0,9000.0,1300.0
1769432465.3186054,9.82472126185894,5.960287570953369,8.04507917349728,1.5084987323404177e-12,-1.0658373636266335e-13,7.203758920650508e-13,9000.0,0.47123889803846897,1300.0,0.0,9000.0,1300.0
1769432465.3685524,9.82472126185894,5.960287570953369,8.04507917349728,1.1765149045212852e-12,-8.18244091422857e-14,5.585475203642721e-13,9000.0,0.47123889803846897,1300.0,0.0,9000.0,1300.0
1769432465.418629,9.82472126185894,5.960287570953369,8.04507917349728,1.1765149045212852e-12,-8.18244091422857e-14,5.585475203642721e-13,9000.0,0.47123889803846897,1300.0,0.0,9000.0,1300.0
1769432465.4685335,9.82472126185894,5.960287570953369,8.04507917349728,9.170367382967032e-13,-6.319606365745399e-14,4.346116409020927e-13,9000.0,0.47123889803846897,1300.0,0.0,9000.0,1300.0
1769432465.5186388,9.82472126185894,5.960287570953369,8.04507917349728,9.170367382967032e-13,-6.319606365745399e-14,4.346116409020927e-13,9000.0,0.47123889803846897,1300.0,0.0,9000.0,1300.0
1769432465.5684934,9.82472126185894,5.960287570953369,8.04507917349728,7.148264676453061e-13,-4.775349113871007e-14,3.3514350441001446e-13,9000.0,0.47123889803846897,1300.0,0.0,9000.0,1300.0
1769432465.6186473,9.82472126185894,5.960287570953369,8.04507917349728,7.148264676453061e-13,-4.775349113871007e-14,3.3514350441001446e-13,9000.0,0.47123889803846897,1300.0,0.0,9000.0,1300.0
1769432465.6684747,9.82472126185894,5.960287570953369,8.04507917349728,5.579659546813527e-13,-3.582371816503468e-14,2.6014841539621403e-13,9000.0,0.47123889803846897,1300.0,0.0,9000.0,1300.0
1769432465.7185967,9.82472126185894,5.960287570953369,8.04507917349728,5.579659546813527e-13,-3.582371816503468e-14,2.6014841539621403e-13,9000.0,0.47123889803846897,1300.0,0.0,9000.0,1300.0
1769432465.768626,9.82472126185894,5.960287570953369,8.04507917349728,4.358346195762195e-13,-2.7981324633137073e-14,2.0094187050848874e-13,9000.0,0.47123889803846897,1300.0,0.0,9000.0,1300.0
1769432465.8188283,9.82472126185894,5.960287570953369,8.04507917349728,4.358346195762195e-13,-2.7981324633137073e-14,2.0094187050848874e-13,9000.0,0.47123889803846897,1300.0,0.0,9000.0,1300.0
1769432465.8684993,9.82472126185894,5.960287570953369,8.04507917349728,3.400620193465279e-13,-1.997457949381852e-14,1.551538298748416e-13,9000.0,0.47123889803846897,1300.0,0.0,9000.0,1300.0
1769432465.918591,9.82472126185894,5.960287570953369,8.04507917349728,3.400620193465279e-13,-1.997457949381852e-14,1.551538298748416e-13,9000.0,0.47123889803846897,1300.0,0.0,9000.0,1300.0
1769432465.9685674,9.82472126185894,5.960287570953369,8.04507917349728,2.6455628618117614e-13,-1.589092695322157e-14,1.2357725870607061e-13,9000.0,0.47123889803846897,1300.0,0.0,9000.0,1300.0
1769432466.0186708,9.82472126185894,5.960287570953369,8.04507917349728,2.6455628618117614e-13,-1.589092695322157e-14,1.2357725870607061e-13,9000.0,0.47123889803846897,1300.0,0.0,9000.0,1300.0
1769432466.0686166,9.82472126185894,5.960287570953369,8.04507917349728,2.0475351600340286e-13,-1.2214715604262268e-14,1.0068517848615558e-13,9000.0,0.47123889803846897,1300.0,0.0,9000.0,1300.0
1769432466.1187074,9.82472126185894,5.960287570953369,8.04507917349728,2.0475351600340286e-13,-1.2214715604262268e-14,1.0068517848615558e-13,9000.0,0.47123889803846897,1300.0,0.0,9000.0,1300.0
1769432466.168643,9.82472126185894,5.960287570953369,8.04507917349728,1.58903832853387e-13,-1.1237085914602928e-14,8.331797498916923e-14,9000.0,0.47123889803846897,1300.0,0.0,9000.0,1300.0
1769432466.2186038,9.82472126185894,5.960287570953369,8.04507917349728,1.58903832853387e-13,-1.1237085914602928e-14,8.331797498916923e-14,9000.0,0.47123889803846897,1300.0,0.0,9000.0,1300.0
1769432466.2685673,9.82472126185894,5.960287570953369,8.04507917349728,1.2319602467413749e-13,-1.2221849949914848e-14,6.673992512437047e-14,9000.0,0.47123889803846897,1300.0,0.0,9000.0,1300.0
1769432466.319397,9.82472126185894,5.960287570953369,8.04507917349728,1.2319602467413749e-13,-1.2221849949914848e-14,6.673992512437047e-14,9000.0,0.47123889803846897,1300.0,0.0,9000.0,1300.0
1769432466.368564,9.82472126185894,5.960287570953369,8.04507917349728,9.509981247565744e-14,-1.4678128380306857e-14,5.016168035726273e-14,9000.0,0.47123889803846897,1300.0,0.0,9000.0,1300.0
1769432466.4186256,9.82472126185894,5.960287570953369,8.04507917349728,9.509981247565744e-14,-1.4678128380306857e-14,5.016168035726273e-14,9000.0,0.47123889803846897,1300.0,0.0,9000.0,1300.0
1769432466.4685507,9.82472126185894,5.960287570953369,8.04507917349728,7.383618252887322e-14,-1.582494667351427e-14,3.910931973600533e-14,9000.0,0.47123889803846897,1300.0,0.0,9000.0,1300.0
1769432466.5185664,9.82472126185894,5.960287570953369,8.04507917349728,7.383618252887322e-14,-1.582494667351427e-14,3.910931973600533e-14,9000.0,0.47123889803846897,1300.0,0.0,9000.0,1300.0
1769432466.5684812,9.82472126185894,5.960287570953369,8.04507917349728,5.686169558880064e-14,-1.5171986234640074e-14,2.80577402777035e-14,9000.0,0.47123889803846897,1300.0,0.0,9000.0,1300.0
1769432466.6185515,9.82472126185894,5.960287570953369,8.04507917349728,5.686169558880064e-14,-1.5171986234640074e-14,2.80577402777035e-14,9000.0,0.47123889803846897,1300.0,0.0,9000.0,1300.0
1769432466.6684995,9.82472126185894,5.960287570953369,8.04507917349728,4.368809276902471e-14,-1.5254954949969333e-14,2.0953606325596674e-14,9000.0,0.47123889803846897,1300.0,0.0,9000.0,1300.0
1769432466.7186337,9.82472126185894,5.960287570953369,8.04507917349728,4.368809276902471e-14,-1.5254954949969333e-14,2.0953606325596674e-14,9000.0,0.47123889803846897,1300.0,0.0,9000.0,1300.0
1769432466.7685568,9.82472126185894,5.960287570953369,8.04507917349728,3.432258222914239e-14,-1.6073723735106945e-14,1.77958881957759e-14,9000.0,0.47123889803846897,1300.0,0.0,9000.0,1300.0
1769432466.8185496,9.82472126185894,5.960287570953369,8.04507917349728,3.432258222914239e-14,-1.6073723735106945e-14,1.77958881957759e-14,9000.0,0.47123889803846897,1300.0,0.0,9000.0,1300.0
1769432466.8684943,9.82472126185894,5.960287570953369,8.04507917349728,2.6715945331322785e-14,-1.4602157358263205e-14,1.0690580403697261e-14,9000.0,0.47123889803846897,1300.0,0.0,9000.0,1300.0
1769432466.918635,9.82472126185894,5.960287570953369,8.04507917349728,2.6715945331322785e-14,-1.4602157358263205e-14,1.0690580403697261e-14,9000.0,0.47123889803846897,1300.0,0.0,9000.0,1300.0
1769432466.968492,9.82472126185894,5.960287570953369,8.04507917349728,2.21344261447651e-14,-1.1084838105341682e-14,4.375254213850101e-15,9000.0,0.47123889803846897,1300.0,0.0,9000.0,1300.0
1769432467.0186603,9.82472126185894,5.960287570953369,8.04507917349728,2.21344261447651e-14,-1.1084838105341682e-14,4.375254213850101e-15,9000.0,0.47123889803846897,1300.0,0.0,9000.0,1300.0
1769432467.0685868,9.82472126185894,5.960287570953369,8.04507917349728,1.7552931289366575e-14,-7.567537531912938e-15,4.282742009293793e-16,9000.0,0.47123889803846897,1300.0,0.0,9000.0,1300.0
1769432467.118619,9.82472126185894,5.960287570953369,8.04507917349728,1.7552931289366575e-14,-7.567537531912938e-15,4.282742009293793e-16,9000.0,0.47123889803846897,1300.0,0.0,9000.0,1300.0
1769432467.1685772,9.82472126185894,5.960287570953369,8.04507917349728,1.4239680371060535e-14,-4.295759806208337e-15,-1.1505816680291481e-15,9000.0,0.47123889803846897,1300.0,0.0,9000.0,1300.0
1769432467.2186584,9.82472126185894,5.960287570953369,8.04507917349728,1.4239680371060535e-14,-4.295759806208337e-15,-1.1505816680291481e-15,9000.0,0.47123889803846897,1300.0,0.0,9000.0,1300.0
1769432467.2684946,9.82472126185894,5.960287570953369,8.04507917349728,1.0926620159401968e-14,-1.024170400005254e-15,-1.1505816680291481e-15,9000.0,0.47123889803846897,1300.0,0.0,9000.0,1300.0
1769432467.318669,9.82472126185894,5.960287570953369,8.04507917349728,1.0926620159401968e-14,-1.024170400005254e-15,-1.1505816680291481e-15,9000.0,0.47123889803846897,1300.0,0.0,9000.0,1300.0
1769432467.3685403,9.82472126185894,5.960287570953369,8.04507917349728,7.613262921863953e-15,2.2477123140939976e-15,-3.6116068808351825e-16,9000.0,0.47123889803846897,1300.0,0.0,9000.0,1300.0
1769432467.41862,9.82472126185894,5.960287570953369,8.04507917349728,7.613262921863953e-15,2.2477123140939976e-15,-3.6116068808351825e-16,9000.0,0.47123889803846897,1300.0,0.0,9000.0,1300.0
1769432467.4684966,9.82472126185894,5.960287570953369,8.04507917349728,4.300137278130352e-15,5.519366333334523e-15,-3.6116068808351825e-16,9000.0,0.47123889803846897,1300.0,0.0,9000.0,1300.0
1769432467.5186498,9.82472126185894,5.960287570953369,8.04507917349728,4.300137278130352e-15,5.519366333334523e-15,-3.6116068808351825e-16,9000.0,0.47123889803846897,1300.0,0.0,9000.0,1300.0
1769432467.5685923,9.82472126185894,5.960287570953369,8.04507917349728,2.2545435904196976e-15,8.546277800922956e-15,-3.6116068808351825e-16,9000.0,0.47123889803846897,1300.0,0.0,9000.0,1300.0
1769432467.6186454,9.82472126185894,5.960287570953369,8.04507917349728,2.2545435904196976e-15,8.546277800922956e-15,-3.6116068808351825e-16,9000.0,0.47123889803846897,1300.0,0.0,9000.0,1300.0
1769432467.6685202,9.82472126185894,5.960287570953369,8.04507917349728,1.4771197476465667e-15,1.1327703990769561e-14,-3.6116068808351825e-16,9000.0,0.47123889803846897,1300.0,0.0,9000.0,1300.0
1769432467.7186549,9.82472126185894,5.960287570953369,8.04507917349728,1.4771197476465667e-15,1.1327703990769561e-14,-3.6116068808351825e-16,9000.0,0.47123889803846897,1300.0,0.0,9000.0,1300.0
1769432467.7685077,9.82472126185894,5.960287570953369,8.04507917349728,2.0923222044538736e-16,1.157298724534211e-14,-3.6116068808351825e-16,9000.0,0.47123889803846897,1300.0,0.0,9000.0,1300.0
1769432467.8186138,9.82472126185894,5.960287570953369,8.04507917349728,2.0923222044538736e-16,1.157298724534211e-14,-3.6116068808351825e-16,9000.0,0.47123889803846897,1300.0,0.0,9000.0,1300.0
1769432467.868528,9.82472126185894,5.960287570953369,8.04507917349728,-1.5492260943550199e-15,9.282489872569302e-15,-3.6116068808351825e-16,9000.0,0.47123889803846897,1300.0,0.0,9000.0,1300.0
1769432467.9186323,9.82472126185894,5.960287570953369,8.04507917349728,-1.5492260943550199e-15,9.282489872569302e-15,-3.6116068808351825e-16,9000.0,0.47123889803846897,1300.0,0.0,9000.0,1300.0
1769432467.9685638,9.82472126185894,5.960287570953369,8.04507917349728,-3.307854976105753e-15,6.991770326118385e-15,-3.6116068808351825e-16,9000.0,0.47123889803846897,1300.0,0.0,9000.0,1300.0
1769432468.0187035,9.82472126185894,5.960287570953369,8.04507917349728,-3.307854976105753e-15,6.991770326118385e-15,-3.6116068808351825e-16,9000.0,0.47123889803846897,1300.0,0.0,9000.0,1300.0
1769432468.0685716,9.82472126185894,5.960287570953369,8.04507917349728,-3.798317134596625e-15,4.4565346680689346e-15,-3.6116068808351825e-16,9000.0,0.47123889803846897,1300.0,0.0,9000.0,1300.0
1769432468.118531,9.82472126185894,5.960287570953369,8.04507917349728,-3.798317134596625e-15,4.4565346680689346e-15,-3.6116068808351825e-16,9000.0,0.47123889803846897,1300.0,0.0,9000.0,1300.0
1769432468.1685631,9.82472126185894,5.960287570953369,8.04507917349728,-3.020819369086488e-15,1.6748440013367211e-15,-3.6116068808351825e-16,9000.0,0.47123889803846897,1300.0,0.0,9000.0,1300.0
1769432468.218636,9.82472126185894,5.960287570953369,8.04507917349728,-3.020819369086488e-15,1.6748440013367211e-15,-3.6116068808351825e-16,9000.0,0.47123889803846897,1300.0,0.0,9000.0,1300.0
1769432468.2686133,9.82472126185894,5.960287570953369,8.04507917349728,-2.243396183272023e-15,-1.1065798380776785e-15,-3.6116068808351825e-16,9000.0,0.47123889803846897,1300.0,0.0,9000.0,1300.0
1769432468.32121,9.82472126185894,5.960287570953369,8.04507917349728,-2.243396183272023e-15,-1.1065798380776785e-15,-3.6116068808351825e-16,9000.0,0.47123889803846897,1300.0,0.0,9000.0,1300.0
1769432468.368462,9.82472126185894,5.960287570953369,8.04507917349728,-1.4660760845459142e-15,-3.88763485792209e-15,-3.6116068808351825e-16,9000.0,0.47123889803846897,1300.0,0.0,9000.0,1300.0
1769432468.4186218,9.82472126185894,5.960287570953369,8.04507917349728,-1.4660760845459142e-15,-3.88763485792209e-15,-3.6116068808351825e-16,9000.0,0.47123889803846897,1300.0,0.0,9000.0,1300.0
1769432468.468533,9.82472126185894,5.960287570953369,8.04507917349728,-6.887226897149264e-16,-6.668809002821632e-15,-3.6116068808351825e-16,9000.0,0.47123889803846897,1300.0,0.0,9000.0,1300.0
1769432468.5185452,9.82472126185894,5.960287570953369,8.04507917349728,-6.887226897149264e-16,-6.668809002821632e-15,-3.6116068808351825e-16,9000.0,0.47123889803846897,1300.0,0.0,9000.0,1300.0
1769432468.5684843,9.82472126185894,5.960287570953369,8.04507917349728,8.863045957650805e-17,-9.449982269242657e-15,-3.6116068808351825e-16,9000.0,0.47123889803846897,1300.0,0.0,9000.0,1300.0
1769432468.6185458,9.82472126185894,5.960287570953369,8.04507917349728,8.863045957650805e-17,-9.449982269242657e-15,-3.6116068808351825e-16,9000.0,0.47123889803846897,1300.0,0.0,9000.0,1300.0
1769432468.6685328,9.82472126185894,5.960287570953369,8.04507917349728,1.3565325798716649e-15,-9.69526834696908e-15,-3.6116068808351825e-16,9000.0,0.47123889803846897,1300.0,0.0,9000.0,1300.0
1769432468.718624,9.82472126185894,5.960287570953369,8.04507917349728,1.3565325798716649e-15,-9.69526834696908e-15,-3.6116068808351825e-16,9000.0,0.47123889803846897,1300.0,0.0,9000.0,1300.0
1769432468.768538,9.82472126185894,5.960287570953369,8.04507917349728,3.1150083592665167e-15,-7.404748225515025e-15,-3.6116068808351825e-16,9000.0,0.47123889803846897,1300.0,0.0,9000.0,1300.0
1769432468.8185315,9.82472126185894,5.960287570953369,8.04507917349728,3.1150083592665167e-15,-7.404748225515025e-15,-3.6116068808351825e-16,9000.0,0.47123889803846897,1300.0,0.0,9000.0,1300.0
1769432468.8684301,9.82472126185894,5.960287570953369,8.04507917349728,3.605608641317386e-15,-4.868798596431398e-15,-3.6116068808351825e-16,9000.0,0.47123889803846897,1300.0,0.0,9000.0,1300.0
1769432468.9186556,9.82472126185894,5.960287570953369,8.04507917349728,3.605608641317386e-15,-4.868798596431398e-15,-3.6116068808351825e-16,9000.0,0.47123889803846897,1300.0,0.0,9000.0,1300.0
1769432468.9685435,9.82472126185894,5.960287570953369,8.04507917349728,2.828333872110317e-15,-2.0879057541592376e-15,-3.6116068808351825e-16,9000.0,0.47123889803846897,1300.0,0.0,9000.0,1300.0
1769432469.0185785,9.82472126185894,5.960287570953369,8.04507917349728,2.828333872110317e-15,-2.0879057541592376e-15,-3.6116068808351825e-16,9000.0,0.47123889803846897,1300.0,0.0,9000.0,1300.0
1769432469.0684218,9.82472126185894,5.960287570953369,8.04507917349728,2.050852902201361e-15,6.937248221532732e-16,-3.6116068808351825e-16,9000.0,0.47123889803846897,1300.0,0.0,9000.0,1300.0
1769432469.1185741,9.82472126185894,5.960287570953369,8.04507917349728,2.050852902201361e-15,6.937248221532732e-16,-3.6116068808351825e-16,9000.0,0.47123889803846897,1300.0,0.0,9000.0,1300.0
1769432469.1684294,9.82472126185894,5.960287570953369,8.04507917349728,1.2736700761552312e-15,3.4742887150136163e-15,-3.6116068808351825e-16,9000.0,0.47123889803846897,1300.0,0.0,9000.0,1300.0
1769432469.218582,9.82472126185894,5.960287570953369,8.04507917349728,1.2736700761552312e-15,3.4742887150136163e-15,-3.6116068808351825e-16,9000.0,0.47123889803846897,1300.0,0.0,9000.0,1300.0
1769432469.2685502,9.82472126185894,5.960287570953369,8.04507917349728,4.962441054162787e-16,6.2557225181845646e-15,-3.6116068808351825e-16,9000.0,0.47123889803846897,1300.0,0.0,9000.0,1300.0
1769432469.3185449,9.82472126185894,5.960287570953369,8.04507917349728,4.962441054162787e-16,6.2557225181845646e-15,-3.6116068808351825e-16,9000.0,0.47123889803846897,1300.0,0.0,9000.0,1300.0
1769432469.3684235,9.82472126185894,5.960287570953369,8.04507917349728,-2.809402592273649e-16,9.036291915758276e-15,-3.6116068808351825e-16,9000.0,0.47123889803846897,1300.0,0.0,9000.0,1300.0
1769432469.4185848,9.82472126185894,5.960287570953369,8.04507917349728,-2.809402592273649e-16,9.036291915758276e-15,-3.6116068808351825e-16,9000.0,0.47123889803846897,1300.0,0.0,9000.0,1300.0
1769432469.4684136,9.82472126185894,5.960287570953369,8.04507917349728,-1.058490801482889e-15,1.1818171404357994e-14,-3.6116068808351825e-16,9000.0,0.47123889803846897,1300.0,0.0,9000.0,1300.0
1769432469.518619,9.82472126185894,5.960287570953369,8.04507917349728,-1.058490801482889e-15,1.1818171404357994e-14,-3.6116068808351825e-16,9000.0,0.47123889803846897,1300.0,0.0,9000.0,1300.0
1769432469.5685146,9.82472126185894,5.960287570953369,8.04507917349728,-2.326384333288774e-15,1.2063455820570634e-14,-3.6116068808351825e-16,9000.0,0.47123889803846897,1300.0,0.0,9000.0,1300.0
1769432469.6185877,9.82472126185894,5.960287570953369,8.04507917349728,-2.326384333288774e-15,1.2063455820570634e-14,-3.6116068808351825e-16,9000.0,0.47123889803846897,1300.0,0.0,9000.0,1300.0
1769432469.6684563,9.82472126185894,5.960287570953369,8.04507917349728,-2.8169449093144553e-15,9.527711434907223e-15,-3.6116068808351825e-16,9000.0,0.47123889803846897,1300.0,0.0,9000.0,1300.0
1769432469.7185848,9.82472126185894,5.960287570953369,8.04507917349728,-2.8169449093144553e-15,9.527711434907223e-15,-3.6116068808351825e-16,9000.0,0.47123889803846897,1300.0,0.0,9000.0,1300.0
1769432469.7685256,9.82472126185894,5.960287570953369,8.04507917349728,-2.039584267923302e-15,6.746511363645351e-15,-3.6116068808351825e-16,9000.0,0.47123889803846897,1300.0,0.0,9000.0,1300.0
1769432469.818545,9.82472126185894,5.960287570953369,8.04507917349728,-2.039584267923302e-15,6.746511363645351e-15,-3.6116068808351825e-16,9000.0,0.47123889803846897,1300.0,0.0,9000.0,1300.0
1769432469.8685167,9.82472126185894,5.960287570953369,8.04507917349728,-1.2623321565800564e-15,3.965699585488254e-15,-3.6116068808351825e-16,9000.0,0.47123889803846897,1300.0,0.0,9000.0,1300.0
1769432469.918587,9.82472126185894,5.960287570953369,8.04507917349728,-1.2623321565800564e-15,3.965699585488254e-15,-3.6116068808351825e-16,9000.0,0.47123889803846897,1300.0,0.0,9000.0,1300.0
1769432469.9685426,9.82472126185894,5.960287570953369,8.04507917349728,-4.849955226635077e-16,1.1845854069080118e-15,-3.6116068808351825e-16,9000.0,0.47123889803846897,1300.0,0.0,9000.0,1300.0
1769432470.0185726,9.82472126185894,5.960287570953369,8.04507917349728,-4.849955226635077e-16,1.1845854069080118e-15,-3.6116068808351825e-16,8000.0,0.41887902047863906,1300.0,0.0,8000.0,1300.0
1769432470.0685518,9.82472126185894,5.960287570953369,8.04507917349728,2.923548991139202e-16,-1.596578101156666e-15,-3.6116068808351825e-16,7000.0,0.36651914291880916,1300.0,0.0,7000.0,1300.0
1769432470.1185975,9.82472126185894,5.960287570953369,8.04507917349728,2.923548991139202e-16,-1.596578101156666e-15,-3.6116068808351825e-16,6000.0,0.31415926535897926,1300.0,0.0,6000.0,1300.0
1769432470.168542,9.82472126185894,5.960287570953369,8.04507917349728,1.0698831687689535e-15,-4.378377904016235e-15,-3.6116068808351825e-16,5000.0,0.2617993877991494,1300.0,0.0,5000.0,1300.0
1769432470.2186267,9.82472126185894,5.960287570953369,8.04507917349728,1.0698831687689535e-15,-4.378377904016235e-15,-3.6116068808351825e-16,4000.0,0.20943951023931953,1300.0,0.0,4000.0,1300.0
1769432470.268526,9.82472126185894,5.960287570953369,8.04507917349728,1.847299344779836e-15,-7.159776664123572e-15,-3.6116068808351825e-16,3000.0,0.15707963267948963,1300.0,0.0,3000.0,1300.0
1769432470.3186142,9.82472126185894,5.960287570953369,8.04507917349728,1.847299344779836e-15,-7.159776664123572e-15,-3.6116068808351825e-16,2000.0,0.10471975511965977,1300.0,0.0,2000.0,1300.0
1769432470.368521,9.82472126185894,5.960287570953369,8.04507917349728,2.6245242960602747e-15,-9.940491270434563e-15,-3.6116068808351825e-16,1000.0,0.05235987755982988,1300.0,0.0,1000.0,1300.0
1769432470.4185865,9.82472126185894,5.960287570953369,8.04507917349728,2.6245242960602747e-15,-9.940491270434563e-15,-3.6116068808351825e-16,0.0,0.0,1300.0,0.0,0.0,1300.0
1769432470.4685116,9.82472126185894,5.960287570953369,8.04507917349728,2.6245242960602747e-15,-9.940491270434563e-15,-3.6116068808351825e-16,0.0,0.0,1300.0,0.0,0.0,1300.0
1769432470.5185547,9.82472126185894,5.960287570953369,8.04507917349728,2.6245242960602747e-15,-9.940491270434563e-15,-3.6116068808351825e-16,0.0,0.0,1300.0,0.0,0.0,1300.0
1769432470.5685408,9.82472126185894,5.960287570953369,8.04507917349728,1.847021751496314e-15,-7.158783505454602e-15,-3.6116068808351825e-16,0.0,0.0,1300.0,0.0,0.0,1300.0
1769432470.6186175,9.82472126185894,5.960287570953369,8.04507917349728,1.847021751496314e-15,-7.158783505454602e-15,-3.6116068808351825e-16,0.0,0.0,1300.0,0.0,0.0,1300.0
1769432470.6685236,9.82472126185894,5.960287570953369,8.04507917349728,1.0698074945466369e-15,-4.3781071607584805e-15,-3.6116068808351825e-16,0.0,0.0,1300.0,0.0,0.0,1300.0
1769432470.7186108,9.82472126185894,5.960287570953369,8.04507917349728,1.0698074945466369e-15,-4.3781071607584805e-15,-3.6116068808351825e-16,0.0,0.0,1300.0,0.0,0.0,1300.0
1769432470.7685196,9.82472126185894,5.960287570953369,8.04507917349728,2.9240964126933174e-16,-1.5967739547649208e-15,-3.6116068808351825e-16,0.0,0.0,1300.0,0.0,0.0,1300.0
1769432470.8186138,9.82472126185894,5.960287570953369,8.04507917349728,2.9240964126933174e-16,-1.5967739547649208e-15,-3.6116068808351825e-16,0.0,0.0,1300.0,0.0,0.0,1300.0
1769432470.868581,9.82472126185894,5.960287570953369,8.04507917349728,-4.851115504311205e-16,1.1850005249605235e-15,-3.6116068808351825e-16,0.0,0.0,1300.0,0.0,0.0,1300.0
1769432470.9185658,9.82472126185894,5.960287570953369,8.04507917349728,-4.851115504311205e-16,1.1850005249605235e-15,-3.6116068808351825e-16,0.0,0.0,1300.0,0.0,0.0,1300.0
1769432470.9685411,9.82472126185894,5.960287570953369,8.04507917349728,-1.2624055755565074e-15,3.96596226004581e-15,-3.6116068808351825e-16,0.0,0.0,1300.0,0.0,0.0,1300.0
1769432471.0187004,9.82472126185894,5.960287570953369,8.04507917349728,-1.2624055755565074e-15,3.96596226004581e-15,-3.6116068808351825e-16,0.0,0.0,1300.0,0.0,0.0,1300.0
1769432471.0685477,9.82472126185894,5.960287570953369,8.04507917349728,-2.039804518880739e-15,6.7472993659520075e-15,-3.6116068808351825e-16,0.0,0.0,1300.0,0.0,0.0,1300.0
1769432471.1185863,9.82472126185894,5.960287570953369,8.04507917349728,-2.039804518880739e-15,6.7472993659520075e-15,-3.6116068808351825e-16,0.0,0.0,1300.0,0.0,0.0,1300.0
1769432471.1685324,9.82472126185894,5.960287570953369,8.04507917349728,-2.8171398282420498e-15,9.528408805608093e-15,-3.6116068808351825e-16,0.0,0.0,1300.0,0.0,0.0,1300.0
1769432471.2186012,9.82472126185894,5.960287570953369,8.04507917349728,-2.8171398282420498e-15,9.528408805608093e-15,-3.6116068808351825e-16,0.0,0.0,1300.0,0.0,0.0,1300.0
1769432471.268614,9.82472126185894,5.960287570953369,8.04507917349728,-2.3264974678203177e-15,1.2064575940944542e-14,-3.6116068808351825e-16,0.0,0.0,1300.0,0.0,0.0,1300.0
1769432471.3185923,9.82472126185894,5.960287570953369,8.04507917349728,-2.3264974678203177e-15,1.2064575940944542e-14,-3.6116068808351825e-16,0.0,0.0,1300.0,0.0,0.0,1300.0
1769432471.3685489,9.82472126185894,5.960287570953369,8.04507917349728,-1.0586776078103985e-15,1.1819305777145855e-14,-3.6116068808351825e-16,0.0,0.0,1400.0,0.0,0.0,1400.0
1769432471.418642,9.82472126185894,5.960287570953369,8.04507917349728,-1.0586776078103985e-15,1.1819305777145855e-14,-3.6116068808351825e-16,0.0,0.0,1400.0,0.0,0.0,1400.0
1769432471.4684858,9.82472126185894,5.960287570953369,8.04507917349728,-2.813352617174912e-16,9.038171161841072e-15,-3.6116068808351825e-16,0.0,0.0,1400.0,0.0,0.0,1400.0
1769432471.5185928,9.82472126185894,5.960287570953369,8.04507917349728,-2.813352617174912e-16,9.038171161841072e-15,-3.6116068808351825e-16,0.0,0.0,1400.0,0.0,0.0,1400.0
1769432471.5685587,9.82472126185894,5.960287570953369,8.04507917349728,4.960262768915597e-16,6.256967880560134e-15,-3.6116068808351825e-16,0.0,0.0,1400.0,0.0,0.0,1400.0
1769432471.6186159,9.82472126185894,5.960287570953369,8.04507917349728,4.960262768915597e-16,6.256967880560134e-15,-3.6116068808351825e-16,0.0,0.0,1400.0,0.0,0.0,1400.0
1769432471.6686227,9.82472126185894,5.960287570953369,8.04507917349728,1.273358202994485e-15,3.4758705453481895e-15,-3.6116068808351825e-16,0.0,0.0,1400.0,0.0,0.0,1400.0
1769432471.7185934,9.82472126185894,5.960287570953369,8.04507917349728,1.273358202994485e-15,3.4758705453481895e-15,-3.6116068808351825e-16,0.0,0.0,1400.0,0.0,0.0,1400.0
1769432471.7685535,9.82472126185894,5.960287570953369,8.04507917349728,2.050740222850496e-15,6.945939873376731e-16,-3.6116068808351825e-16,0.0,0.0,1400.0,0.0,0.0,1400.0
1769432471.8186438,9.82472126185894,5.960287570953369,8.04507917349728,2.050740222850496e-15,6.945939873376731e-16,-3.6116068808351825e-16,0.0,0.0,1400.0,0.0,0.0,1400.0
1769432471.8685312,9.82472126185894,5.960287570953369,8.04507917349728,2.8279474624415866e-15,-2.0860572510214896e-15,-3.6116068808351825e-16,0.0,0.0,1400.0,0.0,0.0,1400.0
1769432471.9186447,9.82472126185894,5.960287570953369,8.04507917349728,2.8279474624415866e-15,-2.0860572510214896e-15,-3.6116068808351825e-16,0.0,0.0,1400.0,0.0,0.0,1400.0
1769432471.9685242,9.82472126185894,5.960287570953369,8.04507917349728,3.605416405216989e-15,-4.867644797287307e-15,-3.6116068808351825e-16,0.0,0.0,1400.0,0.0,0.0,1400.0
1769432472.018576,9.82472126185894,5.960287570953369,8.04507917349728,3.605416405216989e-15,-4.867644797287307e-15,-3.6116068808351825e-16,0.0,0.0,1400.0,0.0,0.0,1400.0
1769432472.0684304,9.82472126185894,5.960287570953369,8.04507917349728,3.1148015574780186e-15,-7.403669717504446e-15,-3.6116068808351825e-16,0.0,0.0,1400.0,0.0,0.0,1400.0
1769432472.1185944,9.82472126185894,5.960287570953369,8.04507917349728,3.1148015574780186e-15,-7.403669717504446e-15,-3.6116068808351825e-16,0.0,0.0,1500.0,0.0,0.0,1500.0
1769432472.1686141,9.82472126185894,5.960287570953369,8.04507917349728,1.3563946775548423e-15,-9.694100093266191e-15,-3.6116068808351825e-16,0.0,0.0,1500.0,0.0,0.0,1500.0
1769432472.2185965,9.82472126185894,5.960287570953369,8.04507917349728,1.3563946775548423e-15,-9.694100093266191e-15,-3.6116068808351825e-16,0.0,0.0,1500.0,0.0,0.0,1500.0
1769432472.2685454,9.82472126185894,5.960287570953369,8.04507917349728,8.844891098733918e-17,-9.448805571809941e-15,-3.6116068808351825e-16,0.0,0.0,1500.0,0.0,0.0,1500.0
1769432472.3187637,9.82472126185894,5.960287570953369,8.04507917349728,8.844891098733918e-17,-9.448805571809941e-15,-3.6116068808351825e-16,0.0,0.0,1500.0,0.0,0.0,1500.0
1769432472.3685386,9.82472126185894,5.960287570953369,8.04507917349728,-6.889461258733325e-16,-6.667482442243877e-15,-3.6116068808351825e-16,0.0,0.0,1500.0,0.0,0.0,1500.0
1769432472.4185948,9.82472126185894,5.960287570953369,8.04507917349728,-6.889461258733325e-16,-6.667482442243877e-15,-3.6116068808351825e-16,0.0,0.0,1500.0,0.0,0.0,1500.0
1769432472.4685454,9.82472126185894,5.960287570953369,8.04507917349728,-1.4663169654018086e-15,-3.8862458846219585e-15,-3.6116068808351825e-16,0.0,0.0,1500.0,0.0,0.0,1500.0
1769432472.5186083,9.82472126185894,5.960287570953369,8.04507917349728,-1.4663169654018086e-15,-3.8862458846219585e-15,-3.6116068808351825e-16,0.0,0.0,1500.0,0.0,0.0,1500.0
1769432472.5686545,9.82472126185894,5.960287570953369,8.04507917349728,-2.243760125141719e-15,-1.104750583546248e-15,-3.6116068808351825e-16,0.0,0.0,1500.0,0.0,0.0,1500.0
1769432472.6186306,9.82472126185894,5.960287570953369,8.04507917349728,-2.243760125141719e-15,-1.104750583546248e-15,-3.6116068808351825e-16,0.0,0.0,1500.0,0.0,0.0,1500.0
1769432472.668561,9.82472126185894,5.960287570953369,8.04507917349728,-3.021130322874954e-15,1.6764836778943682e-15,-3.6116068808351825e-16,0.0,0.0,1500.0,0.0,0.0,1500.0
1769432472.7186036,9.82472126185894,5.960287570953369,8.04507917349728,-3.021130322874954e-15,1.6764836778943682e-15,-3.6116068808351825e-16,0.0,0.0,1500.0,0.0,0.0,1500.0
1769432472.7685566,9.82472126185894,5.960287570953369,8.04507917349728,-3.798404487072489e-15,4.457374355595198e-15,-3.6116068808351825e-16,0.0,0.0,1500.0,0.0,0.0,1500.0
1769432472.8186333,9.82472126185894,5.960287570953369,8.04507917349728,-3.798404487072489e-15,4.457374355595198e-15,-3.6116068808351825e-16,0.0,0.0,1500.0,0.0,0.0,1500.0
1769432472.868667,9.82472126185894,5.960287570953369,8.04507917349728,-3.307824357149453e-15,6.99321981681963e-15,-3.6116068808351825e-16,0.0,0.0,1500.0,0.0,0.0,1500.0
1769432472.9187205,9.82472126185894,5.960287570953369,8.04507917349728,-3.307824357149453e-15,6.99321981681963e-15,-3.6116068808351825e-16,0.0,0.0,1500.0,0.0,0.0,1500.0
1769432472.9686534,9.82472126185894,5.960287570953369,8.04507917349728,-1.5494252530919305e-15,9.283640064050206e-15,-3.6116068808351825e-16,0.0,0.0,1500.0,0.0,0.0,1500.0
1769432473.0185823,9.82472126185894,5.960287570953369,8.04507917349728,-1.5494252530919305e-15,9.283640064050206e-15,-3.6116068808351825e-16,0.0,0.0,1500.0,0.0,0.0,1500.0
1769432473.0685337,9.82472126185894,5.960287570953369,8.04507917349728,2.0904425428533182e-16,1.157415201582535e-14,-3.6116068808351825e-16,0.0,0.0,1500.0,0.0,0.0,1500.0
1769432473.1187086,9.82472126185894,5.960287570953369,8.04507917349728,2.0904425428533182e-16,1.157415201582535e-14,-3.6116068808351825e-16,0.0,0.0,1500.0,0.0,0.0,1500.0
1769432473.1685777,9.82472126185894,5.960287570953369,8.04507917349728,1.4771010630150152e-15,1.13288360123509e-14,-3.6116068808351825e-16,0.0,0.0,1500.0,0.0,0.0,1500.0
1769432473.218548,9.82472126185894,5.960287570953369,8.04507917349728,1.4771010630150152e-15,1.13288360123509e-14,-3.6116068808351825e-16,0.0,0.0,1500.0,0.0,0.0,1500.0
1769432473.2685611,9.82472126185894,5.960287570953369,8.04507917349728,2.2543760096190004e-15,8.54794253539737e-15,-3.6116068808351825e-16,0.0,0.0,1500.0,0.0,0.0,1500.0
1769432473.3186355,9.82472126185894,5.960287570953369,8.04507917349728,2.2543760096190004e-15,8.54794253539737e-15,-3.6116068808351825e-16,0.0,0.0,1500.0,0.0,0.0,1500.0
1769432473.3685594,9.82472126185894,5.960287570953369,8.04507917349728,3.0316710092425752e-15,5.766977313803654e-15,-3.6116068808351825e-16,0.0,0.0,1500.0,0.0,0.0,1500.0
1769432473.4186711,9.82472126185894,5.960287570953369,8.04507917349728,3.0316710092425752e-15,5.766977313803654e-15,-3.6116068808351825e-16,0.0,0.0,1500.0,0.0,0.0,1500.0
1769432473.468581,9.82472126185894,5.960287570953369,8.04507917349728,3.809035816551592e-15,2.98576233793967e-15,-3.6116068808351825e-16,0.0,0.0,1500.0,0.0,0.0,1500.0
1769432473.518611,9.82472126185894,5.960287570953369,8.04507917349728,3.809035816551592e-15,2.98576233793967e-15,-3.6116068808351825e-16,0.0,0.0,1500.0,0.0,0.0,1500.0
1769432473.5685709,9.82472126185894,5.960287570953369,8.04507917349728,4.586498640134679e-15,2.041966845987004e-16,-3.6116068808351825e-16,0.0,0.0,1500.0,0.0,0.0,1500.0
1769432473.6185706,9.82472126185894,5.960287570953369,8.04507917349728,4.586498640134679e-15,2.041966845987004e-16,-3.6116068808351825e-16,0.0,0.0,1500.0,0.0,0.0,1500.0
1769432473.6685598,9.82472126185894,5.960287570953369,8.04507917349728,4.095963726779123e-15,-2.331415048799378e-15,-3.6116068808351825e-16,0.0,0.0,1500.0,0.0,0.0,1500.0
1769432473.71862,9.82472126185894,5.960287570953369,8.04507917349728,4.095963726779123e-15,-2.331415048799378e-15,-3.6116068808351825e-16,0.0,0.0,1500.0,0.0,0.0,1500.0
1769432473.768584,9.82472126185894,5.960287570953369,8.04507917349728,2.337488428459334e-15,-4.621934543624324e-15,-3.6116068808351825e-16,0.0,0.0,1500.0,0.0,0.0,1500.0
1769432473.8186603,9.82472126185894,5.960287570953369,8.04507917349728,2.337488428459334e-15,-4.621934543624324e-15,-3.6116068808351825e-16,0.0,0.0,1500.0,0.0,0.0,1500.0
1769432473.8684967,9.82472126185894,5.960287570953369,8.04507917349728,5.789671770375578e-16,-6.912513895119449e-15,-3.6116068808351825e-16,0.0,0.0,1500.0,0.0,0.0,1500.0
1769432473.9186268,9.82472126185894,5.960287570953369,8.04507917349728,5.789671770375578e-16,-6.912513895119449e-15,-3.6116068808351825e-16,0.0,0.0,1500.0,0.0,0.0,1500.0
1769432473.9686005,9.82472126185894,5.960287570953369,8.04507917349728,-1.1799042302315523e-15,-9.203549345597206e-15,-3.6116068808351825e-16,0.0,0.0,1500.0,0.0,0.0,1500.0
1769432474.0187323,9.82472126185894,5.960287570953369,8.04507917349728,-1.1799042302315523e-15,-9.203549345597206e-15,-3.6116068808351825e-16,0.0,0.0,1500.0,0.0,0.0,1500.0
1769432474.0685267,9.82472126185894,5.960287570953369,8.04507917349728,-2.447692674945846e-15,-8.958285259345454e-15,-3.6116068808351825e-16,0.0,0.0,1500.0,0.0,0.0,1500.0
1769432474.1187153,9.82472126185894,5.960287570953369,8.04507917349728,-2.447692674945846e-15,-8.958285259345454e-15,-3.6116068808351825e-16,0.0,0.0,1500.0,0.0,0.0,1500.0
1769432474.168547,9.82472126185894,5.960287570953369,8.04507917349728,-3.2249915650630648e-15,-6.177306118547929e-15,-3.6116068808351825e-16,0.0,0.0,1500.0,0.0,0.0,1500.0
1769432474.2187035,9.82472126185894,5.960287570953369,8.04507917349728,-3.2249915650630648e-15,-6.177306118547929e-15,-3.6116068808351825e-16,0.0,0.0,1500.0,0.0,0.0,1500.0
1769432474.2685673,4.942580223083496,5.657456398010254,4.808772570028776,0.20188531230336357,1.5545015211458804,-2.5358778403254454,0.0,0.0,1500.0,0.0,0.0,1500.0
1769432474.3186789,4.942580223083496,5.657456398010254,4.808772570028776,0.20188531230336357,1.5545015211458804,-2.5358778403254454,0.0,0.0,1500.0,0.0,0.0,1500.0
1769432474.3685124,4.955277442932129,5.607448101043701,4.810635074332947,-0.1386440260478052,3.372837743231119,-4.411614221865062,0.0,0.0,1500.0,0.0,0.0,1500.0
1769432474.4186342,4.955277442932129,5.607448101043701,4.810635074332947,-0.1386440260478052,3.372837743231119,-4.411614221865062,0.0,0.0,1500.0,0.0,0.0,1500.0
1769432474.4685817,4.968885898590088,5.557940483093262,4.816934637278894,-1.3812854255737135,4.532989517219012,-4.971152979192812,0.0,0.0,1500.0,0.0,0.0,1500.0
1769432474.5186431,4.968885898590088,5.557940483093262,4.816934637278894,-1.3812854255737135,4.532989517219012,-4.971152979192812,0.0,0.0,1500.0,0.0,0.0,1500.0
1769432474.5685372,4.983410835266113,5.508547306060791,4.823235507877587,-3.0379218507288153,4.464161172688181,-4.5741936271425425,0.0,0.0,1500.0,0.0,0.0,1500.0
1769432474.618633,4.983410835266113,5.508547306060791,4.823235507877587,-3.0379218507288153,4.464161172688181,-4.5741936271425425,0.0,0.0,1500.0,0.0,0.0,1500.0
1769432474.6686306,4.9984917640686035,5.460200786590576,4.823968961701019,-4.301866211138022,3.2083446244292495,-3.7531169784710263,0.0,0.0,1500.0,0.0,0.0,1500.0
1769432474.7186627,4.9984917640686035,5.460200786590576,4.823968961701019,-4.301866211138022,3.2083446244292495,-3.7531169784710263,0.0,0.0,1500.0,0.0,0.0,1500.0
1769432474.7687423,5.013383865356445,5.411562919616699,4.829760767609033,-4.660313039938182,1.3843367328373493,-2.880141737137384,0.0,0.0,1500.0,0.0,0.0,1500.0
1769432474.8186564,5.013383865356445,5.411562919616699,4.829760767609033,-4.660313039938182,1.3843367328373493,-2.880141737137384,0.0,0.0,1500.0,0.0,0.0,1500.0
1769432474.8686044,5.027571201324463,5.362554550170898,4.8309145069692345,-4.177277373236681,-0.2866175561001183,-2.141977856282522,0.0,0.0,1500.0,0.0,0.0,1500.0
1769432474.9185991,5.027571201324463,5.362554550170898,4.8309145069692345,-4.177277373236681,-0.2866175561001183,-2.141977856282522,0.0,0.0,1500.0,0.0,0.0,1500.0
1769432474.968491,5.041329383850098,5.313102722167969,4.833083411112229,-3.242300188642151,-1.4237379903904517,-1.5829664691926904,0.0,0.0,1500.0,0.0,0.0,1500.0
1769432475.0186825,5.041329383850098,5.313102722167969,4.833083411112229,-3.242300188642151,-1.4237379903904517,-1.5829664691926904,0.0,0.0,1500.0,0.0,0.0,1500.0
1769432475.0684264,5.0557756423950195,5.263556957244873,4.835067048943003,-2.2166592931092177,-1.996401737207525,-1.1816030322662754,0.0,0.0,1500.0,0.0,0.0,1500.0
1769432475.1185288,5.0557756423950195,5.263556957244873,4.835067048943003,-2.2166592931092177,-1.996401737207525,-1.1816030322662754,0.0,0.0,1500.0,0.0,0.0,1500.0
1769432475.1684806,5.071304798126221,5.213581562042236,4.838733775341691,-1.3063221868591932,-2.1362920618829255,-0.895239516524382,0.0,0.0,1500.0,0.0,0.0,1500.0
1769432475.2185988,5.071304798126221,5.213581562042236,4.838733775341691,-1.3063221868591932,-2.1362920618829255,-0.895239516524382,0.0,0.0,1500.0,0.0,0.0,1500.0
1769432475.2684896,5.0861687660217285,5.164069175720215,4.841400337771336,-0.591399879534058,-2.0007283627060635,-0.6874759471175464,0.0,0.0,1500.0,0.0,0.0,1500.0
1769432475.3184907,5.0861687660217285,5.164069175720215,4.841400337771336,-0.591399879534058,-2.0007283627060635,-0.6874759471175464,0.0,0.0,1500.0,0.0,0.0,1500.0
1769432475.3685358,5.102036476135254,5.114906311035156,4.847485675220172,-0.07956029305789358,-1.7194501732614245,-0.5292860504702496,0.0,0.0,1500.0,0.0,0.0,1500.0
1769432475.4186044,5.102036476135254,5.114906311035156,4.847485675220172,-0.07956029305789358,-1.7194501732614245,-0.5292860504702496,0.0,0.0,1500.0,0.0,0.0,1500.0
1769432475.4684439,5.118540287017822,5.066311359405518,4.851670559399508,0.2555360034767331,-1.3853253971461896,-0.40634274597736897,0.0,0.0,1600.0,0.0,0.0,1600.0
1769432475.5186133,5.118540287017822,5.066311359405518,4.851670559399508,0.2555360034767331,-1.3853253971461896,-0.40634274597736897,0.0,0.0,1600.0,0.0,0.0,1600.0
1769432475.568403,5.134597301483154,5.0173749923706055,4.857087448673122,0.45354725014447994,-1.056809988739015,-0.3083607416612595,0.0,0.0,1600.0,0.0,0.0,1600.0
1769432475.6185284,5.134597301483154,5.0173749923706055,4.857087448673122,0.45354725014447994,-1.056809988739015,-0.3083607416612595,0.0,0.0,1600.0,0.0,0.0,1600.0
1769432475.6685386,5.150949478149414,4.967185020446777,4.861533965843923,0.5544640859913731,-0.7676586835246828,-0.23094192894920781,0.0,0.0,1600.0,0.0,0.0,1600.0
1769432475.7185106,5.150949478149414,4.967185020446777,4.861533965843923,0.5544640859913731,-0.7676586835246828,-0.23094192894920781,0.0,0.0,1600.0,0.0,0.0,1600.0
1769432475.768662,5.1670660972595215,4.917128562927246,4.865997668994085,0.5929461667376457,-0.5313862502723804,-0.17007998706451571,0.0,0.0,1600.0,0.0,0.0,1600.0
1769432475.818647,5.1670660972595215,4.917128562927246,4.865997668994085,0.5929461667376457,-0.5313862502723804,-0.17007998706451571,0.0,0.0,1600.0,0.0,0.0,1600.0
1769432475.8685899,5.183215141296387,4.867369651794434,4.867243866412107,0.5954764412155567,-0.34923495220831746,-0.12504694251615478,0.0,0.0,1600.0,0.0,0.0,1600.0
1769432475.918695,5.183215141296387,4.867369651794434,4.867243866412107,0.5954764412155567,-0.34923495220831746,-0.12504694251615478,0.0,0.0,1600.0,0.0,0.0,1600.0
1769432475.9684513,5.201257228851318,4.8155646324157715,4.867863788559843,0.5813067188241933,-0.21492372225330528,-0.09287421691950085,0.0,0.0,1600.0,0.0,0.0,1600.0
1769432476.0186214,5.201257228851318,4.8155646324157715,4.867863788559843,0.5813067188241933,-0.21492372225330528,-0.09287421691950085,0.0,0.0,1600.0,0.0,0.0,1600.0
1769432476.0685432,5.2208757400512695,4.760711669921875,4.869772332735709,0.5634414355098013,-0.11948797160531802,-0.06890706430739475,0.0,0.0,1600.0,0.0,0.0,1600.0
1769432476.1185315,5.2208757400512695,4.760711669921875,4.869772332735709,0.5634414355098013,-0.11948797160531802,-0.06890706430739475,0.0,0.0,1600.0,0.0,0.0,1600.0
1769432476.1685512,5.242092609405518,4.702629566192627,4.876588315914951,0.5495100649609674,-0.05322019184875253,-0.04644001495825293,0.0,0.0,1600.0,0.0,0.0,1600.0
1769432476.2186046,5.242092609405518,4.702629566192627,4.876588315914951,0.5495100649609674,-0.05322019184875253,-0.04644001495825293,0.0,0.0,1600.0,0.0,0.0,1600.0
1769432476.268576,5.263542652130127,4.641524791717529,4.881413398859057,0.5431804082815451,-0.00814865932600628,-0.026549848325625125,0.0,0.0,1600.0,0.0,0.0,1600.0
1769432476.318598,5.263542652130127,4.641524791717529,4.881413398859057,0.5431804082815451,-0.00814865932600628,-0.026549848325625125,0.0,0.0,1600.0,0.0,0.0,1600.0
1769432476.3684516,5.286503314971924,4.577479362487793,4.888342177085487,0.5454815513389194,0.022455566587244073,-0.008289592947992006,0.0,0.0,1600.0,0.0,0.0,1600.0
1769432476.4186096,5.286503314971924,4.577479362487793,4.888342177085487,0.5454815513389194,0.022455566587244073,-0.008289592947992006,0.0,0.0,1600.0,0.0,0.0,1600.0
1769432476.4685748,5.3111162185668945,4.511173725128174,4.894831371754167,0.5556812910445444,0.04380413602661713,0.007485652716424485,0.0,0.0,1600.0,0.0,0.0,1600.0
1769432476.518614,5.3111162185668945,4.511173725128174,4.894831371754167,0.5556812910445444,0.04380413602661713,0.007485652716424485,0.0,0.0,1600.0,0.0,0.0,1600.0
1769432476.5684729,5.3367109298706055,4.442581653594971,4.901193828119793,0.5722160013606995,0.0594248594890691,0.020300222066368112,0.0,0.0,1600.0,0.0,0.0,1600.0
1769432476.618619,5.3367109298706055,4.442581653594971,4.901193828119793,0.5722160013606995,0.0594248594890691,0.020300222066368112,0.0,0.0,1600.0,0.0,0.0,1600.0
1769432476.6685026,5.362799644470215,4.3724517822265625,4.908081404076537,0.5930607031914913,0.07142585801852602,0.030709904371604195,0.0,0.0,1600.0,0.0,0.0,1600.0
1769432476.7185786,5.362799644470215,4.3724517822265625,4.908081404076537,0.5930607031914913,0.07142585801852602,0.030709904371604195,0.0,0.0,1600.0,0.0,0.0,1600.0
1769432476.7684324,5.390130043029785,4.301601886749268,4.915823428294053,0.6160876194486435,0.08124900650770939,0.039731044364499105,0.0,0.0,1600.0,0.0,0.0,1600.0
1769432476.8185887,5.390130043029785,4.301601886749268,4.915823428294053,0.6160876194486435,0.08124900650770939,0.039731044364499105,0.0,0.0,1600.0,0.0,0.0,1600.0
1769432476.868547,5.418732643127441,4.230068683624268,4.922707568706182,0.639530752578503,0.08982227754462523,0.04682580269382406,0.0,0.0,1600.0,0.0,0.0,1600.0
1769432476.9186106,5.418732643127441,4.230068683624268,4.922707568706182,0.639530752578503,0.08982227754462523,0.04682580269382406,0.0,0.0,1600.0,0.0,0.0,1600.0
1769432476.9685283,5.44813346862793,4.1570916175842285,4.93027355021826,0.6623924747856215,0.09751434629754918,0.05267418513928705,0.0,0.0,1600.0,0.0,0.0,1600.0
1769432477.0186675,5.44813346862793,4.1570916175842285,4.93027355021826,0.6623924747856215,0.09751434629754918,0.05267418513928705,0.0,0.0,1600.0,0.0,0.0,1600.0
1769432477.0685542,5.47887659072876,4.082866668701172,4.938328144480352,0.684163246125303,0.10457245540038133,0.05789964036972118,0.0,0.0,1600.0,0.0,0.0,1600.0
1769432477.1186707,5.47887659072876,4.082866668701172,4.938328144480352,0.684163246125303,0.10457245540038133,0.05789964036972118,0.0,0.0,1600.0,0.0,0.0,1600.0
1769432477.1686375,5.51015043258667,4.007393836975098,4.945161807959558,0.7046067116080741,0.11089029289501343,0.0615478599378893,0.0,0.0,1600.0,0.0,0.0,1600.0
1769432477.2186625,5.51015043258667,4.007393836975098,4.945161807959558,0.7046067116080741,0.11089029289501343,0.0615478599378893,0.0,0.0,1600.0,0.0,0.0,1600.0
1769432477.2686424,5.542784214019775,3.9306154251098633,4.9549482810806555,0.7238009948182168,0.1165016183184683,0.06608982060581278,0.0,0.0,1600.0,0.0,0.0,1600.0
1769432477.3186421,5.542784214019775,3.9306154251098633,4.9549482810806555,0.7238009948182168,0.1165016183184683,0.06608982060581278,0.0,0.0,1600.0,0.0,0.0,1600.0
1769432477.3684618,5.576371192932129,3.853541612625122,4.964602461648367,0.7416630900568095,0.12143244526330672,0.07129599285068139,0.0,0.0,1600.0,0.0,0.0,1600.0
1769432477.4186947,5.576371192932129,3.853541612625122,4.964602461648367,0.7416630900568095,0.12143244526330672,0.07129599285068139,0.0,0.0,1600.0,0.0,0.0,1600.0
1769432477.468615,5.611110687255859,3.7760679721832275,4.974106562854658,0.7581383218531157,0.12576012112545018,0.0763019289115805,0.0,0.0,1600.0,0.0,0.0,1600.0
1769432477.5186713,5.611110687255859,3.7760679721832275,4.974106562854658,0.7581383218531157,0.12576012112545018,0.0763019289115805,0.0,0.0,1600.0,0.0,0.0,1600.0
1769432477.5685425,5.646956920623779,3.698728322982788,4.9852365421690115,0.7730464564822483,0.12958060790401954,0.08185739341581236,0.0,0.0,1600.0,0.0,0.0,1600.0
1769432477.6186705,5.646956920623779,3.698728322982788,4.9852365421690115,0.7730464564822483,0.12958060790401954,0.08185739341581236,0.0,0.0,1600.0,0.0,0.0,1600.0
1769432477.6686306,5.6840081214904785,3.620971918106079,4.996912925143274,0.7864741001648196,0.13296613245644953,0.08790542945359144,0.0,0.0,1600.0,0.0,0.0,1600.0
1769432477.7186732,5.6840081214904785,3.620971918106079,4.996912925143274,0.7864741001648196,0.13296613245644953,0.08790542945359144,0.0,0.0,1600.0,0.0,0.0,1600.0
1769432477.7686286,5.72205924987793,3.542757511138916,5.007513295050022,0.7986312675457813,0.1359045092307294,0.09290966443554025,0.0,0.0,1600.0,0.0,0.0,1600.0
1769432477.8186758,5.72205924987793,3.542757511138916,5.007513295050022,0.7986312675457813,0.1359045092307294,0.09290966443554025,0.0,0.0,1600.0,0.0,0.0,1600.0
1769432477.8684895,5.761101245880127,3.4641952514648438,5.0177434519612145,0.8097285890452942,0.13836464220785777,0.09624937935172248,0.0,0.0,1600.0,0.0,0.0,1600.0
1769432477.9185925,5.761101245880127,3.4641952514648438,5.0177434519612145,0.8097285890452942,0.13836464220785777,0.09624937935172248,0.0,0.0,1600.0,0.0,0.0,1600.0
1769432477.9685204,5.801396369934082,3.384895086288452,5.027711341509765,0.8201139927115745,0.14038647413414443,0.09801566476394372,0.0,0.0,1600.0,0.0,0.0,1600.0
1769432478.0186193,5.801396369934082,3.384895086288452,5.027711341509765,0.8201139927115745,0.14038647413414443,0.09801566476394372,0.0,0.0,1600.0,0.0,0.0,1600.0
1769432478.068635,5.8424859046936035,3.3056139945983887,5.039141997169937,0.829883255947375,0.14195322990193815,0.09991474798611209,0.0,0.0,1600.0,0.0,0.0,1600.0
1769432478.118661,5.8424859046936035,3.3056139945983887,5.039141997169937,0.829883255947375,0.14195322990193815,0.09991474798611209,0.0,0.0,1600.0,0.0,0.0,1600.0
1769432478.1686392,5.8832926750183105,3.2272896766662598,5.040634493145933,0.8386269061899605,0.14288035264005236,0.09437442902663325,0.0,0.0,1600.0,0.0,0.0,1600.0
1769432478.218638,5.8832926750183105,3.2272896766662598,5.040634493145933,0.8386269061899605,0.14288035264005236,0.09437442902663325,0.0,0.0,1600.0,0.0,0.0,1600.0
1769432478.2686462,5.925617218017578,3.1494452953338623,5.048059634886964,0.846135010875754,0.1435243099414065,0.08779104145264939,0.0,0.0,1600.0,0.0,0.0,1600.0
1769432478.3186734,5.925617218017578,3.1494452953338623,5.048059634886964,0.846135010875754,0.1435243099414065,0.08779104145264939,0.0,0.0,1600.0,0.0,0.0,1600.0
1769432478.368673,5.96901273727417,3.0722179412841797,5.0575619202913575,0.8523189342939173,0.14425363752006112,0.08433849712861291,0.0,0.0,1600.0,0.0,0.0,1600.0
1769432478.418674,5.96901273727417,3.0722179412841797,5.0575619202913575,0.8523189342939173,0.14425363752006112,0.08433849712861291,0.0,0.0,1600.0,0.0,0.0,1600.0
1769432478.4685125,6.012682914733887,2.9949872493743896,5.06461403852066,0.8572994815826804,0.14505254074484975,0.08204927050545753,0.0,0.0,1600.0,0.0,0.0,1600.0
1769432478.518613,6.012682914733887,2.9949872493743896,5.06461403852066,0.8572994815826804,0.14505254074484975,0.08204927050545753,0.0,0.0,1600.0,0.0,0.0,1600.0
1769432478.568455,6.056926488876343,2.91794753074646,5.070156067667747,0.8612607746620968,0.1458754989441278,0.07893628985077807,0.0,0.0,1600.0,0.0,0.0,1600.0
1769432478.6185827,6.056926488876343,2.91794753074646,5.070156067667747,0.8612607746620968,0.1458754989441278,0.07893628985077807,-1000.0,-0.05235987755982988,1600.0,0.0,-1000.0,1600.0
1769432478.6684299,6.102271795272827,2.841083288192749,5.075954137156648,0.8644757975538727,0.1468491419775281,0.07530974065074618,-2000.0,-0.10471975511965977,1600.0,0.0,-2000.0,1600.0
1769432478.7186084,6.102271795272827,2.841083288192749,5.075954137156648,0.8644757975538727,0.1468491419775281,0.07530974065074618,-2000.0,-0.10471975511965977,1600.0,0.0,-2000.0,1600.0
1769432478.7685559,6.1476500034332275,2.7641732692718506,5.086057490646986,0.8671928249687558,0.14775676249364408,0.07512613227607881,-3000.0,-0.15707963267948963,1600.0,0.0,-3000.0,1600.0
1769432478.8185883,6.1476500034332275,2.7641732692718506,5.086057490646986,0.8671928249687558,0.14775676249364408,0.07512613227607881,-3000.0,-0.15707963267948963,1600.0,0.0,-3000.0,1600.0
1769432478.8685877,6.193664073944092,2.6874938011169434,5.096207831152472,0.8695752540463473,0.14846154841434048,0.07793639542918002,-4000.0,-0.20943951023931953,1600.0,0.0,-4000.0,1600.0
1769432478.9185867,6.193664073944092,2.6874938011169434,5.096207831152472,0.8695752540463473,0.14846154841434048,0.07793639542918002,-5000.0,-0.2617993877991494,1600.0,0.0,-5000.0,1600.0
1769432478.9684372,6.240099906921387,2.612028121948242,5.101456557201685,0.8714141916141056,0.14896469518445782,0.07828849030101188,-5000.0,-0.2617993877991494,1600.0,0.0,-5000.0,1600.0
1769432479.0186067,6.240099906921387,2.612028121948242,5.101456557201685,0.8714141916141056,0.14896469518445782,0.07828849030101188,-6000.0,-0.31415926535897926,1600.0,0.0,-6000.0,1600.0
1769432479.0685494,6.286728620529175,2.5368034839630127,5.108730687776012,0.8726754060271203,0.14917496829085408,0.07745116564481912,-7000.0,-0.36651914291880916,1600.0,0.0,-7000.0,1600.0
1769432479.1186068,6.286728620529175,2.5368034839630127,5.108730687776012,0.8726754060271203,0.14917496829085408,0.07745116564481912,-6000.0,-0.31415926535897926,1600.0,0.0,-6000.0,1600.0
1769432479.1684802,6.335256814956665,2.4615116119384766,5.115959980940337,0.8736864826601103,0.14946952176097722,0.07627189142981114,-6000.0,-0.31415926535897926,1600.0,0.0,-6000.0,1600.0
1769432479.2185755,6.335256814956665,2.4615116119384766,5.115959980940337,0.8736864826601103,0.14946952176097722,0.07627189142981114,-5000.0,-0.2617993877991494,1600.0,0.0,-5000.0,1600.0
1769432479.268538,6.382733583450317,2.3867344856262207,5.109626247163666,0.8743745219024154,0.14965690976148865,0.06458000873882119,-4000.0,-0.20943951023931953,1600.0,0.0,-4000.0,1600.0
1769432479.3186061,6.382733583450317,2.3867344856262207,5.109626247163666,0.8743745219024154,0.14965690976148865,0.06458000873882119,-3000.0,-0.15707963267948963,1600.0,0.0,-3000.0,1600.0
1769432479.368645,6.430966138839722,2.311516761779785,5.098241636210471,0.8749616536131444,0.14996346176338873,0.04132428754852718,-2000.0,-0.10471975511965977,1600.0,0.0,-2000.0,1600.0
1769432479.418608,6.430966138839722,2.311516761779785,5.098241636210471,0.8749616536131444,0.14996346176338873,0.04132428754852718,-1000.0,-0.05235987755982988,1600.0,0.0,-1000.0,1600.0
1769432479.4684875,6.4801976680755615,2.2364447116851807,5.075568512999524,0.8755104534032592,0.1510984578657184,0.004123651805115987,0.0,0.0,1600.0,0.0,0.0,1600.0
1769432479.5186179,6.4801976680755615,2.2364447116851807,5.075568512999524,0.8755104534032592,0.1510984578657184,0.004123651805115987,0.0,0.0,1600.0,0.0,0.0,1600.0
1769432479.5685263,6.529455661773682,2.160727024078369,5.054513641644755,0.8762139647979899,0.1535782364562356,-0.037349739779172414,0.0,0.0,1600.0,0.0,0.0,1600.0
1769432479.6186109,6.529455661773682,2.160727024078369,5.054513641644755,0.8762139647979899,0.1535782364562356,-0.037349739779172414,0.0,0.0,1600.0,0.0,0.0,1600.0
1769432479.6685338,6.57768988609314,2.084838390350342,5.023253091820244,0.8768663352473518,0.1576004148322494,-0.08374295230891377,0.0,0.0,1600.0,0.0,0.0,1600.0
1769432479.7185853,6.57768988609314,2.084838390350342,5.023253091820244,0.8768663352473518,0.1576004148322494,-0.08374295230891377,-1000.0,-0.05235987755982988,1600.0,0.0,-1000.0,1600.0
1769432479.7685633,6.622856855392456,2.0096793174743652,4.98432020816942,0.8766154539024752,0.16283545473242453,-0.13543662142641993,-1000.0,-0.05235987755982988,1600.0,0.0,-1000.0,1600.0
1769432479.8185744,6.622856855392456,2.0096793174743652,4.98432020816942,0.8766154539024752,0.16283545473242453,-0.13543662142641993,-2000.0,-0.10471975511965977,1600.0,0.0,-2000.0,1600.0
1769432479.868524,6.665984153747559,1.9322441816329956,4.960994642344234,0.8755934337115261,0.16868709272881038,-0.17397495228573567,-3000.0,-0.15707963267948963,1600.0,0.0,-3000.0,1600.0
1769432479.9185839,6.665984153747559,1.9322441816329956,4.960994642344234,0.8755934337115261,0.16868709272881038,-0.17397495228573567,-3000.0,-0.15707963267948963,1600.0,0.0,-3000.0,1600.0
1769432479.9685416,6.708739757537842,1.8531742095947266,4.954161880529329,0.874351211052934,0.17489865170995417,-0.18448624601343055,-4000.0,-0.20943951023931953,1600.0,0.0,-4000.0,1600.0
1769432480.0185988,6.708739757537842,1.8531742095947266,4.954161880529329,0.874351211052934,0.17489865170995417,-0.18448624601343055,-5000.0,-0.2617993877991494,1600.0,0.0,-5000.0,1600.0
1769432480.0685358,6.747503995895386,1.772549033164978,4.94603664728813,0.8732450471697855,0.1801365630820331,-0.1755246032089699,-5000.0,-0.2617993877991494,1600.0,0.0,-5000.0,1600.0
1769432480.1186407,6.747503995895386,1.772549033164978,4.94603664728813,0.8732450471697855,0.1801365630820331,-0.1755246032089699,-6000.0,-0.31415926535897926,1600.0,0.0,-6000.0,1600.0
1769432480.1684613,6.7866370677948,1.6910172700881958,4.95575730503119,0.8727229443231492,0.18404361682637002,-0.14420100455247847,-7000.0,-0.36651914291880916,1600.0,0.0,-7000.0,1600.0
1769432480.2185974,6.7866370677948,1.6910172700881958,4.95575730503119,0.8727229443231492,0.18404361682637002,-0.14420100455247847,-7000.0,-0.36651914291880916,1600.0,0.0,-7000.0,1600.0
1769432480.2685492,6.821433067321777,1.6094118356704712,4.955431588695776,0.8725554900173803,0.1853067992354853,-0.10976706074916101,-8000.0,-0.41887902047863906,1600.0,0.0,-8000.0,1600.0
1769432480.3212278,6.821433067321777,1.6094118356704712,4.955431588695776,0.8725554900173803,0.1853067992354853,-0.10976706074916101,-8000.0,-0.41887902047863906,1600.0,0.0,-8000.0,1600.0
1769432480.3686025,6.858450174331665,1.528180480003357,4.9588376512436305,0.8727150761356653,0.18455854473474081,-0.0780175051923051,-9000.0,-0.47123889803846897,1600.0,0.0,-9000.0,1600.0
1769432480.4187171,6.858450174331665,1.528180480003357,4.9588376512436305,0.8727150761356653,0.18455854473474081,-0.0780175051923051,-9000.0,-0.47123889803846897,1600.0,0.0,-9000.0,1600.0
1769432480.468607,6.89455246925354,1.447629690170288,4.955170910394343,0.8728126253547834,0.18225457942950082,-0.05726207191324427,-9000.0,-0.47123889803846897,1600.0,0.0,-9000.0,1600.0
1769432480.518703,6.89455246925354,1.447629690170288,4.955170910394343,0.8728126253547834,0.18225457942950082,-0.05726207191324427,-9000.0,-0.47123889803846897,1600.0,0.0,-9000.0,1600.0
1769432480.5686579,6.930630922317505,1.3684964179992676,4.941673453008743,0.8722661520834218,0.17923693837809002,-0.05419659923013174,-9000.0,-0.47123889803846897,1600.0,0.0,-9000.0,1600.0
1769432480.6186862,6.930630922317505,1.3684964179992676,4.941673453008743,0.8722661520834218,0.17923693837809002,-0.05419659923013174,-9000.0,-0.47123889803846897,1600.0,0.0,-9000.0,1600.0
1769432480.668583,6.968528985977173,1.2895185947418213,4.918517752136602,0.8710099233857709,0.17702071199883293,-0.07070139641791127,-9000.0,-0.47123889803846897,1600.0,0.0,-9000.0,1600.0
1769432480.718615,6.968528985977173,1.2895185947418213,4.918517752136602,0.8710099233857709,0.17702071199883293,-0.07070139641791127,-9000.0,-0.47123889803846897,1600.0,0.0,-9000.0,1600.0
1769432480.768551,7.004022121429443,1.210051417350769,4.885451847176063,0.869048029681352,0.1759580877834226,-0.10533515280088421,-9000.0,-0.47123889803846897,1600.0,0.0,-9000.0,1600.0
1769432480.8186486,7.004022121429443,1.210051417350769,4.885451847176063,0.869048029681352,0.1759580877834226,-0.10533515280088421,-9000.0,-0.47123889803846897,1600.0,0.0,-9000.0,1600.0
1769432480.8684607,7.038940906524658,1.1314446926116943,4.842241606131132,0.8661203474165108,0.17675640836260384,-0.1552165061828566,-9000.0,-0.47123889803846897,1600.0,0.0,-9000.0,1600.0
1769432480.9186325,7.038940906524658,1.1314446926116943,4.842241606131132,0.8661203474165108,0.17675640836260384,-0.1552165061828566,-9000.0,-0.47123889803846897,1600.0,0.0,-9000.0,1600.0
1769432480.968565,7.070958137512207,1.051772952079773,4.791681185427475,0.8623156624370167,0.17942354116036638,-0.2149600422382377,-9000.0,-0.47123889803846897,1600.0,0.0,-9000.0,1600.0
1769432481.018694,7.070958137512207,1.051772952079773,4.791681185427475,0.8623156624370167,0.17942354116036638,-0.2149600422382377,-9000.0,-0.47123889803846897,1600.0,0.0,-9000.0,1600.0
1769432481.0685513,7.099610805511475,0.9710976481437683,4.738837653708047,0.8577984588685059,0.18364743475545592,-0.2761397554665271,-9000.0,-0.47123889803846897,1600.0,0.0,-9000.0,1600.0
1769432481.1185594,7.099610805511475,0.9710976481437683,4.738837653708047,0.8577984588685059,0.18364743475545592,-0.2761397554665271,-9000.0,-0.47123889803846897,1600.0,0.0,-9000.0,1600.0
1769432481.1685674,7.125719308853149,0.889737069606781,4.694462496551455,0.8527473437706855,0.1892833117908996,-0.3246280806118313,-9000.0,-0.47123889803846897,1600.0,0.0,-9000.0,1600.0
1769432481.2186286,7.125719308853149,0.889737069606781,4.694462496551455,0.8527473437706855,0.1892833117908996,-0.3246280806118313,-9000.0,-0.47123889803846897,1600.0,0.0,-9000.0,1600.0
1769432481.26861,7.147465705871582,0.8075998425483704,4.647087729251282,0.8472426316752426,0.1956463005834578,-0.3609306953966761,-9000.0,-0.47123889803846897,1600.0,0.0,-9000.0,1600.0
1769432481.3186607,7.147465705871582,0.8075998425483704,4.647087729251282,0.8472426316752426,0.1956463005834578,-0.3609306953966761,-9000.0,-0.47123889803846897,1600.0,0.0,-9000.0,1600.0
1769432481.3686824,7.161471366882324,0.725803554058075,4.577137451688264,0.840947279053036,0.20112293321612773,-0.405205902750712,-9000.0,-0.47123889803846897,1600.0,0.0,-9000.0,1600.0
1769432481.418692,7.161471366882324,0.725803554058075,4.577137451688264,0.840947279053036,0.20112293321612773,-0.405205902750712,-9000.0,-0.47123889803846897,1600.0,0.0,-9000.0,1600.0
1769432481.4684894,7.180565595626831,0.640923023223877,4.567643329541271,0.8351590661565979,0.20765067974128024,-0.4082029111688193,-9000.0,-0.47123889803846897,1600.0,0.0,-9000.0,1600.0
1769432481.5186465,7.180565595626831,0.640923023223877,4.567643329541271,0.8351590661565979,0.20765067974128024,-0.4082029111688193,-9000.0,-0.47123889803846897,1600.0,0.0,-9000.0,1600.0
1769432481.568553,7.187260150909424,0.5573421716690063,4.507164156496899,0.8295936346765488,0.21286447725849095,-0.4151516051191796,-9000.0,-0.47123889803846897,1600.0,0.0,-9000.0,1600.0
1769432481.6186256,7.187260150909424,0.5573421716690063,4.507164156496899,0.8295936346765488,0.21286447725849095,-0.4151516051191796,-9000.0,-0.47123889803846897,1600.0,0.0,-9000.0,1600.0
1769432481.668655,7.193243503570557,0.47292470932006836,4.471749779246098,0.8245423223475928,0.2167776086187197,-0.41533975558719055,-9000.0,-0.47123889803846897,1600.0,0.0,-9000.0,1600.0
1769432481.7186477,7.193243503570557,0.47292470932006836,4.471749779246098,0.8245423223475928,0.2167776086187197,-0.41533975558719055,-9000.0,-0.47123889803846897,1600.0,0.0,-9000.0,1600.0
1769432481.7685747,7.195770025253296,0.38868680596351624,4.4357222455563985,0.8200434464640324,0.2194752042112129,-0.4094447051822925,-9000.0,-0.47123889803846897,1600.0,0.0,-9000.0,1600.0
1769432481.818639,7.195770025253296,0.38868680596351624,4.4357222455563985,0.8200434464640324,0.2194752042112129,-0.4094447051822925,-9000.0,-0.47123889803846897,1600.0,0.0,-9000.0,1600.0
1769432481.8685806,7.195149898529053,0.30442342162132263,4.400347925523392,0.8162063163723048,0.22115940569932577,-0.40025310338631614,-9000.0,-0.47123889803846897,1600.0,0.0,-9000.0,1600.0
1769432481.9187036,7.195149898529053,0.30442342162132263,4.400347925523392,0.8162063163723048,0.22115940569932577,-0.40025310338631614,-9000.0,-0.47123889803846897,1600.0,0.0,-9000.0,1600.0
1769432481.968654,7.190428733825684,0.22265760600566864,4.349131523485017,0.8122815983226735,0.22177013424306022,-0.4029421363447243,-9000.0,-0.47123889803846897,1600.0,0.0,-9000.0,1600.0
1769432482.0186124,7.190428733825684,0.22265760600566864,4.349131523485017,0.8122815983226735,0.22177013424306022,-0.4029421363447243,-9000.0,-0.47123889803846897,1600.0,0.0,-9000.0,1600.0
1769432482.0686796,7.183777809143066,0.13987526297569275,4.300436150880703,0.8083946167582938,0.2220713439670502,-0.4139656066057605,-9000.0,-0.47123889803846897,1600.0,0.0,-9000.0,1600.0
1769432482.1187007,7.183777809143066,0.13987526297569275,4.300436150880703,0.8083946167582938,0.2220713439670502,-0.4139656066057605,-9000.0,-0.47123889803846897,1600.0,0.0,-9000.0,1600.0
1769432482.1686518,7.173671007156372,0.057707175612449646,4.261597524206296,0.8046257237994179,0.2224606584235601,-0.42030888921374504,-9000.0,-0.47123889803846897,1600.0,0.0,-9000.0,1600.0
1769432482.2187154,7.173671007156372,0.057707175612449646,4.261597524206296,0.8046257237994179,0.2224606584235601,-0.42030888921374504,-9000.0,-0.47123889803846897,1600.0,0.0,-9000.0,1600.0
1769432482.268682,7.159373760223389,-0.02532230317592621,4.215560623414698,0.8015475964250237,0.22298577525863755,-0.4259206339049977,-9000.0,-0.47123889803846897,1600.0,0.0,-9000.0,1600.0
1769432482.3190117,7.159373760223389,-0.02532230317592621,4.215560623414698,0.8015475964250237,0.22298577525863755,-0.4259206339049977,-9000.0,-0.47123889803846897,1600.0,0.0,-9000.0,1600.0
1769432482.3685703,7.141859292984009,-0.10606703907251358,4.168016995852718,0.7988144270007601,0.22366517752078194,-0.43284353137900994,-9000.0,-0.47123889803846897,1600.0,0.0,-9000.0,1600.0
1769432482.4186957,7.141859292984009,-0.10606703907251358,4.168016995852718,0.7988144270007601,0.22366517752078194,-0.43284353137900994,-9000.0,-0.47123889803846897,1600.0,0.0,-9000.0,1600.0
1769432482.468597,7.120768785476685,-0.18726155161857605,4.117279899956403,0.7966224664095423,0.22464339384602286,-0.442944477502796,-9000.0,-0.47123889803846897,1600.0,0.0,-9000.0,1600.0
1769432482.5186777,7.120768785476685,-0.18726155161857605,4.117279899956403,0.7966224664095423,0.22464339384602286,-0.442944477502796,-9000.0,-0.47123889803846897,1600.0,0.0,-9000.0,1600.0
1769432482.5686355,7.096029996871948,-0.2663254737854004,4.075935806942281,0.7946994662384911,0.22579257228040905,-0.4472166721648317,-9000.0,-0.47123889803846897,1600.0,0.0,-9000.0,1600.0
1769432482.6186738,7.096029996871948,-0.2663254737854004,4.075935806942281,0.7946994662384911,0.22579257228040905,-0.4472166721648317,-9000.0,-0.47123889803846897,1600.0,0.0,-9000.0,1600.0
1769432482.6685047,7.066728353500366,-0.3429797887802124,4.030891501272706,0.7926664575238059,0.22649700470636808,-0.4484550480134191,-9000.0,-0.47123889803846897,1600.0,0.0,-9000.0,1600.0
1769432482.7186286,7.066728353500366,-0.3429797887802124,4.030891501272706,0.7926664575238059,0.22649700470636808,-0.4484550480134191,-9000.0,-0.47123889803846897,1600.0,0.0,-9000.0,1600.0
1769432482.7684875,7.03470516204834,-0.4188794791698456,3.990355638957506,0.7906144919769195,0.2268145723438646,-0.44506767484880866,-9000.0,-0.47123889803846897,1600.0,0.0,-9000.0,1600.0
1769432482.8186417,7.03470516204834,-0.4188794791698456,3.990355638957506,0.7906144919769195,0.2268145723438646,-0.44506767484880866,-9000.0,-0.47123889803846897,1600.0,0.0,-9000.0,1600.0
1769432482.8686316,6.999114274978638,-0.49264729022979736,3.953840126155879,0.7885222504668368,0.22655401628973523,-0.4357326642516447,-9000.0,-0.47123889803846897,1600.0,0.0,-9000.0,1600.0
1769432482.9186656,6.999114274978638,-0.49264729022979736,3.953840126155879,0.7885222504668368,0.22655401628973523,-0.4357326642516447,-9000.0,-0.47123889803846897,1600.0,0.0,-9000.0,1600.0
1769432482.9685786,6.961807727813721,-0.5656999349594116,3.9211392320771314,0.7864840539814701,0.2261289908315494,-0.4203639585870985,-9000.0,-0.47123889803846897,1600.0,0.0,-9000.0,1600.0
1769432483.0186858,6.961807727813721,-0.5656999349594116,3.9211392320771314,0.7864840539814701,0.2261289908315494,-0.4203639585870985,-9000.0,-0.47123889803846897,1600.0,0.0,-9000.0,1600.0
1769432483.0685005,6.921227216720581,-0.6372717022895813,3.8843355090844134,0.7847531588506996,0.22557545699559292,-0.40603047054590996,-9000.0,-0.47123889803846897,1600.0,0.0,-9000.0,1600.0
1769432483.1185904,6.921227216720581,-0.6372717022895813,3.8843355090844134,0.7847531588506996,0.22557545699559292,-0.40603047054590996,-9000.0,-0.47123889803846897,1600.0,0.0,-9000.0,1600.0
1769432483.1685503,6.8779215812683105,-0.707888126373291,3.837989335753933,0.7835202472087778,0.22508004815196916,-0.40250700911881965,-9000.0,-0.47123889803846897,1600.0,0.0,-9000.0,1600.0
1769432483.2185373,6.8779215812683105,-0.707888126373291,3.837989335753933,0.7835202472087778,0.22508004815196916,-0.40250700911881965,-9000.0,-0.47123889803846897,1600.0,0.0,-9000.0,1600.0
1769432483.2685413,6.83270788192749,-0.7764577269554138,3.7904829082003846,0.782642096551141,0.22501821631854774,-0.40889840714933584,-9000.0,-0.47123889803846897,1600.0,0.0,-9000.0,1600.0
1769432483.3186798,6.83270788192749,-0.7764577269554138,3.7904829082003846,0.782642096551141,0.22501821631854774,-0.40889840714933584,-9000.0,-0.47123889803846897,1600.0,0.0,-9000.0,1600.0
1769432483.3685439,6.781537055969238,-0.8418800830841064,3.7492041786546038,0.78230540959906,0.22445418802621972,-0.4153226610394722,-9000.0,-0.47123889803846897,1600.0,0.0,-9000.0,1600.0
1769432483.4185662,6.781537055969238,-0.8418800830841064,3.7492041786546038,0.78230540959906,0.22445418802621972,-0.4153226610394722,-9000.0,-0.47123889803846897,1600.0,0.0,-9000.0,1600.0
1769432483.4684558,6.729893207550049,-0.9054751992225647,3.7036897034692506,0.7820960791030144,0.2238104064632595,-0.42212529070182386,-9000.0,-0.47123889803846897,1600.0,0.0,-9000.0,1600.0
1769432483.5185807,6.729893207550049,-0.9054751992225647,3.7036897034692506,0.7820960791030144,0.2238104064632595,-0.42212529070182386,-9000.0,-0.47123889803846897,1600.0,0.0,-9000.0,1600.0
1769432483.5684772,6.675424337387085,-0.9666504263877869,3.657854936151501,0.7818001162901417,0.2232800056062592,-0.4289504036079529,-9000.0,-0.47123889803846897,1600.0,0.0,-9000.0,1600.0
1769432483.6186097,6.675424337387085,-0.9666504263877869,3.657854936151501,0.7818001162901417,0.2232800056062592,-0.4289504036079529,-9000.0,-0.47123889803846897,1600.0,0.0,-9000.0,1600.0
1769432483.6685266,6.61961030960083,-1.0260015726089478,3.615355856562003,0.78115553358964,0.223356324286057,-0.43253966899095697,-9000.0,-0.47123889803846897,1600.0,0.0,-9000.0,1600.0
1769432483.7185118,6.61961030960083,-1.0260015726089478,3.615355856562003,0.78115553358964,0.223356324286057,-0.43253966899095697,-9000.0,-0.47123889803846897,1600.0,0.0,-9000.0,1600.0
1769432483.7685273,6.559996128082275,-1.0828721523284912,3.576434487963755,0.7804534022016264,0.22380469198850075,-0.43040014114314484,-9000.0,-0.47123889803846897,1600.0,0.0,-9000.0,1600.0
1769432483.8186035,6.559996128082275,-1.0828721523284912,3.576434487963755,0.7804534022016264,0.22380469198850075,-0.43040014114314484,-9000.0,-0.47123889803846897,1600.0,0.0,-9000.0,1600.0
1769432483.8684351,6.497436285018921,-1.1370595693588257,3.5293043063573037,0.7799744452359918,0.224325026273199,-0.4309686842143077,-9000.0,-0.47123889803846897,1600.0,0.0,-9000.0,1600.0
1769432483.91854,6.497436285018921,-1.1370595693588257,3.5293043063573037,0.7799744452359918,0.224325026273199,-0.4309686842143077,-9000.0,-0.47123889803846897,1600.0,0.0,-9000.0,1600.0
1769432483.968514,6.433459758758545,-1.1882190704345703,3.4876452682003753,0.7795260557652955,0.22485182697278114,-0.43083341916968954,-9000.0,-0.47123889803846897,1600.0,0.0,-9000.0,1600.0
1769432484.018604,6.433459758758545,-1.1882190704345703,3.4876452682003753,0.7795260557652955,0.22485182697278114,-0.43083341916968954,-9000.0,-0.47123889803846897,1600.0,0.0,-9000.0,1600.0
1769432484.0684636,6.368088245391846,-1.2364979982376099,3.448259377559611,0.7788312001575118,0.22539805075255612,-0.42769102344919985,-9000.0,-0.47123889803846897,1600.0,0.0,-9000.0,1600.0
1769432484.118592,6.368088245391846,-1.2364979982376099,3.448259377559611,0.7788312001575118,0.22539805075255612,-0.42769102344919985,-9000.0,-0.47123889803846897,1600.0,0.0,-9000.0,1600.0
1769432484.168543,6.298272609710693,-1.2806117534637451,3.4091610774814267,0.7783332035260119,0.22511430025286494,-0.4222682474831016,-9000.0,-0.47123889803846897,1600.0,0.0,-9000.0,1600.0
1769432484.2185407,6.298272609710693,-1.2806117534637451,3.4091610774814267,0.7783332035260119,0.22511430025286494,-0.4222682474831016,-9000.0,-0.47123889803846897,1600.0,0.0,-9000.0,1600.0
1769432484.2685547,6.230077266693115,-1.322840929031372,3.3674356930801985,0.7774309779808773,0.2246223133033344,-0.41821685451857904,-9000.0,-0.47123889803846897,1600.0,0.0,-9000.0,1600.0
1769432484.3185315,6.230077266693115,-1.322840929031372,3.3674356930801985,0.7774309779808773,0.2246223133033344,-0.41821685451857904,-9000.0,-0.47123889803846897,1600.0,0.0,-9000.0,1600.0
1769432484.3685403,6.157413005828857,-1.361512303352356,3.325487197523947,0.7766976370964157,0.2236231541015763,-0.4163296092667415,-9000.0,-0.47123889803846897,1600.0,0.0,-9000.0,1600.0
1769432484.418607,6.157413005828857,-1.361512303352356,3.325487197523947,0.7766976370964157,0.2236231541015763,-0.4163296092667415,-9000.0,-0.47123889803846897,1600.0,0.0,-9000.0,1600.0
1769432484.4685454,6.08614182472229,-1.398457646369934,3.2849705928246036,0.7756770694017142,0.2228864556941993,-0.4149146417672265,-9000.0,-0.47123889803846897,1600.0,0.0,-9000.0,1600.0
1769432484.5186276,6.08614182472229,-1.398457646369934,3.2849705928246036,0.7756770694017142,0.2228864556941993,-0.4149146417672265,-9000.0,-0.47123889803846897,1600.0,0.0,-9000.0,1600.0
1769432484.5685449,6.0122082233428955,-1.4324108362197876,3.23728749610441,0.7745824633953572,0.22258130485967756,-0.4190595354056858,-9000.0,-0.47123889803846897,1600.0,0.0,-9000.0,1600.0
1769432484.6184943,6.0122082233428955,-1.4324108362197876,3.23728749610441,0.7745824633953572,0.22258130485967756,-0.4190595354056858,-9000.0,-0.47123889803846897,1600.0,0.0,-9000.0,1600.0
1769432484.6685927,5.935907363891602,-1.4631164073944092,3.1987724935396353,0.7738449150387818,0.22257630897212355,-0.42013942948478034,-9000.0,-0.47123889803846897,1600.0,0.0,-9000.0,1600.0
1769432484.718624,5.935907363891602,-1.4631164073944092,3.1987724935396353,0.7738449150387818,0.22257630897212355,-0.42013942948478034,-9000.0,-0.47123889803846897,1600.0,0.0,-9000.0,1600.0
1769432484.768545,5.859103679656982,-1.4911259412765503,3.156015469887418,0.7734128622745544,0.22299737247687462,-0.42059220861506147,-9000.0,-0.47123889803846897,1600.0,0.0,-9000.0,1600.0
1769432484.818647,5.859103679656982,-1.4911259412765503,3.156015469887418,0.7734128622745544,0.22299737247687462,-0.42059220861506147,-9000.0,-0.47123889803846897,1600.0,0.0,-9000.0,1600.0
1769432484.8686466,5.788951873779297,-1.5176862478256226,3.110710215334081,0.7708674145348713,0.22490639803050114,-0.42323661733699663,-9000.0,-0.47123889803846897,1600.0,0.0,-9000.0,1600.0
1769432484.9187002,5.788951873779297,-1.5176862478256226,3.110710215334081,0.7708674145348713,0.22490639803050114,-0.42323661733699663,-9000.0,-0.47123889803846897,1600.0,0.0,-9000.0,1600.0
1769432484.9686391,5.721465110778809,-1.5417824983596802,3.0725877284303,0.7645236380027062,0.22856337981883426,-0.42198945833415835,-9000.0,-0.47123889803846897,1600.0,0.0,-9000.0,1600.0
1769432485.0187273,5.721465110778809,-1.5417824983596802,3.0725877284303,0.7645236380027062,0.22856337981883426,-0.42198945833415835,-9000.0,-0.47123889803846897,1600.0,0.0,-9000.0,1600.0
1769432485.0686607,5.615044116973877,-1.5425082445144653,3.0666770604085705,0.7659922190798488,0.22501141054905005,-0.39188290016188354,-9000.0,-0.47123889803846897,1600.0,0.0,-9000.0,1600.0
1769432485.118686,5.615044116973877,-1.5425082445144653,3.0666770604085705,0.7659922190798488,0.22501141054905005,-0.39188290016188354,-9000.0,-0.47123889803846897,1600.0,0.0,-9000.0,1600.0
1769432485.1686838,5.542516231536865,-1.5649218559265137,2.995723697097058,0.7686793604402044,0.22202964816330403,-0.3924378980414387,-9000.0,-0.47123889803846897,1600.0,0.0,-9000.0,1600.0
1769432485.218708,5.542516231536865,-1.5649218559265137,2.995723697097058,0.7686793604402044,0.22202964816330403,-0.3924378980414387,-9000.0,-0.47123889803846897,1600.0,0.0,-9000.0,1600.0
1769432485.2684524,5.472261428833008,-1.5800590515136719,2.9557839914012334,0.7681862426163251,0.22134215255035314,-0.4008558156566037,-9000.0,-0.47123889803846897,1600.0,0.0,-9000.0,1600.0
1769432485.318651,5.472261428833008,-1.5800590515136719,2.9557839914012334,0.7681862426163251,0.22134215255035314,-0.4008558156566037,-9000.0,-0.47123889803846897,1600.0,0.0,-9000.0,1600.0
1769432485.3685806,5.408267498016357,-1.5911449193954468,2.9527294096169636,0.7611830047433494,0.22232041782855883,-0.37858325802875686,-9000.0,-0.47123889803846897,1600.0,0.0,-9000.0,1600.0
1769432485.418514,5.408267498016357,-1.5911449193954468,2.9527294096169636,0.7611830047433494,0.22232041782855883,-0.37858325802875686,-9000.0,-0.47123889803846897,1600.0,0.0,-9000.0,1600.0
1769432485.4685607,5.408267498016357,-1.5911449193954468,2.952729440347787,0.7275351680635852,0.22007959007177444,-0.32862760113313894,-9000.0,-0.47123889803846897,1600.0,0.0,-9000.0,1600.0
1769432485.518649,5.408267498016357,-1.5911449193954468,2.952729440347787,0.7275351680635852,0.22007959007177444,-0.32862760113313894,-9000.0,-0.47123889803846897,1600.0,0.0,-9000.0,1600.0
1769432485.5684707,5.408267498016357,-1.5911449193954468,2.952729440347787,0.6661110009158275,0.21161096086640507,-0.2674085271450976,-9000.0,-0.47123889803846897,1600.0,0.0,-9000.0,1600.0
1769432485.6185632,5.408267498016357,-1.5911449193954468,2.952729440347787,0.6661110009158275,0.21161096086640507,-0.2674085271450976,-9000.0,-0.47123889803846897,1600.0,0.0,-9000.0,1600.0
1769432485.6685994,5.408267498016357,-1.5911449193954468,2.952729440347787,0.5849599230868263,0.19641135308348773,-0.20875278379687784,-9000.0,-0.47123889803846897,1600.0,0.0,-9000.0,1600.0
1769432485.718659,5.408267498016357,-1.5911449193954468,2.952729440347787,0.5849599230868263,0.19641135308348773,-0.20875278379687784,-9000.0,-0.47123889803846897,1600.0,0.0,-9000.0,1600.0
1769432485.7684927,5.408267498016357,-1.5911449193954468,2.952729440347787,0.49429488222288687,0.1757922760407247,-0.15942378772339627,-9000.0,-0.47123889803846897,1600.0,0.0,-9000.0,1600.0
1769432485.8186345,5.408267498016357,-1.5911449193954468,2.952729440347787,0.49429488222288687,0.1757922760407247,-0.15942378772339627,-9000.0,-0.47123889803846897,1600.0,0.0,-9000.0,1600.0
1769432485.8685818,5.408267498016357,-1.5911449193954468,2.952729440347787,0.40347564245395384,0.15199680627280543,-0.12102369515688752,-9000.0,-0.47123889803846897,1600.0,0.0,-9000.0,1600.0
1769432485.918665,5.408267498016357,-1.5911449193954468,2.952729440347787,0.40347564245395384,0.15199680627280543,-0.12102369515688752,-9000.0,-0.47123889803846897,1600.0,0.0,-9000.0,1600.0
1769432485.96857,5.408267498016357,-1.5911449193954468,2.952729440347787,0.3192948312861238,0.12732140526818808,-0.09224955234617876,-9000.0,-0.47123889803846897,1600.0,0.0,-9000.0,1600.0
1769432486.0186822,5.408267498016357,-1.5911449193954468,2.952729440347787,0.3192948312861238,0.12732140526818808,-0.09224955234617876,-9000.0,-0.47123889803846897,1600.0,0.0,-9000.0,1600.0
1769432486.0684621,5.408267498016357,-1.5911449193954468,2.952729440347787,0.24588690208416958,0.10367483604105088,-0.07093778306213801,-9000.0,-0.47123889803846897,1600.0,0.0,-9000.0,1600.0
1769432486.1186404,5.408267498016357,-1.5911449193954468,2.952729440347787,0.24588690208416958,0.10367483604105088,-0.07093778306213801,-9000.0,-0.47123889803846897,1600.0,0.0,-9000.0,1600.0
1769432486.1684594,5.408267498016357,-1.5911449193954468,2.952729440347787,0.18496119952300022,0.08234576227495481,-0.05502509386023738,-9000.0,-0.47123889803846897,1600.0,0.0,-9000.0,1600.0
1769432486.2186732,5.408267498016357,-1.5911449193954468,2.952729440347787,0.18496119952300022,0.08234576227495481,-0.05502509386023738,-9000.0,-0.47123889803846897,1600.0,0.0,-9000.0,1600.0
1769432486.2685905,5.408267498016357,-1.5911449193954468,2.952729440347787,0.1364644269639042,0.0640214556179771,-0.042939397408816526,-9000.0,-0.47123889803846897,1600.0,0.0,-9000.0,1600.0
1769432486.3186178,5.408267498016357,-1.5911449193954468,2.952729440347787,0.1364644269639042,0.0640214556179771,-0.042939397408816526,-9000.0,-0.47123889803846897,1600.0,0.0,-9000.0,1600.0
1769432486.3685493,5.408267498016357,-1.5911449193954468,2.952729440347787,0.09923977776781741,0.04890514870396812,-0.03360452520951139,-9000.0,-0.47123889803846897,1600.0,0.0,-9000.0,1600.0
1769432486.418639,5.408267498016357,-1.5911449193954468,2.952729440347787,0.09923977776781741,0.04890514870396812,-0.03360452520951139,-9000.0,-0.47123889803846897,1600.0,0.0,-9000.0,1600.0
1769432486.4686563,5.408267498016357,-1.5911449193954468,2.952729440347787,0.0715504390041583,0.036851865581273166,-0.026306519093040444,-9000.0,-0.47123889803846897,1600.0,0.0,-9000.0,1600.0
1769432486.5186605,5.408267498016357,-1.5911449193954468,2.952729440347787,0.0715504390041583,0.036851865581273166,-0.026306519093040444,-9000.0,-0.47123889803846897,1600.0,0.0,-9000.0,1600.0
1769432486.5685172,5.408267498016357,-1.5911449193954468,2.952729440347787,0.051508810276252065,0.02751772767489646,-0.02057246708270682,-9000.0,-0.47123889803846897,1600.0,0.0,-9000.0,1600.0
1769432486.6186874,5.408267498016357,-1.5911449193954468,2.952729440347787,0.051508810276252065,0.02751772767489646,-0.02057246708270682,-9000.0,-0.47123889803846897,1600.0,0.0,-9000.0,1600.0
1769432486.6685092,5.408267498016357,-1.5911449193954468,2.952729440347787,0.03732205290355644,0.020464434387149302,-0.016067466223979684,-9000.0,-0.47123889803846897,1600.0,0.0,-9000.0,1600.0
1769432486.7186615,5.408267498016357,-1.5911449193954468,2.952729440347787,0.03732205290355644,0.020464434387149302,-0.016067466223979684,-9000.0,-0.47123889803846897,1600.0,0.0,-9000.0,1600.0
1769432486.7686162,5.408267498016357,-1.5911449193954468,2.952729440347787,0.027424846379091473,0.015231754649915153,-0.01253149139021663,-9000.0,-0.47123889803846897,1600.0,0.0,-9000.0,1600.0
1769432486.8185844,5.408267498016357,-1.5911449193954468,2.952729440347787,0.027424846379091473,0.015231754649915153,-0.01253149139021663,-9000.0,-0.47123889803846897,1600.0,0.0,-9000.0,1600.0
1769432486.8685036,5.408267498016357,-1.5911449193954468,2.952729440347787,0.02056297257087115,0.011401433312199467,-0.00976382665786103,-9000.0,-0.47123889803846897,1600.0,0.0,-9000.0,1600.0
1769432486.918633,5.408267498016357,-1.5911449193954468,2.952729440347787,0.02056297257087115,0.011401433312199467,-0.00976382665786103,-9000.0,-0.47123889803846897,1600.0,0.0,-9000.0,1600.0
1769432486.968543,5.408267498016357,-1.5911449193954468,2.952729440347787,0.01579023312841226,0.008623123193750045,-0.007609052566024373,-9000.0,-0.47123889803846897,1600.0,0.0,-9000.0,1600.0
1769432487.01856,5.408267498016357,-1.5911449193954468,2.952729440347787,0.01579023312841226,0.008623123193750045,-0.007609052566024373,-9000.0,-0.47123889803846897,1600.0,0.0,-9000.0,1600.0
1769432487.0685737,5.408267498016357,-1.5911449193954468,2.952729440347787,0.01240253400724484,0.006603634579575685,-0.005927697994319716,-9000.0,-0.47123889803846897,1600.0,0.0,-9000.0,1600.0
1769432487.1186564,5.408267498016357,-1.5911449193954468,2.952729440347787,0.01240253400724484,0.006603634579575685,-0.005927697994319716,-9000.0,-0.47123889803846897,1600.0,0.0,-9000.0,1600.0
1769432487.1686218,5.408267498016357,-1.5911449193954468,2.952729440347787,0.00992495394449595,0.005125658383794329,-0.00461880599937763,-9000.0,-0.47123889803846897,1600.0,0.0,-9000.0,1600.0
1769432487.2186599,5.408267498016357,-1.5911449193954468,2.952729440347787,0.00992495394449595,0.005125658383794329,-0.00461880599937763,-9000.0,-0.47123889803846897,1600.0,0.0,-9000.0,1600.0
1769432487.2685275,5.408267498016357,-1.5911449193954468,2.952729440347787,0.008043924136527342,0.004029073267223233,-0.00360080772580069,-9000.0,-0.47123889803846897,1600.0,0.0,-9000.0,1600.0
1769432487.31857,5.408267498016357,-1.5911449193954468,2.952729440347787,0.008043924136527342,0.004029073267223233,-0.00360080772580069,-9000.0,-0.47123889803846897,1600.0,0.0,-9000.0,1600.0
1769432487.3685315,5.408267498016357,-1.5911449193954468,2.952729440347787,0.006556675516401787,0.003197550510602927,-0.002806153534648856,-9000.0,-0.47123889803846897,1600.0,0.0,-9000.0,1600.0
1769432487.418661,5.408267498016357,-1.5911449193954468,2.952729440347787,0.006556675516401787,0.003197550510602927,-0.002806153534648856,-9000.0,-0.47123889803846897,1600.0,0.0,-9000.0,1600.0
1769432487.4686446,5.408267498016357,-1.5911449193954468,2.952729440347787,0.005345911815050162,0.0025543390982930634,-0.0021874601001948208,-9000.0,-0.47123889803846897,1600.0,0.0,-9000.0,1600.0
1769432487.5186622,5.408267498016357,-1.5911449193954468,2.952729440347787,0.005345911815050162,0.0025543390982930634,-0.0021874601001948208,-9000.0,-0.47123889803846897,1600.0,0.0,-9000.0,1600.0
1769432487.5685244,5.408267498016357,-1.5911449193954468,2.952729440347787,0.004341998262016619,0.002047288472789561,-0.0017060904778159083,-9000.0,-0.47123889803846897,1600.0,0.0,-9000.0,1600.0
1769432487.6186256,5.408267498016357,-1.5911449193954468,2.952729440347787,0.004341998262016619,0.002047288472789561,-0.0017060904778159083,-9000.0,-0.47123889803846897,1600.0,0.0,-9000.0,1600.0
1769432487.668536,5.408267498016357,-1.5911449193954468,2.952729440347787,0.003500810105494383,0.0016402488274844238,-0.0013301562590912527,-9000.0,-0.47123889803846897,1600.0,0.0,-9000.0,1600.0
1769432487.7186286,5.408267498016357,-1.5911449193954468,2.952729440347787,0.003500810105494383,0.0016402488274844238,-0.0013301562590912527,-9000.0,-0.47123889803846897,1600.0,0.0,-9000.0,1600.0
1769432487.768532,5.408267498016357,-1.5911449193954468,2.952729440347787,0.002797434700270279,0.0013104305426576133,-0.0010369907659096658,-9000.0,-0.47123889803846897,1600.0,0.0,-9000.0,1600.0
1769432487.8185704,5.408267498016357,-1.5911449193954468,2.952729440347787,0.002797434700270279,0.0013104305426576133,-0.0010369907659096658,-9000.0,-0.47123889803846897,1600.0,0.0,-9000.0,1600.0
1769432487.8685725,5.408267498016357,-1.5911449193954468,2.952729440347787,0.0022141715491267033,0.0010421914673973292,-0.000808444316979452,-9000.0,-0.47123889803846897,1600.0,0.0,-9000.0,1600.0
1769432487.918595,5.408267498016357,-1.5911449193954468,2.952729440347787,0.0022141715491267033,0.0010421914673973292,-0.000808444316979452,-9000.0,-0.47123889803846897,1600.0,0.0,-9000.0,1600.0
1769432487.9685845,5.408267498016357,-1.5911449193954468,2.952729440347787,0.001736045713388458,0.0008241661137914902,-0.0006302050403902568,-9000.0,-0.47123889803846897,1600.0,0.0,-9000.0,1600.0
1769432488.0186641,5.408267498016357,-1.5911449193954468,2.952729440347787,0.001736045713388458,0.0008241661137914902,-0.0006302050403902568,-9000.0,-0.47123889803846897,1600.0,0.0,-9000.0,1600.0
1769432488.0685177,5.408267498016357,-1.5911449193954468,2.952729440347787,0.0013495677079336137,0.0006478347322171529,-0.0004912863317997017,-9000.0,-0.47123889803846897,1600.0,0.0,-9000.0,1600.0
1769432488.1186128,5.408267498016357,-1.5911449193954468,2.952729440347787,0.0013495677079336137,0.0006478347322171529,-0.0004912863317997017,-9000.0,-0.47123889803846897,1600.0,0.0,-9000.0,1600.0
1769432488.1685343,5.408267498016357,-1.5911449193954468,2.952729440347787,0.0010415480470469223,0.0005062280013347217,-0.00038299473293660756,-9000.0,-0.47123889803846897,1600.0,0.0,-9000.0,1600.0
1769432488.2186027,5.408267498016357,-1.5911449193954468,2.952729440347787,0.0010415480470469223,0.0005062280013347217,-0.00038299473293660756,-9000.0,-0.47123889803846897,1600.0,0.0,-9000.0,1600.0
1769432488.268526,5.408267498016357,-1.5911449193954468,2.952729440347787,0.0007993709907891395,0.0003934624890923208,-0.00029856662770681795,-9000.0,-0.47123889803846897,1600.0,0.0,-9000.0,1600.0
1769432488.3185894,5.408267498016357,-1.5911449193954468,2.952729440347787,0.0007993709907891395,0.0003934624890923208,-0.00029856662770681795,-9000.0,-0.47123889803846897,1600.0,0.0,-9000.0,1600.0
1769432488.368572,5.408267498016357,-1.5911449193954468,2.952729440347787,0.000611345835493796,0.00030448457629341766,-0.00023275939762137297,-9000.0,-0.47123889803846897,1600.0,0.0,-9000.0,1600.0
1769432488.418586,5.408267498016357,-1.5911449193954468,2.952729440347787,0.000611345835493796,0.00030448457629341766,-0.00023275939762137297,-9000.0,-0.47123889803846897,1600.0,0.0,-9000.0,1600.0
1769432488.4686017,5.408267498016357,-1.5911449193954468,2.952729440347787,0.00046685065949171096,0.00023486282082922855,-0.0001814397231955181,-9000.0,-0.47123889803846897,1600.0,0.0,-9000.0,1600.0
1769432488.5186348,5.408267498016357,-1.5911449193954468,2.952729440347787,0.00046685065949171096,0.00023486282082922855,-0.0001814397231955181,-9000.0,-0.47123889803846897,1600.0,0.0,-9000.0,1600.0
1769432488.5685356,5.408267498016357,-1.5911449193954468,2.952729440347787,0.0003567786273751755,0.00018084406362945144,-0.00014145568671904805,-9000.0,-0.47123889803846897,1600.0,0.0,-9000.0,1600.0
1769432488.6186397,5.408267498016357,-1.5911449193954468,2.952729440347787,0.0003567786273751755,0.00018084406362945144,-0.00014145568671904805,-9000.0,-0.47123889803846897,1600.0,0.0,-9000.0,1600.0
1769432488.6685266,5.408267498016357,-1.5911449193954468,2.952729440347787,0.000273337265752647,0.0001391788385919782,-0.00011027441621523385,-9000.0,-0.47123889803846897,1600.0,0.0,-9000.0,1600.0
1769432488.7186437,5.408267498016357,-1.5911449193954468,2.952729440347787,0.000273337265752647,0.0001391788385919782,-0.00011027441621523385,-9000.0,-0.47123889803846897,1600.0,0.0,-9000.0,1600.0
1769432488.7685258,5.408267498016357,-1.5911449193954468,2.952729440347787,0.00021023836480982673,0.00010719626607178732,-8.59636060108851e-05,-9000.0,-0.47123889803846897,1600.0,0.0,-9000.0,1600.0
1769432488.8186088,5.408267498016357,-1.5911449193954468,2.952729440347787,0.00021023836480982673,0.00010719626607178732,-8.59636060108851e-05,-9000.0,-0.47123889803846897,1600.0,0.0,-9000.0,1600.0
1769432488.8686225,5.408267498016357,-1.5911449193954468,2.952729440347787,0.00016249302057545184,8.271687790875178e-05,-6.701041221705301e-05,-9000.0,-0.47123889803846897,1600.0,0.0,-9000.0,1600.0
1769432488.9186296,5.408267498016357,-1.5911449193954468,2.952729440347787,0.00016249302057545184,8.271687790875178e-05,-6.701041221705301e-05,-9000.0,-0.47123889803846897,1600.0,0.0,-9000.0,1600.0
1769432488.9686136,5.408267498016357,-1.5911449193954468,2.952729440347787,0.00012624449320870927,6.399930640282379e-05,-5.2237890191119936e-05,-9000.0,-0.47123889803846897,1600.0,0.0,-9000.0,1600.0
1769432489.0185857,5.408267498016357,-1.5911449193954468,2.952729440347787,0.00012624449320870927,6.399930640282379e-05,-5.2237890191119936e-05,-9000.0,-0.47123889803846897,1600.0,0.0,-9000.0,1600.0
1769432489.0685132,5.408267498016357,-1.5911449193954468,2.952729440347787,9.856761213387705e-05,4.9674059220484953e-05,-4.072605947814908e-05,-9000.0,-0.47123889803846897,1600.0,0.0,-9000.0,1600.0
1769432489.1186318,5.408267498016357,-1.5911449193954468,2.952729440347787,9.856761213387705e-05,4.9674059220484953e-05,-4.072605947814908e-05,-9000.0,-0.47123889803846897,1600.0,0.0,-9000.0,1600.0
1769432489.1685412,5.408267498016357,-1.5911449193954468,2.952729440347787,7.726921090932433e-05,3.867511465909642e-05,-3.174878384197517e-05,-9000.0,-0.47123889803846897,1600.0,0.0,-9000.0,1600.0
1769432489.2186117,5.408267498016357,-1.5911449193954468,2.952729440347787,7.726921090932433e-05,3.867511465909642e-05,-3.174878384197517e-05,-9000.0,-0.47123889803846897,1600.0,0.0,-9000.0,1600.0
1769432489.2684908,5.408267498016357,-1.5911449193954468,2.952729440347787,6.075276975579108e-05,3.0198388425942328e-05,-2.4750996482830508e-05,-9000.0,-0.47123889803846897,1600.0,0.0,-9000.0,1600.0
1769432489.3186615,5.408267498016357,-1.5911449193954468,2.952729440347787,6.075276975579108e-05,3.0198388425942328e-05,-2.4750996482830508e-05,-9000.0,-0.47123889803846897,1600.0,0.0,-9000.0,1600.0
1769432489.368543,5.408267498016357,-1.5911449193954468,2.952729440347787,4.78468479418792e-05,2.363418972068993e-05,-1.9294897455307215e-05,-9000.0,-0.47123889803846897,1600.0,0.0,-9000.0,1600.0
1769432489.4186263,5.408267498016357,-1.5911449193954468,2.952729440347787,4.78468479418792e-05,2.363418972068993e-05,-1.9294897455307215e-05,-9000.0,-0.47123889803846897,1600.0,0.0,-9000.0,1600.0
1769432489.468607,5.408267498016357,-1.5911449193954468,2.952729440347787,3.7697231015337585e-05,1.8525808695058774e-05,-1.5040123495248673e-05,-9000.0,-0.47123889803846897,1600.0,0.0,-9000.0,1600.0
1769432489.5186071,5.408267498016357,-1.5911449193954468,2.952729440347787,3.7697231015337585e-05,1.8525808695058774e-05,-1.5040123495248673e-05,-9000.0,-0.47123889803846897,1600.0,0.0,-9000.0,1600.0
1769432489.5685174,5.408267498016357,-1.5911449193954468,2.952729440347787,2.9688272884266613e-05,1.4537358790845326e-05,-1.172743948573345e-05,-9000.0,-0.47123889803846897,1600.0,0.0,-9000.0,1600.0
1769432489.6186311,5.408267498016357,-1.5911449193954468,2.952729440347787,2.9688272884266613e-05,1.4537358790845326e-05,-1.172743948573345e-05,-9000.0,-0.47123889803846897,1600.0,0.0,-9000.0,1600.0
1769432489.6685388,3.3216419219970703,0.682790994644165,1.1313327268937368,0.7944933762556282,-0.5908501241087608,-1.4284929828128745,-9000.0,-0.47123889803846897,1600.0,0.0,-9000.0,1600.0
1769432489.718636,3.3216419219970703,0.682790994644165,1.1313327268937368,0.7944933762556282,-0.5908501241087608,-1.4284929828128745,-9000.0,-0.47123889803846897,1600.0,0.0,-9000.0,1600.0
1769432489.7685459,3.336573600769043,0.764199435710907,1.088500576550933,1.8328229737085282,-1.1350270175625854,-2.5180859249169236,-9000.0,-0.47123889803846897,1600.0,0.0,-9000.0,1600.0
1769432489.8187613,3.336573600769043,0.764199435710907,1.088500576550933,1.8328229737085282,-1.1350270175625854,-2.5180859249169236,-9000.0,-0.47123889803846897,1600.0,0.0,-9000.0,1600.0
1769432489.8686855,3.352339744567871,0.8446479439735413,1.051289226872541,2.8176946314039837,-1.256132851640919,-2.889622117387527,-9000.0,-0.47123889803846897,1600.0,0.0,-9000.0,1600.0
1769432489.9185874,3.352339744567871,0.8446479439735413,1.051289226872541,2.8176946314039837,-1.256132851640919,-2.889622117387527,-9000.0,-0.47123889803846897,1600.0,0.0,-9000.0,1600.0
1769432489.968686,3.374086856842041,0.9240975379943848,0.9803506995177864,3.5100099247912864,-0.9321563423773931,-2.755082669801877,-9000.0,-0.47123889803846897,1600.0,0.0,-9000.0,1600.0
1769432490.018732,3.374086856842041,0.9240975379943848,0.9803506995177864,3.5100099247912864,-0.9321563423773931,-2.755082669801877,-9000.0,-0.47123889803846897,1600.0,0.0,-9000.0,1600.0
1769432490.0685103,3.4001545906066895,1.0030752420425415,0.9412037648230509,3.7757923924607226,-0.3471659279750092,-2.3679934791350314,-9000.0,-0.47123889803846897,1600.0,0.0,-9000.0,1600.0
1769432490.11874,3.4001545906066895,1.0030752420425415,0.9412037648230509,3.7757923924607226,-0.3471659279750092,-2.3679934791350314,-9000.0,-0.47123889803846897,1600.0,0.0,-9000.0,1600.0
1769432490.168575,3.429997444152832,1.0804331302642822,0.899030687664677,3.6340367993985634,0.2679888931993959,-1.932406403536907,-9000.0,-0.47123889803846897,1600.0,0.0,-9000.0,1600.0
1769432490.2187042,3.429997444152832,1.0804331302642822,0.899030687664677,3.6340367993985634,0.2679888931993959,-1.932406403536907,-9000.0,-0.47123889803846897,1600.0,0.0,-9000.0,1600.0
1769432490.2686312,3.459275722503662,1.156186580657959,0.8606886283781323,3.214990863521739,0.7529036109696267,-1.5495425764930832,-8000.0,-0.41887902047863906,1600.0,0.0,-8000.0,1600.0
1769432490.3185763,3.459275722503662,1.156186580657959,0.8606886283781323,3.214990863521739,0.7529036109696267,-1.5495425764930832,-7000.0,-0.36651914291880916,1600.0,0.0,-7000.0,1600.0
1769432490.368609,3.492783546447754,1.230105996131897,0.8350200682873767,2.676286764681601,1.0458946478973448,-1.242611998849553,-6000.0,-0.31415926535897926,1600.0,0.0,-6000.0,1600.0
1769432490.4186742,3.492783546447754,1.230105996131897,0.8350200682873767,2.676286764681601,1.0458946478973448,-1.242611998849553,-5000.0,-0.2617993877991494,1500.0,0.0,-5000.0,1500.0
1769432490.4685693,3.5308942794799805,1.3024426698684692,0.7917518656661215,2.139246205931979,1.1603597767045157,-1.0218190334628334,-4000.0,-0.20943951023931953,1500.0,0.0,-4000.0,1500.0
1769432490.5186305,3.5308942794799805,1.3024426698684692,0.7917518656661215,2.139246205931979,1.1603597767045157,-1.0218190334628334,-3000.0,-0.15707963267948963,1500.0,0.0,-3000.0,1500.0
1769432490.5685408,3.5750083923339844,1.373019814491272,0.7428609491538385,1.675520510869224,1.1417969207339445,-0.8750661621537428,-2000.0,-0.10471975511965977,1500.0,0.0,-2000.0,1500.0
1769432490.6186304,3.5750083923339844,1.373019814491272,0.7428609491538385,1.675520510869224,1.1417969207339445,-0.8750661621537428,-1000.0,-0.05235987755982988,1500.0,0.0,-1000.0,1500.0
1769432490.6687107,3.6185388565063477,1.4420679807662964,0.7104723185541992,1.3133299676150445,1.0421668692433268,-0.76618154925709,0.0,0.0,1400.0,0.0,0.0,1400.0
1769432490.7186103,3.6185388565063477,1.4420679807662964,0.7104723185541992,1.3133299676150445,1.0421668692433268,-0.76618154925709,0.0,0.0,1400.0,0.0,0.0,1400.0
1769432490.768545,3.6631999015808105,1.5085797309875488,0.672946206512151,1.0528536121197511,0.9047254550821772,-0.6825491992132814,0.0,0.0,1400.0,0.0,0.0,1400.0
1769432490.8186324,3.6631999015808105,1.5085797309875488,0.672946206512151,1.0528536121197511,0.9047254550821772,-0.6825491992132814,0.0,0.0,1300.0,0.0,0.0,1300.0
1769432490.8685372,3.711071491241455,1.5732430219650269,0.6228683875200662,0.8804638891206337,0.7599543086766746,-0.6266437293071857,0.0,0.0,1300.0,0.0,0.0,1300.0
1769432490.9186223,3.711071491241455,1.5732430219650269,0.6228683875200662,0.8804638891206337,0.7599543086766746,-0.6266437293071857,0.0,0.0,1300.0,0.0,0.0,1300.0
1769432490.9685647,3.7587761878967285,1.6349698305130005,0.6067642193639209,0.7765350123648368,0.6270044629120282,-0.5649676403600101,0.0,0.0,1300.0,0.0,0.0,1300.0
1769432491.0186293,3.7587761878967285,1.6349698305130005,0.6067642193639209,0.7765350123648368,0.6270044629120282,-0.5649676403600101,0.0,0.0,1300.0,0.0,0.0,1300.0
1769432491.0686557,3.805694580078125,1.6895018815994263,0.6009449730416083,0.7197219601677317,0.5146082049347981,-0.4886014040528942,0.0,0.0,1300.0,0.0,0.0,1300.0
1769432491.118743,3.805694580078125,1.6895018815994263,0.6009449730416083,0.7197219601677317,0.5146082049347981,-0.4886014040528942,0.0,0.0,1300.0,0.0,0.0,1300.0
1769432491.1685855,3.8520097732543945,1.7423518896102905,0.6028171228152592,0.6924563807929648,0.4250500231693543,-0.40151980704488377,0.0,0.0,1300.0,0.0,0.0,1300.0
1769432491.2186928,3.8520097732543945,1.7423518896102905,0.6028171228152592,0.6924563807929648,0.4250500231693543,-0.40151980704488377,0.0,0.0,1300.0,0.0,0.0,1300.0
1769432491.2685568,3.898186206817627,1.791898250579834,0.6131145121606814,0.6814212734217431,0.3560920103635069,-0.30948435771112415,0.0,0.0,1300.0,0.0,0.0,1300.0
1769432491.318645,3.898186206817627,1.791898250579834,0.6131145121606814,0.6814212734217431,0.3560920103635069,-0.30948435771112415,0.0,0.0,1300.0,0.0,0.0,1300.0
1769432491.3685489,3.944986343383789,1.8416557312011719,0.6297056266079348,0.6784731601619158,0.3039942302025577,-0.2184058098927386,0.0,0.0,1300.0,0.0,0.0,1300.0
1769432491.4186862,3.944986343383789,1.8416557312011719,0.6297056266079348,0.6784731601619158,0.3039942302025577,-0.2184058098927386,0.0,0.0,1300.0,0.0,0.0,1300.0
1769432491.468709,3.990246295928955,1.8906309604644775,0.6442353001537526,0.6783278544271264,0.2648216671315409,-0.1380207691891678,0.0,0.0,1300.0,0.0,0.0,1300.0
1769432491.5185854,3.990246295928955,1.8906309604644775,0.6442353001537526,0.6783278544271264,0.2648216671315409,-0.1380207691891678,0.0,0.0,0.0,0.0,0.0,0.0
1769432491.5686738,4.03447961807251,1.9396330118179321,0.6613284696989332,0.6781772901630932,0.235142179330284,-0.07044661478323978,0.0,0.0,0.0,0.0,0.0,0.0
1769432491.618612,4.03447961807251,1.9396330118179321,0.6613284696989332,0.6781772901630932,0.235142179330284,-0.07044661478323978,0.0,0.0,0.0,0.0,0.0,0.0
1769432491.6686883,4.0770673751831055,1.9883747100830078,0.6771179572253763,0.6765900819605958,0.21228708047543154,-0.017065574628462282,0.0,0.0,0.0,0.0,0.0,0.0
1769432491.7186089,4.0770673751831055,1.9883747100830078,0.6771179572253763,0.6765900819605958,0.21228708047543154,-0.017065574628462282,0.0,0.0,0.0,0.0,0.0,0.0
1769432491.7687004,4.119479656219482,2.0360867977142334,0.6936687815967524,0.6732246358500471,0.19379999099711848,0.024284688593335255,0.0,0.0,0.0,0.0,0.0,0.0
1769432491.8187277,4.119479656219482,2.0360867977142334,0.6936687815967524,0.6732246358500471,0.19379999099711848,0.024284688593335255,0.0,0.0,0.0,0.0,0.0,0.0
1769432491.8685856,4.161630630493164,2.0824060440063477,0.7169684769404698,0.6681980451673919,0.17761035815351767,0.06133683930416225,0.0,0.0,0.0,0.0,0.0,0.0
1769432491.9186878,4.161630630493164,2.0824060440063477,0.7169684769404698,0.6681980451673919,0.17761035815351767,0.06133683930416225,0.0,0.0,0.0,0.0,0.0,0.0
1769432491.9684968,4.200494766235352,2.1285593509674072,0.7246522546920531,0.6612861024762159,0.16319979245507277,0.08268644672987951,0.0,0.0,0.0,0.0,0.0,0.0
1769432492.0186682,4.200494766235352,2.1285593509674072,0.7246522546920531,0.6612861024762159,0.16319979245507277,0.08268644672987951,0.0,0.0,0.0,0.0,0.0,0.0
1769432492.0685601,4.2385687828063965,2.1731045246124268,0.7368824879639888,0.6525325279106827,0.14993944607006887,0.09413567871008363,0.0,0.0,0.0,0.0,0.0,0.0
1769432492.1186244,4.2385687828063965,2.1731045246124268,0.7368824879639888,0.6525325279106827,0.14993944607006887,0.09413567871008363,0.0,0.0,0.0,0.0,0.0,0.0
1769432492.1685655,4.273717403411865,2.216799259185791,0.7452891041939935,0.6417907717970894,0.13796154461811946,0.09745733753164866,0.0,0.0,0.0,0.0,0.0,0.0
1769432492.218591,4.273717403411865,2.216799259185791,0.7452891041939935,0.6417907717970894,0.13796154461811946,0.09745733753164866,0.0,0.0,0.0,0.0,0.0,0.0
1769432492.2684634,4.308358192443848,2.259692430496216,0.7520700803406672,0.6294946479817428,0.12719716172620923,0.09503406668640899,0.0,0.0,0.0,0.0,0.0,0.0
1769432492.3186612,4.308358192443848,2.259692430496216,0.7520700803406672,0.6294946479817428,0.12719716172620923,0.09503406668640899,0.0,0.0,0.0,0.0,0.0,0.0
1769432492.3686008,4.34121036529541,2.3007543087005615,0.7568091111669704,0.6157493869224894,0.11753886896621843,0.08849825390542415,0.0,0.0,0.0,0.0,0.0,0.0
1769432492.4185731,4.34121036529541,2.3007543087005615,0.7568091111669704,0.6157493869224894,0.11753886896621843,0.08849825390542415,0.0,0.0,0.0,0.0,0.0,0.0
1769432492.4685328,4.373145580291748,2.340010643005371,0.7656015750164595,0.6007768423733749,0.1086845070700132,0.08370441574757136,0.0,0.0,0.0,0.0,0.0,0.0
1769432492.5185704,4.373145580291748,2.340010643005371,0.7656015750164595,0.6007768423733749,0.1086845070700132,0.08370441574757136,0.0,0.0,0.0,0.0,0.0,0.0
