t_sec,x,y,yaw,u,v,r,applied_steer_ui,applied_steer_rad,applied_thrust,bow,target_steer_ui,target_thrust
1769432545.2084239,4.882116794586182,-3.6864728927612305,-2.775780786385854,0.07872313900653503,0.015209610091737817,0.014693405049502624,0.0,0.0,0.0,0.0,0.0,0.0
1769432545.2584188,4.882116794586182,-3.6864728927612305,-2.775780786385854,0.07872313900653503,0.015209610091737817,0.014693405049502624,0.0,0.0,0.0,0.0,0.0,0.0
1769432545.3084884,4.874116897583008,-3.689833641052246,-2.776290655816221,0.07852288895063923,0.014286537972935104,0.012584752935455046,0.0,0.0,0.0,0.0,0.0,0.0
1769432545.3584063,4.874116897583008,-3.689833641052246,-2.776290655816221,0.07852288895063923,0.014286537972935104,0.012584752935455046,0.0,0.0,0.0,0.0,0.0,0.0
1769432545.4084742,4.867092132568359,-3.694413423538208,-2.7760803777796546,0.07859891548546687,0.013554699553558702,0.009666261731116614,0.0,0.0,0.0,0.0,0.0,0.0
1769432545.4584644,4.867092132568359,-3.694413423538208,-2.7760803777796546,0.07859891548546687,0.013554699553558702,0.009666261731116614,0.0,0.0,0.0,0.0,0.0,0.0
1769432545.5084953,4.861212253570557,-3.6990373134613037,-2.7722098949908145,0.07854239615883181,0.013331351478322396,0.01007241668142512,0.0,0.0,0.0,0.0,0.0,0.0
1769432545.5584664,4.861212253570557,-3.6990373134613037,-2.7722098949908145,0.07854239615883181,0.013331351478322396,0.01007241668142512,0.0,0.0,0.0,0.0,0.0,0.0
1769432545.6084387,4.854861259460449,-3.7026093006134033,-2.773196532580337,0.07823783725810518,0.013273885433410364,0.00956110453258214,0.0,0.0,0.0,0.0,0.0,0.0
1769432545.6584723,4.854861259460449,-3.7026093006134033,-2.773196532580337,0.07823783725810518,0.013273885433410364,0.00956110453258214,0.0,0.0,0.0,0.0,0.0,0.0
1769432545.7084332,4.84755277633667,-3.705878734588623,-2.7683771996041133,0.07795556063283496,0.013002613811022757,0.012069427164036377,0.0,0.0,0.0,0.0,0.0,0.0
1769432545.7584417,4.84755277633667,-3.705878734588623,-2.7683771996041133,0.07795556063283496,0.013002613811022757,0.012069427164036377,0.0,0.0,0.0,0.0,0.0,0.0
1769432545.8085213,4.840643882751465,-3.7094740867614746,-2.7651467593133447,0.07772631357799467,0.0125512469700052,0.015835946701672345,0.0,0.0,0.0,0.0,0.0,0.0
1769432545.8584092,4.840643882751465,-3.7094740867614746,-2.7651467593133447,0.07772631357799467,0.0125512469700052,0.015835946701672345,0.0,0.0,0.0,0.0,0.0,0.0
1769432545.9085252,4.834510803222656,-3.713810443878174,-2.7629421932851423,0.07741459404232451,0.01229207287407642,0.018785235356193492,0.0,0.0,0.0,0.0,0.0,0.0
1769432545.958505,4.834510803222656,-3.713810443878174,-2.7629421932851423,0.07741459404232451,0.01229207287407642,0.018785235356193492,0.0,0.0,0.0,0.0,0.0,0.0
1769432546.0085144,4.827416896820068,-3.7171010971069336,-2.7662700948378856,0.07715899217762787,0.011919975730339628,0.016191230977768874,0.0,0.0,0.0,0.0,0.0,0.0
1769432546.0585115,4.827416896820068,-3.7171010971069336,-2.7662700948378856,0.07715899217762787,0.011919975730339628,0.016191230977768874,0.0,0.0,0.0,0.0,0.0,0.0
1769432546.1085134,4.820936679840088,-3.721950054168701,-2.7582933629311435,0.07701071258951482,0.011875735457093214,0.018324251709457822,0.0,0.0,100.0,0.0,0.0,100.0
1769432546.1585238,4.820936679840088,-3.721950054168701,-2.7582933629311435,0.07701071258951482,0.011875735457093214,0.018324251709457822,0.0,0.0,100.0,0.0,0.0,100.0
1769432546.208456,4.813900470733643,-3.725084066390991,-2.76191767799046,0.07693997931220785,0.011691617425412807,0.016432599690337252,0.0,0.0,100.0,0.0,0.0,100.0
1769432546.2584374,4.813900470733643,-3.725084066390991,-2.76191767799046,0.07693997931220785,0.011691617425412807,0.016432599690337252,0.0,0.0,200.0,0.0,0.0,200.0
1769432546.3084965,4.80807638168335,-3.7290549278259277,-2.7608077288290835,0.07665582229618638,0.011601750004674765,0.013941666406608284,0.0,0.0,200.0,0.0,0.0,200.0
1769432546.3584292,4.80807638168335,-3.7290549278259277,-2.7608077288290835,0.07665582229618638,0.011601750004674765,0.013941666406608284,0.0,0.0,200.0,0.0,0.0,200.0
1769432546.4084816,4.802824020385742,-3.733848810195923,-2.759007297829163,0.07602035156989782,0.011996172121642576,0.012686996690165441,0.0,0.0,200.0,0.0,0.0,200.0
1769432546.45849,4.802824020385742,-3.733848810195923,-2.759007297829163,0.07602035156989782,0.011996172121642576,0.012686996690165441,0.0,0.0,300.0,0.0,0.0,300.0
1769432546.508468,4.796538829803467,-3.737308979034424,-2.7636551010973545,0.07522145652324967,0.012401596280484194,0.007631903282678452,0.0,0.0,300.0,0.0,0.0,300.0
1769432546.5585,4.796538829803467,-3.737308979034424,-2.7636551010973545,0.07522145652324967,0.012401596280484194,0.007631903282678452,0.0,0.0,300.0,0.0,0.0,300.0
1769432546.6084356,4.790739059448242,-3.7411305904388428,-2.7572242442205073,0.07430052058114264,0.012769650992340734,0.008250690694355856,0.0,0.0,400.0,0.0,0.0,400.0
1769432546.6585665,4.790739059448242,-3.7411305904388428,-2.7572242442205073,0.07430052058114264,0.012769650992340734,0.008250690694355856,0.0,0.0,400.0,0.0,0.0,400.0
1769432546.7084405,4.783696174621582,-3.7445530891418457,-2.75877813121592,0.07365209244153327,0.012809559658138977,0.0081373603516494,0.0,0.0,400.0,0.0,0.0,400.0
1769432546.7583964,4.783696174621582,-3.7445530891418457,-2.75877813121592,0.07365209244153327,0.012809559658138977,0.0081373603516494,0.0,0.0,500.0,0.0,0.0,500.0
1769432546.8084822,4.776254177093506,-3.7477474212646484,-2.761275417711258,0.07349181813707201,0.012357117148060376,0.005297487823983828,0.0,0.0,500.0,0.0,0.0,500.0
1769432546.8584242,4.776254177093506,-3.7477474212646484,-2.761275417711258,0.07349181813707201,0.012357117148060376,0.005297487823983828,0.0,0.0,500.0,0.0,0.0,500.0
1769432546.9084954,4.771394729614258,-3.7520408630371094,-2.7445734408962186,0.07317101439899372,0.012087255333344992,0.015675632862226698,0.0,0.0,600.0,0.0,0.0,600.0
1769432546.958486,4.771394729614258,-3.7520408630371094,-2.7445734408962186,0.07317101439899372,0.012087255333344992,0.015675632862226698,0.0,0.0,600.0,0.0,0.0,600.0
1769432547.0083888,4.766099452972412,-3.7574281692504883,-2.7481331639227675,0.07273061674818306,0.012512793897215917,0.020849425137469266,0.0,0.0,600.0,0.0,0.0,600.0
1769432547.058507,4.766099452972412,-3.7574281692504883,-2.7481331639227675,0.07273061674818306,0.012512793897215917,0.020849425137469266,0.0,0.0,700.0,0.0,0.0,700.0
1769432547.1084492,4.761075973510742,-3.7613327503204346,-2.7472820733008243,0.07197399993467227,0.013267901955712615,0.021562515112583083,0.0,0.0,700.0,0.0,0.0,700.0
1769432547.1584814,4.761075973510742,-3.7613327503204346,-2.7472820733008243,0.07197399993467227,0.013267901955712615,0.021562515112583083,0.0,0.0,700.0,0.0,0.0,700.0
1769432547.208457,4.754323959350586,-3.764698028564453,-2.744295355252358,0.07136089598093898,0.013734453650719338,0.021522035043446398,0.0,0.0,800.0,0.0,0.0,800.0
1769432547.2584877,4.754323959350586,-3.764698028564453,-2.744295355252358,0.07136089598093898,0.013734453650719338,0.021522035043446398,0.0,0.0,800.0,0.0,0.0,800.0
1769432547.3084927,4.748515605926514,-3.767982006072998,-2.7404099968842015,0.07077594038003113,0.013787117313038917,0.022670337637175526,0.0,0.0,800.0,0.0,0.0,800.0
1769432547.3584952,4.748515605926514,-3.767982006072998,-2.7404099968842015,0.07077594038003113,0.013787117313038917,0.022670337637175526,0.0,0.0,900.0,0.0,0.0,900.0
1769432547.4085283,4.7418437004089355,-3.7712643146514893,-2.742845187900178,0.07044491504104788,0.01335680576793965,0.01993745372981114,0.0,0.0,900.0,0.0,0.0,900.0
1769432547.4585025,4.7418437004089355,-3.7712643146514893,-2.742845187900178,0.07044491504104788,0.01335680576793965,0.01993745372981114,0.0,0.0,900.0,0.0,0.0,900.0
1769432547.5085294,4.735137462615967,-3.7738664150238037,-2.7455571105536274,0.07033760156134886,0.012327094589798044,0.013724551246895995,0.0,0.0,900.0,0.0,0.0,900.0
1769432547.5585058,4.735137462615967,-3.7738664150238037,-2.7455571105536274,0.07033760156134886,0.012327094589798044,0.013724551246895995,0.0,0.0,1000.0,0.0,0.0,1000.0
1769432547.6084013,4.727456569671631,-3.7772305011749268,-2.737952120969776,0.07077996023454093,0.01091681340342997,0.014200841491399578,0.0,0.0,1000.0,0.0,0.0,1000.0
1769432547.658534,4.727456569671631,-3.7772305011749268,-2.737952120969776,0.07077996023454093,0.01091681340342997,0.014200841491399578,0.0,0.0,1000.0,0.0,0.0,1000.0
1769432547.7084494,4.7227606773376465,-3.7824463844299316,-2.731383270019955,0.07111709677966363,0.010247899051093712,0.020157191981139903,0.0,0.0,1100.0,0.0,0.0,1100.0
1769432547.7584682,4.7227606773376465,-3.7824463844299316,-2.731383270019955,0.07111709677966363,0.010247899051093712,0.020157191981139903,0.0,0.0,1100.0,0.0,0.0,1100.0
1769432547.8084536,4.718303203582764,-3.787097215652466,-2.7339239871762073,0.07095603987565798,0.010501580934729549,0.021341614754312614,0.0,0.0,1100.0,0.0,0.0,1100.0
1769432547.8584359,4.718303203582764,-3.787097215652466,-2.7339239871762073,0.07095603987565798,0.010501580934729549,0.021341614754312614,0.0,0.0,1100.0,0.0,0.0,1100.0
1769432547.9084644,4.712212562561035,-3.7897355556488037,-2.7305870122570193,0.07048330153287252,0.01074342175940274,0.0217868838145374,0.0,0.0,1100.0,0.0,0.0,1100.0
1769432547.9585094,4.712212562561035,-3.7897355556488037,-2.7305870122570193,0.07048330153287252,0.01074342175940274,0.0217868838145374,0.0,0.0,1100.0,0.0,0.0,1100.0
1769432548.0083985,4.707011699676514,-3.793922185897827,-2.7180792425617755,0.06978881206006574,0.011138210282551998,0.029954431367421736,0.0,0.0,1100.0,0.0,0.0,1100.0
1769432548.0584574,4.707011699676514,-3.793922185897827,-2.7180792425617755,0.06978881206006574,0.011138210282551998,0.029954431367421736,0.0,0.0,1100.0,0.0,0.0,1100.0
1769432548.108454,4.701114177703857,-3.7974483966827393,-2.7269545455277777,0.06910483803634057,0.011423331381087342,0.027225321585502442,0.0,0.0,1200.0,0.0,0.0,1200.0
1769432548.1584542,4.701114177703857,-3.7974483966827393,-2.7269545455277777,0.06910483803634057,0.011423331381087342,0.027225321585502442,0.0,0.0,1200.0,0.0,0.0,1200.0
1769432548.2084339,4.694077491760254,-3.8001976013183594,-2.7419137913883542,0.06878178751118114,0.011144477734717278,0.009132758673955053,0.0,0.0,1200.0,0.0,0.0,1200.0
1769432548.258466,4.694077491760254,-3.8001976013183594,-2.7419137913883542,0.06878178751118114,0.011144477734717278,0.009132758673955053,0.0,0.0,1200.0,0.0,0.0,1200.0
1769432548.308431,4.689174652099609,-3.8045482635498047,-2.7239859707084726,0.0684676561048922,0.010983564033445943,0.008323464781442242,0.0,0.0,1200.0,0.0,0.0,1200.0
1769432548.3584206,4.689174652099609,-3.8045482635498047,-2.7239859707084726,0.0684676561048922,0.010983564033445943,0.008323464781442242,0.0,0.0,1200.0,0.0,0.0,1200.0
1769432548.4084659,4.681023120880127,-3.806724786758423,-2.7291656743846446,0.0687072855894104,0.010148036670520224,0.007405986904062452,0.0,0.0,1200.0,0.0,0.0,1200.0
1769432548.4584405,4.681023120880127,-3.806724786758423,-2.7291656743846446,0.0687072855894104,0.010148036670520224,0.007405986904062452,0.0,0.0,1200.0,0.0,0.0,1200.0
1769432548.5084612,4.67235803604126,-3.807732343673706,-2.7264430072294017,0.06959776879347183,0.008072665238794713,0.008407649239783753,0.0,0.0,1200.0,0.0,0.0,1200.0
1769432548.5584621,4.67235803604126,-3.807732343673706,-2.7264430072294017,0.06959776879347183,0.008072665238794713,0.008407649239783753,0.0,0.0,1200.0,0.0,0.0,1200.0
1769432548.6084518,4.668857574462891,-3.8130874633789062,-2.716850022421223,0.07004557205454046,0.006787254249195736,0.016312826185423207,0.0,0.0,1200.0,0.0,0.0,1200.0
1769432548.6584713,4.668857574462891,-3.8130874633789062,-2.716850022421223,0.07004557205454046,0.006787254249195736,0.016312826185423207,0.0,0.0,1200.0,0.0,0.0,1200.0
1769432548.7084565,4.664678573608398,-3.8184263706207275,-2.7248241102726265,0.06988183719228358,0.006905785328102138,0.015007378653837628,0.0,0.0,1200.0,0.0,0.0,1200.0
1769432548.7584782,4.664678573608398,-3.8184263706207275,-2.7248241102726265,0.06988183719228358,0.006905785328102138,0.015007378653837628,0.0,0.0,1200.0,0.0,0.0,1200.0
1769432548.8084624,4.656418323516846,-3.8244972229003906,-2.7200108031633765,0.07047140795296811,0.008060367953738542,0.014587956407992786,0.0,0.0,1200.0,0.0,0.0,1200.0
1769432548.858435,4.656418323516846,-3.8244972229003906,-2.7200108031633765,0.07047140795296811,0.008060367953738542,0.014587956407992786,0.0,0.0,1200.0,0.0,0.0,1200.0
1769432548.9084573,4.647293567657471,-3.82975435256958,-2.7135321259320135,0.07234460466665953,0.009475774575816973,0.018499809942972588,0.0,0.0,1200.0,0.0,0.0,1200.0
1769432548.9584374,4.647293567657471,-3.82975435256958,-2.7135321259320135,0.07234460466665953,0.009475774575816973,0.018499809942972588,0.0,0.0,1200.0,0.0,0.0,1200.0
1769432549.0084705,4.636423587799072,-3.836636781692505,-2.7056252979099504,0.07610544442603685,0.010963421745258913,0.026551976624192418,0.0,0.0,1200.0,0.0,0.0,1200.0
1769432549.0584488,4.636423587799072,-3.836636781692505,-2.7056252979099504,0.07610544442603685,0.010963421745258913,0.026551976624192418,0.0,0.0,1200.0,0.0,0.0,1200.0
1769432549.1084456,4.6262898445129395,-3.8454973697662354,-2.697431693510805,0.08151830431204296,0.013028603518560205,0.03651780429410751,0.0,0.0,1200.0,0.0,0.0,1200.0
1769432549.1584888,4.6262898445129395,-3.8454973697662354,-2.697431693510805,0.08151830431204296,0.013028603518560205,0.03651780429410751,0.0,0.0,1200.0,0.0,0.0,1200.0
1769432549.208499,4.614188194274902,-3.8538618087768555,-2.6982905386120253,0.08847282686841519,0.015257461601426955,0.03915604107400469,0.0,0.0,1200.0,0.0,0.0,1200.0
1769432549.2585287,4.614188194274902,-3.8538618087768555,-2.6982905386120253,0.08847282686841519,0.015257461601426955,0.03915604107400469,0.0,0.0,1200.0,0.0,0.0,1200.0
1769432549.30852,4.600484848022461,-3.862121820449829,-2.6965011500668905,0.0968247258070018,0.017107871594030204,0.03719232337408794,0.0,0.0,1200.0,0.0,0.0,1200.0
1769432549.3584936,4.600484848022461,-3.862121820449829,-2.6965011500668905,0.0968247258070018,0.017107871594030204,0.03719232337408794,0.0,0.0,1200.0,0.0,0.0,1200.0
1769432549.4085195,4.5867743492126465,-3.8708736896514893,-2.705506774110247,0.10600391197918364,0.018514123659129293,0.024966067752046413,0.0,0.0,1200.0,0.0,0.0,1200.0
1769432549.4585085,4.5867743492126465,-3.8708736896514893,-2.705506774110247,0.10600391197918364,0.018514123659129293,0.024966067752046413,0.0,0.0,1200.0,0.0,0.0,1200.0
1769432549.508539,4.57246732711792,-3.881460428237915,-2.7046862591043603,0.1157211867487341,0.01996261626417313,0.01413547654892121,0.0,0.0,1200.0,0.0,0.0,1200.0
1769432549.5585492,4.57246732711792,-3.881460428237915,-2.7046862591043603,0.1157211867487341,0.01996261626417313,0.01413547654892121,0.0,0.0,1200.0,0.0,0.0,1200.0
1769432549.6084366,4.556737422943115,-3.891587018966675,-2.7046991226843713,0.12578902345192416,0.021279604539803747,0.007159297339667506,0.0,0.0,1200.0,0.0,0.0,1200.0
1769432549.6585145,4.556737422943115,-3.891587018966675,-2.7046991226843713,0.12578902345192416,0.021279604539803747,0.007159297339667506,0.0,0.0,1200.0,0.0,0.0,1200.0
1769432549.7085006,4.54044771194458,-3.9033737182617188,-2.7003329072907136,0.13611413673198497,0.022782797538494964,0.0069799759405480225,0.0,0.0,1200.0,0.0,0.0,1200.0
1769432549.7583897,4.54044771194458,-3.9033737182617188,-2.7003329072907136,0.13611413673198497,0.022782797538494964,0.0069799759405480225,0.0,0.0,1200.0,0.0,0.0,1200.0
1769432549.8085613,4.522738456726074,-3.916968584060669,-2.694329624227841,0.1469213739266028,0.024827674487812153,0.012707728925045729,0.0,0.0,1200.0,0.0,0.0,1200.0
1769432549.8584933,4.522738456726074,-3.916968584060669,-2.694329624227841,0.1469213739266028,0.024827674487812153,0.012707728925045729,0.0,0.0,1200.0,0.0,0.0,1200.0
1769432549.9085271,4.504513740539551,-3.930032730102539,-2.6994458015063687,0.15794271005433633,0.0271412131536188,0.012434763656144732,0.0,0.0,1200.0,0.0,0.0,1200.0
1769432549.958509,4.504513740539551,-3.930032730102539,-2.6994458015063687,0.15794271005433633,0.0271412131536188,0.012434763656144732,0.0,0.0,1200.0,0.0,0.0,1200.0
1769432550.008336,4.4863739013671875,-3.9424006938934326,-2.6942744744777714,0.16854915761492553,0.029274569998834283,0.013878543977410847,1000.0,0.05235987755982988,1200.0,0.0,1000.0,1200.0
1769432550.0584674,4.4863739013671875,-3.9424006938934326,-2.6942744744777714,0.16854915761492553,0.029274569998834283,0.013878543977410847,1000.0,0.05235987755982988,1200.0,0.0,1000.0,1200.0
1769432550.1084483,4.465298175811768,-3.9538393020629883,-2.695838139465743,0.17895883395748274,0.030334967691346502,0.012815053953376107,2000.0,0.10471975511965977,1200.0,0.0,2000.0,1200.0
1769432550.1583645,4.465298175811768,-3.9538393020629883,-2.695838139465743,0.17895883395748274,0.030334967691346502,0.012815053953376107,2000.0,0.10471975511965977,1200.0,0.0,2000.0,1200.0
1769432550.2084563,4.4446868896484375,-3.968806266784668,-2.6923891654142915,0.18931866770492226,0.031226500327260636,0.013286865849458287,3000.0,0.15707963267948963,1200.0,0.0,3000.0,1200.0
1769432550.2587302,4.4446868896484375,-3.968806266784668,-2.6923891654142915,0.18931866770492226,0.031226500327260636,0.013286865849458287,4000.0,0.20943951023931953,1200.0,0.0,4000.0,1200.0
1769432550.3094983,4.423872947692871,-3.9831619262695312,-2.697484513878549,0.199334346518615,0.0321241595070128,0.00889997488518519,4000.0,0.20943951023931953,1200.0,0.0,4000.0,1200.0
1769432550.3584986,4.423872947692871,-3.9831619262695312,-2.697484513878549,0.199334346518615,0.0321241595070128,0.00889997488518519,5000.0,0.2617993877991494,1200.0,0.0,5000.0,1200.0
1769432550.408523,4.402498722076416,-3.9976353645324707,-2.7084234363302095,0.20882098843121555,0.03306114549192895,-0.004072396904979894,6000.0,0.31415926535897926,1200.0,0.0,6000.0,1200.0
1769432550.458539,4.402498722076416,-3.9976353645324707,-2.7084234363302095,0.20882098843121555,0.03306114549192895,-0.004072396904979894,6000.0,0.31415926535897926,1200.0,0.0,6000.0,1200.0
1769432550.5085115,4.381045341491699,-4.014246463775635,-2.7062589026768546,0.21782726622111503,0.034652508143458535,-0.011597896280960383,7000.0,0.36651914291880916,1200.0,0.0,7000.0,1200.0
1769432550.558537,4.381045341491699,-4.014246463775635,-2.7062589026768546,0.21782726622111503,0.034652508143458535,-0.011597896280960383,8000.0,0.41887902047863906,1200.0,0.0,8000.0,1200.0
1769432550.6085305,4.355949401855469,-4.029237270355225,-2.698229588788552,0.22701727740690056,0.03598690217700746,-0.00736022188035035,8000.0,0.41887902047863906,1200.0,0.0,8000.0,1200.0
1769432550.6584616,4.355949401855469,-4.029237270355225,-2.698229588788552,0.22701727740690056,0.03598690217700746,-0.00736022188035035,9000.0,0.47123889803846897,1200.0,0.0,9000.0,1200.0
1769432550.7084756,4.333539962768555,-4.04758882522583,-2.6982167583326473,0.23601772344278524,0.03802987243305216,-0.001450972442539008,9000.0,0.47123889803846897,1200.0,0.0,9000.0,1200.0
1769432550.758467,4.333539962768555,-4.04758882522583,-2.6982167583326473,0.23601772344278524,0.03802987243305216,-0.001450972442539008,9000.0,0.47123889803846897,1200.0,0.0,9000.0,1200.0
1769432550.8084462,4.308985233306885,-4.065325736999512,-2.6794655936733878,0.24497417715392494,0.04042263678914231,0.01714984320665952,9000.0,0.47123889803846897,1200.0,0.0,9000.0,1200.0
1769432550.858495,4.308985233306885,-4.065325736999512,-2.6794655936733878,0.24497417715392494,0.04042263678914231,0.01714984320665952,9000.0,0.47123889803846897,1200.0,0.0,9000.0,1200.0
1769432550.9084911,4.285367012023926,-4.082799911499023,-2.6791567729682457,0.25337685708887053,0.04284618667025605,0.029813311478032747,9000.0,0.47123889803846897,1200.0,0.0,9000.0,1200.0
1769432550.9584484,4.285367012023926,-4.082799911499023,-2.6791567729682457,0.25337685708887053,0.04284618667025605,0.029813311478032747,9000.0,0.47123889803846897,1200.0,0.0,9000.0,1200.0
1769432551.0083892,4.259535312652588,-4.0966796875,-2.6801715860464617,0.2610174881633329,0.04369874706665061,0.03246547264655951,9000.0,0.47123889803846897,1200.0,0.0,9000.0,1200.0
1769432551.0585148,4.259535312652588,-4.0966796875,-2.6801715860464617,0.2610174881633329,0.04369874706665061,0.03246547264655951,9000.0,0.47123889803846897,1200.0,0.0,9000.0,1200.0
1769432551.1084545,4.255029678344727,-4.097624778747559,-2.68585756614918,0.2597602805353853,0.04186146063845917,0.024516538176049717,9000.0,0.47123889803846897,1200.0,0.0,9000.0,1200.0
1769432551.1583579,4.255029678344727,-4.097624778747559,-2.68585756614918,0.2597602805353853,0.04186146063845917,0.024516538176049717,9000.0,0.47123889803846897,1200.0,0.0,9000.0,1200.0
1769432551.2085311,4.255029678344727,-4.097624778747559,-2.68585756614918,0.2467851204099161,0.0379335326410971,0.015435304596819806,9000.0,0.47123889803846897,1200.0,0.0,9000.0,1200.0
1769432551.2584794,4.255029678344727,-4.097624778747559,-2.68585756614918,0.2467851204099161,0.0379335326410971,0.015435304596819806,9000.0,0.47123889803846897,1200.0,0.0,9000.0,1200.0
1769432551.3084052,4.255029678344727,-4.097624778747559,-2.68585756614918,0.22389073452396266,0.032772211020517056,0.008752226254953116,9000.0,0.47123889803846897,1200.0,0.0,9000.0,1200.0
1769432551.3585174,4.255029678344727,-4.097624778747559,-2.68585756614918,0.22389073452396266,0.032772211020517056,0.008752226254953116,9000.0,0.47123889803846897,1200.0,0.0,9000.0,1200.0
1769432551.408489,4.255029678344727,-4.097624778747559,-2.68585756614918,0.19472677202805627,0.027173871889723034,0.004835513123021873,9000.0,0.47123889803846897,1200.0,0.0,9000.0,1200.0
1769432551.4584908,4.255029678344727,-4.097624778747559,-2.68585756614918,0.19472677202805627,0.027173871889723034,0.004835513123021873,9000.0,0.47123889803846897,1200.0,0.0,9000.0,1200.0
1769432551.50847,4.255029678344727,-4.097624778747559,-2.68585756614918,0.16306930276402398,0.021737171758777776,0.002896208968998209,9000.0,0.47123889803846897,1200.0,0.0,9000.0,1200.0
1769432551.5584698,4.255029678344727,-4.097624778747559,-2.68585756614918,0.16306930276402398,0.021737171758777776,0.002896208968998209,9000.0,0.47123889803846897,1200.0,0.0,9000.0,1200.0
1769432551.6084726,4.255029678344727,-4.097624778747559,-2.68585756614918,0.13198655254579597,0.01684244975473856,0.002046225947257247,9000.0,0.47123889803846897,1200.0,0.0,9000.0,1200.0
1769432551.658472,4.255029678344727,-4.097624778747559,-2.68585756614918,0.13198655254579597,0.01684244975473856,0.002046225947257247,9000.0,0.47123889803846897,1200.0,0.0,9000.0,1200.0
1769432551.708566,4.255029678344727,-4.097624778747559,-2.68585756614918,0.10371239677121755,0.012700678979292189,0.0016688005054915,9000.0,0.47123889803846897,1200.0,0.0,9000.0,1200.0
1769432551.758567,4.255029678344727,-4.097624778747559,-2.68585756614918,0.10371239677121755,0.012700678979292189,0.0016688005054915,9000.0,0.47123889803846897,1200.0,0.0,9000.0,1200.0
1769432551.8084853,4.255029678344727,-4.097624778747559,-2.68585756614918,0.07940825904358631,0.00936010399714142,0.0014382683008823196,9000.0,0.47123889803846897,1200.0,0.0,9000.0,1200.0
1769432551.858553,4.255029678344727,-4.097624778747559,-2.68585756614918,0.07940825904358631,0.00936010399714142,0.0014382683008823196,9000.0,0.47123889803846897,1200.0,0.0,9000.0,1200.0
1769432551.9085195,4.255029678344727,-4.097624778747559,-2.68585756614918,0.05947603842510609,0.006774965613441605,0.0012299394122342162,9000.0,0.47123889803846897,1200.0,0.0,9000.0,1200.0
1769432551.9584916,4.255029678344727,-4.097624778747559,-2.68585756614918,0.05947603842510609,0.006774965613441605,0.0012299394122342162,9000.0,0.47123889803846897,1200.0,0.0,9000.0,1200.0
1769432552.0084841,4.255029678344727,-4.097624778747559,-2.68585756614918,0.043763734442554963,0.00484455283993973,0.0010197762374253056,9000.0,0.47123889803846897,1200.0,0.0,9000.0,1200.0
1769432552.058522,4.255029678344727,-4.097624778747559,-2.68585756614918,0.043763734442554963,0.00484455283993973,0.0010197762374253056,9000.0,0.47123889803846897,1200.0,0.0,9000.0,1200.0
1769432552.1085186,4.255029678344727,-4.097624778747559,-2.68585756614918,0.03180693533653377,0.0034484387404668995,0.0008193054939617219,9000.0,0.47123889803846897,1200.0,0.0,9000.0,1200.0
1769432552.1584916,4.255029678344727,-4.097624778747559,-2.68585756614918,0.03180693533653377,0.0034484387404668995,0.0008193054939617219,9000.0,0.47123889803846897,1200.0,0.0,9000.0,1200.0
1769432552.20855,4.255029678344727,-4.097624778747559,-2.68585756614918,0.022962211273002034,0.002463618581961631,0.0006423954279132404,9000.0,0.47123889803846897,1200.0,0.0,9000.0,1200.0
1769432552.258561,4.255029678344727,-4.097624778747559,-2.68585756614918,0.022962211273002034,0.002463618581961631,0.0006423954279132404,9000.0,0.47123889803846897,1200.0,0.0,9000.0,1200.0
1769432552.3085434,4.255029678344727,-4.097624778747559,-2.68585756614918,0.01660176921709869,0.0017848582784329382,0.0004970789137190558,9000.0,0.47123889803846897,1200.0,0.0,9000.0,1200.0
1769432552.3585594,4.255029678344727,-4.097624778747559,-2.68585756614918,0.01660176921709869,0.0017848582784329382,0.0004970789137190558,9000.0,0.47123889803846897,1200.0,0.0,9000.0,1200.0
1769432552.4083998,4.255029678344727,-4.097624778747559,-2.68585756614918,0.012108515348107782,0.0013217128388210292,0.00038260587249900723,9000.0,0.47123889803846897,1200.0,0.0,9000.0,1200.0
1769432552.458467,4.255029678344727,-4.097624778747559,-2.68585756614918,0.012108515348107782,0.0013217128388210292,0.00038260587249900723,9000.0,0.47123889803846897,1200.0,0.0,9000.0,1200.0
1769432552.5084333,4.255029678344727,-4.097624778747559,-2.68585756614918,0.008974007175363615,0.0010057423743129934,0.000294806116545355,9000.0,0.47123889803846897,1200.0,0.0,9000.0,1200.0
1769432552.5584278,4.255029678344727,-4.097624778747559,-2.68585756614918,0.008974007175363615,0.0010057423743129934,0.000294806116545355,9000.0,0.47123889803846897,1200.0,0.0,9000.0,1200.0
1769432552.6084495,4.255029678344727,-4.097624778747559,-2.68585756614918,0.006791172729125725,0.0007866358991963296,0.00022798242019091798,9000.0,0.47123889803846897,1200.0,0.0,9000.0,1200.0
1769432552.658452,4.255029678344727,-4.097624778747559,-2.68585756614918,0.006791172729125725,0.0007866358991963296,0.00022798242019091798,9000.0,0.47123889803846897,1200.0,0.0,9000.0,1200.0
1769432552.708405,4.255029678344727,-4.097624778747559,-2.68585756614918,0.005258278924313589,0.0006299366637088886,0.00017709979743067017,9000.0,0.47123889803846897,1200.0,0.0,9000.0,1200.0
1769432552.7585027,4.255029678344727,-4.097624778747559,-2.68585756614918,0.005258278924313589,0.0006299366637088886,0.00017709979743067017,9000.0,0.47123889803846897,1200.0,0.0,9000.0,1200.0
1769432552.8084419,4.255029678344727,-4.097624778747559,-2.68585756614918,0.004156901446636065,0.0005127069201967084,0.00013799836705234882,9000.0,0.47123889803846897,1200.0,0.0,9000.0,1200.0
1769432552.8583686,4.255029678344727,-4.097624778747559,-2.68585756614918,0.004156901446636065,0.0005127069201967084,0.00013799836705234882,9000.0,0.47123889803846897,1200.0,0.0,9000.0,1200.0
1769432552.908446,4.255029678344727,-4.097624778747559,-2.68585756614918,0.0033397934841724202,0.0004208132479377137,0.00010773272101491249,9000.0,0.47123889803846897,1200.0,0.0,9000.0,1200.0
1769432552.9583716,4.255029678344727,-4.097624778747559,-2.68585756614918,0.0033397934841724202,0.0004208132479377137,0.00010773272101491249,9000.0,0.47123889803846897,1200.0,0.0,9000.0,1200.0
1769432553.008371,4.255029678344727,-4.097624778747559,-2.68585756614918,0.002710576613068966,0.0003458684506266148,8.416429182268782e-05,9000.0,0.47123889803846897,1200.0,0.0,9000.0,1200.0
1769432553.058333,4.255029678344727,-4.097624778747559,-2.68585756614918,0.002710576613068966,0.0003458684506266148,8.416429182268782e-05,9000.0,0.47123889803846897,1200.0,0.0,9000.0,1200.0
1769432553.1084526,4.255029678344727,-4.097624778747559,-2.68585756614918,0.0022084044726160493,0.00028307813368841047,6.572841591576882e-05,9000.0,0.47123889803846897,1200.0,0.0,9000.0,1200.0
1769432553.1584826,4.255029678344727,-4.097624778747559,-2.68585756614918,0.0022084044726160493,0.00028307813368841047,6.572841591576882e-05,9000.0,0.47123889803846897,1200.0,0.0,9000.0,1200.0
1769432553.2084663,4.255029678344727,-4.097624778747559,-2.68585756614918,0.001796940426764426,0.00022986846541815133,5.1298179533599896e-05,9000.0,0.47123889803846897,1200.0,0.0,9000.0,1200.0
1769432553.2584672,4.255029678344727,-4.097624778747559,-2.68585756614918,0.001796940426764426,0.00022986846541815133,5.1298179533599896e-05,9000.0,0.47123889803846897,1200.0,0.0,9000.0,1200.0
1769432553.308487,4.255029678344727,-4.097624778747559,-2.68585756614918,0.0014544495224860735,0.00018477132302863793,4.0001137118716276e-05,9000.0,0.47123889803846897,1200.0,0.0,9000.0,1200.0
1769432553.3583946,4.255029678344727,-4.097624778747559,-2.68585756614918,0.0014544495224860735,0.00018477132302863793,4.0001137118716276e-05,9000.0,0.47123889803846897,1200.0,0.0,9000.0,1200.0
1769432553.4084463,4.255029678344727,-4.097624778747559,-2.68585756614918,0.0011685554389363531,0.00014694289472719826,3.118913161010804e-05,9000.0,0.47123889803846897,1200.0,0.0,9000.0,1200.0
1769432553.458453,4.255029678344727,-4.097624778747559,-2.68585756614918,0.0011685554389363531,0.00014694289472719826,3.118913161010804e-05,9000.0,0.47123889803846897,1200.0,0.0,9000.0,1200.0
1769432553.5084562,4.255029678344727,-4.097624778747559,-2.68585756614918,0.0009301621304359667,0.00011555533644168204,2.4298885393712648e-05,9000.0,0.47123889803846897,1200.0,0.0,9000.0,1200.0
1769432553.558457,4.255029678344727,-4.097624778747559,-2.68585756614918,0.0009301621304359667,0.00011555533644168204,2.4298885393712648e-05,9000.0,0.47123889803846897,1200.0,0.0,9000.0,1200.0
1769432553.6084788,4.255029678344727,-4.097624778747559,-2.68585756614918,0.0007337742871493839,8.999596803807454e-05,1.8941227071986797e-05,9000.0,0.47123889803846897,1200.0,0.0,9000.0,1200.0
1769432553.6584535,4.255029678344727,-4.097624778747559,-2.68585756614918,0.0007337742871493839,8.999596803807454e-05,1.8941227071986797e-05,9000.0,0.47123889803846897,1200.0,0.0,9000.0,1200.0
1769432553.7083433,4.255029678344727,-4.097624778747559,-2.68585756614918,0.0005736012049523947,6.947531080235601e-05,1.4761440940120347e-05,9000.0,0.47123889803846897,1200.0,0.0,9000.0,1200.0
1769432553.7584498,4.255029678344727,-4.097624778747559,-2.68585756614918,0.0005736012049523947,6.947531080235601e-05,1.4761440940120347e-05,9000.0,0.47123889803846897,1200.0,0.0,9000.0,1200.0
1769432553.8084342,4.255029678344727,-4.097624778747559,-2.68585756614918,0.00044483019139748717,5.327068951041908e-05,1.1506057344955286e-05,9000.0,0.47123889803846897,1200.0,0.0,9000.0,1200.0
1769432553.858434,4.255029678344727,-4.097624778747559,-2.68585756614918,0.00044483019139748717,5.327068951041908e-05,1.1506057344955286e-05,9000.0,0.47123889803846897,1200.0,0.0,9000.0,1200.0
1769432553.9084623,4.255029678344727,-4.097624778747559,-2.68585756614918,0.00034270536107330456,4.065615878268793e-05,8.969063086921207e-06,9000.0,0.47123889803846897,1200.0,0.0,9000.0,1200.0
1769432553.9584506,4.255029678344727,-4.097624778747559,-2.68585756614918,0.00034270536107330456,4.065615878268793e-05,8.969063086921207e-06,9000.0,0.47123889803846897,1200.0,0.0,9000.0,1200.0
1769432554.0084598,4.255029678344727,-4.097624778747559,-2.68585756614918,0.00026278550551302524,3.096108817584945e-05,6.992423591487743e-06,9000.0,0.47123889803846897,1200.0,0.0,9000.0,1200.0
1769432554.0584896,4.255029678344727,-4.097624778747559,-2.68585756614918,0.00026278550551302524,3.096108817584945e-05,6.992423591487743e-06,9000.0,0.47123889803846897,1200.0,0.0,9000.0,1200.0
1769432554.1084955,4.255029678344727,-4.097624778747559,-2.68585756614918,0.00020095069868490527,2.3582314590346068e-05,5.451589521042916e-06,9000.0,0.47123889803846897,1200.0,0.0,9000.0,1200.0
1769432554.1584544,4.255029678344727,-4.097624778747559,-2.68585756614918,0.00020095069868490527,2.3582314590346068e-05,5.451589521042916e-06,9000.0,0.47123889803846897,1200.0,0.0,9000.0,1200.0
1769432554.2084801,4.255029678344727,-4.097624778747559,-2.68585756614918,0.00015355807750490485,1.800485018536504e-05,4.250198456671413e-06,9000.0,0.47123889803846897,1200.0,0.0,9000.0,1200.0
1769432554.2584639,4.255029678344727,-4.097624778747559,-2.68585756614918,0.00015355807750490485,1.800485018536504e-05,4.250198456671413e-06,9000.0,0.47123889803846897,1200.0,0.0,9000.0,1200.0
1769432554.3084867,4.255029678344727,-4.097624778747559,-2.68585756614918,0.00011748924570593989,1.3804078034911834e-05,3.313365044176788e-06,9000.0,0.47123889803846897,1200.0,0.0,9000.0,1200.0
1769432554.3585045,4.255029678344727,-4.097624778747559,-2.68585756614918,0.00011748924570593989,1.3804078034911834e-05,3.313365044176788e-06,9000.0,0.47123889803846897,1200.0,0.0,9000.0,1200.0
1769432554.408453,4.255029678344727,-4.097624778747559,-2.68585756614918,9.017580346707665e-05,1.0642960398325243e-05,2.583593053315572e-06,9000.0,0.47123889803846897,1200.0,0.0,9000.0,1200.0
1769432554.4585083,4.255029678344727,-4.097624778747559,-2.68585756614918,9.017580346707665e-05,1.0642960398325243e-05,2.583593053315572e-06,9000.0,0.47123889803846897,1200.0,0.0,9000.0,1200.0
1769432554.5085475,4.255029678344727,-4.097624778747559,-2.68585756614918,6.949513165659544e-05,8.253732070909602e-06,2.014060609161285e-06,9000.0,0.47123889803846897,1200.0,0.0,9000.0,1200.0
1769432554.5584633,4.255029678344727,-4.097624778747559,-2.68585756614918,6.949513165659544e-05,8.253732070909602e-06,2.014060609161285e-06,9000.0,0.47123889803846897,1200.0,0.0,9000.0,1200.0
1769432554.608528,4.255029678344727,-4.097624778747559,-2.68585756614918,5.381824334418266e-05,6.437685452259556e-06,1.5700455144723927e-06,9000.0,0.47123889803846897,1200.0,0.0,9000.0,1200.0
1769432554.6584504,4.255029678344727,-4.097624778747559,-2.68585756614918,5.381824334418266e-05,6.437685452259556e-06,1.5700455144723927e-06,9000.0,0.47123889803846897,1200.0,0.0,9000.0,1200.0
1769432554.708405,4.255029678344727,-4.097624778747559,-2.68585756614918,4.1888213564063924e-05,5.046508287901061e-06,1.2240267869710646e-06,9000.0,0.47123889803846897,1200.0,0.0,9000.0,1200.0
1769432554.7585008,4.255029678344727,-4.097624778747559,-2.68585756614918,4.1888213564063924e-05,5.046508287901061e-06,1.2240267869710646e-06,9000.0,0.47123889803846897,1200.0,0.0,9000.0,1200.0
1769432554.8085036,4.255029678344727,-4.097624778747559,-2.68585756614918,3.274567692833353e-05,3.970217527258319e-06,9.54078296452235e-07,9000.0,0.47123889803846897,1200.0,0.0,9000.0,1200.0
1769432554.8585906,4.255029678344727,-4.097624778747559,-2.68585756614918,3.274567692833353e-05,3.970217527258319e-06,9.54078296452235e-07,9000.0,0.47123889803846897,1200.0,0.0,9000.0,1200.0
1769432554.90854,4.255029678344727,-4.097624778747559,-2.68585756614918,2.5689707253673457e-05,3.1303967853962926e-06,7.436384335963831e-07,9000.0,0.47123889803846897,1200.0,0.0,9000.0,1200.0
1769432554.9584742,4.255029678344727,-4.097624778747559,-2.68585756614918,2.5689707253673457e-05,3.1303967853962926e-06,7.436384335963831e-07,9000.0,0.47123889803846897,1200.0,0.0,9000.0,1200.0
1769432555.0084403,4.255029678344727,-4.097624778747559,-2.68585756614918,2.020724447077912e-05,2.470642225460248e-06,5.797699470025873e-07,9000.0,0.47123889803846897,1200.0,0.0,9000.0,1200.0
1769432555.058503,4.255029678344727,-4.097624778747559,-2.68585756614918,2.020724447077912e-05,2.470642225460248e-06,5.797699470025873e-07,9000.0,0.47123889803846897,1200.0,0.0,9000.0,1200.0
1769432555.1085289,4.255029678344727,-4.097624778747559,-2.68585756614918,1.591472493920924e-05,1.9490105493904046e-06,4.520070907907704e-07,9000.0,0.47123889803846897,1200.0,0.0,9000.0,1200.0
1769432555.1583722,4.255029678344727,-4.097624778747559,-2.68585756614918,1.591472493920924e-05,1.9490105493904046e-06,4.520070907907704e-07,9000.0,0.47123889803846897,1200.0,0.0,9000.0,1200.0
1769432555.2083385,4.255029678344727,-4.097624778747559,-2.68585756614918,1.2536062893484749e-05,1.5352812717501013e-06,3.5244370680835456e-07,9000.0,0.47123889803846897,1200.0,0.0,9000.0,1200.0
1769432555.2583528,4.255029678344727,-4.097624778747559,-2.68585756614918,1.2536062893484749e-05,1.5352812717501013e-06,3.5244370680835456e-07,9000.0,0.47123889803846897,1200.0,0.0,9000.0,1200.0
1769432555.308371,4.255029678344727,-4.097624778747559,-2.68585756614918,9.86416187711852e-06,1.2064396239935166e-06,2.747417545354769e-07,9000.0,0.47123889803846897,1200.0,0.0,9000.0,1200.0
1769432555.3585377,4.255029678344727,-4.097624778747559,-2.68585756614918,9.86416187711852e-06,1.2064396239935166e-06,2.747417545354769e-07,9000.0,0.47123889803846897,1200.0,0.0,9000.0,1200.0
1769432555.4084504,4.255029678344727,-4.097624778747559,-2.68585756614918,7.748930102634232e-06,9.454887883138101e-07,2.1417883096173108e-07,9000.0,0.47123889803846897,1200.0,0.0,9000.0,1200.0
1769432555.4584494,4.255029678344727,-4.097624778747559,-2.68585756614918,7.748930102634232e-06,9.454887883138101e-07,2.1417883096173108e-07,9000.0,0.47123889803846897,1200.0,0.0,9000.0,1200.0
1769432555.5083497,4.255029678344727,-4.097624778747559,-2.68585756614918,6.0743068989337995e-06,7.389074893335852e-07,1.6696577017707827e-07,9000.0,0.47123889803846897,1200.0,0.0,9000.0,1200.0
1769432555.5584345,4.255029678344727,-4.097624778747559,-2.68585756614918,6.0743068989337995e-06,7.389074893335852e-07,1.6696577017707827e-07,9000.0,0.47123889803846897,1200.0,0.0,9000.0,1200.0
1769432555.6085482,4.255029678344727,-4.097624778747559,-2.68585756614918,4.750802025034054e-06,5.759802708243866e-07,1.3017699588043646e-07,9000.0,0.47123889803846897,1200.0,0.0,9000.0,1200.0
1769432555.6584454,4.255029678344727,-4.097624778747559,-2.68585756614918,4.750802025034054e-06,5.759802708243866e-07,1.3017699588043646e-07,9000.0,0.47123889803846897,1200.0,0.0,9000.0,1200.0
1769432555.708525,4.255029678344727,-4.097624778747559,-2.68585756614918,3.7069767758276206e-06,4.479434932953155e-07,1.0149142743462642e-07,9000.0,0.47123889803846897,1200.0,0.0,9000.0,1200.0
1769432555.7584672,4.255029678344727,-4.097624778747559,-2.68585756614918,3.7069767758276206e-06,4.479434932953155e-07,1.0149142743462642e-07,9000.0,0.47123889803846897,1200.0,0.0,9000.0,1200.0
1769432555.808452,4.255029678344727,-4.097624778747559,-2.68585756614918,2.886114126015671e-06,3.477133932343766e-07,7.911622927138531e-08,9000.0,0.47123889803846897,1200.0,0.0,9000.0,1200.0
1769432555.8583872,4.255029678344727,-4.097624778747559,-2.68585756614918,2.886114126015671e-06,3.477133932343766e-07,7.911622927138531e-08,9000.0,0.47123889803846897,1200.0,0.0,9000.0,1200.0
1769432555.9084768,4.255029678344727,-4.097624778747559,-2.68585756614918,2.2429590786758314e-06,2.6957253994363615e-07,6.166774648685678e-08,9000.0,0.47123889803846897,1200.0,0.0,9000.0,1200.0
1769432555.9585238,4.255029678344727,-4.097624778747559,-2.68585756614918,2.2429590786758314e-06,2.6957253994363615e-07,6.166774648685678e-08,9000.0,0.47123889803846897,1200.0,0.0,9000.0,1200.0
1769432556.008437,4.255029678344727,-4.097624778747559,-2.68585756614918,1.7413820673064644e-06,2.0893194598220823e-07,4.8082826246298955e-08,9000.0,0.47123889803846897,1200.0,0.0,9000.0,1200.0
1769432556.0584958,4.255029678344727,-4.097624778747559,-2.68585756614918,1.7413820673064644e-06,2.0893194598220823e-07,4.8082826246298955e-08,9000.0,0.47123889803846897,1200.0,0.0,9000.0,1200.0
1769432556.1085663,4.255029678344727,-4.097624778747559,-2.68585756614918,1.3508530275504846e-06,1.619265865611817e-07,3.748069117070113e-08,9000.0,0.47123889803846897,1200.0,0.0,9000.0,1200.0
1769432556.1585453,4.255029678344727,-4.097624778747559,-2.68585756614918,1.3508530275504846e-06,1.619265865611817e-07,3.748069117070113e-08,9000.0,0.47123889803846897,1200.0,0.0,9000.0,1200.0
1769432556.2084522,4.255029678344727,-4.097624778747559,-2.68585756614918,1.047794235730234e-06,1.255816797610911e-07,2.9218629539866814e-08,9000.0,0.47123889803846897,1200.0,0.0,9000.0,1200.0
1769432556.2584841,4.255029678344727,-4.097624778747559,-2.68585756614918,1.047794235730234e-06,1.255816797610911e-07,2.9218629539866814e-08,9000.0,0.47123889803846897,1200.0,0.0,9000.0,1200.0
1769432556.3085058,4.255029678344727,-4.097624778747559,-2.68585756614918,8.129944369870357e-07,9.749556416685289e-08,2.277651467616138e-08,9000.0,0.47123889803846897,1200.0,0.0,9000.0,1200.0
1769432556.3585854,4.255029678344727,-4.097624778747559,-2.68585756614918,8.129944369870357e-07,9.749556416685289e-08,2.277651467616138e-08,9000.0,0.47123889803846897,1200.0,0.0,9000.0,1200.0
1769432556.4084713,4.255029678344727,-4.097624778747559,-2.68585756614918,6.313433272468723e-07,7.579766876592271e-08,1.775676063221815e-08,9000.0,0.47123889803846897,1200.0,0.0,9000.0,1200.0
1769432556.4584885,4.255029678344727,-4.097624778747559,-2.68585756614918,6.313433272468723e-07,7.579766876592271e-08,1.775676063221815e-08,9000.0,0.47123889803846897,1200.0,0.0,9000.0,1200.0
1769432556.5085187,4.255029678344727,-4.097624778747559,-2.68585756614918,4.907999745028415e-07,5.9014047470778675e-08,1.3843323247529537e-08,9000.0,0.47123889803846897,1200.0,0.0,9000.0,1200.0
1769432556.5584862,4.255029678344727,-4.097624778747559,-2.68585756614918,4.907999745028415e-07,5.9014047470778675e-08,1.3843323247529537e-08,9000.0,0.47123889803846897,1200.0,0.0,9000.0,1200.0
1769432556.6085289,4.255029678344727,-4.097624778747559,-2.68585756614918,3.8193962927094167e-07,4.600320746379106e-08,1.0790098090985104e-08,9000.0,0.47123889803846897,1200.0,0.0,9000.0,1200.0
1769432556.658511,4.255029678344727,-4.097624778747559,-2.68585756614918,3.8193962927094167e-07,4.600320746379106e-08,1.0790098090985104e-08,9000.0,0.47123889803846897,1200.0,0.0,9000.0,1200.0
1769432556.708499,4.255029678344727,-4.097624778747559,-2.68585756614918,2.9766077484688613e-07,3.5913254385772494e-08,8.41373295958853e-09,9000.0,0.47123889803846897,1200.0,0.0,9000.0,1200.0
1769432556.7584262,4.255029678344727,-4.097624778747559,-2.68585756614918,2.9766077484688613e-07,3.5913254385772494e-08,8.41373295958853e-09,9000.0,0.47123889803846897,1200.0,0.0,9000.0,1200.0
1769432556.8084981,4.255029678344727,-4.097624778747559,-2.68585756614918,2.3219548009602849e-07,2.805770612705699e-08,6.558804725478646e-09,9000.0,0.47123889803846897,1200.0,0.0,9000.0,1200.0
1769432556.8585124,4.255029678344727,-4.097624778747559,-2.68585756614918,2.3219548009602849e-07,2.805770612705699e-08,6.558804725478646e-09,9000.0,0.47123889803846897,1200.0,0.0,9000.0,1200.0
1769432556.9085124,4.255029678344727,-4.097624778747559,-2.68585756614918,1.8129617016019955e-07,2.193422350813991e-08,5.113353808986057e-09,9000.0,0.47123889803846897,1200.0,0.0,9000.0,1200.0
1769432556.9584653,4.255029678344727,-4.097624778747559,-2.68585756614918,1.8129617016019955e-07,2.193422350813991e-08,5.113353808986057e-09,9000.0,0.47123889803846897,1200.0,0.0,9000.0,1200.0
1769432557.0085292,4.255029678344727,-4.097624778747559,-2.68585756614918,1.4164487330921765e-07,1.7151626521883022e-08,3.986475289363937e-09,9000.0,0.47123889803846897,1200.0,0.0,9000.0,1200.0
1769432557.058509,4.255029678344727,-4.097624778747559,-2.68585756614918,1.4164487330921765e-07,1.7151626521883022e-08,3.986475289363937e-09,9000.0,0.47123889803846897,1200.0,0.0,9000.0,1200.0
1769432557.1085117,4.255029678344727,-4.097624778747559,-2.68585756614918,1.1067472294100147e-07,1.340744239727939e-08,3.1068280303379813e-09,9000.0,0.47123889803846897,1200.0,0.0,9000.0,1200.0
1769432557.1585193,4.255029678344727,-4.097624778747559,-2.68585756614918,1.1067472294100147e-07,1.340744239727939e-08,3.1068280303379813e-09,9000.0,0.47123889803846897,1200.0,0.0,9000.0,1200.0
1769432557.2085114,4.255029678344727,-4.097624778747559,-2.68585756614918,8.649208935917524e-08,1.0478402173970292e-08,2.4219221209911896e-09,9000.0,0.47123889803846897,1200.0,0.0,9000.0,1200.0
1769432557.258511,4.255029678344727,-4.097624778747559,-2.68585756614918,8.649208935917524e-08,1.0478402173970292e-08,2.4219221209911896e-09,9000.0,0.47123889803846897,1200.0,0.0,9000.0,1200.0
1769432557.3085089,4.255029678344727,-4.097624778747559,-2.68585756614918,6.759047089315334e-08,8.186063112040934e-09,1.88835978781032e-09,9000.0,0.47123889803846897,1200.0,0.0,9000.0,1200.0
1769432557.3585367,4.255029678344727,-4.097624778747559,-2.68585756614918,6.759047089315334e-08,8.186063112040934e-09,1.88835978781032e-09,9000.0,0.47123889803846897,1200.0,0.0,9000.0,1200.0
1769432557.4085202,4.255029678344727,-4.097624778747559,-2.68585756614918,5.279337580101083e-08,6.390313941835716e-09,1.4720979919146345e-09,9000.0,0.47123889803846897,1200.0,0.0,9000.0,1200.0
1769432557.4585197,4.255029678344727,-4.097624778747559,-2.68585756614918,5.279337580101083e-08,6.390313941835716e-09,1.4720979919146345e-09,9000.0,0.47123889803846897,1200.0,0.0,9000.0,1200.0
1769432557.5083935,4.255029678344727,-4.097624778747559,-2.68585756614918,4.121197859240353e-08,4.984718043754104e-09,1.1475519789994772e-09,9000.0,0.47123889803846897,1200.0,0.0,9000.0,1200.0
1769432557.5585208,4.255029678344727,-4.097624778747559,-2.68585756614918,4.121197859240353e-08,4.984718043754104e-09,1.1475519789994772e-09,9000.0,0.47123889803846897,1200.0,0.0,9000.0,1200.0
1769432557.6085289,4.255029678344727,-4.097624778747559,-2.68585756614918,3.2153588553321645e-08,3.88582610828231e-09,8.946066655992142e-10,9000.0,0.47123889803846897,1200.0,0.0,9000.0,1200.0
1769432557.6585083,4.255029678344727,-4.097624778747559,-2.68585756614918,3.2153588553321645e-08,3.88582610828231e-09,8.946066655992142e-10,9000.0,0.47123889803846897,1200.0,0.0,9000.0,1200.0
1769432557.7085247,4.255029678344727,-4.097624778747559,-2.68585756614918,2.5074599893481666e-08,3.0277942046647937e-09,6.975212596304479e-10,9000.0,0.47123889803846897,1200.0,0.0,9000.0,1200.0
1769432557.7585227,4.255029678344727,-4.097624778747559,-2.68585756614918,2.5074599893481666e-08,3.0277942046647937e-09,6.975212596304479e-10,9000.0,0.47123889803846897,1200.0,0.0,9000.0,1200.0
1769432557.8085053,4.255029678344727,-4.097624778747559,-2.68585756614918,1.9541472757676187e-08,2.3578882198471324e-09,5.43747488354832e-10,9000.0,0.47123889803846897,1200.0,0.0,9000.0,1200.0
1769432557.8585188,4.255029678344727,-4.097624778747559,-2.68585756614918,1.9541472757676187e-08,2.3578882198471324e-09,5.43747488354832e-10,9000.0,0.47123889803846897,1200.0,0.0,9000.0,1200.0
1769432557.9084778,4.255029678344727,-4.097624778747559,-2.68585756614918,1.5222124364113387e-08,1.8355927320200568e-09,4.238635461892392e-10,9000.0,0.47123889803846897,1200.0,0.0,9000.0,1200.0
1769432557.9584439,4.255029678344727,-4.097624778747559,-2.68585756614918,1.5222124364113387e-08,1.8355927320200568e-09,4.238635461892392e-10,9000.0,0.47123889803846897,1200.0,0.0,9000.0,1200.0
1769432558.0084746,4.255029678344727,-4.097624778747559,-2.68585756614918,1.1855368271385023e-08,1.4289922224469872e-09,3.304704604081689e-10,9000.0,0.47123889803846897,1200.0,0.0,9000.0,1200.0
1769432558.058459,4.255029678344727,-4.097624778747559,-2.68585756614918,1.1855368271385023e-08,1.4289922224469872e-09,3.304704604081689e-10,9000.0,0.47123889803846897,1200.0,0.0,9000.0,1200.0
1769432558.108412,4.255029678344727,-4.097624778747559,-2.68585756614918,9.23154847937962e-09,1.1124720193534929e-09,2.576387959008031e-10,9000.0,0.47123889803846897,1200.0,0.0,9000.0,1200.0
1769432558.1584208,4.255029678344727,-4.097624778747559,-2.68585756614918,9.23154847937962e-09,1.1124720193534929e-09,2.576387959008031e-10,9000.0,0.47123889803846897,1200.0,0.0,9000.0,1200.0
1769432558.2083945,4.255029678344727,-4.097624778747559,-2.68585756614918,7.187694043544327e-09,8.661411923670805e-10,2.008411936727484e-10,9000.0,0.47123889803846897,1200.0,0.0,9000.0,1200.0
1769432558.2585058,4.255029678344727,-4.097624778747559,-2.68585756614918,7.187694043544327e-09,8.661411923670805e-10,2.008411936727484e-10,9000.0,0.47123889803846897,1200.0,0.0,9000.0,1200.0
1769432558.3084056,4.255029678344727,-4.097624778747559,-2.68585756614918,5.596078910277139e-09,6.744403265369215e-10,1.5653914601870725e-10,9000.0,0.47123889803846897,1200.0,0.0,9000.0,1200.0
1769432558.358393,4.255029678344727,-4.097624778747559,-2.68585756614918,5.596078910277139e-09,6.744403265369215e-10,1.5653914601870725e-10,9000.0,0.47123889803846897,1200.0,0.0,9000.0,1200.0
1769432558.4085307,4.255029678344727,-4.097624778747559,-2.68585756614918,4.357915470167262e-09,5.25363062925227e-10,1.2202256545237208e-10,9000.0,0.47123889803846897,1200.0,0.0,9000.0,1200.0
1769432558.458436,4.255029678344727,-4.097624778747559,-2.68585756614918,4.357915470167262e-09,5.25363062925227e-10,1.2202256545237208e-10,9000.0,0.47123889803846897,1200.0,0.0,9000.0,1200.0
1769432558.508408,4.255029678344727,-4.097624778747559,-2.68585756614918,3.394918089139526e-09,4.09421293797937e-10,9.513042858187781e-11,9000.0,0.47123889803846897,1200.0,0.0,9000.0,1200.0
1769432558.5584376,4.255029678344727,-4.097624778747559,-2.68585756614918,3.394918089139526e-09,4.09421293797937e-10,9.513042858187781e-11,9000.0,0.47123889803846897,1200.0,0.0,9000.0,1200.0
1769432558.6084402,4.255029678344727,-4.097624778747559,-2.68585756614918,2.6453809572090806e-09,3.1916203753990473e-10,7.415812052480648e-11,9000.0,0.47123889803846897,1200.0,0.0,9000.0,1200.0
1769432558.658427,4.255029678344727,-4.097624778747559,-2.68585756614918,2.6453809572090806e-09,3.1916203753990473e-10,7.415812052480648e-11,9000.0,0.47123889803846897,1200.0,0.0,9000.0,1200.0
1769432558.7084637,4.255029678344727,-4.097624778747559,-2.68585756614918,2.061925988961165e-09,2.488736611101426e-10,5.7809224976832407e-11,9000.0,0.47123889803846897,1200.0,0.0,9000.0,1200.0
1769432558.758448,4.255029678344727,-4.097624778747559,-2.68585756614918,2.061925988961165e-09,2.488736611101426e-10,5.7809224976832407e-11,9000.0,0.47123889803846897,1200.0,0.0,9000.0,1200.0
1769432558.808438,4.255029678344727,-4.097624778747559,-2.68585756614918,1.6079742517189366e-09,1.9415481384086702e-10,4.508006351225137e-11,9000.0,0.47123889803846897,1200.0,0.0,9000.0,1200.0
1769432558.8584702,4.255029678344727,-4.097624778747559,-2.68585756614918,1.6079742517189366e-09,1.9415481384086702e-10,4.508006351225137e-11,9000.0,0.47123889803846897,1200.0,0.0,9000.0,1200.0
1769432558.9084666,4.255029678344727,-4.097624778747559,-2.68585756614918,1.2537865082405616e-09,1.5143579444065187e-10,3.51321549642183e-11,9000.0,0.47123889803846897,1200.0,0.0,9000.0,1200.0
1769432558.9584527,4.255029678344727,-4.097624778747559,-2.68585756614918,1.2537865082405616e-09,1.5143579444065187e-10,3.51321549642183e-11,9000.0,0.47123889803846897,1200.0,0.0,9000.0,1200.0
1769432559.0085282,4.255029678344727,-4.097624778747559,-2.68585756614918,9.778668840550778e-10,1.1813571246319253e-10,2.7388261736495235e-11,9000.0,0.47123889803846897,1200.0,0.0,9000.0,1200.0
1769432559.0585186,4.255029678344727,-4.097624778747559,-2.68585756614918,9.778668840550778e-10,1.1813571246319253e-10,2.7388261736495235e-11,9000.0,0.47123889803846897,1200.0,0.0,9000.0,1200.0
1769432559.108456,4.255029678344727,-4.097624778747559,-2.68585756614918,7.628483201493991e-10,9.216981845962574e-11,2.1355202646489496e-11,9000.0,0.47123889803846897,1200.0,0.0,9000.0,1200.0
1769432559.158528,4.255029678344727,-4.097624778747559,-2.68585756614918,7.628483201493991e-10,9.216981845962574e-11,2.1355202646489496e-11,9000.0,0.47123889803846897,1200.0,0.0,9000.0,1200.0
1769432559.208557,4.255029678344727,-4.097624778747559,-2.68585756614918,5.950837408772888e-10,7.190101277865274e-11,1.664856513437415e-11,9000.0,0.47123889803846897,1200.0,0.0,9000.0,1200.0
1769432559.2585018,4.255029678344727,-4.097624778747559,-2.68585756614918,5.950837408772888e-10,7.190101277865274e-11,1.664856513437415e-11,9000.0,0.47123889803846897,1200.0,0.0,9000.0,1200.0
1769432559.3086152,4.255029678344727,-4.097624778747559,-2.68585756614918,4.6416277662318674e-10,5.607706799395366e-11,1.297784902643939e-11,9000.0,0.47123889803846897,1200.0,0.0,9000.0,1200.0
1769432559.358563,4.255029678344727,-4.097624778747559,-2.68585756614918,4.6416277662318674e-10,5.607706799395366e-11,1.297784902643939e-11,9000.0,0.47123889803846897,1200.0,0.0,9000.0,1200.0
1769432559.4083986,4.255029678344727,-4.097624778747559,-2.68585756614918,3.6203180563288376e-10,4.373211649878837e-11,1.0116996417277091e-11,9000.0,0.47123889803846897,1200.0,0.0,9000.0,1200.0
1769432559.4584734,4.255029678344727,-4.097624778747559,-2.68585756614918,3.6203180563288376e-10,4.373211649878837e-11,1.0116996417277091e-11,9000.0,0.47123889803846897,1200.0,0.0,9000.0,1200.0
1769432559.508482,4.255029678344727,-4.097624778747559,-2.68585756614918,2.8232501989428884e-10,3.40967347962106e-11,7.886081236236223e-12,9000.0,0.47123889803846897,1200.0,0.0,9000.0,1200.0
1769432559.5584135,4.255029678344727,-4.097624778747559,-2.68585756614918,2.8232501989428884e-10,3.40967347962106e-11,7.886081236236223e-12,9000.0,0.47123889803846897,1200.0,0.0,9000.0,1200.0
1769432559.6084824,4.255029678344727,-4.097624778747559,-2.68585756614918,2.2015569788369735e-10,2.6582051998123646e-11,6.149329512904681e-12,9000.0,0.47123889803846897,1200.0,0.0,9000.0,1200.0
1769432559.658462,4.255029678344727,-4.097624778747559,-2.68585756614918,2.2015569788369735e-10,2.6582051998123646e-11,6.149329512904681e-12,9000.0,0.47123889803846897,1200.0,0.0,9000.0,1200.0
1769432559.7085342,4.255029678344727,-4.097624778747559,-2.68585756614918,1.716322897820037e-10,2.071892329950069e-11,4.793110845860203e-12,9000.0,0.47123889803846897,1200.0,0.0,9000.0,1200.0
1769432559.7584975,4.255029678344727,-4.097624778747559,-2.68585756614918,1.716322897820037e-10,2.071892329950069e-11,4.793110845860203e-12,9000.0,0.47123889803846897,1200.0,0.0,9000.0,1200.0
1769432559.8084788,4.255029678344727,-4.097624778747559,-2.68585756614918,1.3379575015737125e-10,1.61485679097097e-11,3.73686890159588e-12,9000.0,0.47123889803846897,1200.0,0.0,9000.0,1200.0
1769432559.8585029,4.255029678344727,-4.097624778747559,-2.68585756614918,1.3379575015737125e-10,1.61485679097097e-11,3.73686890159588e-12,9000.0,0.47123889803846897,1200.0,0.0,9000.0,1200.0
1769432559.9084952,4.255029678344727,-4.097624778747559,-2.68585756614918,1.042806500687466e-10,1.2584558199514532e-11,2.912716215865135e-12,9000.0,0.47123889803846897,1200.0,0.0,9000.0,1200.0
1769432559.95846,4.255029678344727,-4.097624778747559,-2.68585756614918,1.042806500687466e-10,1.2584558199514532e-11,2.912716215865135e-12,9000.0,0.47123889803846897,1200.0,0.0,9000.0,1200.0
1769432560.0084841,4.255029678344727,-4.097624778747559,-2.68585756614918,8.128436038717078e-11,9.807923453522348e-12,2.271694687154609e-12,9000.0,0.47123889803846897,1200.0,0.0,9000.0,1200.0
1769432560.0585284,4.255029678344727,-4.097624778747559,-2.68585756614918,8.128436038717078e-11,9.807923453522348e-12,2.271694687154609e-12,9000.0,0.47123889803846897,1200.0,0.0,9000.0,1200.0
1769432560.108488,4.255029678344727,-4.097624778747559,-2.68585756614918,6.335561788909345e-11,7.643004528924892e-12,1.7727728652861171e-12,9000.0,0.47123889803846897,1200.0,0.0,9000.0,1200.0
1769432560.1584575,4.255029678344727,-4.097624778747559,-2.68585756614918,6.335561788909345e-11,7.643004528924892e-12,1.7727728652861171e-12,9000.0,0.47123889803846897,1200.0,0.0,9000.0,1200.0
1769432560.2084622,4.255029678344727,-4.097624778747559,-2.68585756614918,4.9365252497177804e-11,5.955151422042931e-12,1.3812461825107232e-12,9000.0,0.47123889803846897,1200.0,0.0,9000.0,1200.0
1769432560.258496,4.255029678344727,-4.097624778747559,-2.68585756614918,4.9365252497177804e-11,5.955151422042931e-12,1.3812461825107232e-12,9000.0,0.47123889803846897,1200.0,0.0,9000.0,1200.0
1769432560.3085444,4.255029678344727,-4.097624778747559,-2.68585756614918,3.847020606970869e-11,4.6404114714995094e-12,1.0765364802601124e-12,9000.0,0.47123889803846897,1200.0,0.0,9000.0,1200.0
1769432560.3585503,4.255029678344727,-4.097624778747559,-2.68585756614918,3.847020606970869e-11,4.6404114714995094e-12,1.0765364802601124e-12,9000.0,0.47123889803846897,1200.0,0.0,9000.0,1200.0
1769432560.4084103,4.255029678344727,-4.097624778747559,-2.68585756614918,2.998255965024676e-11,3.6174083146999954e-12,8.396986118639455e-13,9000.0,0.47123889803846897,1200.0,0.0,9000.0,1200.0
1769432560.458483,4.255029678344727,-4.097624778747559,-2.68585756614918,2.998255965024676e-11,3.6174083146999954e-12,8.396986118639455e-13,9000.0,0.47123889803846897,1200.0,0.0,9000.0,1200.0
1769432560.5084574,4.255029678344727,-4.097624778747559,-2.68585756614918,2.3370558482068206e-11,2.820096605396422e-12,6.549667072190448e-13,9000.0,0.47123889803846897,1200.0,0.0,9000.0,1200.0
1769432560.5584345,4.255029678344727,-4.097624778747559,-2.68585756614918,2.3370558482068206e-11,2.820096605396422e-12,6.549667072190448e-13,9000.0,0.47123889803846897,1200.0,0.0,9000.0,1200.0
1769432560.6085083,4.255029678344727,-4.097624778747559,-2.68585756614918,1.8220262048277038e-11,2.1995492042283787e-12,5.112893378294366e-13,9000.0,0.47123889803846897,1200.0,0.0,9000.0,1200.0
1769432560.6584384,4.255029678344727,-4.097624778747559,-2.68585756614918,1.8220262048277038e-11,2.1995492042283787e-12,5.112893378294366e-13,9000.0,0.47123889803846897,1200.0,0.0,9000.0,1200.0
1769432560.708478,4.255029678344727,-4.097624778747559,-2.68585756614918,1.4204734231980896e-11,1.7155328736459751e-12,3.9919504058567845e-13,9000.0,0.47123889803846897,1200.0,0.0,9000.0,1200.0
1769432560.7584872,4.255029678344727,-4.097624778747559,-2.68585756614918,1.4204734231980896e-11,1.7155328736459751e-12,3.9919504058567845e-13,9000.0,0.47123889803846897,1200.0,0.0,9000.0,1200.0
1769432560.8084357,4.255029678344727,-4.097624778747559,-2.68585756614918,1.1072702856762588e-11,1.3389495015078172e-12,3.107859139513944e-13,9000.0,0.47123889803846897,1200.0,0.0,9000.0,1200.0
1769432560.8585057,4.255029678344727,-4.097624778747559,-2.68585756614918,1.1072702856762588e-11,1.3389495015078172e-12,3.107859139513944e-13,9000.0,0.47123889803846897,1200.0,0.0,9000.0,1200.0
1769432560.9084432,4.255029678344727,-4.097624778747559,-2.68585756614918,8.631796553245934e-12,1.0452773915868573e-12,2.4131784357560756e-13,9000.0,0.47123889803846897,1200.0,0.0,9000.0,1200.0
1769432560.9584043,4.255029678344727,-4.097624778747559,-2.68585756614918,8.631796553245934e-12,1.0452773915868573e-12,2.4131784357560756e-13,9000.0,0.47123889803846897,1200.0,0.0,9000.0,1200.0
1769432561.0083742,4.255029678344727,-4.097624778747559,-2.68585756614918,6.729911924789207e-12,8.153685980624385e-13,1.876355011731625e-13,9000.0,0.47123889803846897,1200.0,0.0,9000.0,1200.0
1769432561.058451,4.255029678344727,-4.097624778747559,-2.68585756614918,6.729911924789207e-12,8.153685980624385e-13,1.876355011731625e-13,9000.0,0.47123889803846897,1200.0,0.0,9000.0,1200.0
1769432561.1084526,4.255029678344727,-4.097624778747559,-2.68585756614918,5.248093324871031e-12,6.355658519511578e-13,1.4658468853830655e-13,9000.0,0.47123889803846897,1200.0,0.0,9000.0,1200.0
1769432561.1583812,4.255029678344727,-4.097624778747559,-2.68585756614918,5.248093324871031e-12,6.355658519511578e-13,1.4658468853830655e-13,9000.0,0.47123889803846897,1200.0,0.0,9000.0,1200.0
1769432561.2084694,4.255029678344727,-4.097624778747559,-2.68585756614918,4.0922995632386355e-12,4.958866317646043e-13,1.1500743735211962e-13,9000.0,0.47123889803846897,1200.0,0.0,9000.0,1200.0
1769432561.2583723,4.255029678344727,-4.097624778747559,-2.68585756614918,4.0922995632386355e-12,4.958866317646043e-13,1.1500743735211962e-13,9000.0,0.47123889803846897,1200.0,0.0,9000.0,1200.0
1769432561.3084595,4.255029678344727,-4.097624778747559,-2.68585756614918,3.1899962251249723e-12,3.859561782779128e-13,8.974501845655975e-14,9000.0,0.47123889803846897,1200.0,0.0,9000.0,1200.0
1769432561.3584588,4.255029678344727,-4.097624778747559,-2.68585756614918,3.1899962251249723e-12,3.859561782779128e-13,8.974501845655975e-14,9000.0,0.47123889803846897,1200.0,0.0,9000.0,1200.0
1769432561.40844,4.255029678344727,-4.097624778747559,-2.68585756614918,2.4853854575930685e-12,3.012460850258839e-13,7.079918465344848e-14,9000.0,0.47123889803846897,1200.0,0.0,9000.0,1200.0
1769432561.4584749,4.255029678344727,-4.097624778747559,-2.68585756614918,2.4853854575930685e-12,3.012460850258839e-13,7.079918465344848e-14,9000.0,0.47123889803846897,1200.0,0.0,9000.0,1200.0
1769432561.5084705,4.255029678344727,-4.097624778747559,-2.68585756614918,1.936704228546197e-12,2.351118140978235e-13,5.501094754563606e-14,9000.0,0.47123889803846897,1200.0,0.0,9000.0,1200.0
1769432561.558541,4.255029678344727,-4.097624778747559,-2.68585756614918,1.936704228546197e-12,2.351118140978235e-13,5.501094754563606e-14,9000.0,0.47123889803846897,1200.0,0.0,9000.0,1200.0
1769432561.6083434,4.255029678344727,-4.097624778747559,-2.68585756614918,1.5095986612993417e-12,1.8262513369178877e-13,4.395955438229761e-14,9000.0,0.47123889803846897,1200.0,0.0,9000.0,1200.0
1769432561.6584492,4.255029678344727,-4.097624778747559,-2.68585756614918,1.5095986612993417e-12,1.8262513369178877e-13,4.395955438229761e-14,9000.0,0.47123889803846897,1200.0,0.0,9000.0,1200.0
1769432561.7084706,4.255029678344727,-4.097624778747559,-2.68585756614918,1.1790112042323808e-12,1.4189403961995236e-13,3.448642822810172e-14,9000.0,0.47123889803846897,1200.0,0.0,9000.0,1200.0
1769432561.7584577,4.255029678344727,-4.097624778747559,-2.68585756614918,1.1790112042323808e-12,1.4189403961995236e-13,3.448642822810172e-14,9000.0,0.47123889803846897,1200.0,0.0,9000.0,1200.0
1769432561.8085163,4.255029678344727,-4.097624778747559,-2.68585756614918,9.199437822660843e-13,1.0923327308796357e-13,2.6591859981857038e-14,9000.0,0.47123889803846897,1200.0,0.0,9000.0,1200.0
1769432561.8585217,4.255029678344727,-4.097624778747559,-2.68585756614918,9.199437822660843e-13,1.0923327308796357e-13,2.6591859981857038e-14,9000.0,0.47123889803846897,1200.0,0.0,9000.0,1200.0
1769432561.9083376,4.255029678344727,-4.097624778747559,-2.68585756614918,7.174561871366576e-13,8.337728640792592e-14,2.0276343026368157e-14,9000.0,0.47123889803846897,1200.0,0.0,9000.0,1200.0
1769432561.9583735,4.255029678344727,-4.097624778747559,-2.68585756614918,7.174561871366576e-13,8.337728640792592e-14,2.0276343026368157e-14,9000.0,0.47123889803846897,1200.0,0.0,9000.0,1200.0
1769432562.0083568,4.255029678344727,-4.097624778747559,-2.68585756614918,5.599307994041453e-13,6.42261316197353e-14,1.553988818705774e-14,9000.0,0.47123889803846897,1200.0,0.0,9000.0,1200.0
1769432562.0584555,4.255029678344727,-4.097624778747559,-2.68585756614918,5.599307994041453e-13,6.42261316197353e-14,1.553988818705774e-14,9000.0,0.47123889803846897,1200.0,0.0,9000.0,1200.0
1769432562.1083565,4.255029678344727,-4.097624778747559,-2.68585756614918,4.3814704660132067e-13,5.0553382609588295e-14,1.0803695793393554e-14,9000.0,0.47123889803846897,1200.0,0.0,9000.0,1200.0
1769432562.1584077,4.255029678344727,-4.097624778747559,-2.68585756614918,4.3814704660132067e-13,5.0553382609588295e-14,1.0803695793393554e-14,9000.0,0.47123889803846897,1200.0,0.0,9000.0,1200.0
1769432562.2084954,4.255029678344727,-4.097624778747559,-2.68585756614918,3.4235099947405896e-13,3.9976369012603386e-14,9.22487246189923e-15,9000.0,0.47123889803846897,1200.0,0.0,9000.0,1200.0
1769432562.2584026,4.255029678344727,-4.097624778747559,-2.68585756614918,3.4235099947405896e-13,3.9976369012603386e-14,9.22487246189923e-15,9000.0,0.47123889803846897,1200.0,0.0,9000.0,1200.0
1769432562.3084438,4.255029678344727,-4.097624778747559,-2.68585756614918,2.6790792008674227e-13,3.1878851515732184e-14,7.645969319048901e-15,9000.0,0.47123889803846897,1200.0,0.0,9000.0,1200.0
1769432562.3584788,4.255029678344727,-4.097624778747559,-2.68585756614918,2.6790792008674227e-13,3.1878851515732184e-14,7.645969319048901e-15,9000.0,0.47123889803846897,1200.0,0.0,9000.0,1200.0
1769432562.408423,4.255029678344727,-4.097624778747559,-2.68585756614918,2.1020277800102604e-13,2.5646803372798354e-14,6.067076226330173e-15,9000.0,0.47123889803846897,1200.0,0.0,9000.0,1200.0
1769432562.4583907,4.255029678344727,-4.097624778747559,-2.68585756614918,2.1020277800102604e-13,2.5646803372798354e-14,6.067076226330173e-15,9000.0,0.47123889803846897,1200.0,0.0,9000.0,1200.0
1769432562.5084596,4.255029678344727,-4.097624778747559,-2.68585756614918,1.6404432436476421e-13,1.9505685193378697e-14,6.067076226330173e-15,9000.0,0.47123889803846897,1200.0,0.0,9000.0,1200.0
1769432562.558439,4.255029678344727,-4.097624778747559,-2.68585756614918,1.6404432436476421e-13,1.9505685193378697e-14,6.067076226330173e-15,9000.0,0.47123889803846897,1200.0,0.0,9000.0,1200.0
1769432562.6084723,4.255029678344727,-4.097624778747559,-2.68585756614918,1.2711892903500006e-13,1.4592972598437524e-14,4.488238735681019e-15,9000.0,0.47123889803846897,1200.0,0.0,9000.0,1200.0
1769432562.65844,4.255029678344727,-4.097624778747559,-2.68585756614918,1.2711892903500006e-13,1.4592972598437524e-14,4.488238735681019e-15,9000.0,0.47123889803846897,1200.0,0.0,9000.0,1200.0
1769432562.7084725,4.255029678344727,-4.097624778747559,-2.68585756614918,9.827135280902734e-14,1.1477487957915102e-14,2.9093420518007435e-15,9000.0,0.47123889803846897,1200.0,0.0,9000.0,1200.0
1769432562.7584474,4.255029678344727,-4.097624778747559,-2.68585756614918,9.827135280902734e-14,1.1477487957915102e-14,2.9093420518007435e-15,9000.0,0.47123889803846897,1200.0,0.0,9000.0,1200.0
1769432562.8084393,4.255029678344727,-4.097624778747559,-2.68585756614918,7.692082705209699e-14,8.998262197011083e-15,1.3305212939230612e-15,9000.0,0.47123889803846897,1200.0,0.0,9000.0,1200.0
1769432562.8584168,4.255029678344727,-4.097624778747559,-2.68585756614918,7.692082705209699e-14,8.998262197011083e-15,1.3305212939230612e-15,9000.0,0.47123889803846897,1200.0,0.0,9000.0,1200.0
1769432562.9084387,4.255029678344727,-4.097624778747559,-2.68585756614918,6.077400806841263e-14,5.4043711234930434e-15,1.3305212939230612e-15,9000.0,0.47123889803846897,1200.0,0.0,9000.0,1200.0
1769432562.9584744,4.255029678344727,-4.097624778747559,-2.68585756614918,6.077400806841263e-14,5.4043711234930434e-15,1.3305212939230612e-15,9000.0,0.47123889803846897,1200.0,0.0,9000.0,1200.0
1769432563.008442,4.255029678344727,-4.097624778747559,-2.68585756614918,4.808974881100637e-14,2.9943083123531057e-15,1.3305212939230612e-15,9000.0,0.47123889803846897,1200.0,0.0,9000.0,1200.0
1769432563.0584388,4.255029678344727,-4.097624778747559,-2.68585756614918,4.808974881100637e-14,2.9943083123531057e-15,1.3305212939230612e-15,9000.0,0.47123889803846897,1200.0,0.0,9000.0,1200.0
1769432563.1084507,4.255029678344727,-4.097624778747559,-2.68585756614918,3.769570801279917e-14,2.3343266892602e-15,1.3305212939230612e-15,9000.0,0.47123889803846897,1200.0,0.0,9000.0,1200.0
1769432563.1584575,4.255029678344727,-4.097624778747559,-2.68585756614918,3.769570801279917e-14,2.3343266892602e-15,1.3305212939230612e-15,9000.0,0.47123889803846897,1200.0,0.0,9000.0,1200.0
1769432563.2084606,4.255029678344727,-4.097624778747559,-2.68585756614918,2.903345407367133e-14,2.26578498778145e-15,1.3305212939230612e-15,9000.0,0.47123889803846897,1200.0,0.0,9000.0,1200.0
1769432563.2584558,4.255029678344727,-4.097624778747559,-2.68585756614918,2.903345407367133e-14,2.26578498778145e-15,1.3305212939230612e-15,9000.0,0.47123889803846897,1200.0,0.0,9000.0,1200.0
1769432563.30844,4.255029678344727,-4.097624778747559,-2.68585756614918,2.1530077828443228e-14,1.6288426477638209e-15,1.3305212939230612e-15,9000.0,0.47123889803846897,1200.0,0.0,9000.0,1200.0
1769432563.3584867,4.255029678344727,-4.097624778747559,-2.68585756614918,2.1530077828443228e-14,1.6288426477638209e-15,1.3305212939230612e-15,9000.0,0.47123889803846897,1200.0,0.0,9000.0,1200.0
1769432563.4084718,4.255029678344727,-4.097624778747559,-2.68585756614918,1.5755272209105376e-14,1.5831484201828745e-15,1.3305212939230612e-15,8000.0,0.41887902047863906,1200.0,0.0,8000.0,1200.0
1769432563.4584649,4.255029678344727,-4.097624778747559,-2.68585756614918,1.5755272209105376e-14,1.5831484201828745e-15,1.3305212939230612e-15,7000.0,0.36651914291880916,1200.0,0.0,7000.0,1200.0
1769432563.508455,4.255029678344727,-4.097624778747559,-2.68585756614918,1.1138977058741854e-14,9.68976760688783e-16,1.3305212939230612e-15,6000.0,0.31415926535897926,1200.0,0.0,6000.0,1200.0
1769432563.5584326,4.255029678344727,-4.097624778747559,-2.68585756614918,1.1138977058741854e-14,9.68976760688783e-16,1.3305212939230612e-15,6000.0,0.31415926535897926,1200.0,0.0,6000.0,1200.0
1769432563.6084726,4.255029678344727,-4.097624778747559,-2.68585756614918,6.5234963843187045e-15,3.5491346255886426e-16,1.3305212939230612e-15,5000.0,0.2617993877991494,1200.0,0.0,5000.0,1200.0
1769432563.6584764,4.255029678344727,-4.097624778747559,-2.68585756614918,6.5234963843187045e-15,3.5491346255886426e-16,1.3305212939230612e-15,4000.0,0.20943951023931953,1200.0,0.0,4000.0,1200.0
1769432563.7084773,4.255029678344727,-4.097624778747559,-2.68585756614918,2.4761375384316385e-15,9.004654178171606e-16,1.3305212939230612e-15,3000.0,0.15707963267948963,1200.0,0.0,3000.0,1200.0
1769432563.7584515,4.255029678344727,-4.097624778747559,-2.68585756614918,2.4761375384316385e-15,9.004654178171606e-16,1.3305212939230612e-15,2000.0,0.10471975511965977,1200.0,0.0,2000.0,1200.0
1769432563.8085752,4.255029678344727,-4.097624778747559,-2.68585756614918,-4.1136808390903117e-16,8.776174905022276e-16,1.3305212939230612e-15,1000.0,0.05235987755982988,1200.0,0.0,1000.0,1200.0
1769432563.8584661,4.255029678344727,-4.097624778747559,-2.68585756614918,-4.1136808390903117e-16,8.776174905022276e-16,1.3305212939230612e-15,0.0,0.0,1200.0,0.0,0.0,1200.0
1769432563.9085016,4.255029678344727,-4.097624778747559,-2.68585756614918,-2.1396559064055203e-15,2.862864772680805e-16,1.3305212939230612e-15,0.0,0.0,1200.0,0.0,0.0,1200.0
1769432563.958547,4.255029678344727,-4.097624778747559,-2.68585756614918,-2.1396559064055203e-15,2.862864772680805e-16,1.3305212939230612e-15,0.0,0.0,1200.0,0.0,0.0,1200.0
1769432564.0085135,4.255029678344727,-4.097624778747559,-2.68585756614918,-3.867517261027413e-15,-3.048986206404398e-16,1.3305212939230612e-15,0.0,0.0,1200.0,0.0,0.0,1200.0
1769432564.0584917,4.255029678344727,-4.097624778747559,-2.68585756614918,-3.867517261027413e-15,-3.048986206404398e-16,1.3305212939230612e-15,0.0,0.0,1200.0,0.0,0.0,1200.0
1769432564.1085103,4.255029678344727,-4.097624778747559,-2.68585756614918,-5.595360275698269e-15,-8.960774435629954e-16,1.3305212939230612e-15,1000.0,0.05235987755982988,1200.0,0.0,1000.0,1200.0
1769432564.1585383,4.255029678344727,-4.097624778747559,-2.68585756614918,-5.595360275698269e-15,-8.960774435629954e-16,1.3305212939230612e-15,1000.0,0.05235987755982988,1200.0,0.0,1000.0,1200.0
1769432564.2085743,4.255029678344727,-4.097624778747559,-2.68585756614918,-6.163850054162031e-15,-2.0559100663170986e-15,1.3305212939230612e-15,2000.0,0.10471975511965977,1200.0,0.0,2000.0,1200.0
1769432564.2585094,4.255029678344727,-4.097624778747559,-2.68585756614918,-6.163850054162031e-15,-2.0559100663170986e-15,1.3305212939230612e-15,3000.0,0.15707963267948963,1200.0,0.0,3000.0,1200.0
1769432564.3085134,4.255029678344727,-4.097624778747559,-2.68585756614918,-5.0041005254356186e-15,-2.624359116399483e-15,1.3305212939230612e-15,3000.0,0.15707963267948963,1200.0,0.0,3000.0,1200.0
1769432564.3585074,4.255029678344727,-4.097624778747559,-2.68585756614918,-5.0041005254356186e-15,-2.624359116399483e-15,1.3305212939230612e-15,4000.0,0.20943951023931953,1200.0,0.0,4000.0,1200.0
1769432564.408462,4.255029678344727,-4.097624778747559,-2.68585756614918,-3.275995465006967e-15,-2.033090634925005e-15,1.3305212939230612e-15,5000.0,0.2617993877991494,1200.0,0.0,5000.0,1200.0
1769432564.4584813,4.255029678344727,-4.097624778747559,-2.68585756614918,-3.275995465006967e-15,-2.033090634925005e-15,1.3305212939230612e-15,5000.0,0.2617993877991494,1200.0,0.0,5000.0,1200.0
1769432564.5084379,4.255029678344727,-4.097624778747559,-2.68585756614918,-1.5480118194234434e-15,-1.4418636953525509e-15,1.3305212939230612e-15,6000.0,0.31415926535897926,1200.0,0.0,6000.0,1200.0
1769432564.5584817,4.255029678344727,-4.097624778747559,-2.68585756614918,-1.5480118194234434e-15,-1.4418636953525509e-15,1.3305212939230612e-15,6000.0,0.31415926535897926,1200.0,0.0,6000.0,1200.0
1769432564.608469,4.255029678344727,-4.097624778747559,-2.68585756614918,1.7999238737298862e-16,-8.506297207928079e-16,1.3305212939230612e-15,7000.0,0.36651914291880916,1200.0,0.0,7000.0,1200.0
1769432564.658459,4.255029678344727,-4.097624778747559,-2.68585756614918,1.7999238737298862e-16,-8.506297207928079e-16,1.3305212939230612e-15,8000.0,0.41887902047863906,1200.0,0.0,8000.0,1200.0
1769432564.708477,4.255029678344727,-4.097624778747559,-2.68585756614918,1.9080532296854024e-15,-2.593763684786105e-16,1.3305212939230612e-15,8000.0,0.41887902047863906,1200.0,0.0,8000.0,1200.0
1769432564.7584429,4.255029678344727,-4.097624778747559,-2.68585756614918,1.9080532296854024e-15,-2.593763684786105e-16,1.3305212939230612e-15,9000.0,0.47123889803846897,1200.0,0.0,9000.0,1200.0
1769432564.8085573,4.255029678344727,-4.097624778747559,-2.68585756614918,3.63603618880104e-15,3.318503362199153e-16,1.3305212939230612e-15,9000.0,0.47123889803846897,1200.0,0.0,9000.0,1200.0
1769432564.8584647,4.255029678344727,-4.097624778747559,-2.68585756614918,3.63603618880104e-15,3.318503362199153e-16,1.3305212939230612e-15,9000.0,0.47123889803846897,1200.0,0.0,9000.0,1200.0
1769432564.9084094,4.255029678344727,-4.097624778747559,-2.68585756614918,5.363974043072247e-15,9.23061608365476e-16,1.3305212939230612e-15,9000.0,0.47123889803846897,1200.0,0.0,9000.0,1200.0
1769432564.9585133,4.255029678344727,-4.097624778747559,-2.68585756614918,5.363974043072247e-15,9.23061608365476e-16,1.3305212939230612e-15,9000.0,0.47123889803846897,1200.0,0.0,9000.0,1200.0
1769432565.0085082,4.255029678344727,-4.097624778747559,-2.68585756614918,7.091878084878053e-15,1.514261311628143e-15,1.3305212939230612e-15,9000.0,0.47123889803846897,1200.0,0.0,9000.0,1200.0
1769432565.0585113,4.255029678344727,-4.097624778747559,-2.68585756614918,7.091878084878053e-15,1.514261311628143e-15,1.3305212939230612e-15,9000.0,0.47123889803846897,1200.0,0.0,9000.0,1200.0
1769432565.1085231,4.255029678344727,-4.097624778747559,-2.68585756614918,7.091878084878053e-15,1.514261311628143e-15,1.3305212939230612e-15,9000.0,0.47123889803846897,1200.0,0.0,9000.0,1200.0
1769432565.1585252,4.255029678344727,-4.097624778747559,-2.68585756614918,7.091878084878053e-15,1.514261311628143e-15,1.3305212939230612e-15,9000.0,0.47123889803846897,1200.0,0.0,9000.0,1200.0
1769432565.2084706,4.255029678344727,-4.097624778747559,-2.68585756614918,5.363821142038774e-15,9.230092935126656e-16,1.3305212939230612e-15,9000.0,0.47123889803846897,1200.0,0.0,9000.0,1200.0
1769432565.2585144,4.255029678344727,-4.097624778747559,-2.68585756614918,5.363821142038774e-15,9.230092935126656e-16,1.3305212939230612e-15,9000.0,0.47123889803846897,1200.0,0.0,9000.0,1200.0
1769432565.3085313,4.255029678344727,-4.097624778747559,-2.68585756614918,3.635785277717629e-15,3.317644873796617e-16,1.3305212939230612e-15,9000.0,0.47123889803846897,1200.0,0.0,9000.0,1200.0
1769432565.358472,4.255029678344727,-4.097624778747559,-2.68585756614918,3.635785277717629e-15,3.317644873796617e-16,1.3305212939230612e-15,9000.0,0.47123889803846897,1200.0,0.0,9000.0,1200.0
1769432565.408451,4.255029678344727,-4.097624778747559,-2.68585756614918,1.9077147573153867e-15,-2.594921762780455e-16,1.3305212939230612e-15,9000.0,0.47123889803846897,1200.0,0.0,9000.0,1200.0
1769432565.458461,4.255029678344727,-4.097624778747559,-2.68585756614918,1.9077147573153867e-15,-2.594921762780455e-16,1.3305212939230612e-15,9000.0,0.47123889803846897,1200.0,0.0,9000.0,1200.0
1769432565.5084662,4.255029678344727,-4.097624778747559,-2.68585756614918,1.7993618720330056e-16,-8.506489495941992e-16,1.3305212939230612e-15,9000.0,0.47123889803846897,1200.0,0.0,9000.0,1200.0
1769432565.5585415,4.255029678344727,-4.097624778747559,-2.68585756614918,1.7993618720330056e-16,-8.506489495941992e-16,1.3305212939230612e-15,9000.0,0.47123889803846897,1200.0,0.0,9000.0,1200.0
1769432565.6085117,4.255029678344727,-4.097624778747559,-2.68585756614918,-1.5482347811091612e-15,-1.441939981349485e-15,1.3305212939230612e-15,9000.0,0.47123889803846897,1200.0,0.0,9000.0,1200.0
1769432565.6584506,4.255029678344727,-4.097624778747559,-2.68585756614918,-1.5482347811091612e-15,-1.441939981349485e-15,1.3305212939230612e-15,9000.0,0.47123889803846897,1200.0,0.0,9000.0,1200.0
1769432565.7084775,4.255029678344727,-4.097624778747559,-2.68585756614918,-3.2763500074409527e-15,-2.0332119410720452e-15,1.3305212939230612e-15,9000.0,0.47123889803846897,1200.0,0.0,9000.0,1200.0
1769432565.7584324,4.255029678344727,-4.097624778747559,-2.68585756614918,-3.2763500074409527e-15,-2.0332119410720452e-15,1.3305212939230612e-15,9000.0,0.47123889803846897,1200.0,0.0,9000.0,1200.0
1769432565.8084674,4.255029678344727,-4.097624778747559,-2.68585756614918,-5.004466204464534e-15,-2.624484232915305e-15,1.3305212939230612e-15,9000.0,0.47123889803846897,1200.0,0.0,9000.0,1200.0
1769432565.8583841,4.255029678344727,-4.097624778747559,-2.68585756614918,-5.004466204464534e-15,-2.624484232915305e-15,1.3305212939230612e-15,9000.0,0.47123889803846897,1200.0,0.0,9000.0,1200.0
1769432565.908438,4.255029678344727,-4.097624778747559,-2.68585756614918,-6.163849994021614e-15,-2.0562144491988348e-15,1.3305212939230612e-15,9000.0,0.47123889803846897,1200.0,0.0,9000.0,1200.0
1769432565.95836,4.255029678344727,-4.097624778747559,-2.68585756614918,-6.163849994021614e-15,-2.0562144491988348e-15,1.3305212939230612e-15,9000.0,0.47123889803846897,1200.0,0.0,9000.0,1200.0
1769432566.0084608,4.255029678344727,-4.097624778747559,-2.68585756614918,-5.595432426584321e-15,-8.965291513525745e-16,1.3305212939230612e-15,8000.0,0.41887902047863906,1300.0,0.0,8000.0,1300.0
1769432566.0584602,4.255029678344727,-4.097624778747559,-2.68585756614918,-5.595432426584321e-15,-8.965291513525745e-16,1.3305212939230612e-15,7000.0,0.36651914291880916,1300.0,0.0,7000.0,1300.0
1769432566.1084332,4.255029678344727,-4.097624778747559,-2.68585756614918,-3.8671103083396274e-15,-3.0518640388106765e-16,1.3305212939230612e-15,6000.0,0.31415926535897926,1300.0,0.0,6000.0,1300.0
1769432566.1584425,4.255029678344727,-4.097624778747559,-2.68585756614918,-3.8671103083396274e-15,-3.0518640388106765e-16,1.3305212939230612e-15,5000.0,0.2617993877991494,1300.0,0.0,5000.0,1300.0
1769432566.2084742,4.255029678344727,-4.097624778747559,-2.68585756614918,-2.139078269673832e-15,2.860570933098578e-16,1.3305212939230612e-15,4000.0,0.20943951023931953,1300.0,0.0,4000.0,1300.0
1769432566.2583818,4.255029678344727,-4.097624778747559,-2.68585756614918,-2.139078269673832e-15,2.860570933098578e-16,1.3305212939230612e-15,3000.0,0.15707963267948963,1300.0,0.0,3000.0,1300.0
1769432566.3084693,4.255029678344727,-4.097624778747559,-2.68585756614918,-4.1126192130546023e-16,8.772267923981408e-16,1.3305212939230612e-15,2000.0,0.10471975511965977,1300.0,0.0,2000.0,1300.0
1769432566.3584652,4.255029678344727,-4.097624778747559,-2.68585756614918,-4.1126192130546023e-16,8.772267923981408e-16,1.3305212939230612e-15,1000.0,0.05235987755982988,1300.0,0.0,1000.0,1300.0
1769432566.4085472,4.255029678344727,-4.097624778747559,-2.68585756614918,1.3168997797178377e-15,1.4685146533647304e-15,1.3305212939230612e-15,0.0,0.0,1300.0,0.0,0.0,1300.0
1769432566.4584582,4.255029678344727,-4.097624778747559,-2.68585756614918,1.3168997797178377e-15,1.4685146533647304e-15,1.3305212939230612e-15,0.0,0.0,1300.0,0.0,0.0,1300.0
1769432566.5085166,4.255029678344727,-4.097624778747559,-2.68585756614918,3.0450781381996337e-15,2.0598082136550574e-15,1.3305212939230612e-15,0.0,0.0,1300.0,0.0,0.0,1300.0
1769432566.5584834,4.255029678344727,-4.097624778747559,-2.68585756614918,3.0450781381996337e-15,2.0598082136550574e-15,1.3305212939230612e-15,0.0,0.0,1300.0,0.0,0.0,1300.0
1769432566.6083877,4.255029678344727,-4.097624778747559,-2.68585756614918,4.772706322323542e-15,2.6509135326372698e-15,1.3305212939230612e-15,0.0,0.0,1300.0,0.0,0.0,1300.0
1769432566.6584923,4.255029678344727,-4.097624778747559,-2.68585756614918,4.772706322323542e-15,2.6509135326372698e-15,1.3305212939230612e-15,0.0,0.0,1300.0,0.0,0.0,1300.0
1769432566.708421,4.255029678344727,-4.097624778747559,-2.68585756614918,5.9323769409758755e-15,2.08250316017927e-15,1.3305212939230612e-15,0.0,0.0,1300.0,0.0,0.0,1300.0
1769432566.7585168,4.255029678344727,-4.097624778747559,-2.68585756614918,5.9323769409758755e-15,2.08250316017927e-15,1.3305212939230612e-15,0.0,0.0,1300.0,0.0,0.0,1300.0
1769432566.8085496,4.255029678344727,-4.097624778747559,-2.68585756614918,6.5236973456340165e-15,3.542463434516558e-16,1.3305212939230612e-15,0.0,0.0,1300.0,0.0,0.0,1300.0
1769432566.85846,4.255029678344727,-4.097624778747559,-2.68585756614918,6.5236973456340165e-15,3.542463434516558e-16,1.3305212939230612e-15,0.0,0.0,1300.0,0.0,0.0,1300.0
1769432566.9084477,4.255029678344727,-4.097624778747559,-2.68585756614918,5.955260343918528e-15,-8.054786042013476e-16,1.3305212939230612e-15,0.0,0.0,1300.0,0.0,0.0,1300.0
1769432566.958483,4.255029678344727,-4.097624778747559,-2.68585756614918,5.955260343918528e-15,-8.054786042013476e-16,1.3305212939230612e-15,0.0,0.0,1300.0,0.0,0.0,1300.0
1769432567.0085623,4.255029678344727,-4.097624778747559,-2.68585756614918,4.2272687883799534e-15,-1.3967082501527245e-15,1.3305212939230612e-15,0.0,0.0,1300.0,0.0,0.0,1300.0
1769432567.0584738,4.255029678344727,-4.097624778747559,-2.68585756614918,4.2272687883799534e-15,-1.3967082501527245e-15,1.3305212939230612e-15,0.0,0.0,1300.0,0.0,0.0,1300.0
1769432567.108478,4.255029678344727,-4.097624778747559,-2.68585756614918,2.499306005648244e-15,-1.9879280515326036e-15,1.3305212939230612e-15,0.0,0.0,1300.0,0.0,0.0,1300.0
1769432567.1585035,4.255029678344727,-4.097624778747559,-2.68585756614918,2.499306005648244e-15,-1.9879280515326036e-15,1.3305212939230612e-15,0.0,0.0,1300.0,0.0,0.0,1300.0
1769432567.2084453,4.255029678344727,-4.097624778747559,-2.68585756614918,7.713757088933574e-16,-2.5791367378856103e-15,1.3305212939230612e-15,0.0,0.0,1300.0,0.0,0.0,1300.0
1769432567.2585492,4.255029678344727,-4.097624778747559,-2.68585756614918,7.713757088933574e-16,-2.5791367378856103e-15,1.3305212939230612e-15,0.0,0.0,1300.0,0.0,0.0,1300.0
1769432567.3085897,4.255029678344727,-4.097624778747559,-2.68585756614918,-9.569479262711244e-16,-3.170480004368884e-15,1.3305212939230612e-15,0.0,0.0,1300.0,0.0,0.0,1300.0
1769432567.358589,4.255029678344727,-4.097624778747559,-2.68585756614918,-9.569479262711244e-16,-3.170480004368884e-15,1.3305212939230612e-15,0.0,0.0,1300.0,0.0,0.0,1300.0
1769432567.4083693,4.255029678344727,-4.097624778747559,-2.68585756614918,-2.6847980780875354e-15,-3.761661269254785e-15,1.3305212939230612e-15,0.0,0.0,1300.0,0.0,0.0,1300.0
1769432567.4584324,4.255029678344727,-4.097624778747559,-2.68585756614918,-2.6847980780875354e-15,-3.761661269254785e-15,1.3305212939230612e-15,0.0,0.0,1300.0,0.0,0.0,1300.0
1769432567.5084999,4.255029678344727,-4.097624778747559,-2.68585756614918,-3.844489260352915e-15,-3.1932408175805293e-15,1.3305212939230612e-15,0.0,0.0,1300.0,0.0,0.0,1300.0
1769432567.5584629,4.255029678344727,-4.097624778747559,-2.68585756614918,-3.844489260352915e-15,-3.1932408175805293e-15,1.3305212939230612e-15,0.0,0.0,1300.0,0.0,0.0,1300.0
1769432567.6084883,4.255029678344727,-4.097624778747559,-2.68585756614918,-4.435707548086151e-15,-1.4652824587958172e-15,1.3305212939230612e-15,0.0,0.0,1300.0,0.0,0.0,1300.0
1769432567.6584272,4.255029678344727,-4.097624778747559,-2.68585756614918,-4.435707548086151e-15,-1.4652824587958172e-15,1.3305212939230612e-15,0.0,0.0,1300.0,0.0,0.0,1300.0
1769432567.708554,4.255029678344727,-4.097624778747559,-2.68585756614918,-5.0270492378276085e-15,2.6303656801290696e-16,1.3305212939230612e-15,0.0,0.0,1300.0,0.0,0.0,1300.0
1769432567.758494,4.255029678344727,-4.097624778747559,-2.68585756614918,-5.0270492378276085e-15,2.6303656801290696e-16,1.3305212939230612e-15,0.0,0.0,1300.0,0.0,0.0,1300.0
1769432567.8085656,4.255029678344727,-4.097624778747559,-2.68585756614918,-4.458654103245034e-15,1.4226760983577823e-15,1.3305212939230612e-15,0.0,0.0,1300.0,0.0,0.0,1300.0
1769432567.8585396,4.255029678344727,-4.097624778747559,-2.68585756614918,-4.458654103245034e-15,1.4226760983577823e-15,1.3305212939230612e-15,0.0,0.0,1300.0,0.0,0.0,1300.0
1769432567.9085681,4.255029678344727,-4.097624778747559,-2.68585756614918,-2.7307579369762695e-15,2.0138731070175957e-15,1.3305212939230612e-15,0.0,0.0,1300.0,0.0,0.0,1300.0
1769432567.9585469,4.255029678344727,-4.097624778747559,-2.68585756614918,-2.7307579369762695e-15,2.0138731070175957e-15,1.3305212939230612e-15,0.0,0.0,1300.0,0.0,0.0,1300.0
1769432568.0085022,4.255029678344727,-4.097624778747559,-2.68585756614918,-1.0028483317275896e-15,2.6050747138036627e-15,1.3305212939230612e-15,0.0,0.0,1300.0,0.0,0.0,1300.0
1769432568.0585723,4.255029678344727,-4.097624778747559,-2.68585756614918,-1.0028483317275896e-15,2.6050747138036627e-15,1.3305212939230612e-15,0.0,0.0,1300.0,0.0,0.0,1300.0
1769432568.1085336,4.255029678344727,-4.097624778747559,-2.68585756614918,7.255812386652355e-16,3.1964542258619486e-15,1.3305212939230612e-15,0.0,0.0,1300.0,0.0,0.0,1300.0
1769432568.158588,4.255029678344727,-4.097624778747559,-2.68585756614918,7.255812386652355e-16,3.1964542258619486e-15,1.3305212939230612e-15,0.0,0.0,1300.0,0.0,0.0,1300.0
1769432568.2085655,4.255029678344727,-4.097624778747559,-2.68585756614918,2.453593434598518e-15,3.787690933892545e-15,1.3305212939230612e-15,0.0,0.0,1300.0,0.0,0.0,1300.0
1769432568.2585382,4.255029678344727,-4.097624778747559,-2.68585756614918,2.453593434598518e-15,3.787690933892545e-15,1.3305212939230612e-15,0.0,0.0,1300.0,0.0,0.0,1300.0
1769432568.3085103,4.255029678344727,-4.097624778747559,-2.68585756614918,3.613210446193621e-15,3.2193068368328146e-15,1.3305212939230612e-15,0.0,0.0,1300.0,0.0,0.0,1300.0
1769432568.3585038,4.255029678344727,-4.097624778747559,-2.68585756614918,3.613210446193621e-15,3.2193068368328146e-15,1.3305212939230612e-15,0.0,0.0,1300.0,0.0,0.0,1300.0
1769432568.4084833,4.255029678344727,-4.097624778747559,-2.68585756614918,4.204399072190149e-15,1.4914351706402369e-15,1.3305212939230612e-15,0.0,0.0,1300.0,0.0,0.0,1300.0
1769432568.4584625,4.255029678344727,-4.097624778747559,-2.68585756614918,4.204399072190149e-15,1.4914351706402369e-15,1.3305212939230612e-15,0.0,0.0,1300.0,0.0,0.0,1300.0
1769432568.5084858,4.255029678344727,-4.097624778747559,-2.68585756614918,4.795534201919697e-15,-2.362801415903449e-16,1.3305212939230612e-15,0.0,0.0,1300.0,0.0,0.0,1300.0
1769432568.5584772,4.255029678344727,-4.097624778747559,-2.68585756614918,4.795534201919697e-15,-2.362801415903449e-16,1.3305212939230612e-15,0.0,0.0,1400.0,0.0,0.0,1400.0
1769432568.6084366,4.255029678344727,-4.097624778747559,-2.68585756614918,5.386777893150126e-15,-1.964312747376928e-15,1.3305212939230612e-15,0.0,0.0,1400.0,0.0,0.0,1400.0
1769432568.6585026,4.255029678344727,-4.097624778747559,-2.68585756614918,5.386777893150126e-15,-1.964312747376928e-15,1.3305212939230612e-15,0.0,0.0,1400.0,0.0,0.0,1400.0
1769432568.7084808,4.255029678344727,-4.097624778747559,-2.68585756614918,4.8183886315454196e-15,-3.123940295674664e-15,1.3305212939230612e-15,0.0,0.0,1400.0,0.0,0.0,1400.0
1769432568.7584574,4.255029678344727,-4.097624778747559,-2.68585756614918,4.8183886315454196e-15,-3.123940295674664e-15,1.3305212939230612e-15,0.0,0.0,1400.0,0.0,0.0,1400.0
1769432568.8084836,4.255029678344727,-4.097624778747559,-2.68585756614918,3.0900153877953197e-15,-3.7153005356590035e-15,1.3305212939230612e-15,0.0,0.0,1400.0,0.0,0.0,1400.0
1769432568.8584867,4.255029678344727,-4.097624778747559,-2.68585756614918,3.0900153877953197e-15,-3.7153005356590035e-15,1.3305212939230612e-15,0.0,0.0,1400.0,0.0,0.0,1400.0
1769432568.9085088,4.255029678344727,-4.097624778747559,-2.68585756614918,1.3621437958685337e-15,-4.3064891362456055e-15,1.3305212939230612e-15,0.0,0.0,1400.0,0.0,0.0,1400.0
1769432568.9584687,4.255029678344727,-4.097624778747559,-2.68585756614918,1.3621437958685337e-15,-4.3064891362456055e-15,1.3305212939230612e-15,0.0,0.0,1400.0,0.0,0.0,1400.0
1769432569.008444,4.255029678344727,-4.097624778747559,-2.68585756614918,-3.660412567822215e-16,-4.897784986935519e-15,1.3305212939230612e-15,0.0,0.0,1400.0,0.0,0.0,1400.0
1769432569.0585124,4.255029678344727,-4.097624778747559,-2.68585756614918,-3.660412567822215e-16,-4.897784986935519e-15,1.3305212939230612e-15,0.0,0.0,1400.0,0.0,0.0,1400.0
1769432569.1084774,4.255029678344727,-4.097624778747559,-2.68585756614918,-1.5257455001113481e-15,-4.3293581334054346e-15,1.3305212939230612e-15,0.0,0.0,1400.0,0.0,0.0,1400.0
1769432569.1586313,4.255029678344727,-4.097624778747559,-2.68585756614918,-1.5257455001113481e-15,-4.3293581334054346e-15,1.3305212939230612e-15,0.0,0.0,1400.0,0.0,0.0,1400.0
1769432569.2084267,4.255029678344727,-4.097624778747559,-2.68585756614918,-2.1170088630700517e-15,-2.6012680329032615e-15,1.3305212939230612e-15,0.0,0.0,1400.0,0.0,0.0,1400.0
1769432569.2585425,4.255029678344727,-4.097624778747559,-2.68585756614918,-2.1170088630700517e-15,-2.6012680329032615e-15,1.3305212939230612e-15,0.0,0.0,1400.0,0.0,0.0,1400.0
1769432569.3085406,4.255029678344727,-4.097624778747559,-2.68585756614918,-2.7082452565745958e-15,-8.732567562377544e-16,1.3305212939230612e-15,0.0,0.0,1400.0,0.0,0.0,1400.0
1769432569.3584776,4.255029678344727,-4.097624778747559,-2.68585756614918,-2.7082452565745958e-15,-8.732567562377544e-16,1.3305212939230612e-15,0.0,0.0,1300.0,0.0,0.0,1300.0
1769432569.4084651,4.255029678344727,-4.097624778747559,-2.68585756614918,-3.2993872650953735e-15,8.544786606902796e-16,1.3305212939230612e-15,0.0,0.0,1300.0,0.0,0.0,1300.0
1769432569.4585354,4.255029678344727,-4.097624778747559,-2.68585756614918,-3.2993872650953735e-15,8.544786606902796e-16,1.3305212939230612e-15,0.0,0.0,1300.0,0.0,0.0,1300.0
1769432569.5085053,4.255029678344727,-4.097624778747559,-2.68585756614918,-3.890609504962976e-15,2.5824485704093165e-15,1.3305212939230612e-15,0.0,0.0,1300.0,0.0,0.0,1300.0
1769432569.5584369,4.255029678344727,-4.097624778747559,-2.68585756614918,-3.890609504962976e-15,2.5824485704093165e-15,1.3305212939230612e-15,0.0,0.0,1300.0,0.0,0.0,1300.0
1769432569.6085167,4.255029678344727,-4.097624778747559,-2.68585756614918,-3.322190915308967e-15,3.74213595378172e-15,1.3305212939230612e-15,0.0,0.0,1300.0,0.0,0.0,1300.0
1769432569.6585493,4.255029678344727,-4.097624778747559,-2.68585756614918,-3.322190915308967e-15,3.74213595378172e-15,1.3305212939230612e-15,0.0,0.0,1300.0,0.0,0.0,1300.0
1769432569.7085476,4.255029678344727,-4.097624778747559,-2.68585756614918,-1.5937767569574996e-15,4.3335101926338224e-15,1.3305212939230612e-15,0.0,0.0,1300.0,0.0,0.0,1300.0
1769432569.7584348,4.255029678344727,-4.097624778747559,-2.68585756614918,-1.5937767569574996e-15,4.3335101926338224e-15,1.3305212939230612e-15,0.0,0.0,1300.0,0.0,0.0,1300.0
1769432569.8084452,4.255029678344727,-4.097624778747559,-2.68585756614918,1.3421553800483435e-16,4.924740091577898e-15,1.3305212939230612e-15,0.0,0.0,1300.0,0.0,0.0,1300.0
1769432569.8584363,4.255029678344727,-4.097624778747559,-2.68585756614918,1.3421553800483435e-16,4.924740091577898e-15,1.3305212939230612e-15,0.0,0.0,1300.0,0.0,0.0,1300.0
1769432569.9084594,4.255029678344727,-4.097624778747559,-2.68585756614918,1.2938297704850343e-15,4.35635735669611e-15,1.3305212939230612e-15,0.0,0.0,1300.0,0.0,0.0,1300.0
1769432569.9585152,4.255029678344727,-4.097624778747559,-2.68585756614918,1.2938297704850343e-15,4.35635735669611e-15,1.3305212939230612e-15,0.0,0.0,1300.0,0.0,0.0,1300.0
1769432570.0084562,4.255029678344727,-4.097624778747559,-2.68585756614918,1.8850733941764405e-15,2.6283249483063606e-15,1.3305212939230612e-15,0.0,0.0,1300.0,0.0,0.0,1300.0
1769432570.058462,4.255029678344727,-4.097624778747559,-2.68585756614918,1.8850733941764405e-15,2.6283249483063606e-15,1.3305212939230612e-15,0.0,0.0,1300.0,0.0,0.0,1300.0
1769432570.1084054,4.255029678344727,-4.097624778747559,-2.68585756614918,2.476216553416035e-15,9.00586168163353e-16,1.3305212939230612e-15,0.0,0.0,1300.0,0.0,0.0,1300.0
1769432570.1584685,4.255029678344727,-4.097624778747559,-2.68585756614918,2.476216553416035e-15,9.00586168163353e-16,1.3305212939230612e-15,0.0,0.0,1300.0,0.0,0.0,1300.0
1769432570.2084494,4.255029678344727,-4.097624778747559,-2.68585756614918,3.0675029672312032e-15,-8.275713032590569e-16,1.3305212939230612e-15,0.0,0.0,1300.0,0.0,0.0,1300.0
1769432570.2584696,4.255029678344727,-4.097624778747559,-2.68585756614918,3.0675029672312032e-15,-8.275713032590569e-16,1.3305212939230612e-15,0.0,0.0,1300.0,0.0,0.0,1300.0
1769432570.3084753,4.255029678344727,-4.097624778747559,-2.68585756614918,3.65874313991948e-15,-2.555593625374705e-15,1.3305212939230612e-15,0.0,0.0,1300.0,0.0,0.0,1300.0
1769432570.3584423,4.255029678344727,-4.097624778747559,-2.68585756614918,3.65874313991948e-15,-2.555593625374705e-15,1.3305212939230612e-15,0.0,0.0,1300.0,0.0,0.0,1300.0
1769432570.408488,4.255029678344727,-4.097624778747559,-2.68585756614918,4.2500102394882294e-15,-4.283694646896568e-15,1.3305212939230612e-15,0.0,0.0,1300.0,0.0,0.0,1300.0
1769432570.4584482,4.255029678344727,-4.097624778747559,-2.68585756614918,4.2500102394882294e-15,-4.283694646896568e-15,1.3305212939230612e-15,0.0,0.0,1300.0,0.0,0.0,1300.0
1769432570.5084598,4.255029678344727,-4.097624778747559,-2.68585756614918,3.681621556086786e-15,-5.4433210155442344e-15,1.3305212939230612e-15,0.0,0.0,1300.0,0.0,0.0,1300.0
1769432570.5584993,4.255029678344727,-4.097624778747559,-2.68585756614918,3.681621556086786e-15,-5.4433210155442344e-15,1.3305212939230612e-15,0.0,0.0,1300.0,0.0,0.0,1300.0
1769432570.6084616,4.255029678344727,-4.097624778747559,-2.68585756614918,1.9534272658848033e-15,-6.0346200268480544e-15,1.3305212939230612e-15,0.0,0.0,1300.0,0.0,0.0,1300.0
1769432570.658491,4.255029678344727,-4.097624778747559,-2.68585756614918,1.9534272658848033e-15,-6.0346200268480544e-15,1.3305212939230612e-15,0.0,0.0,1300.0,0.0,0.0,1300.0
1769432570.7084641,4.255029678344727,-4.097624778747559,-2.68585756614918,7.938099997499037e-16,-5.466235805026122e-15,1.3305212939230612e-15,0.0,0.0,1300.0,0.0,0.0,1300.0
1769432570.7584546,4.255029678344727,-4.097624778747559,-2.68585756614918,7.938099997499037e-16,-5.466235805026122e-15,1.3305212939230612e-15,0.0,0.0,1300.0,0.0,0.0,1300.0
1769432570.80849,4.255029678344727,-4.097624778747559,-2.68585756614918,2.025936420200541e-16,-3.738283087077551e-15,1.3305212939230612e-15,0.0,0.0,1300.0,0.0,0.0,1300.0
1769432570.8584301,4.255029678344727,-4.097624778747559,-2.68585756614918,2.025936420200541e-16,-3.738283087077551e-15,1.3305212939230612e-15,1000.0,0.05235987755982988,1300.0,0.0,1000.0,1300.0
1769432570.9084969,4.255029678344727,-4.097624778747559,-2.68585756614918,-3.886746031761412e-16,-2.010178717221303e-15,1.3305212939230612e-15,2000.0,0.10471975511965977,1300.0,0.0,2000.0,1300.0
1769432570.9584398,4.255029678344727,-4.097624778747559,-2.68585756614918,-3.886746031761412e-16,-2.010178717221303e-15,1.3305212939230612e-15,2000.0,0.10471975511965977,1300.0,0.0,2000.0,1300.0
1769432571.0084481,4.255029678344727,-4.097624778747559,-2.68585756614918,-9.79923955039355e-16,-2.8212956705857315e-16,1.3305212939230612e-15,3000.0,0.15707963267948963,1300.0,0.0,3000.0,1300.0
1769432571.0584826,4.255029678344727,-4.097624778747559,-2.68585756614918,-9.79923955039355e-16,-2.8212956705857315e-16,1.3305212939230612e-15,4000.0,0.20943951023931953,1300.0,0.0,4000.0,1300.0
1769432571.1084316,4.255029678344727,-4.097624778747559,-2.68585756614918,-1.5712049400983815e-15,1.4460120376953865e-15,1.3305212939230612e-15,4000.0,0.20943951023931953,1300.0,0.0,4000.0,1300.0
1769432571.1583843,4.255029678344727,-4.097624778747559,-2.68585756614918,-1.5712049400983815e-15,1.4460120376953865e-15,1.3305212939230612e-15,5000.0,0.2617993877991494,1300.0,0.0,5000.0,1300.0
1769432571.2083874,4.255029678344727,-4.097624778747559,-2.68585756614918,-2.1624198077710926e-15,3.173960400642192e-15,1.3305212939230612e-15,6000.0,0.31415926535897926,1300.0,0.0,6000.0,1300.0
1769432571.258372,4.255029678344727,-4.097624778747559,-2.68585756614918,-2.1624198077710926e-15,3.173960400642192e-15,1.3305212939230612e-15,6000.0,0.31415926535897926,1300.0,0.0,6000.0,1300.0
1769432571.3085463,4.255029678344727,-4.097624778747559,-2.68585756614918,-2.7536882933566993e-15,4.902065473086471e-15,1.3305212939230612e-15,7000.0,0.36651914291880916,1300.0,0.0,7000.0,1300.0
1769432571.3583858,4.255029678344727,-4.097624778747559,-2.68585756614918,-2.7536882933566993e-15,4.902065473086471e-15,1.3305212939230612e-15,8000.0,0.41887902047863906,1300.0,0.0,8000.0,1300.0
1769432571.4084575,4.255029678344727,-4.097624778747559,-2.68585756614918,-2.1851628473460823e-15,6.0619708647556606e-15,1.3305212939230612e-15,8000.0,0.41887902047863906,1300.0,0.0,8000.0,1300.0
1769432571.4585257,4.255029678344727,-4.097624778747559,-2.68585756614918,-2.1851628473460823e-15,6.0619708647556606e-15,1.3305212939230612e-15,9000.0,0.47123889803846897,1300.0,0.0,9000.0,1300.0
1769432571.5083582,4.255029678344727,-4.097624778747559,-2.68585756614918,-1.0257704202054514e-15,5.4936968473438595e-15,1.3305212939230612e-15,9000.0,0.47123889803846897,1300.0,0.0,9000.0,1300.0
1769432571.5585513,4.255029678344727,-4.097624778747559,-2.68585756614918,-1.0257704202054514e-15,5.4936968473438595e-15,1.3305212939230612e-15,9000.0,0.47123889803846897,1300.0,0.0,9000.0,1300.0
1769432571.608356,4.255029678344727,-4.097624778747559,-2.68585756614918,-4.3455452997173107e-16,3.765745495749917e-15,1.3305212939230612e-15,9000.0,0.47123889803846897,1300.0,0.0,9000.0,1300.0
1769432571.6586175,4.255029678344727,-4.097624778747559,-2.68585756614918,-4.3455452997173107e-16,3.765745495749917e-15,1.3305212939230612e-15,9000.0,0.47123889803846897,1300.0,0.0,9000.0,1300.0
1769432571.708386,4.255029678344727,-4.097624778747559,-2.68585756614918,1.5661167574983742e-16,2.0379393574720316e-15,1.3305212939230612e-15,9000.0,0.47123889803846897,1300.0,0.0,9000.0,1300.0
1769432571.7584267,4.255029678344727,-4.097624778747559,-2.68585756614918,1.5661167574983742e-16,2.0379393574720316e-15,1.3305212939230612e-15,9000.0,0.47123889803846897,1300.0,0.0,9000.0,1300.0
1769432571.8085098,4.255029678344727,-4.097624778747559,-2.68585756614918,7.478892754450082e-16,3.098076471477494e-16,1.3305212939230612e-15,9000.0,0.47123889803846897,1300.0,0.0,9000.0,1300.0
1769432571.8584485,4.255029678344727,-4.097624778747559,-2.68585756614918,7.478892754450082e-16,3.098076471477494e-16,1.3305212939230612e-15,9000.0,0.47123889803846897,1300.0,0.0,9000.0,1300.0
1769432571.9085577,4.255029678344727,-4.097624778747559,-2.68585756614918,1.3391522336307403e-15,-1.4182812703212626e-15,1.3305212939230612e-15,9000.0,0.47123889803846897,1300.0,0.0,9000.0,1300.0
1769432571.958522,4.255029678344727,-4.097624778747559,-2.68585756614918,1.3391522336307403e-15,-1.4182812703212626e-15,1.3305212939230612e-15,9000.0,0.47123889803846897,1300.0,0.0,9000.0,1300.0
1769432572.008525,4.255029678344727,-4.097624778747559,-2.68585756614918,1.930449378575594e-15,-3.1464701057011538e-15,1.3305212939230612e-15,9000.0,0.47123889803846897,1300.0,0.0,9000.0,1300.0
1769432572.0585213,4.255029678344727,-4.097624778747559,-2.68585756614918,1.930449378575594e-15,-3.1464701057011538e-15,1.3305212939230612e-15,9000.0,0.47123889803846897,1300.0,0.0,9000.0,1300.0
1769432572.108424,4.255029678344727,-4.097624778747559,-2.68585756614918,2.5216816925736193e-15,-4.874469459160739e-15,1.3305212939230612e-15,9000.0,0.47123889803846897,1300.0,0.0,9000.0,1300.0
1769432572.158543,4.255029678344727,-4.097624778747559,-2.68585756614918,2.5216816925736193e-15,-4.874469459160739e-15,1.3305212939230612e-15,9000.0,0.47123889803846897,1300.0,0.0,9000.0,1300.0
1769432572.2084737,4.255029678344727,-4.097624778747559,-2.68585756614918,3.1129122223392944e-15,-6.6024635978303435e-15,1.3305212939230612e-15,9000.0,0.47123889803846897,1300.0,0.0,9000.0,1300.0
1769432572.2584531,4.255029678344727,-4.097624778747559,-2.68585756614918,3.1129122223392944e-15,-6.6024635978303435e-15,1.3305212939230612e-15,9000.0,0.47123889803846897,1300.0,0.0,9000.0,1300.0
1769432572.3085232,4.255029678344727,-4.097624778747559,-2.68585756614918,3.1129122223392944e-15,-6.6024635978303435e-15,1.3305212939230612e-15,9000.0,0.47123889803846897,1300.0,0.0,9000.0,1300.0
1769432572.358525,4.255029678344727,-4.097624778747559,-2.68585756614918,3.1129122223392944e-15,-6.6024635978303435e-15,1.3305212939230612e-15,8000.0,0.41887902047863906,1300.0,0.0,8000.0,1300.0
1769432572.4085429,4.255029678344727,-4.097624778747559,-2.68585756614918,2.521688298829976e-15,-4.8744887673183686e-15,1.3305212939230612e-15,7000.0,0.36651914291880916,1300.0,0.0,7000.0,1300.0
1769432572.458517,4.255029678344727,-4.097624778747559,-2.68585756614918,2.521688298829976e-15,-4.8744887673183686e-15,1.3305212939230612e-15,6000.0,0.31415926535897926,1300.0,0.0,6000.0,1300.0
1769432572.508548,4.255029678344727,-4.097624778747559,-2.68585756614918,1.9302946145228184e-15,-3.1460177755818395e-15,1.3305212939230612e-15,5000.0,0.2617993877991494,1400.0,0.0,5000.0,1400.0
1769432572.5585008,4.255029678344727,-4.097624778747559,-2.68585756614918,1.9302946145228184e-15,-3.1460177755818395e-15,1.3305212939230612e-15,4000.0,0.20943951023931953,1400.0,0.0,4000.0,1400.0
1769432572.6084661,4.255029678344727,-4.097624778747559,-2.68585756614918,1.3390526493128795e-15,-1.4179902144489727e-15,1.3305212939230612e-15,3000.0,0.15707963267948963,1400.0,0.0,3000.0,1400.0
1769432572.6584196,4.255029678344727,-4.097624778747559,-2.68585756614918,1.3390526493128795e-15,-1.4179902144489727e-15,1.3305212939230612e-15,2000.0,0.10471975511965977,1400.0,0.0,2000.0,1400.0
1769432572.7085626,4.255029678344727,-4.097624778747559,-2.68585756614918,7.477998952192187e-16,3.100688794395543e-16,1.3305212939230612e-15,1000.0,0.05235987755982988,1400.0,0.0,1000.0,1400.0
1769432572.758517,4.255029678344727,-4.097624778747559,-2.68585756614918,7.477998952192187e-16,3.100688794395543e-16,1.3305212939230612e-15,0.0,0.0,1400.0,0.0,0.0,1400.0
1769432572.8084373,4.255029678344727,-4.097624778747559,-2.68585756614918,1.5657406868035064e-16,2.0380492719510248e-15,1.3305212939230612e-15,0.0,0.0,1400.0,0.0,0.0,1400.0
1769432572.8585205,4.255029678344727,-4.097624778747559,-2.68585756614918,1.5657406868035064e-16,2.0380492719510248e-15,1.3305212939230612e-15,0.0,0.0,1400.0,0.0,0.0,1400.0
1769432572.9084115,4.255029678344727,-4.097624778747559,-2.68585756614918,-4.3463551526166567e-16,3.765982192096398e-15,1.3305212939230612e-15,0.0,0.0,1400.0,0.0,0.0,1400.0
1769432572.9585097,4.255029678344727,-4.097624778747559,-2.68585756614918,-4.3463551526166567e-16,3.765982192096398e-15,1.3305212939230612e-15,0.0,0.0,1400.0,0.0,0.0,1400.0
1769432573.0085108,4.255029678344727,-4.097624778747559,-2.68585756614918,-1.0259181136622495e-15,5.494128512176469e-15,1.3305212939230612e-15,0.0,0.0,1400.0,0.0,0.0,1400.0
1769432573.0585232,4.255029678344727,-4.097624778747559,-2.68585756614918,-1.0259181136622495e-15,5.494128512176469e-15,1.3305212939230612e-15,0.0,0.0,1400.0,0.0,0.0,1400.0
1769432573.1084378,4.255029678344727,-4.097624778747559,-2.68585756614918,-2.185608000877275e-15,6.06254832908423e-15,1.3305212939230612e-15,0.0,0.0,1400.0,0.0,0.0,1400.0
1769432573.15851,4.255029678344727,-4.097624778747559,-2.68585756614918,-2.185608000877275e-15,6.06254832908423e-15,1.3305212939230612e-15,0.0,0.0,1400.0,0.0,0.0,1400.0
1769432573.2085187,4.255029678344727,-4.097624778747559,-2.68585756614918,-2.7540107803086393e-15,4.902893201721856e-15,1.3305212939230612e-15,0.0,0.0,1400.0,0.0,0.0,1400.0
1769432573.2584918,4.255029678344727,-4.097624778747559,-2.68585756614918,-2.7540107803086393e-15,4.902893201721856e-15,1.3305212939230612e-15,0.0,0.0,1400.0,0.0,0.0,1400.0
1769432573.308473,4.255029678344727,-4.097624778747559,-2.68585756614918,-2.16277785544085e-15,3.174892062868388e-15,1.3305212939230612e-15,0.0,0.0,1400.0,0.0,0.0,1400.0
1769432573.3585007,4.255029678344727,-4.097624778747559,-2.68585756614918,-2.16277785544085e-15,3.174892062868388e-15,1.3305212939230612e-15,0.0,0.0,1400.0,0.0,0.0,1400.0
1769432573.4085364,4.255029678344727,-4.097624778747559,-2.68585756614918,-1.571527509441762e-15,1.4468400071368866e-15,1.3305212939230612e-15,1000.0,0.05235987755982988,1400.0,0.0,1000.0,1400.0
1769432573.458517,4.255029678344727,-4.097624778747559,-2.68585756614918,-1.571527509441762e-15,1.4468400071368866e-15,1.3305212939230612e-15,1000.0,0.05235987755982988,1400.0,0.0,1000.0,1400.0
1769432573.5085099,4.255029678344727,-4.097624778747559,-2.68585756614918,-9.802642057766832e-16,-2.812499200673403e-16,1.3305212939230612e-15,2000.0,0.10471975511965977,1400.0,0.0,2000.0,1400.0
1769432573.55852,4.255029678344727,-4.097624778747559,-2.68585756614918,-9.802642057766832e-16,-2.812499200673403e-16,1.3305212939230612e-15,3000.0,0.15707963267948963,1400.0,0.0,3000.0,1400.0
1769432573.608522,4.255029678344727,-4.097624778747559,-2.68585756614918,-3.89031823216236e-16,-2.009249473914856e-15,1.3305212939230612e-15,3000.0,0.15707963267948963,1400.0,0.0,3000.0,1400.0
1769432573.658447,4.255029678344727,-4.097624778747559,-2.68585756614918,-3.89031823216236e-16,-2.009249473914856e-15,1.3305212939230612e-15,4000.0,0.20943951023931953,1400.0,0.0,4000.0,1400.0
1769432573.7084172,4.255029678344727,-4.097624778747559,-2.68585756614918,2.0215769309329976e-16,-3.737123742232292e-15,1.3305212939230612e-15,5000.0,0.2617993877991494,1400.0,0.0,5000.0,1400.0
1769432573.7584438,4.255029678344727,-4.097624778747559,-2.68585756614918,2.0215769309329976e-16,-3.737123742232292e-15,1.3305212939230612e-15,5000.0,0.2617993877991494,1400.0,0.0,5000.0,1400.0
1769432573.8084686,4.255029678344727,-4.097624778747559,-2.68585756614918,7.934266628577238e-16,-5.465230229789825e-15,1.3305212939230612e-15,6000.0,0.31415926535897926,1400.0,0.0,6000.0,1400.0
1769432573.8584404,4.255029678344727,-4.097624778747559,-2.68585756614918,7.934266628577238e-16,-5.465230229789825e-15,1.3305212939230612e-15,7000.0,0.36651914291880916,1400.0,0.0,7000.0,1400.0
1769432573.9085124,4.255029678344727,-4.097624778747559,-2.68585756614918,1.9530062260245395e-15,-6.033595971572869e-15,1.3305212939230612e-15,7000.0,0.36651914291880916,1400.0,0.0,7000.0,1400.0
1769432573.958492,4.255029678344727,-4.097624778747559,-2.68585756614918,1.9530062260245395e-15,-6.033595971572869e-15,1.3305212939230612e-15,6000.0,0.31415926535897926,1400.0,0.0,6000.0,1400.0
1769432574.0084102,4.255029678344727,-4.097624778747559,-2.68585756614918,3.680863203753155e-15,-5.442412371211634e-15,1.3305212939230612e-15,5000.0,0.2617993877991494,1400.0,0.0,5000.0,1400.0
1769432574.0585053,4.255029678344727,-4.097624778747559,-2.68585756614918,3.680863203753155e-15,-5.442412371211634e-15,1.3305212939230612e-15,4000.0,0.20943951023931953,1300.0,0.0,4000.0,1300.0
1769432574.1084476,4.255029678344727,-4.097624778747559,-2.68585756614918,4.249262922213629e-15,-4.282763488840868e-15,1.3305212939230612e-15,3000.0,0.15707963267948963,1300.0,0.0,3000.0,1300.0
1769432574.1584249,4.255029678344727,-4.097624778747559,-2.68585756614918,4.249262922213629e-15,-4.282763488840868e-15,1.3305212939230612e-15,2000.0,0.10471975511965977,1300.0,0.0,2000.0,1300.0
1769432574.2084649,4.255029678344727,-4.097624778747559,-2.68585756614918,3.657976615749269e-15,-2.5546063311735124e-15,1.3305212939230612e-15,1000.0,0.05235987755982988,1300.0,0.0,1000.0,1300.0
1769432574.2584336,4.255029678344727,-4.097624778747559,-2.68585756614918,3.657976615749269e-15,-2.5546063311735124e-15,1.3305212939230612e-15,0.0,0.0,1300.0,0.0,0.0,1300.0
1769432574.308362,4.255029678344727,-4.097624778747559,-2.68585756614918,3.0667985384739686e-15,-8.267654958117791e-16,1.3305212939230612e-15,0.0,0.0,1300.0,0.0,0.0,1300.0
1769432574.3584552,4.255029678344727,-4.097624778747559,-2.68585756614918,3.0667985384739686e-15,-8.267654958117791e-16,1.3305212939230612e-15,0.0,0.0,1300.0,0.0,0.0,1300.0
1769432574.408524,4.255029678344727,-4.097624778747559,-2.68585756614918,2.475568123283844e-15,9.012283079869589e-16,1.3305212939230612e-15,0.0,0.0,1300.0,0.0,0.0,1300.0
1769432574.4585373,4.255029678344727,-4.097624778747559,-2.68585756614918,2.475568123283844e-15,9.012283079869589e-16,1.3305212939230612e-15,0.0,0.0,1300.0,0.0,0.0,1300.0
1769432574.508476,4.255029678344727,-4.097624778747559,-2.68585756614918,1.88419852860339e-15,2.6296288927812702e-15,1.3305212939230612e-15,0.0,0.0,1300.0,0.0,0.0,1300.0
1769432574.5585277,4.255029678344727,-4.097624778747559,-2.68585756614918,1.88419852860339e-15,2.6296288927812702e-15,1.3305212939230612e-15,0.0,0.0,1300.0,0.0,0.0,1300.0
1769432574.6084929,4.255029678344727,-4.097624778747559,-2.68585756614918,1.2930201220010836e-15,4.357470690669647e-15,1.3305212939230612e-15,0.0,0.0,1300.0,0.0,0.0,1300.0
1769432574.658513,4.255029678344727,-4.097624778747559,-2.68585756614918,1.2930201220010836e-15,4.357470690669647e-15,1.3305212939230612e-15,0.0,0.0,1300.0,0.0,0.0,1300.0
1769432574.7084062,4.255029678344727,-4.097624778747559,-2.68585756614918,1.3344743515442534e-16,4.9258330620373e-15,1.3305212939230612e-15,0.0,0.0,1300.0,0.0,0.0,1300.0
1769432574.758571,4.255029678344727,-4.097624778747559,-2.68585756614918,1.3344743515442534e-16,4.9258330620373e-15,1.3305212939230612e-15,0.0,0.0,1300.0,0.0,0.0,1300.0
1769432574.8084955,4.255029678344727,-4.097624778747559,-2.68585756614918,-1.5948377777941586e-15,4.334502941655944e-15,1.3305212939230612e-15,0.0,0.0,1300.0,0.0,0.0,1300.0
1769432574.8585534,4.255029678344727,-4.097624778747559,-2.68585756614918,-1.5948377777941586e-15,4.334502941655944e-15,1.3305212939230612e-15,0.0,0.0,1300.0,0.0,0.0,1300.0
1769432574.9085603,4.255029678344727,-4.097624778747559,-2.68585756614918,-3.3230135525688897e-15,3.743210265377005e-15,1.3305212939230612e-15,1000.0,0.05235987755982988,1300.0,0.0,1000.0,1300.0
1769432574.9585547,4.255029678344727,-4.097624778747559,-2.68585756614918,-3.3230135525688897e-15,3.743210265377005e-15,1.3305212939230612e-15,2000.0,0.10471975511965977,1300.0,0.0,2000.0,1300.0
1769432575.0085452,4.255029678344727,-4.097624778747559,-2.68585756614918,-3.891413134151453e-15,2.583561662264499e-15,1.3305212939230612e-15,2000.0,0.10471975511965977,1300.0,0.0,2000.0,1300.0
1769432575.058564,4.255029678344727,-4.097624778747559,-2.68585756614918,-3.891413134151453e-15,2.583561662264499e-15,1.3305212939230612e-15,3000.0,0.15707963267948963,1300.0,0.0,3000.0,1300.0
1769432575.1084998,4.255029678344727,-4.097624778747559,-2.68585756614918,-3.3001243109732375e-15,8.55397148977682e-16,1.3305212939230612e-15,4000.0,0.20943951023931953,1300.0,0.0,4000.0,1300.0
1769432575.1584613,4.255029678344727,-4.097624778747559,-2.68585756614918,-3.3001243109732375e-15,8.55397148977682e-16,1.3305212939230612e-15,4000.0,0.20943951023931953,1300.0,0.0,4000.0,1300.0
1769432575.2085004,4.255029678344727,-4.097624778747559,-2.68585756614918,-2.7089629219867206e-15,-8.723949113906277e-16,1.3305212939230612e-15,5000.0,0.2617993877991494,1300.0,0.0,5000.0,1300.0
1769432575.2584608,4.255029678344727,-4.097624778747559,-2.68585756614918,-2.7089629219867206e-15,-8.723949113906277e-16,1.3305212939230612e-15,6000.0,0.31415926535897926,1300.0,0.0,6000.0,1300.0
1769432575.30855,4.255029678344727,-4.097624778747559,-2.68585756614918,-2.117621698703507e-15,-2.6007125748781572e-15,1.3305212939230612e-15,6000.0,0.31415926535897926,1300.0,0.0,6000.0,1300.0
1769432575.3585439,4.255029678344727,-4.097624778747559,-2.68585756614918,-2.117621698703507e-15,-2.6007125748781572e-15,1.3305212939230612e-15,7000.0,0.36651914291880916,1300.0,0.0,7000.0,1300.0
1769432575.4085052,4.255029678344727,-4.097624778747559,-2.68585756614918,-1.5263873144354501e-15,-4.328717979132314e-15,1.3305212939230612e-15,8000.0,0.41887902047863906,1300.0,0.0,8000.0,1300.0
1769432575.4584935,4.255029678344727,-4.097624778747559,-2.68585756614918,-1.5263873144354501e-15,-4.328717979132314e-15,1.3305212939230612e-15,8000.0,0.41887902047863906,1300.0,0.0,8000.0,1300.0
1769432575.5083613,4.255029678344727,-4.097624778747559,-2.68585756614918,-3.667429982001152e-16,-4.8971154595100955e-15,1.3305212939230612e-15,9000.0,0.47123889803846897,1300.0,0.0,9000.0,1300.0
1769432575.558438,4.255029678344727,-4.097624778747559,-2.68585756614918,-3.667429982001152e-16,-4.8971154595100955e-15,1.3305212939230612e-15,9000.0,0.47123889803846897,1300.0,0.0,9000.0,1300.0
1769432575.608561,4.255029678344727,-4.097624778747559,-2.68585756614918,1.3613642521114952e-15,-4.30584622877054e-15,1.3305212939230612e-15,9000.0,0.47123889803846897,1300.0,0.0,9000.0,1300.0
1769432575.6585336,4.255029678344727,-4.097624778747559,-2.68585756614918,1.3613642521114952e-15,-4.30584622877054e-15,1.3305212939230612e-15,9000.0,0.47123889803846897,1300.0,0.0,9000.0,1300.0
1769432575.7084804,4.255029678344727,-4.097624778747559,-2.68585756614918,3.089093374733142e-15,-3.714706373836986e-15,1.3305212939230612e-15,9000.0,0.47123889803846897,1300.0,0.0,9000.0,1300.0
1769432575.758505,4.255029678344727,-4.097624778747559,-2.68585756614918,3.089093374733142e-15,-3.714706373836986e-15,1.3305212939230612e-15,9000.0,0.47123889803846897,1300.0,0.0,9000.0,1300.0
1769432575.8085458,4.255029678344727,-4.097624778747559,-2.68585756614918,4.8173782991947045e-15,-3.12337635216102e-15,1.3305212939230612e-15,9000.0,0.47123889803846897,1300.0,0.0,9000.0,1300.0
1769432575.858535,4.255029678344727,-4.097624778747559,-2.68585756614918,4.8173782991947045e-15,-3.12337635216102e-15,1.3305212939230612e-15,9000.0,0.47123889803846897,1300.0,0.0,9000.0,1300.0
1769432575.90851,4.255029678344727,-4.097624778747559,-2.68585756614918,5.38577233715118e-15,-1.9637390591522814e-15,1.3305212939230612e-15,9000.0,0.47123889803846897,1300.0,0.0,9000.0,1300.0
1769432575.9584608,4.255029678344727,-4.097624778747559,-2.68585756614918,5.38577233715118e-15,-1.9637390591522814e-15,1.3305212939230612e-15,9000.0,0.47123889803846897,1300.0,0.0,9000.0,1300.0
1769432576.0085464,4.255029678344727,-4.097624778747559,-2.68585756614918,4.794481767127298e-15,-2.355694403458395e-16,1.3305212939230612e-15,9000.0,0.47123889803846897,1300.0,0.0,9000.0,1300.0
1769432576.0585392,4.255029678344727,-4.097624778747559,-2.68585756614918,4.794481767127298e-15,-2.355694403458395e-16,1.3305212939230612e-15,9000.0,0.47123889803846897,1300.0,0.0,9000.0,1300.0
1769432576.1085672,4.255029678344727,-4.097624778747559,-2.68585756614918,4.203243007028189e-15,1.4924487531842905e-15,1.3305212939230612e-15,9000.0,0.47123889803846897,1300.0,0.0,9000.0,1300.0
1769432576.1584897,4.255029678344727,-4.097624778747559,-2.68585756614918,4.203243007028189e-15,1.4924487531842905e-15,1.3305212939230612e-15,9000.0,0.47123889803846897,1300.0,0.0,9000.0,1300.0
1769432576.2085283,4.255029678344727,-4.097624778747559,-2.68585756614918,3.612029915539362e-15,3.2203919248644294e-15,1.3305212939230612e-15,9000.0,0.47123889803846897,1300.0,0.0,9000.0,1300.0
1769432576.2584991,4.255029678344727,-4.097624778747559,-2.68585756614918,3.612029915539362e-15,3.2203919248644294e-15,1.3305212939230612e-15,9000.0,0.47123889803846897,1300.0,0.0,9000.0,1300.0
1769432576.3085825,4.255029678344727,-4.097624778747559,-2.68585756614918,2.4523410957730566e-15,3.7888112185642076e-15,1.3305212939230612e-15,9000.0,0.47123889803846897,1300.0,0.0,9000.0,1300.0
1769432576.3585415,4.255029678344727,-4.097624778747559,-2.68585756614918,2.4523410957730566e-15,3.7888112185642076e-15,1.3305212939230612e-15,9000.0,0.47123889803846897,1300.0,0.0,9000.0,1300.0
1769432576.408551,4.255029678344727,-4.097624778747559,-2.68585756614918,7.24446006912352e-16,3.1976145785379e-15,1.3305212939230612e-15,8000.0,0.41887902047863906,1300.0,0.0,8000.0,1300.0
1769432576.4585469,4.255029678344727,-4.097624778747559,-2.68585756614918,7.24446006912352e-16,3.1976145785379e-15,1.3305212939230612e-15,7000.0,0.36651914291880916,1300.0,0.0,7000.0,1300.0
1769432576.5085425,4.255029678344727,-4.097624778747559,-2.68585756614918,-1.003658495243589e-15,2.6063462880755684e-15,1.3305212939230612e-15,6000.0,0.31415926535897926,1300.0,0.0,6000.0,1300.0
1769432576.5584588,4.255029678344727,-4.097624778747559,-2.68585756614918,-1.003658495243589e-15,2.6063462880755684e-15,1.3305212939230612e-15,5000.0,0.2617993877991494,1300.0,0.0,5000.0,1300.0
1769432576.6085188,4.255029678344727,-4.097624778747559,-2.68585756614918,-2.7314957229207653e-15,2.0151694451639762e-15,1.3305212939230612e-15,4000.0,0.20943951023931953,1300.0,0.0,4000.0,1300.0
1769432576.6585498,4.255029678344727,-4.097624778747559,-2.68585756614918,-2.7314957229207653e-15,2.0151694451639762e-15,1.3305212939230612e-15,3000.0,0.15707963267948963,1300.0,0.0,3000.0,1300.0
1769432576.708532,4.255029678344727,-4.097624778747559,-2.68585756614918,-4.459405865978113e-15,1.4239676543675033e-15,1.3305212939230612e-15,2000.0,0.10471975511965977,1300.0,0.0,2000.0,1300.0
1769432576.7585201,4.255029678344727,-4.097624778747559,-2.68585756614918,-4.459405865978113e-15,1.4239676543675033e-15,1.3305212939230612e-15,1000.0,0.05235987755982988,1300.0,0.0,1000.0,1300.0
1769432576.8086116,4.255029678344727,-4.097624778747559,-2.68585756614918,-5.0278734311528835e-15,2.64180351156876e-16,1.3305212939230612e-15,0.0,0.0,1300.0,0.0,0.0,1300.0
1769432576.8584569,4.255029678344727,-4.097624778747559,-2.68585756614918,-5.0278734311528835e-15,2.64180351156876e-16,1.3305212939230612e-15,0.0,0.0,1300.0,0.0,0.0,1300.0
1769432576.9084587,4.255029678344727,-4.097624778747559,-2.68585756614918,-4.436713997499163e-15,-1.4636059943448256e-15,1.3305212939230612e-15,0.0,0.0,1300.0,0.0,0.0,1300.0
1769432576.9584394,4.255029678344727,-4.097624778747559,-2.68585756614918,-4.436713997499163e-15,-1.4636059943448256e-15,1.3305212939230612e-15,0.0,0.0,1300.0,0.0,0.0,1300.0
1769432577.0084622,4.255029678344727,-4.097624778747559,-2.68585756614918,-3.845491251111798e-15,-3.1915773844731704e-15,1.3305212939230612e-15,0.0,0.0,1300.0,0.0,0.0,1300.0
1769432577.0583773,4.255029678344727,-4.097624778747559,-2.68585756614918,-3.845491251111798e-15,-3.1915773844731704e-15,1.3305212939230612e-15,0.0,0.0,1300.0,0.0,0.0,1300.0
1769432577.1084702,4.255029678344727,-4.097624778747559,-2.68585756614918,-2.6858536559846532e-15,-3.759971570512415e-15,1.3305212939230612e-15,0.0,0.0,1300.0,0.0,0.0,1300.0
1769432577.1584768,4.255029678344727,-4.097624778747559,-2.68585756614918,-2.6858536559846532e-15,-3.759971570512415e-15,1.3305212939230612e-15,0.0,0.0,1300.0,0.0,0.0,1300.0
1769432577.2084644,4.255029678344727,-4.097624778747559,-2.68585756614918,-9.578536167093031e-16,-3.168739021863583e-15,1.3305212939230612e-15,0.0,0.0,1300.0,0.0,0.0,1300.0
1769432577.2584047,4.255029678344727,-4.097624778747559,-2.68585756614918,-9.578536167093031e-16,-3.168739021863583e-15,1.3305212939230612e-15,0.0,0.0,1300.0,0.0,0.0,1300.0
1769432577.308461,4.255029678344727,-4.097624778747559,-2.68585756614918,7.702047915719843e-16,-2.5774865023493814e-15,1.3305212939230612e-15,0.0,0.0,1300.0,0.0,0.0,1300.0
1769432577.358481,4.255029678344727,-4.097624778747559,-2.68585756614918,7.702047915719843e-16,-2.5774865023493814e-15,1.3305212939230612e-15,0.0,0.0,1300.0,0.0,0.0,1300.0
1769432577.4084778,4.255029678344727,-4.097624778747559,-2.68585756614918,2.498150079457011e-15,-1.9862726868043155e-15,1.3305212939230612e-15,0.0,0.0,1300.0,0.0,0.0,1300.0
1769432577.4583585,4.255029678344727,-4.097624778747559,-2.68585756614918,2.498150079457011e-15,-1.9862726868043155e-15,1.3305212939230612e-15,0.0,0.0,1300.0,0.0,0.0,1300.0
1769432577.508467,4.255029678344727,-4.097624778747559,-2.68585756614918,4.226159684430049e-15,-1.3950368652667715e-15,1.3305212939230612e-15,0.0,0.0,1300.0,0.0,0.0,1300.0
1769432577.5583966,4.255029678344727,-4.097624778747559,-2.68585756614918,4.226159684430049e-15,-1.3950368652667715e-15,1.3305212939230612e-15,0.0,0.0,1300.0,0.0,0.0,1300.0
1769432577.6084797,4.255029678344727,-4.097624778747559,-2.68585756614918,5.954631128097913e-15,-8.036430263320049e-16,1.3305212939230612e-15,0.0,0.0,1300.0,0.0,0.0,1300.0
1769432577.6583824,4.255029678344727,-4.097624778747559,-2.68585756614918,5.954631128097913e-15,-8.036430263320049e-16,1.3305212939230612e-15,0.0,0.0,1300.0,0.0,0.0,1300.0
1769432577.7084312,4.255029678344727,-4.097624778747559,-2.68585756614918,6.52299693184864e-15,3.5593666326125396e-16,1.3305212939230612e-15,0.0,0.0,1300.0,0.0,0.0,1300.0
1769432577.7585046,4.255029678344727,-4.097624778747559,-2.68585756614918,6.52299693184864e-15,3.5593666326125396e-16,1.3305212939230612e-15,0.0,0.0,1300.0,0.0,0.0,1300.0
1769432577.8084645,4.255029678344727,-4.097624778747559,-2.68585756614918,5.931787277367583e-15,2.0838697895716396e-15,1.3305212939230612e-15,0.0,0.0,1300.0,0.0,0.0,1300.0
1769432577.858491,4.255029678344727,-4.097624778747559,-2.68585756614918,5.931787277367583e-15,2.0838697895716396e-15,1.3305212939230612e-15,0.0,0.0,1300.0,0.0,0.0,1300.0
1769432577.9084673,4.255029678344727,-4.097624778747559,-2.68585756614918,4.772165097780675e-15,2.652256419712832e-15,1.3305212939230612e-15,0.0,0.0,1300.0,0.0,0.0,1300.0
1769432577.9585452,4.255029678344727,-4.097624778747559,-2.68585756614918,4.772165097780675e-15,2.652256419712832e-15,1.3305212939230612e-15,0.0,0.0,1300.0,0.0,0.0,1300.0
1769432578.0085402,4.255029678344727,-4.097624778747559,-2.68585756614918,3.0439277676148248e-15,2.0609426823517472e-15,1.3305212939230612e-15,0.0,0.0,1300.0,0.0,0.0,1300.0
1769432578.0585191,4.255029678344727,-4.097624778747559,-2.68585756614918,3.0439277676148248e-15,2.0609426823517472e-15,1.3305212939230612e-15,0.0,0.0,1300.0,0.0,0.0,1300.0
1769432578.1084995,4.255029678344727,-4.097624778747559,-2.68585756614918,1.3162206186814129e-15,1.4698103456817364e-15,1.3305212939230612e-15,0.0,0.0,1300.0,0.0,0.0,1300.0
1769432578.1585329,4.255029678344727,-4.097624778747559,-2.68585756614918,1.3162206186814129e-15,1.4698103456817364e-15,1.3305212939230612e-15,0.0,0.0,1300.0,0.0,0.0,1300.0
1769432578.208526,4.255029678344727,-4.097624778747559,-2.68585756614918,-4.1213954789082704e-16,8.784545800336348e-16,1.3305212939230612e-15,0.0,0.0,1300.0,0.0,0.0,1300.0
1769432578.2585492,4.255029678344727,-4.097624778747559,-2.68585756614918,-4.1213954789082704e-16,8.784545800336348e-16,1.3305212939230612e-15,0.0,0.0,1300.0,0.0,0.0,1300.0
1769432578.3085275,4.255029678344727,-4.097624778747559,-2.68585756614918,-2.140321081657027e-15,2.8715993332464564e-16,1.3305212939230612e-15,0.0,0.0,1300.0,0.0,0.0,1300.0
1769432578.3586216,4.255029678344727,-4.097624778747559,-2.68585756614918,-2.140321081657027e-15,2.8715993332464564e-16,1.3305212939230612e-15,0.0,0.0,1300.0,0.0,0.0,1300.0
1769432578.4084573,4.255029678344727,-4.097624778747559,-2.68585756614918,-3.8684126380714485e-15,-3.041039277721885e-16,1.3305212939230612e-15,0.0,0.0,1300.0,0.0,0.0,1300.0
1769432578.4584584,4.255029678344727,-4.097624778747559,-2.68585756614918,-3.8684126380714485e-15,-3.041039277721885e-16,1.3305212939230612e-15,0.0,0.0,1300.0,0.0,0.0,1300.0
1769432578.5084367,4.255029678344727,-4.097624778747559,-2.68585756614918,-5.596233359095029e-15,-8.952751229577079e-16,1.3305212939230612e-15,0.0,0.0,1300.0,0.0,0.0,1300.0
1769432578.558467,4.255029678344727,-4.097624778747559,-2.68585756614918,-5.596233359095029e-15,-8.952751229577079e-16,1.3305212939230612e-15,0.0,0.0,1300.0,0.0,0.0,1300.0
1769432578.6085138,4.255029678344727,-4.097624778747559,-2.68585756614918,-6.1645485038372615e-15,-2.0547514580617315e-15,1.3305212939230612e-15,0.0,0.0,1300.0,0.0,0.0,1300.0
1769432578.658537,4.255029678344727,-4.097624778747559,-2.68585756614918,-6.1645485038372615e-15,-2.0547514580617315e-15,1.3305212939230612e-15,0.0,0.0,1300.0,0.0,0.0,1300.0
1769432578.7085125,4.255029678344727,-4.097624778747559,-2.68585756614918,-5.004664330159361e-15,-2.6232665041138283e-15,1.3305212939230612e-15,0.0,0.0,1300.0,0.0,0.0,1300.0
1769432578.7585375,4.255029678344727,-4.097624778747559,-2.68585756614918,-5.004664330159361e-15,-2.6232665041138283e-15,1.3305212939230612e-15,0.0,0.0,1300.0,0.0,0.0,1300.0
1769432578.8083754,4.255029678344727,-4.097624778747559,-2.68585756614918,-3.276689512269922e-15,-2.0320425849232913e-15,1.3305212939230612e-15,0.0,0.0,1300.0,0.0,0.0,1300.0
1769432578.8584728,4.255029678344727,-4.097624778747559,-2.68585756614918,-3.276689512269922e-15,-2.0320425849232913e-15,1.3305212939230612e-15,0.0,0.0,1300.0,0.0,0.0,1300.0
1769432578.9085066,4.255029678344727,-4.097624778747559,-2.68585756614918,-1.5487445391822857e-15,-1.4408288770856666e-15,1.3305212939230612e-15,0.0,0.0,1300.0,0.0,0.0,1300.0
1769432578.958408,4.255029678344727,-4.097624778747559,-2.68585756614918,-1.5487445391822857e-15,-1.4408288770856666e-15,1.3305212939230612e-15,0.0,0.0,1300.0,0.0,0.0,1300.0
1769432579.008546,4.255029678344727,-4.097624778747559,-2.68585756614918,1.7923065575985867e-16,-8.496048288871281e-16,1.3305212939230612e-15,0.0,0.0,1300.0,0.0,0.0,1300.0
1769432579.0585022,4.255029678344727,-4.097624778747559,-2.68585756614918,1.7923065575985867e-16,-8.496048288871281e-16,1.3305212939230612e-15,0.0,0.0,1300.0,0.0,0.0,1300.0
1769432579.1085303,4.255029678344727,-4.097624778747559,-2.68585756614918,1.9075665412864532e-15,-2.5825737096134935e-16,1.3305212939230612e-15,0.0,0.0,1300.0,0.0,0.0,1300.0
1769432579.158414,4.255029678344727,-4.097624778747559,-2.68585756614918,1.9075665412864532e-15,-2.5825737096134935e-16,1.3305212939230612e-15,0.0,0.0,1300.0,0.0,0.0,1300.0
1769432579.2085686,4.255029678344727,-4.097624778747559,-2.68585756614918,3.635547708641638e-15,3.3296872068910047e-16,1.3305212939230612e-15,0.0,0.0,1300.0,0.0,0.0,1300.0
1769432579.2585008,4.255029678344727,-4.097624778747559,-2.68585756614918,3.635547708641638e-15,3.3296872068910047e-16,1.3305212939230612e-15,0.0,0.0,1300.0,0.0,0.0,1300.0
1769432579.3085358,4.255029678344727,-4.097624778747559,-2.68585756614918,5.363294261403452e-15,9.241145393182334e-16,1.3305212939230612e-15,0.0,0.0,1300.0,0.0,0.0,1300.0
1769432579.3584783,4.255029678344727,-4.097624778747559,-2.68585756614918,5.363294261403452e-15,9.241145393182334e-16,1.3305212939230612e-15,0.0,0.0,1300.0,0.0,0.0,1300.0
1769432579.408531,4.255029678344727,-4.097624778747559,-2.68585756614918,7.09144624886221e-15,1.5153990768036953e-15,1.3305212939230612e-15,0.0,0.0,1300.0,0.0,0.0,1300.0
1769432579.4583943,4.255029678344727,-4.097624778747559,-2.68585756614918,7.09144624886221e-15,1.5153990768036953e-15,1.3305212939230612e-15,0.0,0.0,1300.0,0.0,0.0,1300.0
1769432579.5085344,4.255029678344727,-4.097624778747559,-2.68585756614918,7.09144624886221e-15,1.5153990768036953e-15,1.3305212939230612e-15,0.0,0.0,1300.0,0.0,0.0,1300.0
1769432579.5585196,4.255029678344727,-4.097624778747559,-2.68585756614918,7.09144624886221e-15,1.5153990768036953e-15,1.3305212939230612e-15,0.0,0.0,1300.0,0.0,0.0,1300.0
1769432579.6084578,4.255029678344727,-4.097624778747559,-2.68585756614918,5.363721664802967e-15,9.242607747322687e-16,1.3305212939230612e-15,0.0,0.0,1300.0,0.0,0.0,1300.0
1769432579.6584702,4.255029678344727,-4.097624778747559,-2.68585756614918,5.363721664802967e-15,9.242607747322687e-16,1.3305212939230612e-15,0.0,0.0,1300.0,0.0,0.0,1300.0
1769432579.7084904,4.255029678344727,-4.097624778747559,-2.68585756614918,3.63520010742169e-15,3.328497894677396e-16,1.3305212939230612e-15,0.0,0.0,1300.0,0.0,0.0,1300.0
1769432579.7585144,4.255029678344727,-4.097624778747559,-2.68585756614918,3.63520010742169e-15,3.328497894677396e-16,1.3305212939230612e-15,0.0,0.0,1300.0,0.0,0.0,1300.0
1769432579.8084645,4.255029678344727,-4.097624778747559,-2.68585756614918,1.907119712701448e-15,-2.5841025267264373e-16,1.3305212939230612e-15,0.0,0.0,1300.0,0.0,0.0,1300.0
1769432579.8584445,4.255029678344727,-4.097624778747559,-2.68585756614918,1.907119712701448e-15,-2.5841025267264373e-16,1.3305212939230612e-15,0.0,0.0,1300.0,0.0,0.0,1300.0
1769432579.9085321,4.255029678344727,-4.097624778747559,-2.68585756614918,1.7933586270310785e-16,-8.495688324937369e-16,1.3305212939230612e-15,0.0,0.0,1300.0,0.0,0.0,1300.0
1769432579.9585047,4.255029678344727,-4.097624778747559,-2.68585756614918,1.7933586270310785e-16,-8.495688324937369e-16,1.3305212939230612e-15,0.0,0.0,1300.0,0.0,0.0,1300.0
1769432580.0085435,4.255029678344727,-4.097624778747559,-2.68585756614918,-1.548521915554312e-15,-1.4407527067546677e-15,1.3305212939230612e-15,0.0,0.0,1300.0,0.0,0.0,1300.0
1769432580.0585258,4.255029678344727,-4.097624778747559,-2.68585756614918,-1.548521915554312e-15,-1.4407527067546677e-15,1.3305212939230612e-15,0.0,0.0,1300.0,0.0,0.0,1300.0
1769432580.1085253,4.255029678344727,-4.097624778747559,-2.68585756614918,-3.2768265523137313e-15,-2.032089472962947e-15,1.3305212939230612e-15,0.0,0.0,1300.0,0.0,0.0,1300.0
1769432580.1585245,4.255029678344727,-4.097624778747559,-2.68585756614918,-3.2768265523137313e-15,-2.032089472962947e-15,1.3305212939230612e-15,0.0,0.0,1300.0,0.0,0.0,1300.0
1769432580.2085273,4.255029678344727,-4.097624778747559,-2.68585756614918,-5.004950249531268e-15,-2.623364330986002e-15,1.3305212939230612e-15,0.0,0.0,1300.0,0.0,0.0,1300.0
1769432580.2585166,4.255029678344727,-4.097624778747559,-2.68585756614918,-5.004950249531268e-15,-2.623364330986002e-15,1.3305212939230612e-15,0.0,0.0,1300.0,0.0,0.0,1300.0
1769432580.3085074,4.255029678344727,-4.097624778747559,-2.68585756614918,-6.164367105858335e-15,-2.0550783396544187e-15,1.3305212939230612e-15,0.0,0.0,1300.0,0.0,0.0,1300.0
1769432580.35849,4.255029678344727,-4.097624778747559,-2.68585756614918,-6.164367105858335e-15,-2.0550783396544187e-15,1.3305212939230612e-15,0.0,0.0,1300.0,0.0,0.0,1300.0
1769432580.4085245,4.255029678344727,-4.097624778747559,-2.68585756614918,-5.595912723055647e-15,-8.95317931114137e-16,1.3305212939230612e-15,0.0,0.0,1300.0,0.0,0.0,1300.0
1769432580.4585118,4.255029678344727,-4.097624778747559,-2.68585756614918,-5.595912723055647e-15,-8.95317931114137e-16,1.3305212939230612e-15,0.0,0.0,1300.0,0.0,0.0,1300.0
1769432580.5085423,4.255029678344727,-4.097624778747559,-2.68585756614918,-3.867750323768938e-15,-3.0402983123779776e-16,1.3305212939230612e-15,0.0,0.0,1300.0,0.0,0.0,1300.0
1769432580.5585237,4.255029678344727,-4.097624778747559,-2.68585756614918,-3.867750323768938e-15,-3.0402983123779776e-16,1.3305212939230612e-15,0.0,0.0,1300.0,0.0,0.0,1300.0
1769432580.6084309,4.255029678344727,-4.097624778747559,-2.68585756614918,-2.139450188526854e-15,2.8730539478326685e-16,1.3305212939230612e-15,0.0,0.0,1300.0,0.0,0.0,1300.0
1769432580.658485,4.255029678344727,-4.097624778747559,-2.68585756614918,-2.139450188526854e-15,2.8730539478326685e-16,1.3305212939230612e-15,0.0,0.0,1300.0,0.0,0.0,1300.0
1769432580.7084436,4.255029678344727,-4.097624778747559,-2.68585756614918,-4.1171478256157145e-16,8.784473995531564e-16,1.3305212939230612e-15,0.0,0.0,1300.0,0.0,0.0,1300.0
1769432580.7585132,4.255029678344727,-4.097624778747559,-2.68585756614918,-4.1171478256157145e-16,8.784473995531564e-16,1.3305212939230612e-15,0.0,0.0,1300.0,0.0,0.0,1300.0
1769432580.8084488,4.255029678344727,-4.097624778747559,-2.68585756614918,1.3160771575565692e-15,1.4696087473962637e-15,1.3305212939230612e-15,0.0,0.0,1300.0,0.0,0.0,1300.0
1769432580.858352,4.255029678344727,-4.097624778747559,-2.68585756614918,1.3160771575565692e-15,1.4696087473962637e-15,1.3305212939230612e-15,0.0,0.0,1300.0,0.0,0.0,1300.0
1769432580.908548,4.255029678344727,-4.097624778747559,-2.68585756614918,3.0444798758008935e-15,2.0609790720333493e-15,1.3305212939230612e-15,0.0,0.0,1300.0,0.0,0.0,1300.0
1769432580.9584632,4.255029678344727,-4.097624778747559,-2.68585756614918,3.0444798758008935e-15,2.0609790720333493e-15,1.3305212939230612e-15,0.0,0.0,1300.0,0.0,0.0,1300.0
1769432581.0084991,4.255029678344727,-4.097624778747559,-2.68585756614918,4.772248476833587e-15,2.652132434444362e-15,1.3305212939230612e-15,0.0,0.0,1300.0,0.0,0.0,1300.0
1769432581.0584626,4.255029678344727,-4.097624778747559,-2.68585756614918,4.772248476833587e-15,2.652132434444362e-15,1.3305212939230612e-15,0.0,0.0,1300.0,0.0,0.0,1300.0
1769432581.1084611,4.255029678344727,-4.097624778747559,-2.68585756614918,5.932076790565437e-15,2.0836447680397524e-15,1.3305212939230612e-15,0.0,0.0,1400.0,0.0,0.0,1400.0
1769432581.1584888,4.255029678344727,-4.097624778747559,-2.68585756614918,5.932076790565437e-15,2.0836447680397524e-15,1.3305212939230612e-15,0.0,0.0,1400.0,0.0,0.0,1400.0
1769432581.208507,4.255029678344727,-4.097624778747559,-2.68585756614918,6.523214892114418e-15,3.559207700490442e-16,1.3305212939230612e-15,0.0,0.0,1400.0,0.0,0.0,1400.0
1769432581.258457,4.255029678344727,-4.097624778747559,-2.68585756614918,6.523214892114418e-15,3.559207700490442e-16,1.3305212939230612e-15,0.0,0.0,1400.0,0.0,0.0,1400.0
1769432581.3085613,4.255029678344727,-4.097624778747559,-2.68585756614918,5.954773595463133e-15,-8.038129401302851e-16,1.3305212939230612e-15,0.0,0.0,1400.0,0.0,0.0,1400.0
1769432581.3585153,4.255029678344727,-4.097624778747559,-2.68585756614918,5.954773595463133e-15,-8.038129401302851e-16,1.3305212939230612e-15,0.0,0.0,1400.0,0.0,0.0,1400.0
1769432581.4085572,4.255029678344727,-4.097624778747559,-2.68585756614918,4.22671599640023e-15,-1.395065182771664e-15,1.3305212939230612e-15,0.0,0.0,1400.0,0.0,0.0,1400.0
1769432581.4585047,4.255029678344727,-4.097624778747559,-2.68585756614918,4.22671599640023e-15,-1.395065182771664e-15,1.3305212939230612e-15,0.0,0.0,1400.0,0.0,0.0,1400.0
1769432581.5085847,4.255029678344727,-4.097624778747559,-2.68585756614918,2.4985212388511235e-15,-1.986364353977582e-15,1.3305212939230612e-15,0.0,0.0,1400.0,0.0,0.0,1400.0
1769432581.558548,4.255029678344727,-4.097624778747559,-2.68585756614918,2.4985212388511235e-15,-1.986364353977582e-15,1.3305212939230612e-15,0.0,0.0,1400.0,0.0,0.0,1400.0
1769432581.6085196,4.255029678344727,-4.097624778747559,-2.68585756614918,7.70419833423299e-16,-2.5776315848991636e-15,1.3305212939230612e-15,0.0,0.0,1400.0,0.0,0.0,1400.0
1769432581.6584516,4.255029678344727,-4.097624778747559,-2.68585756614918,7.70419833423299e-16,-2.5776315848991636e-15,1.3305212939230612e-15,0.0,0.0,1400.0,0.0,0.0,1400.0
1769432581.7085106,4.255029678344727,-4.097624778747559,-2.68585756614918,-9.576256181658228e-16,-3.1688796713011207e-15,1.3305212939230612e-15,0.0,0.0,1400.0,0.0,0.0,1400.0
1769432581.7584803,4.255029678344727,-4.097624778747559,-2.68585756614918,-9.576256181658228e-16,-3.1688796713011207e-15,1.3305212939230612e-15,0.0,0.0,1400.0,0.0,0.0,1400.0
1769432581.8085425,4.255029678344727,-4.097624778747559,-2.68585756614918,-2.685782216002799e-15,-3.76016578622038e-15,1.3305212939230612e-15,0.0,0.0,1400.0,0.0,0.0,1400.0
1769432581.8584962,4.255029678344727,-4.097624778747559,-2.68585756614918,-2.685782216002799e-15,-3.76016578622038e-15,1.3305212939230612e-15,0.0,0.0,1400.0,0.0,0.0,1400.0
1769432581.9085636,4.255029678344727,-4.097624778747559,-2.68585756614918,-3.845348653078533e-15,-3.1918064781661906e-15,1.3305212939230612e-15,0.0,0.0,1400.0,0.0,0.0,1400.0
1769432581.958468,4.255029678344727,-4.097624778747559,-2.68585756614918,-3.845348653078533e-15,-3.1918064781661906e-15,1.3305212939230612e-15,0.0,0.0,1400.0,0.0,0.0,1400.0
1769432582.0085123,4.255029678344727,-4.097624778747559,-2.68585756614918,-4.436589785650876e-15,-1.4637813505898014e-15,1.3305212939230612e-15,0.0,0.0,1400.0,0.0,0.0,1400.0
1769432582.0585642,4.255029678344727,-4.097624778747559,-2.68585756614918,-4.436589785650876e-15,-1.4637813505898014e-15,1.3305212939230612e-15,0.0,0.0,1400.0,0.0,0.0,1400.0
1769432582.108498,4.255029678344727,-4.097624778747559,-2.68585756614918,-5.027806312431368e-15,2.6417186144441474e-16,1.3305212939230612e-15,0.0,0.0,1400.0,0.0,0.0,1400.0
1769432582.1585257,4.255029678344727,-4.097624778747559,-2.68585756614918,-5.027806312431368e-15,2.6417186144441474e-16,1.3305212939230612e-15,0.0,0.0,1400.0,0.0,0.0,1400.0
1769432582.2085378,4.255029678344727,-4.097624778747559,-2.68585756614918,-4.4593689527572865e-15,1.4238975394043984e-15,1.3305212939230612e-15,0.0,0.0,1400.0,0.0,0.0,1400.0
1769432582.2585478,4.255029678344727,-4.097624778747559,-2.68585756614918,-4.4593689527572865e-15,1.4238975394043984e-15,1.3305212939230612e-15,0.0,0.0,1400.0,0.0,0.0,1400.0
1769432582.30852,4.255029678344727,-4.097624778747559,-2.68585756614918,-2.7311947578168768e-15,2.0151896751454608e-15,1.3305212939230612e-15,0.0,0.0,1400.0,0.0,0.0,1400.0
1769432582.3585184,4.255029678344727,-4.097624778747559,-2.68585756614918,-2.7311947578168768e-15,2.0151896751454608e-15,1.3305212939230612e-15,0.0,0.0,1400.0,0.0,0.0,1400.0
1769432582.4085386,4.255029678344727,-4.097624778747559,-2.68585756614918,-1.003283925162959e-15,2.606391701886337e-15,1.3305212939230612e-15,0.0,0.0,1400.0,0.0,0.0,1400.0
1769432582.4585955,4.255029678344727,-4.097624778747559,-2.68585756614918,-1.003283925162959e-15,2.606391701886337e-15,1.3305212939230612e-15,0.0,0.0,1400.0,0.0,0.0,1400.0
1769432582.508463,4.255029678344727,-4.097624778747559,-2.68585756614918,7.245406561069105e-16,3.1975642178491714e-15,1.3305212939230612e-15,0.0,0.0,1400.0,0.0,0.0,1400.0
1769432582.5584784,4.255029678344727,-4.097624778747559,-2.68585756614918,7.245406561069105e-16,3.1975642178491714e-15,1.3305212939230612e-15,0.0,0.0,1400.0,0.0,0.0,1400.0
1769432582.6084533,4.255029678344727,-4.097624778747559,-2.68585756614918,2.4527234953647317e-15,3.7888593112301054e-15,1.3305212939230612e-15,0.0,0.0,1400.0,0.0,0.0,1400.0
1769432582.658493,4.255029678344727,-4.097624778747559,-2.68585756614918,2.4527234953647317e-15,3.7888593112301054e-15,1.3305212939230612e-15,0.0,0.0,1400.0,0.0,0.0,1400.0
1769432582.708472,4.255029678344727,-4.097624778747559,-2.68585756614918,3.612459451523868e-15,3.2204169137160422e-15,1.3305212939230612e-15,0.0,0.0,1400.0,0.0,0.0,1400.0
1769432582.758473,4.255029678344727,-4.097624778747559,-2.68585756614918,3.612459451523868e-15,3.2204169137160422e-15,1.3305212939230612e-15,0.0,0.0,1400.0,0.0,0.0,1400.0
1769432582.8084729,4.255029678344727,-4.097624778747559,-2.68585756614918,4.203681193693368e-15,1.4924484586231803e-15,1.3305212939230612e-15,0.0,0.0,1400.0,0.0,0.0,1400.0
1769432582.8584952,4.255029678344727,-4.097624778747559,-2.68585756614918,4.203681193693368e-15,1.4924484586231803e-15,1.3305212939230612e-15,0.0,0.0,1400.0,0.0,0.0,1400.0
1769432582.9083657,4.255029678344727,-4.097624778747559,-2.68585756614918,4.7949278558248554e-15,-2.355928302393905e-16,1.3305212939230612e-15,0.0,0.0,1400.0,0.0,0.0,1400.0
1769432582.9584625,4.255029678344727,-4.097624778747559,-2.68585756614918,4.7949278558248554e-15,-2.355928302393905e-16,1.3305212939230612e-15,0.0,0.0,1400.0,0.0,0.0,1400.0
1769432583.0084403,4.255029678344727,-4.097624778747559,-2.68585756614918,5.3861627510637555e-15,-1.9635997279120657e-15,1.3305212939230612e-15,0.0,0.0,1400.0,0.0,0.0,1400.0
1769432583.0584757,4.255029678344727,-4.097624778747559,-2.68585756614918,5.3861627510637555e-15,-1.9635997279120657e-15,1.3305212939230612e-15,0.0,0.0,1400.0,0.0,0.0,1400.0
1769432583.108502,4.255029678344727,-4.097624778747559,-2.68585756614918,4.817754796050596e-15,-3.1232654144943843e-15,1.3305212939230612e-15,0.0,0.0,1400.0,0.0,0.0,1400.0
1769432583.1585393,4.255029678344727,-4.097624778747559,-2.68585756614918,4.817754796050596e-15,-3.1232654144943843e-15,1.3305212939230612e-15,0.0,0.0,1400.0,0.0,0.0,1400.0
1769432583.2085078,4.255029678344727,-4.097624778747559,-2.68585756614918,3.08966196538566e-15,-3.714529711574067e-15,1.3305212939230612e-15,0.0,0.0,1400.0,0.0,0.0,1400.0
1769432583.258528,4.255029678344727,-4.097624778747559,-2.68585756614918,3.08966196538566e-15,-3.714529711574067e-15,1.3305212939230612e-15,0.0,0.0,1400.0,0.0,0.0,1400.0
1769432583.3085296,4.255029678344727,-4.097624778747559,-2.68585756614918,1.361943793716369e-15,-4.30566581965616e-15,1.3305212939230612e-15,0.0,0.0,1500.0,0.0,0.0,1500.0
1769432583.358389,4.255029678344727,-4.097624778747559,-2.68585756614918,1.361943793716369e-15,-4.30566581965616e-15,1.3305212939230612e-15,0.0,0.0,1500.0,0.0,0.0,1500.0
1769432583.408522,4.255029678344727,-4.097624778747559,-2.68585756614918,-3.663422681500087e-16,-4.89699623049343e-15,1.3305212939230612e-15,0.0,0.0,1500.0,0.0,0.0,1500.0
1769432583.458524,4.255029678344727,-4.097624778747559,-2.68585756614918,-3.663422681500087e-16,-4.89699623049343e-15,1.3305212939230612e-15,0.0,0.0,1500.0,0.0,0.0,1500.0
1769432583.508449,4.255029678344727,-4.097624778747559,-2.68585756614918,-1.5259224612582068e-15,-4.328630179945802e-15,1.3305212939230612e-15,0.0,0.0,1500.0,0.0,0.0,1500.0
1769432583.5585222,4.255029678344727,-4.097624778747559,-2.68585756614918,-1.5259224612582068e-15,-4.328630179945802e-15,1.3305212939230612e-15,0.0,0.0,1500.0,0.0,0.0,1500.0
1769432583.6083891,4.255029678344727,-4.097624778747559,-2.68585756614918,-2.117158326624525e-15,-2.60062044687406e-15,1.3305212939230612e-15,0.0,0.0,1500.0,0.0,0.0,1500.0
1769432583.658357,4.255029678344727,-4.097624778747559,-2.68585756614918,-2.117158326624525e-15,-2.60062044687406e-15,1.3305212939230612e-15,0.0,0.0,1500.0,0.0,0.0,1500.0
1769432583.7084594,4.255029678344727,-4.097624778747559,-2.68585756614918,-2.7084483102817712e-15,-8.724525418460163e-16,1.3305212939230612e-15,0.0,0.0,1500.0,0.0,0.0,1500.0
1769432583.75843,4.255029678344727,-4.097624778747559,-2.68585756614918,-2.7084483102817712e-15,-8.724525418460163e-16,1.3305212939230612e-15,0.0,0.0,1500.0,0.0,0.0,1500.0
1769432583.808473,4.255029678344727,-4.097624778747559,-2.68585756614918,-3.2995683841482274e-15,8.552187664945997e-16,1.3305212939230612e-15,0.0,0.0,1500.0,0.0,0.0,1500.0
1769432583.8583772,4.255029678344727,-4.097624778747559,-2.68585756614918,-3.2995683841482274e-15,8.552187664945997e-16,1.3305212939230612e-15,0.0,0.0,1500.0,0.0,0.0,1500.0
1769432583.9085443,4.255029678344727,-4.097624778747559,-2.68585756614918,-3.8907984803955525e-15,2.583211638116698e-15,1.3305212939230612e-15,0.0,0.0,1500.0,0.0,0.0,1500.0
1769432583.9585161,4.255029678344727,-4.097624778747559,-2.68585756614918,-3.8907984803955525e-15,2.583211638116698e-15,1.3305212939230612e-15,0.0,0.0,1500.0,0.0,0.0,1500.0
1769432584.0084937,4.255029678344727,-4.097624778747559,-2.68585756614918,-3.322295135392698e-15,3.74307193931853e-15,1.3305212939230612e-15,0.0,0.0,1500.0,0.0,0.0,1500.0
1769432584.0585341,4.255029678344727,-4.097624778747559,-2.68585756614918,-3.322295135392698e-15,3.74307193931853e-15,1.3305212939230612e-15,0.0,0.0,1500.0,0.0,0.0,1500.0
1769432584.1083763,4.255029678344727,-4.097624778747559,-2.68585756614918,-1.594123368497985e-15,4.3343632443075015e-15,1.3305212939230612e-15,0.0,0.0,1500.0,0.0,0.0,1500.0
1769432584.1584082,4.255029678344727,-4.097624778747559,-2.68585756614918,-1.594123368497985e-15,4.3343632443075015e-15,1.3305212939230612e-15,0.0,0.0,1500.0,0.0,0.0,1500.0
1769432584.2083447,4.255029678344727,-4.097624778747559,-2.68585756614918,1.3357637783340314e-16,4.925493048188645e-15,1.3305212939230612e-15,0.0,0.0,1500.0,0.0,0.0,1500.0
1769432584.2589948,4.255029678344727,-4.097624778747559,-2.68585756614918,1.3357637783340314e-16,4.925493048188645e-15,1.3305212939230612e-15,0.0,0.0,1500.0,0.0,0.0,1500.0
1769432584.3085334,4.255029678344727,-4.097624778747559,-2.68585756614918,1.2932666434241762e-15,4.357073045820724e-15,1.3305212939230612e-15,0.0,0.0,1500.0,0.0,0.0,1500.0
1769432584.358515,4.255029678344727,-4.097624778747559,-2.68585756614918,1.2932666434241762e-15,4.357073045820724e-15,1.3305212939230612e-15,0.0,0.0,1500.0,0.0,0.0,1500.0
1769432584.4084506,4.255029678344727,-4.097624778747559,-2.68585756614918,1.8845015991083744e-15,2.6290659714840977e-15,1.3305212939230612e-15,0.0,0.0,1500.0,0.0,0.0,1500.0
1769432584.4585092,4.255029678344727,-4.097624778747559,-2.68585756614918,1.8845015991083744e-15,2.6290659714840977e-15,1.3305212939230612e-15,0.0,0.0,1500.0,0.0,0.0,1500.0
1769432584.5085084,4.255029678344727,-4.097624778747559,-2.68585756614918,2.475808647837333e-15,9.00848190236188e-16,1.3305212939230612e-15,0.0,0.0,1500.0,0.0,0.0,1500.0
1769432584.558402,4.255029678344727,-4.097624778747559,-2.68585756614918,2.475808647837333e-15,9.00848190236188e-16,1.3305212939230612e-15,0.0,0.0,1500.0,0.0,0.0,1500.0
1769432584.6084106,4.255029678344727,-4.097624778747559,-2.68585756614918,3.0670534812328257e-15,-8.271877537652484e-16,1.3305212939230612e-15,0.0,0.0,1500.0,0.0,0.0,1500.0
1769432584.6584525,4.255029678344727,-4.097624778747559,-2.68585756614918,3.0670534812328257e-15,-8.271877537652484e-16,1.3305212939230612e-15,0.0,0.0,1500.0,0.0,0.0,1500.0
1769432584.7085943,4.255029678344727,-4.097624778747559,-2.68585756614918,3.658328756696688e-15,-2.5553126710403304e-15,1.3305212939230612e-15,0.0,0.0,1500.0,0.0,0.0,1500.0
1769432584.7585394,4.255029678344727,-4.097624778747559,-2.68585756614918,3.658328756696688e-15,-2.5553126710403304e-15,1.3305212939230612e-15,0.0,0.0,1500.0,0.0,0.0,1500.0
1769432584.8084981,4.255029678344727,-4.097624778747559,-2.68585756614918,4.249572204649047e-15,-4.283344565796179e-15,1.3305212939230612e-15,0.0,0.0,1500.0,0.0,0.0,1500.0
1769432584.858487,4.255029678344727,-4.097624778747559,-2.68585756614918,4.249572204649047e-15,-4.283344565796179e-15,1.3305212939230612e-15,0.0,0.0,1500.0,0.0,0.0,1500.0
1769432584.9085276,4.255029678344727,-4.097624778747559,-2.68585756614918,3.681121644196615e-15,-5.4430971759789694e-15,1.3305212939230612e-15,0.0,0.0,1500.0,0.0,0.0,1500.0
1769432584.9585102,4.255029678344727,-4.097624778747559,-2.68585756614918,3.681121644196615e-15,-5.4430971759789694e-15,1.3305212939230612e-15,0.0,0.0,1500.0,0.0,0.0,1500.0
1769432585.0085146,4.255029678344727,-4.097624778747559,-2.68585756614918,1.9531359789477064e-15,-6.034324806576821e-15,1.3305212939230612e-15,0.0,0.0,1500.0,0.0,0.0,1500.0
1769432585.0586786,4.255029678344727,-4.097624778747559,-2.68585756614918,1.9531359789477064e-15,-6.034324806576821e-15,1.3305212939230612e-15,0.0,0.0,1500.0,0.0,0.0,1500.0
1769432585.108498,4.255029678344727,-4.097624778747559,-2.68585756614918,7.934185838884264e-16,-5.46589150675094e-15,1.3305212939230612e-15,0.0,0.0,1500.0,0.0,0.0,1500.0
1769432585.1584847,4.255029678344727,-4.097624778747559,-2.68585756614918,7.934185838884264e-16,-5.46589150675094e-15,1.3305212939230612e-15,0.0,0.0,1500.0,0.0,0.0,1500.0
1769432585.2084258,4.255029678344727,-4.097624778747559,-2.68585756614918,2.0222800408869536e-16,-3.738014130162311e-15,1.3305212939230612e-15,0.0,0.0,1500.0,0.0,0.0,1500.0
1769432585.2584913,4.255029678344727,-4.097624778747559,-2.68585756614918,2.0222800408869536e-16,-3.738014130162311e-15,1.3305212939230612e-15,0.0,0.0,1500.0,0.0,0.0,1500.0
1769432585.3084962,4.255029678344727,-4.097624778747559,-2.68585756614918,-3.889837696529562e-16,-2.010074809872249e-15,1.3305212939230612e-15,0.0,0.0,1500.0,0.0,0.0,1500.0
1769432585.358489,4.255029678344727,-4.097624778747559,-2.68585756614918,-3.889837696529562e-16,-2.010074809872249e-15,1.3305212939230612e-15,0.0,0.0,1500.0,0.0,0.0,1500.0
1769432585.4085171,4.255029678344727,-4.097624778747559,-2.68585756614918,-9.804054684846926e-16,-2.815219398634846e-16,1.3305212939230612e-15,0.0,0.0,1500.0,0.0,0.0,1500.0
1769432585.45848,4.255029678344727,-4.097624778747559,-2.68585756614918,-9.804054684846926e-16,-2.815219398634846e-16,1.3305212939230612e-15,0.0,0.0,1500.0,0.0,0.0,1500.0
1769432585.5085106,4.255029678344727,-4.097624778747559,-2.68585756614918,-1.5714914082620895e-15,1.4460496045054595e-15,1.3305212939230612e-15,0.0,0.0,1500.0,0.0,0.0,1500.0
1769432585.5585082,4.255029678344727,-4.097624778747559,-2.68585756614918,-1.5714914082620895e-15,1.4460496045054595e-15,1.3305212939230612e-15,0.0,0.0,1500.0,0.0,0.0,1500.0
1769432585.608469,4.255029678344727,-4.097624778747559,-2.68585756614918,-2.1627971391516717e-15,3.174263534093818e-15,1.3305212939230612e-15,0.0,0.0,0.0,0.0,0.0,0.0
1769432585.658493,4.255029678344727,-4.097624778747559,-2.68585756614918,-2.1627971391516717e-15,3.174263534093818e-15,1.3305212939230612e-15,0.0,0.0,0.0,0.0,0.0,0.0
1769432585.7084339,4.255029678344727,-4.097624778747559,-2.68585756614918,-2.7539654876854644e-15,4.902075935185913e-15,1.3305212939230612e-15,0.0,0.0,0.0,0.0,0.0,0.0
1769432585.7585104,4.255029678344727,-4.097624778747559,-2.68585756614918,-2.7539654876854644e-15,4.902075935185913e-15,1.3305212939230612e-15,0.0,0.0,0.0,0.0,0.0,0.0
1769432585.8084927,4.255029678344727,-4.097624778747559,-2.68585756614918,-2.185581243836718e-15,6.061693246259909e-15,1.3305212939230612e-15,0.0,0.0,0.0,0.0,0.0,0.0
1769432585.858492,4.255029678344727,-4.097624778747559,-2.68585756614918,-2.185581243836718e-15,6.061693246259909e-15,1.3305212939230612e-15,0.0,0.0,0.0,0.0,0.0,0.0
1769432585.9085026,4.255029678344727,-4.097624778747559,-2.68585756614918,-1.0261006756529233e-15,5.493376026681589e-15,1.3305212939230612e-15,0.0,0.0,100.0,0.0,0.0,100.0
1769432585.958507,4.255029678344727,-4.097624778747559,-2.68585756614918,-1.0261006756529233e-15,5.493376026681589e-15,1.3305212939230612e-15,0.0,0.0,100.0,0.0,0.0,100.0
1769432586.0084784,4.255029678344727,-4.097624778747559,-2.68585756614918,-4.3470383150874267e-16,3.764895799664436e-15,1.3305212939230612e-15,0.0,0.0,100.0,0.0,0.0,100.0
1769432586.058545,4.255029678344727,-4.097624778747559,-2.68585756614918,-4.3470383150874267e-16,3.764895799664436e-15,1.3305212939230612e-15,0.0,0.0,100.0,0.0,0.0,100.0
1769432586.108418,4.255029678344727,-4.097624778747559,-2.68585756614918,1.5656214429616098e-16,2.0367980625760397e-15,1.3305212939230612e-15,0.0,0.0,100.0,0.0,0.0,100.0
1769432586.1584773,4.255029678344727,-4.097624778747559,-2.68585756614918,1.5656214429616098e-16,2.0367980625760397e-15,1.3305212939230612e-15,0.0,0.0,100.0,0.0,0.0,100.0
1769432586.2083807,4.255029678344727,-4.097624778747559,-2.68585756614918,7.476121874226018e-16,3.0933143363234335e-16,1.3305212939230612e-15,0.0,0.0,100.0,0.0,0.0,100.0
1769432586.259093,4.255029678344727,-4.097624778747559,-2.68585756614918,7.476121874226018e-16,3.0933143363234335e-16,1.3305212939230612e-15,0.0,0.0,100.0,0.0,0.0,100.0
1769432586.3100576,4.255029678344727,-4.097624778747559,-2.68585756614918,1.3388267081436796e-15,-1.418615915276182e-15,1.3305212939230612e-15,0.0,0.0,100.0,0.0,0.0,100.0
1769432586.3584883,4.255029678344727,-4.097624778747559,-2.68585756614918,1.3388267081436796e-15,-1.418615915276182e-15,1.3305212939230612e-15,0.0,0.0,200.0,0.0,0.0,200.0
1769432586.4085371,4.255029678344727,-4.097624778747559,-2.68585756614918,1.930227460320171e-15,-3.147107564330233e-15,1.3305212939230612e-15,0.0,0.0,200.0,0.0,0.0,200.0
1769432586.458562,4.255029678344727,-4.097624778747559,-2.68585756614918,1.930227460320171e-15,-3.147107564330233e-15,1.3305212939230612e-15,0.0,0.0,200.0,0.0,0.0,200.0
1769432586.5084558,4.255029678344727,-4.097624778747559,-2.68585756614918,2.5214843771812044e-15,-4.875178824771837e-15,1.3305212939230612e-15,0.0,0.0,300.0,0.0,0.0,300.0
1769432586.5584514,4.255029678344727,-4.097624778747559,-2.68585756614918,2.5214843771812044e-15,-4.875178824771837e-15,1.3305212939230612e-15,0.0,0.0,300.0,0.0,0.0,300.0
1769432586.6084087,4.255029678344727,-4.097624778747559,-2.68585756614918,3.112622645414417e-15,-6.6029033099318656e-15,1.3305212939230612e-15,0.0,0.0,300.0,0.0,0.0,300.0
1769432586.6584702,4.255029678344727,-4.097624778747559,-2.68585756614918,3.112622645414417e-15,-6.6029033099318656e-15,1.3305212939230612e-15,0.0,0.0,300.0,0.0,0.0,300.0
1769432586.7084205,4.255029678344727,-4.097624778747559,-2.68585756614918,3.112622645414417e-15,-6.6029033099318656e-15,1.3305212939230612e-15,0.0,0.0,400.0,0.0,0.0,400.0
1769432586.7584543,4.255029678344727,-4.097624778747559,-2.68585756614918,3.112622645414417e-15,-6.6029033099318656e-15,1.3305212939230612e-15,0.0,0.0,400.0,0.0,0.0,400.0
1769432586.8084502,4.255029678344727,-4.097624778747559,-2.68585756614918,2.5213135202249856e-15,-4.87467945979653e-15,1.3305212939230612e-15,0.0,0.0,400.0,0.0,0.0,400.0
1769432586.8584647,4.255029678344727,-4.097624778747559,-2.68585756614918,2.5213135202249856e-15,-4.87467945979653e-15,1.3305212939230612e-15,0.0,0.0,500.0,0.0,0.0,500.0
1769432586.908464,4.255029678344727,-4.097624778747559,-2.68585756614918,1.92998818872665e-15,-3.1464082433541684e-15,1.3305212939230612e-15,0.0,0.0,500.0,0.0,0.0,500.0
1769432586.9585056,4.255029678344727,-4.097624778747559,-2.68585756614918,1.92998818872665e-15,-3.1464082433541684e-15,1.3305212939230612e-15,0.0,0.0,500.0,0.0,0.0,500.0
1769432587.0085213,4.255029678344727,-4.097624778747559,-2.68585756614918,1.3387801706223272e-15,-1.4184798996949877e-15,1.3305212939230612e-15,0.0,0.0,500.0,0.0,0.0,500.0
1769432587.0584261,4.255029678344727,-4.097624778747559,-2.68585756614918,1.3387801706223272e-15,-1.4184798996949877e-15,1.3305212939230612e-15,0.0,0.0,600.0,0.0,0.0,600.0
1769432587.1085155,4.255029678344727,-4.097624778747559,-2.68585756614918,7.476108450227264e-16,3.093353570750626e-16,1.3305212939230612e-15,0.0,0.0,600.0,0.0,0.0,600.0
1769432587.158483,4.255029678344727,-4.097624778747559,-2.68585756614918,7.476108450227264e-16,3.093353570750626e-16,1.3305212939230612e-15,0.0,0.0,600.0,0.0,0.0,600.0
1769432587.2084484,4.255029678344727,-4.097624778747559,-2.68585756614918,1.5635876018858042e-16,2.0373924949135204e-15,1.3305212939230612e-15,0.0,0.0,600.0,0.0,0.0,600.0
1769432587.2584732,4.255029678344727,-4.097624778747559,-2.68585756614918,1.5635876018858042e-16,2.0373924949135204e-15,1.3305212939230612e-15,0.0,0.0,600.0,0.0,0.0,600.0
1769432587.3084428,4.255029678344727,-4.097624778747559,-2.68585756614918,-4.350231856070644e-16,3.7658291784097456e-15,1.3305212939230612e-15,0.0,0.0,600.0,0.0,0.0,600.0
1769432587.3584719,4.255029678344727,-4.097624778747559,-2.68585756614918,-4.350231856070644e-16,3.7658291784097456e-15,1.3305212939230612e-15,0.0,0.0,600.0,0.0,0.0,600.0
1769432587.4084668,4.255029678344727,-4.097624778747559,-2.68585756614918,-1.026257881034067e-15,5.4938354920906086e-15,1.3305212939230612e-15,0.0,0.0,600.0,0.0,0.0,600.0
1769432587.4584556,4.255029678344727,-4.097624778747559,-2.68585756614918,-1.026257881034067e-15,5.4938354920906086e-15,1.3305212939230612e-15,0.0,0.0,600.0,0.0,0.0,600.0
1769432587.5084429,4.255029678344727,-4.097624778747559,-2.68585756614918,-2.185848909706258e-15,6.062206853669546e-15,1.3305212939230612e-15,0.0,0.0,600.0,0.0,0.0,600.0
1769432587.558454,4.255029678344727,-4.097624778747559,-2.68585756614918,-2.185848909706258e-15,6.062206853669546e-15,1.3305212939230612e-15,0.0,0.0,700.0,0.0,0.0,700.0
1769432587.6085272,4.255029678344727,-4.097624778747559,-2.68585756614918,-2.754199185129139e-15,4.90265884496466e-15,1.3305212939230612e-15,0.0,0.0,700.0,0.0,0.0,700.0
1769432587.6586087,4.255029678344727,-4.097624778747559,-2.68585756614918,-2.754199185129139e-15,4.90265884496466e-15,1.3305212939230612e-15,0.0,0.0,700.0,0.0,0.0,700.0
1769432587.708421,4.255029678344727,-4.097624778747559,-2.68585756614918,-2.1629632681375035e-15,3.1746489610071953e-15,1.3305212939230612e-15,0.0,0.0,700.0,0.0,0.0,700.0
1769432587.7584736,4.255029678344727,-4.097624778747559,-2.68585756614918,-2.1629632681375035e-15,3.1746489610071953e-15,1.3305212939230612e-15,0.0,0.0,700.0,0.0,0.0,700.0
1769432587.8084679,4.255029678344727,-4.097624778747559,-2.68585756614918,-1.5717141933075105e-15,1.446600620531647e-15,1.3305212939230612e-15,0.0,0.0,700.0,0.0,0.0,700.0
1769432587.8584826,4.255029678344727,-4.097624778747559,-2.68585756614918,-1.5717141933075105e-15,1.446600620531647e-15,1.3305212939230612e-15,0.0,0.0,700.0,0.0,0.0,700.0
1769432587.908471,4.255029678344727,-4.097624778747559,-2.68585756614918,-9.80553317449589e-16,-2.811899401116642e-16,1.3305212939230612e-15,0.0,0.0,700.0,0.0,0.0,700.0
1769432587.958455,4.255029678344727,-4.097624778747559,-2.68585756614918,-9.80553317449589e-16,-2.811899401116642e-16,1.3305212939230612e-15,0.0,0.0,700.0,0.0,0.0,700.0
1769432588.0084612,4.255029678344727,-4.097624778747559,-2.68585756614918,-3.893125847317969e-16,-2.0092138990299995e-15,1.3305212939230612e-15,0.0,0.0,700.0,0.0,0.0,700.0
1769432588.058471,4.255029678344727,-4.097624778747559,-2.68585756614918,-3.893125847317969e-16,-2.0092138990299995e-15,1.3305212939230612e-15,0.0,0.0,700.0,0.0,0.0,700.0
1769432588.1084657,4.255029678344727,-4.097624778747559,-2.68585756614918,2.0196172850752883e-16,-3.737336004003828e-15,1.3305212939230612e-15,0.0,0.0,700.0,0.0,0.0,700.0
1769432588.158447,4.255029678344727,-4.097624778747559,-2.68585756614918,2.0196172850752883e-16,-3.737336004003828e-15,1.3305212939230612e-15,0.0,0.0,700.0,0.0,0.0,700.0
1769432588.2084706,4.255029678344727,-4.097624778747559,-2.68585756614918,7.933434769657753e-16,-5.46577211074048e-15,1.3305212939230612e-15,0.0,0.0,700.0,0.0,0.0,700.0
1769432588.2584724,4.255029678344727,-4.097624778747559,-2.68585756614918,7.933434769657753e-16,-5.46577211074048e-15,1.3305212939230612e-15,0.0,0.0,700.0,0.0,0.0,700.0
1769432588.3084552,4.255029678344727,-4.097624778747559,-2.68585756614918,1.952798513762558e-15,-6.034076816157479e-15,1.3305212939230612e-15,0.0,0.0,700.0,0.0,0.0,700.0
1769432588.3584716,4.255029678344727,-4.097624778747559,-2.68585756614918,1.952798513762558e-15,-6.034076816157479e-15,1.3305212939230612e-15,1000.0,0.05235987755982988,700.0,0.0,1000.0,700.0
1769432588.4083743,4.255029678344727,-4.097624778747559,-2.68585756614918,3.680569011485255e-15,-5.442922804796907e-15,1.3305212939230612e-15,2000.0,0.10471975511965977,700.0,0.0,2000.0,700.0
1769432588.4584136,4.255029678344727,-4.097624778747559,-2.68585756614918,3.680569011485255e-15,-5.442922804796907e-15,1.3305212939230612e-15,2000.0,0.10471975511965977,700.0,0.0,2000.0,700.0
1769432588.5084457,4.255029678344727,-4.097624778747559,-2.68585756614918,4.249105669399184e-15,-4.282994538606984e-15,1.3305212939230612e-15,3000.0,0.15707963267948963,700.0,0.0,3000.0,700.0
1769432588.5583467,4.255029678344727,-4.097624778747559,-2.68585756614918,4.249105669399184e-15,-4.282994538606984e-15,1.3305212939230612e-15,4000.0,0.20943951023931953,700.0,0.0,4000.0,700.0
1769432588.608383,4.255029678344727,-4.097624778747559,-2.68585756614918,3.6578911365223104e-15,-2.5550471541706186e-15,1.3305212939230612e-15,4000.0,0.20943951023931953,700.0,0.0,4000.0,700.0
1769432588.6584485,4.255029678344727,-4.097624778747559,-2.68585756614918,3.6578911365223104e-15,-2.5550471541706186e-15,1.3305212939230612e-15,5000.0,0.2617993877991494,700.0,0.0,5000.0,700.0
1769432588.7083359,4.255029678344727,-4.097624778747559,-2.68585756614918,3.0666482465400783e-15,-8.270168901984677e-16,1.3305212939230612e-15,6000.0,0.31415926535897926,700.0,0.0,6000.0,700.0
1769432588.7584627,4.255029678344727,-4.097624778747559,-2.68585756614918,3.0666482465400783e-15,-8.270168901984677e-16,1.3305212939230612e-15,6000.0,0.31415926535897926,700.0,0.0,6000.0,700.0
1769432588.8084052,4.255029678344727,-4.097624778747559,-2.68585756614918,2.4754306080681325e-15,9.009395709851424e-16,1.3305212939230612e-15,7000.0,0.36651914291880916,700.0,0.0,7000.0,700.0
1769432588.8584085,4.255029678344727,-4.097624778747559,-2.68585756614918,2.4754306080681325e-15,9.009395709851424e-16,1.3305212939230612e-15,7000.0,0.36651914291880916,700.0,0.0,7000.0,700.0
1769432588.908459,4.255029678344727,-4.097624778747559,-2.68585756614918,1.884249354189086e-15,2.628789690631733e-15,1.3305212939230612e-15,8000.0,0.41887902047863906,700.0,0.0,8000.0,700.0
1769432588.9583917,4.255029678344727,-4.097624778747559,-2.68585756614918,1.884249354189086e-15,2.628789690631733e-15,1.3305212939230612e-15,9000.0,0.47123889803846897,700.0,0.0,9000.0,700.0
1769432589.0084226,4.255029678344727,-4.097624778747559,-2.68585756614918,1.2928856368701407e-15,4.3571730976151465e-15,1.3305212939230612e-15,9000.0,0.47123889803846897,700.0,0.0,9000.0,700.0
1769432589.058456,4.255029678344727,-4.097624778747559,-2.68585756614918,1.2928856368701407e-15,4.3571730976151465e-15,1.3305212939230612e-15,8000.0,0.41887902047863906,700.0,0.0,8000.0,700.0
1769432589.1084852,4.255029678344727,-4.097624778747559,-2.68585756614918,1.331438710585631e-16,4.925618342719426e-15,1.3305212939230612e-15,7000.0,0.36651914291880916,700.0,0.0,7000.0,700.0
1769432589.1584632,4.255029678344727,-4.097624778747559,-2.68585756614918,1.331438710585631e-16,4.925618342719426e-15,1.3305212939230612e-15,6000.0,0.31415926535897926,800.0,0.0,6000.0,800.0
1769432589.2084117,4.255029678344727,-4.097624778747559,-2.68585756614918,-1.594871672970542e-15,4.3343804891430075e-15,1.3305212939230612e-15,5000.0,0.2617993877991494,800.0,0.0,5000.0,800.0
1769432589.25848,4.255029678344727,-4.097624778747559,-2.68585756614918,-1.594871672970542e-15,4.3343804891430075e-15,1.3305212939230612e-15,4000.0,0.20943951023931953,800.0,0.0,4000.0,800.0
1769432589.3084245,4.255029678344727,-4.097624778747559,-2.68585756614918,-3.322907233348087e-15,3.743135787003838e-15,1.3305212939230612e-15,3000.0,0.15707963267948963,800.0,0.0,3000.0,800.0
1769432589.358515,4.255029678344727,-4.097624778747559,-2.68585756614918,-3.322907233348087e-15,3.743135787003838e-15,1.3305212939230612e-15,2000.0,0.10471975511965977,800.0,0.0,2000.0,800.0
1769432589.4084527,4.255029678344727,-4.097624778747559,-2.68585756614918,-3.8911837108216195e-15,2.583738340846229e-15,1.3305212939230612e-15,1000.0,0.05235987755982988,800.0,0.0,1000.0,800.0
1769432589.4584315,4.255029678344727,-4.097624778747559,-2.68585756614918,-3.8911837108216195e-15,2.583738340846229e-15,1.3305212939230612e-15,0.0,0.0,800.0,0.0,0.0,800.0
1769432589.5084627,4.255029678344727,-4.097624778747559,-2.68585756614918,-3.2999199299193845e-15,8.556470188171967e-16,1.3305212939230612e-15,0.0,0.0,800.0,0.0,0.0,800.0
1769432589.558464,4.255029678344727,-4.097624778747559,-2.68585756614918,-3.2999199299193845e-15,8.556470188171967e-16,1.3305212939230612e-15,0.0,0.0,800.0,0.0,0.0,800.0
1769432589.608533,4.255029678344727,-4.097624778747559,-2.68585756614918,-2.7085656926715805e-15,-8.727086806874209e-16,1.3305212939230612e-15,0.0,0.0,900.0,0.0,0.0,900.0
1769432589.6584637,4.255029678344727,-4.097624778747559,-2.68585756614918,-2.7085656926715805e-15,-8.727086806874209e-16,1.3305212939230612e-15,0.0,0.0,900.0,0.0,0.0,900.0
1769432589.7084515,4.255029678344727,-4.097624778747559,-2.68585756614918,-2.117327990330369e-15,-2.6007237827001915e-15,1.3305212939230612e-15,0.0,0.0,900.0,0.0,0.0,900.0
1769432589.7584665,4.255029678344727,-4.097624778747559,-2.68585756614918,-2.117327990330369e-15,-2.6007237827001915e-15,1.3305212939230612e-15,0.0,0.0,900.0,0.0,0.0,900.0
1769432589.8084683,4.255029678344727,-4.097624778747559,-2.68585756614918,-1.5261795551424536e-15,-4.3284779828990244e-15,1.3305212939230612e-15,0.0,0.0,900.0,0.0,0.0,900.0
1769432589.8584027,4.255029678344727,-4.097624778747559,-2.68585756614918,-1.5261795551424536e-15,-4.3284779828990244e-15,1.3305212939230612e-15,0.0,0.0,1000.0,0.0,0.0,1000.0
1769432589.9084752,4.255029678344727,-4.097624778747559,-2.68585756614918,-3.6644037849785917e-16,-4.896921958927978e-15,1.3305212939230612e-15,0.0,0.0,1000.0,0.0,0.0,1000.0
1769432589.9584308,4.255029678344727,-4.097624778747559,-2.68585756614918,-3.6644037849785917e-16,-4.896921958927978e-15,1.3305212939230612e-15,0.0,0.0,1000.0,0.0,0.0,1000.0
1769432590.0083904,4.255029678344727,-4.097624778747559,-2.68585756614918,1.361569642325373e-15,-4.305685995107931e-15,1.3305212939230612e-15,0.0,0.0,1100.0,0.0,0.0,1100.0
1769432590.0584483,4.255029678344727,-4.097624778747559,-2.68585756614918,1.361569642325373e-15,-4.305685995107931e-15,1.3305212939230612e-15,0.0,0.0,1100.0,0.0,0.0,1100.0
1769432590.1084368,4.255029678344727,-4.097624778747559,-2.68585756614918,3.0897197947367793e-15,-3.714402085481091e-15,1.3305212939230612e-15,0.0,0.0,1100.0,0.0,0.0,1100.0
1769432590.158441,4.255029678344727,-4.097624778747559,-2.68585756614918,3.0897197947367793e-15,-3.714402085481091e-15,1.3305212939230612e-15,0.0,0.0,1100.0,0.0,0.0,1100.0
1769432590.2084332,4.255029678344727,-4.097624778747559,-2.68585756614918,4.817615120584733e-15,-3.123205364369962e-15,1.3305212939230612e-15,0.0,0.0,1200.0,0.0,0.0,1200.0
1769432590.2583501,4.255029678344727,-4.097624778747559,-2.68585756614918,4.817615120584733e-15,-3.123205364369962e-15,1.3305212939230612e-15,0.0,0.0,1200.0,0.0,0.0,1200.0
1769432590.308919,4.255029678344727,-4.097624778747559,-2.68585756614918,5.386008898794322e-15,-1.963568601296721e-15,1.3305212939230612e-15,0.0,0.0,1200.0,0.0,0.0,1200.0
1769432590.358444,4.255029678344727,-4.097624778747559,-2.68585756614918,5.386008898794322e-15,-1.963568601296721e-15,1.3305212939230612e-15,0.0,0.0,1200.0,0.0,0.0,1200.0
1769432590.408507,4.255029678344727,-4.097624778747559,-2.68585756614918,4.794855833893025e-15,-2.3580086979802542e-16,1.3305212939230612e-15,0.0,0.0,1200.0,0.0,0.0,1200.0
1769432590.4584355,4.255029678344727,-4.097624778747559,-2.68585756614918,4.794855833893025e-15,-2.3580086979802542e-16,1.3305212939230612e-15,0.0,0.0,1200.0,0.0,0.0,1200.0
1769432590.5083685,4.255029678344727,-4.097624778747559,-2.68585756614918,4.203537286990315e-15,1.4924505172531172e-15,1.3305212939230612e-15,0.0,0.0,1300.0,0.0,0.0,1300.0
1769432590.5584884,4.255029678344727,-4.097624778747559,-2.68585756614918,4.203537286990315e-15,1.4924505172531172e-15,1.3305212939230612e-15,0.0,0.0,1300.0,0.0,0.0,1300.0
1769432590.6084516,4.255029678344727,-4.097624778747559,-2.68585756614918,3.612297881245618e-15,3.2204705978167083e-15,1.3305212939230612e-15,0.0,0.0,1300.0,0.0,0.0,1300.0
1769432590.65849,4.255029678344727,-4.097624778747559,-2.68585756614918,3.612297881245618e-15,3.2204705978167083e-15,1.3305212939230612e-15,0.0,0.0,1300.0,0.0,0.0,1300.0
1769432590.7083962,4.255029678344727,-4.097624778747559,-2.68585756614918,2.4525966371861997e-15,3.788895981260386e-15,1.3305212939230612e-15,0.0,0.0,1300.0,0.0,0.0,1300.0
1769432590.758472,4.255029678344727,-4.097624778747559,-2.68585756614918,2.4525966371861997e-15,3.788895981260386e-15,1.3305212939230612e-15,0.0,0.0,1300.0,0.0,0.0,1300.0
1769432590.8084986,4.255029678344727,-4.097624778747559,-2.68585756614918,7.245432175914064e-16,3.197645168617576e-15,1.3305212939230612e-15,0.0,0.0,1300.0,0.0,0.0,1300.0
1769432590.8584938,4.255029678344727,-4.097624778747559,-2.68585756614918,7.245432175914064e-16,3.197645168617576e-15,1.3305212939230612e-15,0.0,0.0,1300.0,0.0,0.0,1300.0
1769432590.9084392,4.255029678344727,-4.097624778747559,-2.68585756614918,-1.0034819100261805e-15,2.6064040360311374e-15,1.3305212939230612e-15,0.0,0.0,1300.0,0.0,0.0,1300.0
1769432590.9584844,4.255029678344727,-4.097624778747559,-2.68585756614918,-1.0034819100261805e-15,2.6064040360311374e-15,1.3305212939230612e-15,0.0,0.0,1300.0,0.0,0.0,1300.0
1769432591.0084789,4.255029678344727,-4.097624778747559,-2.68585756614918,-2.7312836833133726e-15,2.0152393237844033e-15,1.3305212939230612e-15,0.0,0.0,1300.0,0.0,0.0,1300.0
1769432591.058479,4.255029678344727,-4.097624778747559,-2.68585756614918,-2.7312836833133726e-15,2.0152393237844033e-15,1.3305212939230612e-15,0.0,0.0,1300.0,0.0,0.0,1300.0
1769432591.1084914,4.255029678344727,-4.097624778747559,-2.68585756614918,-4.459539921316763e-15,1.4239191171358624e-15,1.3305212939230612e-15,0.0,0.0,1300.0,0.0,0.0,1300.0
1769432591.1585104,4.255029678344727,-4.097624778747559,-2.68585756614918,-4.459539921316763e-15,1.4239191171358624e-15,1.3305212939230612e-15,0.0,0.0,1300.0,0.0,0.0,1300.0
1769432591.2084525,4.255029678344727,-4.097624778747559,-2.68585756614918,-5.027910129503275e-15,2.6433044161444587e-16,1.3305212939230612e-15,0.0,0.0,1300.0,0.0,0.0,1300.0
1769432591.2584589,4.255029678344727,-4.097624778747559,-2.68585756614918,-5.027910129503275e-15,2.6433044161444587e-16,1.3305212939230612e-15,0.0,0.0,1300.0,0.0,0.0,1300.0
1769432591.3085518,4.255029678344727,-4.097624778747559,-2.68585756614918,-4.43658280079918e-15,-1.463946612076959e-15,1.3305212939230612e-15,0.0,0.0,1300.0,0.0,0.0,1300.0
1769432591.358507,4.255029678344727,-4.097624778747559,-2.68585756614918,-4.43658280079918e-15,-1.463946612076959e-15,1.3305212939230612e-15,0.0,0.0,1300.0,0.0,0.0,1300.0
1769432591.4084218,4.255029678344727,-4.097624778747559,-2.68585756614918,-3.845332429655952e-15,-3.1919987412974388e-15,1.3305212939230612e-15,1000.0,0.05235987755982988,1300.0,0.0,1000.0,1300.0
1769432591.458486,4.255029678344727,-4.097624778747559,-2.68585756614918,-3.845332429655952e-15,-3.1919987412974388e-15,1.3305212939230612e-15,2000.0,0.10471975511965977,1300.0,0.0,2000.0,1300.0
1769432591.508494,4.255029678344727,-4.097624778747559,-2.68585756614918,-2.6855857390170985e-15,-3.760446400296544e-15,1.3305212939230612e-15,2000.0,0.10471975511965977,1300.0,0.0,2000.0,1300.0
1769432591.5585115,4.255029678344727,-4.097624778747559,-2.68585756614918,-2.6855857390170985e-15,-3.760446400296544e-15,1.3305212939230612e-15,3000.0,0.15707963267948963,1300.0,0.0,3000.0,1300.0
1769432591.6084843,4.255029678344727,-4.097624778747559,-2.68585756614918,-9.575493078241178e-16,-3.1692014002092162e-15,1.3305212939230612e-15,4000.0,0.20943951023931953,1300.0,0.0,4000.0,1300.0
1769432591.6585126,4.255029678344727,-4.097624778747559,-2.68585756614918,-9.575493078241178e-16,-3.1692014002092162e-15,1.3305212939230612e-15,4000.0,0.20943951023931953,1300.0,0.0,4000.0,1300.0
1769432591.7085118,4.255029678344727,-4.097624778747559,-2.68585756614918,7.704893072545279e-16,-2.5779556529087753e-15,1.3305212939230612e-15,5000.0,0.2617993877991494,1300.0,0.0,5000.0,1300.0
1769432591.758562,4.255029678344727,-4.097624778747559,-2.68585756614918,7.704893072545279e-16,-2.5779556529087753e-15,1.3305212939230612e-15,6000.0,0.31415926535897926,1300.0,0.0,6000.0,1300.0
1769432591.8084655,4.255029678344727,-4.097624778747559,-2.68585756614918,2.4984242934450917e-15,-1.986745362072583e-15,1.3305212939230612e-15,6000.0,0.31415926535897926,1300.0,0.0,6000.0,1300.0
1769432591.8585095,4.255029678344727,-4.097624778747559,-2.68585756614918,2.4984242934450917e-15,-1.986745362072583e-15,1.3305212939230612e-15,7000.0,0.36651914291880916,1300.0,0.0,7000.0,1300.0
1769432591.9085088,4.255029678344727,-4.097624778747559,-2.68585756614918,4.226483068655436e-15,-1.3954927170141714e-15,1.3305212939230612e-15,8000.0,0.41887902047863906,1300.0,0.0,8000.0,1300.0
1769432591.9584982,4.255029678344727,-4.097624778747559,-2.68585756614918,4.226483068655436e-15,-1.3954927170141714e-15,1.3305212939230612e-15,8000.0,0.41887902047863906,1300.0,0.0,8000.0,1300.0
1769432592.0084412,4.255029678344727,-4.097624778747559,-2.68585756614918,5.95455584859536e-15,-8.042352802591306e-16,1.3305212939230612e-15,9000.0,0.47123889803846897,1300.0,0.0,9000.0,1300.0
1769432592.05855,4.255029678344727,-4.097624778747559,-2.68585756614918,5.95455584859536e-15,-8.042352802591306e-16,1.3305212939230612e-15,9000.0,0.47123889803846897,1300.0,0.0,9000.0,1300.0
1769432592.1084757,4.255029678344727,-4.097624778747559,-2.68585756614918,6.5229534747180826e-15,3.5540933332497665e-16,1.3305212939230612e-15,9000.0,0.47123889803846897,1300.0,0.0,9000.0,1300.0
1769432592.1585422,4.255029678344727,-4.097624778747559,-2.68585756614918,6.5229534747180826e-15,3.5540933332497665e-16,1.3305212939230612e-15,9000.0,0.47123889803846897,1300.0,0.0,9000.0,1300.0
1769432592.208525,4.255029678344727,-4.097624778747559,-2.68585756614918,5.931736753222144e-15,2.083363114455568e-15,1.3305212939230612e-15,9000.0,0.47123889803846897,1300.0,0.0,9000.0,1300.0
1769432592.2584872,4.255029678344727,-4.097624778747559,-2.68585756614918,5.931736753222144e-15,2.083363114455568e-15,1.3305212939230612e-15,9000.0,0.47123889803846897,1300.0,0.0,9000.0,1300.0
1769432592.3084784,4.255029678344727,-4.097624778747559,-2.68585756614918,4.7720861476070186e-15,2.651763677561024e-15,1.3305212939230612e-15,9000.0,0.47123889803846897,1300.0,0.0,9000.0,1300.0
1769432592.3584604,4.255029678344727,-4.097624778747559,-2.68585756614918,4.7720861476070186e-15,2.651763677561024e-15,1.3305212939230612e-15,9000.0,0.47123889803846897,1300.0,0.0,9000.0,1300.0
1769432592.4084954,4.255029678344727,-4.097624778747559,-2.68585756614918,3.044005053003219e-15,2.0605033959565605e-15,1.3305212939230612e-15,9000.0,0.47123889803846897,1300.0,0.0,9000.0,1300.0
1769432592.4584434,4.255029678344727,-4.097624778747559,-2.68585756614918,3.044005053003219e-15,2.0605033959565605e-15,1.3305212939230612e-15,9000.0,0.47123889803846897,1300.0,0.0,9000.0,1300.0
1769432592.5084465,4.255029678344727,-4.097624778747559,-2.68585756614918,1.31602683607753e-15,1.4692783137910127e-15,1.3305212939230612e-15,9000.0,0.47123889803846897,1300.0,0.0,9000.0,1300.0
1769432592.5585566,4.255029678344727,-4.097624778747559,-2.68585756614918,1.31602683607753e-15,1.4692783137910127e-15,1.3305212939230612e-15,9000.0,0.47123889803846897,1300.0,0.0,9000.0,1300.0
1769432592.6084304,4.255029678344727,-4.097624778747559,-2.68585756614918,-4.1189463444989064e-16,8.780726473181225e-16,1.3305212939230612e-15,9000.0,0.47123889803846897,1300.0,0.0,9000.0,1300.0
1769432592.6584718,4.255029678344727,-4.097624778747559,-2.68585756614918,-4.1189463444989064e-16,8.780726473181225e-16,1.3305212939230612e-15,9000.0,0.47123889803846897,1300.0,0.0,9000.0,1300.0
1769432592.7084563,4.255029678344727,-4.097624778747559,-2.68585756614918,-2.14021952223716e-15,2.867289522518943e-16,1.3305212939230612e-15,9000.0,0.47123889803846897,1300.0,0.0,9000.0,1300.0
1769432592.758436,4.255029678344727,-4.097624778747559,-2.68585756614918,-2.14021952223716e-15,2.867289522518943e-16,1.3305212939230612e-15,9000.0,0.47123889803846897,1300.0,0.0,9000.0,1300.0
1769432592.8084595,4.255029678344727,-4.097624778747559,-2.68585756614918,-3.86827909580928e-15,-3.0452396596476805e-16,1.3305212939230612e-15,9000.0,0.47123889803846897,1300.0,0.0,9000.0,1300.0
1769432592.8584552,4.255029678344727,-4.097624778747559,-2.68585756614918,-3.86827909580928e-15,-3.0452396596476805e-16,1.3305212939230612e-15,9000.0,0.47123889803846897,1300.0,0.0,9000.0,1300.0
1769432592.9083383,4.255029678344727,-4.097624778747559,-2.68585756614918,-5.5961023129180114e-15,-8.95696015181973e-16,1.3305212939230612e-15,9000.0,0.47123889803846897,1300.0,0.0,9000.0,1300.0
1769432592.9583316,4.255029678344727,-4.097624778747559,-2.68585756614918,-5.5961023129180114e-15,-8.95696015181973e-16,1.3305212939230612e-15,9000.0,0.47123889803846897,1300.0,0.0,9000.0,1300.0
1769432593.0084288,4.255029678344727,-4.097624778747559,-2.68585756614918,-6.164448832820494e-15,-2.0552363618756175e-15,1.3305212939230612e-15,9000.0,0.47123889803846897,1300.0,0.0,9000.0,1300.0
1769432593.058358,4.255029678344727,-4.097624778747559,-2.68585756614918,-6.164448832820494e-15,-2.0552363618756175e-15,1.3305212939230612e-15,9000.0,0.47123889803846897,1300.0,0.0,9000.0,1300.0
1769432593.1084337,4.255029678344727,-4.097624778747559,-2.68585756614918,-5.004506210725716e-15,-2.6237800563093085e-15,1.3305212939230612e-15,9000.0,0.47123889803846897,1300.0,0.0,9000.0,1300.0
1769432593.158494,4.255029678344727,-4.097624778747559,-2.68585756614918,-5.004506210725716e-15,-2.6237800563093085e-15,1.3305212939230612e-15,9000.0,0.47123889803846897,1300.0,0.0,9000.0,1300.0
1769432593.2084897,4.255029678344727,-4.097624778747559,-2.68585756614918,-3.27643494416684e-15,-2.0325231373552598e-15,1.3305212939230612e-15,9000.0,0.47123889803846897,1300.0,0.0,9000.0,1300.0
1769432593.2584276,4.255029678344727,-4.097624778747559,-2.68585756614918,-3.27643494416684e-15,-2.0325231373552598e-15,1.3305212939230612e-15,9000.0,0.47123889803846897,1300.0,0.0,9000.0,1300.0
1769432593.308458,4.255029678344727,-4.097624778747559,-2.68585756614918,-1.5487300274403152e-15,-1.441391564431393e-15,1.3305212939230612e-15,9000.0,0.47123889803846897,1300.0,0.0,9000.0,1300.0
1769432593.3584368,4.255029678344727,-4.097624778747559,-2.68585756614918,-1.5487300274403152e-15,-1.441391564431393e-15,1.3305212939230612e-15,9000.0,0.47123889803846897,1300.0,0.0,9000.0,1300.0
1769432593.4084892,4.255029678344727,-4.097624778747559,-2.68585756614918,1.7924919352610062e-16,-8.501661387348587e-16,1.3305212939230612e-15,9000.0,0.47123889803846897,1300.0,0.0,9000.0,1300.0
1769432593.4584332,4.255029678344727,-4.097624778747559,-2.68585756614918,1.7924919352610062e-16,-8.501661387348587e-16,1.3305212939230612e-15,9000.0,0.47123889803846897,1300.0,0.0,9000.0,1300.0
1769432593.508497,4.255029678344727,-4.097624778747559,-2.68585756614918,1.9073755277621293e-15,-2.588903784599931e-16,1.3305212939230612e-15,9000.0,0.47123889803846897,1300.0,0.0,9000.0,1300.0
1769432593.5584617,4.255029678344727,-4.097624778747559,-2.68585756614918,1.9073755277621293e-15,-2.588903784599931e-16,1.3305212939230612e-15,9000.0,0.47123889803846897,1300.0,0.0,9000.0,1300.0
1769432593.6084292,4.255029678344727,-4.097624778747559,-2.68585756614918,3.635197603365161e-15,3.3228128019279693e-16,1.3305212939230612e-15,9000.0,0.47123889803846897,1300.0,0.0,9000.0,1300.0
1769432593.6584482,4.255029678344727,-4.097624778747559,-2.68585756614918,3.635197603365161e-15,3.3228128019279693e-16,1.3305212939230612e-15,9000.0,0.47123889803846897,1300.0,0.0,9000.0,1300.0
1769432593.7084823,4.255029678344727,-4.097624778747559,-2.68585756614918,5.363585634025049e-15,9.23646579495518e-16,1.3305212939230612e-15,9000.0,0.47123889803846897,1300.0,0.0,9000.0,1300.0
1769432593.7584198,4.255029678344727,-4.097624778747559,-2.68585756614918,5.363585634025049e-15,9.23646579495518e-16,1.3305212939230612e-15,9000.0,0.47123889803846897,1300.0,0.0,9000.0,1300.0
1769432593.8084688,4.255029678344727,-4.097624778747559,-2.68585756614918,7.091454098415415e-15,1.514834110000357e-15,1.3305212939230612e-15,9000.0,0.47123889803846897,1300.0,0.0,9000.0,1300.0
1769432593.8584287,4.255029678344727,-4.097624778747559,-2.68585756614918,7.091454098415415e-15,1.514834110000357e-15,1.3305212939230612e-15,9000.0,0.47123889803846897,1300.0,0.0,9000.0,1300.0
1769432593.908365,4.255029678344727,-4.097624778747559,-2.68585756614918,7.091454098415415e-15,1.514834110000357e-15,1.3305212939230612e-15,9000.0,0.47123889803846897,1300.0,0.0,9000.0,1300.0
1769432593.9584239,4.255029678344727,-4.097624778747559,-2.68585756614918,7.091454098415415e-15,1.514834110000357e-15,1.3305212939230612e-15,9000.0,0.47123889803846897,1300.0,0.0,9000.0,1300.0
1769432594.008439,4.255029678344727,-4.097624778747559,-2.68585756614918,5.36349660906651e-15,9.236161197432413e-16,1.3305212939230612e-15,8000.0,0.41887902047863906,1300.0,0.0,8000.0,1300.0
1769432594.0584702,4.255029678344727,-4.097624778747559,-2.68585756614918,5.36349660906651e-15,9.236161197432413e-16,1.3305212939230612e-15,7000.0,0.36651914291880916,1300.0,0.0,7000.0,1300.0
1769432594.1084952,4.255029678344727,-4.097624778747559,-2.68585756614918,3.63546959474561e-15,3.323743416241733e-16,1.3305212939230612e-15,6000.0,0.31415926535897926,1300.0,0.0,6000.0,1300.0
1769432594.1583955,4.255029678344727,-4.097624778747559,-2.68585756614918,3.63546959474561e-15,3.323743416241733e-16,1.3305212939230612e-15,5000.0,0.2617993877991494,1300.0,0.0,5000.0,1300.0
1769432594.2084513,4.255029678344727,-4.097624778747559,-2.68585756614918,1.90743003250751e-15,-2.5887172974541387e-16,1.3305212939230612e-15,5000.0,0.2617993877991494,1300.0,0.0,5000.0,1300.0
1769432594.2584255,4.255029678344727,-4.097624778747559,-2.68585756614918,1.90743003250751e-15,-2.5887172974541387e-16,1.3305212939230612e-15,4000.0,0.20943951023931953,1300.0,0.0,4000.0,1300.0
1769432594.3084977,4.255029678344727,-4.097624778747559,-2.68585756614918,1.7913240453623358e-16,-8.502060979076381e-16,1.3305212939230612e-15,3000.0,0.15707963267948963,1300.0,0.0,3000.0,1300.0
1769432594.3583882,4.255029678344727,-4.097624778747559,-2.68585756614918,1.7913240453623358e-16,-8.502060979076381e-16,1.3305212939230612e-15,2000.0,0.10471975511965977,1300.0,0.0,2000.0,1300.0
1769432594.408474,4.255029678344727,-4.097624778747559,-2.68585756614918,-1.5484850130766058e-15,-1.4413077331446916e-15,1.3305212939230612e-15,1000.0,0.05235987755982988,1300.0,0.0,1000.0,1300.0
1769432594.458462,4.255029678344727,-4.097624778747559,-2.68585756614918,-1.5484850130766058e-15,-1.4413077331446916e-15,1.3305212939230612e-15,0.0,0.0,1300.0,0.0,0.0,1300.0
1769432594.5084484,4.255029678344727,-4.097624778747559,-2.68585756614918,-3.277101822992111e-15,-2.032751308916916e-15,1.3305212939230612e-15,0.0,0.0,1300.0,0.0,0.0,1300.0
1769432594.5584564,4.255029678344727,-4.097624778747559,-2.68585756614918,-3.277101822992111e-15,-2.032751308916916e-15,1.3305212939230612e-15,0.0,0.0,1300.0,0.0,0.0,1300.0
1769432594.6085124,4.255029678344727,-4.097624778747559,-2.68585756614918,-5.004859255265524e-15,-2.623900849954165e-15,1.3305212939230612e-15,0.0,0.0,1300.0,0.0,0.0,1300.0
1769432594.6586173,4.255029678344727,-4.097624778747559,-2.68585756614918,-5.004859255265524e-15,-2.623900849954165e-15,1.3305212939230612e-15,0.0,0.0,1300.0,0.0,0.0,1300.0
1769432594.7086067,4.255029678344727,-4.097624778747559,-2.68585756614918,-6.1647657419775396e-15,-2.055374867210366e-15,1.3305212939230612e-15,1000.0,0.05235987755982988,1300.0,0.0,1000.0,1300.0
1769432594.7584558,4.255029678344727,-4.097624778747559,-2.68585756614918,-6.1647657419775396e-15,-2.055374867210366e-15,1.3305212939230612e-15,2000.0,0.10471975511965977,1300.0,0.0,2000.0,1300.0
1769432594.8086205,4.255029678344727,-4.097624778747559,-2.68585756614918,-5.596494249646198e-15,-8.959875917378965e-16,1.3305212939230612e-15,2000.0,0.10471975511965977,1300.0,0.0,2000.0,1300.0
1769432594.858447,4.255029678344727,-4.097624778747559,-2.68585756614918,-5.596494249646198e-15,-8.959875917378965e-16,1.3305212939230612e-15,3000.0,0.15707963267948963,1300.0,0.0,3000.0,1300.0
1769432594.9085011,4.255029678344727,-4.097624778747559,-2.68585756614918,-3.867764204857394e-15,-3.0450527282839516e-16,1.3305212939230612e-15,3000.0,0.15707963267948963,1300.0,0.0,3000.0,1300.0
1769432594.9585702,4.255029678344727,-4.097624778747559,-2.68585756614918,-3.867764204857394e-15,-3.0450527282839516e-16,1.3305212939230612e-15,4000.0,0.20943951023931953,1300.0,0.0,4000.0,1300.0
1769432595.0083795,4.255029678344727,-4.097624778747559,-2.68585756614918,-2.1401629650969276e-15,2.865908271814171e-16,1.3305212939230612e-15,5000.0,0.2617993877991494,1300.0,0.0,5000.0,1300.0
1769432595.0584447,4.255029678344727,-4.097624778747559,-2.68585756614918,-2.1401629650969276e-15,2.865908271814171e-16,1.3305212939230612e-15,5000.0,0.2617993877991494,1300.0,0.0,5000.0,1300.0
1769432595.108349,4.255029678344727,-4.097624778747559,-2.68585756614918,-4.124640249981764e-16,8.777203552113077e-16,1.3305212939230612e-15,6000.0,0.31415926535897926,1300.0,0.0,6000.0,1300.0
1769432595.1583254,4.255029678344727,-4.097624778747559,-2.68585756614918,-4.124640249981764e-16,8.777203552113077e-16,1.3305212939230612e-15,7000.0,0.36651914291880916,1300.0,0.0,7000.0,1300.0
1769432595.2085268,4.255029678344727,-4.097624778747559,-2.68585756614918,1.3158641383369866e-15,1.4690651710011967e-15,1.3305212939230612e-15,7000.0,0.36651914291880916,1300.0,0.0,7000.0,1300.0
1769432595.2584283,4.255029678344727,-4.097624778747559,-2.68585756614918,1.3158641383369866e-15,1.4690651710011967e-15,1.3305212939230612e-15,8000.0,0.41887902047863906,1300.0,0.0,8000.0,1300.0
1769432595.3084507,4.255029678344727,-4.097624778747559,-2.68585756614918,3.043667589353001e-15,2.06023045728026e-15,1.3305212939230612e-15,9000.0,0.47123889803846897,1300.0,0.0,9000.0,1300.0
1769432595.3584037,4.255029678344727,-4.097624778747559,-2.68585756614918,3.043667589353001e-15,2.06023045728026e-15,1.3305212939230612e-15,9000.0,0.47123889803846897,1300.0,0.0,9000.0,1300.0
1769432595.408492,4.255029678344727,-4.097624778747559,-2.68585756614918,4.7716572281664344e-15,2.651459447427086e-15,1.3305212939230612e-15,9000.0,0.47123889803846897,1300.0,0.0,9000.0,1300.0
1769432595.458403,4.255029678344727,-4.097624778747559,-2.68585756614918,4.7716572281664344e-15,2.651459447427086e-15,1.3305212939230612e-15,9000.0,0.47123889803846897,1300.0,0.0,9000.0,1300.0
1769432595.5084147,4.255029678344727,-4.097624778747559,-2.68585756614918,5.93148541735327e-15,2.082971842067981e-15,1.3305212939230612e-15,9000.0,0.47123889803846897,1300.0,0.0,9000.0,1300.0
1769432595.5583794,4.255029678344727,-4.097624778747559,-2.68585756614918,5.93148541735327e-15,2.082971842067981e-15,1.3305212939230612e-15,9000.0,0.47123889803846897,1300.0,0.0,9000.0,1300.0
1769432595.6083617,4.255029678344727,-4.097624778747559,-2.68585756614918,6.522678376823435e-15,3.550875103977804e-16,1.3305212939230612e-15,9000.0,0.47123889803846897,1300.0,0.0,9000.0,1300.0
1769432595.6584136,4.255029678344727,-4.097624778747559,-2.68585756614918,6.522678376823435e-15,3.550875103977804e-16,1.3305212939230612e-15,9000.0,0.47123889803846897,1300.0,0.0,9000.0,1300.0
1769432595.7083461,4.255029678344727,-4.097624778747559,-2.68585756614918,5.9541609600995806e-15,-8.048014999237072e-16,1.3305212939230612e-15,9000.0,0.47123889803846897,1300.0,0.0,9000.0,1300.0
1769432595.7584088,4.255029678344727,-4.097624778747559,-2.68585756614918,5.9541609600995806e-15,-8.048014999237072e-16,1.3305212939230612e-15,9000.0,0.47123889803846897,1300.0,0.0,9000.0,1300.0
1769432595.8083465,4.255029678344727,-4.097624778747559,-2.68585756614918,4.22669582309476e-15,-1.395851032585562e-15,1.3305212939230612e-15,9000.0,0.47123889803846897,1300.0,0.0,9000.0,1300.0
1769432595.8583376,4.255029678344727,-4.097624778747559,-2.68585756614918,4.22669582309476e-15,-1.395851032585562e-15,1.3305212939230612e-15,9000.0,0.47123889803846897,1300.0,0.0,9000.0,1300.0
1769432595.9084296,4.255029678344727,-4.097624778747559,-2.68585756614918,2.498608645263968e-15,-1.9871133955567597e-15,1.3305212939230612e-15,9000.0,0.47123889803846897,1300.0,0.0,9000.0,1300.0
1769432595.9584537,4.255029678344727,-4.097624778747559,-2.68585756614918,2.498608645263968e-15,-1.9871133955567597e-15,1.3305212939230612e-15,9000.0,0.47123889803846897,1300.0,0.0,9000.0,1300.0
1769432596.0084858,4.255029678344727,-4.097624778747559,-2.68585756614918,7.707102836240347e-16,-2.578311155359433e-15,1.3305212939230612e-15,9000.0,0.47123889803846897,1300.0,0.0,9000.0,1300.0
1769432596.0584145,4.255029678344727,-4.097624778747559,-2.68585756614918,7.707102836240347e-16,-2.578311155359433e-15,1.3305212939230612e-15,9000.0,0.47123889803846897,1300.0,0.0,9000.0,1300.0
1769432596.1084542,4.255029678344727,-4.097624778747559,-2.68585756614918,-9.572107656989192e-16,-3.169516677717865e-15,1.3305212939230612e-15,9000.0,0.47123889803846897,1300.0,0.0,9000.0,1300.0
1769432596.1584387,4.255029678344727,-4.097624778747559,-2.68585756614918,-9.572107656989192e-16,-3.169516677717865e-15,1.3305212939230612e-15,9000.0,0.47123889803846897,1300.0,0.0,9000.0,1300.0
1769432596.2085161,4.255029678344727,-4.097624778747559,-2.68585756614918,-2.6852674015373148e-15,-3.760768590793464e-15,1.3305212939230612e-15,8000.0,0.41887902047863906,1300.0,0.0,8000.0,1300.0
1769432596.2585006,4.255029678344727,-4.097624778747559,-2.68585756614918,-2.6852674015373148e-15,-3.760768590793464e-15,1.3305212939230612e-15,7000.0,0.36651914291880916,1300.0,0.0,7000.0,1300.0
1769432596.308528,4.255029678344727,-4.097624778747559,-2.68585756614918,-3.844868776838279e-15,-3.1923921578338946e-15,1.3305212939230612e-15,6000.0,0.31415926535897926,1300.0,0.0,6000.0,1300.0
1769432596.3584645,4.255029678344727,-4.097624778747559,-2.68585756614918,-3.844868776838279e-15,-3.1923921578338946e-15,1.3305212939230612e-15,5000.0,0.2617993877991494,1300.0,0.0,5000.0,1300.0
1769432596.408498,4.255029678344727,-4.097624778747559,-2.68585756614918,-4.4361023592922916e-15,-1.4643890970479784e-15,1.3305212939230612e-15,4000.0,0.20943951023931953,1300.0,0.0,4000.0,1300.0
1769432596.4585335,4.255029678344727,-4.097624778747559,-2.68585756614918,-4.4361023592922916e-15,-1.4643890970479784e-15,1.3305212939230612e-15,3000.0,0.15707963267948963,1300.0,0.0,3000.0,1300.0
1769432596.5085013,4.255029678344727,-4.097624778747559,-2.68585756614918,-5.027520338576774e-15,2.6415290181065137e-16,1.3305212939230612e-15,2000.0,0.10471975511965977,1300.0,0.0,2000.0,1300.0
1769432596.5585177,4.255029678344727,-4.097624778747559,-2.68585756614918,-5.027520338576774e-15,2.6415290181065137e-16,1.3305212939230612e-15,1000.0,0.05235987755982988,1300.0,0.0,1000.0,1300.0
1769432596.608478,4.255029678344727,-4.097624778747559,-2.68585756614918,-4.459187275054404e-15,1.4236657948028746e-15,1.3305212939230612e-15,0.0,0.0,1300.0,0.0,0.0,1300.0
1769432596.6584897,4.255029678344727,-4.097624778747559,-2.68585756614918,-4.459187275054404e-15,1.4236657948028746e-15,1.3305212939230612e-15,0.0,0.0,1300.0,0.0,0.0,1300.0
1769432596.708453,4.255029678344727,-4.097624778747559,-2.68585756614918,-2.731304559789761e-15,2.014858201222371e-15,1.3305212939230612e-15,0.0,0.0,1300.0,0.0,0.0,1300.0
1769432596.7584817,4.255029678344727,-4.097624778747559,-2.68585756614918,-2.731304559789761e-15,2.014858201222371e-15,1.3305212939230612e-15,0.0,0.0,1300.0,0.0,0.0,1300.0
1769432596.8085053,4.255029678344727,-4.097624778747559,-2.68585756614918,-1.0032770028981394e-15,2.6061001649811745e-15,1.3305212939230612e-15,0.0,0.0,1300.0,0.0,0.0,1300.0
1769432596.858518,4.255029678344727,-4.097624778747559,-2.68585756614918,-1.0032770028981394e-15,2.6061001649811745e-15,1.3305212939230612e-15,0.0,0.0,1300.0,0.0,0.0,1300.0
1769432596.908472,4.255029678344727,-4.097624778747559,-2.68585756614918,7.25195864143906e-16,3.1974944909212225e-15,1.3305212939230612e-15,0.0,0.0,1300.0,0.0,0.0,1300.0
1769432596.9585235,4.255029678344727,-4.097624778747559,-2.68585756614918,7.25195864143906e-16,3.1974944909212225e-15,1.3305212939230612e-15,0.0,0.0,1300.0,0.0,0.0,1300.0
1769432597.0085132,4.255029678344727,-4.097624778747559,-2.68585756614918,2.4530795138008783e-15,3.788687217041613e-15,1.3305212939230612e-15,0.0,0.0,1300.0,0.0,0.0,1300.0
1769432597.0584877,4.255029678344727,-4.097624778747559,-2.68585756614918,2.4530795138008783e-15,3.788687217041613e-15,1.3305212939230612e-15,0.0,0.0,1300.0,0.0,0.0,1300.0
1769432597.1085205,4.255029678344727,-4.097624778747559,-2.68585756614918,3.612830340391218e-15,3.220237530813666e-15,1.3305212939230612e-15,0.0,0.0,1300.0,0.0,0.0,1300.0
1769432597.158506,4.255029678344727,-4.097624778747559,-2.68585756614918,3.612830340391218e-15,3.220237530813666e-15,1.3305212939230612e-15,0.0,0.0,1300.0,0.0,0.0,1300.0
1769432597.2084377,4.255029678344727,-4.097624778747559,-2.68585756614918,4.204091509024082e-15,1.4921538436849558e-15,1.3305212939230612e-15,0.0,0.0,1300.0,0.0,0.0,1300.0
1769432597.2585115,4.255029678344727,-4.097624778747559,-2.68585756614918,4.204091509024082e-15,1.4921538436849558e-15,1.3305212939230612e-15,0.0,0.0,1300.0,0.0,0.0,1300.0
1769432597.3085005,4.255029678344727,-4.097624778747559,-2.68585756614918,4.795340205965309e-15,-2.358933923321114e-16,1.3305212939230612e-15,0.0,0.0,1300.0,0.0,0.0,1300.0
1769432597.3585196,4.255029678344727,-4.097624778747559,-2.68585756614918,4.795340205965309e-15,-2.358933923321114e-16,1.3305212939230612e-15,0.0,0.0,1300.0,0.0,0.0,1300.0
1769432597.4084926,4.255029678344727,-4.097624778747559,-2.68585756614918,5.3864889798731534e-15,-1.9636485825103547e-15,1.3305212939230612e-15,0.0,0.0,1300.0,0.0,0.0,1300.0
1769432597.4585252,4.255029678344727,-4.097624778747559,-2.68585756614918,5.3864889798731534e-15,-1.9636485825103547e-15,1.3305212939230612e-15,0.0,0.0,1300.0,0.0,0.0,1300.0
1769432597.5085156,4.255029678344727,-4.097624778747559,-2.68585756614918,4.818128028520897e-15,-3.1232183722421594e-15,1.3305212939230612e-15,0.0,0.0,1300.0,0.0,0.0,1300.0
1769432597.558505,4.255029678344727,-4.097624778747559,-2.68585756614918,4.818128028520897e-15,-3.1232183722421594e-15,1.3305212939230612e-15,0.0,0.0,1300.0,0.0,0.0,1300.0
1769432597.60853,4.255029678344727,-4.097624778747559,-2.68585756614918,3.089811457728717e-15,-3.7145592216613445e-15,1.3305212939230612e-15,0.0,0.0,1300.0,0.0,0.0,1300.0
1769432597.6585014,4.255029678344727,-4.097624778747559,-2.68585756614918,3.089811457728717e-15,-3.7145592216613445e-15,1.3305212939230612e-15,0.0,0.0,1300.0,0.0,0.0,1300.0
1769432597.7083895,4.255029678344727,-4.097624778747559,-2.68585756614918,1.3616988111872363e-15,-4.305830298712629e-15,1.3305212939230612e-15,1000.0,0.05235987755982988,1300.0,0.0,1000.0,1300.0
1769432597.7583988,4.255029678344727,-4.097624778747559,-2.68585756614918,1.3616988111872363e-15,-4.305830298712629e-15,1.3305212939230612e-15,2000.0,0.10471975511965977,1300.0,0.0,2000.0,1300.0
1769432597.808427,4.255029678344727,-4.097624778747559,-2.68585756614918,-3.658999084748557e-16,-4.896925536474669e-15,1.3305212939230612e-15,2000.0,0.10471975511965977,1300.0,0.0,2000.0,1300.0
1769432597.858451,4.255029678344727,-4.097624778747559,-2.68585756614918,-3.658999084748557e-16,-4.896925536474669e-15,1.3305212939230612e-15,3000.0,0.15707963267948963,1300.0,0.0,3000.0,1300.0
1769432597.9084218,4.255029678344727,-4.097624778747559,-2.68585756614918,-1.525838958484018e-15,-4.328383592892023e-15,1.3305212939230612e-15,3000.0,0.15707963267948963,1300.0,0.0,3000.0,1300.0
1769432597.9583862,4.255029678344727,-4.097624778747559,-2.68585756614918,-1.525838958484018e-15,-4.328383592892023e-15,1.3305212939230612e-15,4000.0,0.20943951023931953,1300.0,0.0,4000.0,1300.0
1769432598.0085168,4.255029678344727,-4.097624778747559,-2.68585756614918,-2.116985158005385e-15,-2.600635926893467e-15,1.3305212939230612e-15,5000.0,0.2617993877991494,1300.0,0.0,5000.0,1300.0
1769432598.0585167,4.255029678344727,-4.097624778747559,-2.68585756614918,-2.116985158005385e-15,-2.600635926893467e-15,1.3305212939230612e-15,5000.0,0.2617993877991494,1300.0,0.0,5000.0,1300.0
1769432598.108507,4.255029678344727,-4.097624778747559,-2.68585756614918,-2.7082714874625893e-15,-8.724787020247446e-16,1.3305212939230612e-15,6000.0,0.31415926535897926,1300.0,0.0,6000.0,1300.0
1769432598.1584942,4.255029678344727,-4.097624778747559,-2.68585756614918,-2.7082714874625893e-15,-8.724787020247446e-16,1.3305212939230612e-15,7000.0,0.36651914291880916,1300.0,0.0,7000.0,1300.0
1769432598.208384,4.255029678344727,-4.097624778747559,-2.68585756614918,-3.299457552486659e-15,8.553854791934028e-16,1.3305212939230612e-15,7000.0,0.36651914291880916,1300.0,0.0,7000.0,1300.0
1769432598.258456,4.255029678344727,-4.097624778747559,-2.68585756614918,-3.299457552486659e-15,8.553854791934028e-16,1.3305212939230612e-15,8000.0,0.41887902047863906,1300.0,0.0,8000.0,1300.0
1769432598.3085732,4.255029678344727,-4.097624778747559,-2.68585756614918,-3.890824511465561e-15,2.583778360601974e-15,1.3305212939230612e-15,9000.0,0.47123889803846897,1300.0,0.0,9000.0,1300.0
1769432598.358523,4.255029678344727,-4.097624778747559,-2.68585756614918,-3.890824511465561e-15,2.583778360601974e-15,1.3305212939230612e-15,9000.0,0.47123889803846897,1300.0,0.0,9000.0,1300.0
1769432598.4084275,4.255029678344727,-4.097624778747559,-2.68585756614918,-3.3224435653508614e-15,3.743388943640264e-15,1.3305212939230612e-15,9000.0,0.47123889803846897,1300.0,0.0,9000.0,1300.0
1769432598.4583585,4.255029678344727,-4.097624778747559,-2.68585756614918,-3.3224435653508614e-15,3.743388943640264e-15,1.3305212939230612e-15,9000.0,0.47123889803846897,1300.0,0.0,9000.0,1300.0
1769432598.5084655,4.255029678344727,-4.097624778747559,-2.68585756614918,-1.5944400045781167e-15,4.334622697163998e-15,1.3305212939230612e-15,9000.0,0.47123889803846897,1300.0,0.0,9000.0,1300.0
1769432598.5584333,4.255029678344727,-4.097624778747559,-2.68585756614918,-1.5944400045781167e-15,4.334622697163998e-15,1.3305212939230612e-15,9000.0,0.47123889803846897,1300.0,0.0,9000.0,1300.0
1769432598.608423,4.255029678344727,-4.097624778747559,-2.68585756614918,1.3370431234304941e-16,4.925904610186852e-15,1.3305212939230612e-15,9000.0,0.47123889803846897,1300.0,0.0,9000.0,1300.0
1769432598.6584418,4.255029678344727,-4.097624778747559,-2.68585756614918,1.3370431234304941e-16,4.925904610186852e-15,1.3305212939230612e-15,9000.0,0.47123889803846897,1300.0,0.0,9000.0,1300.0
1769432598.708468,4.255029678344727,-4.097624778747559,-2.68585756614918,1.293118158186667e-15,4.357620094438069e-15,1.3305212939230612e-15,9000.0,0.47123889803846897,1300.0,0.0,9000.0,1300.0
1769432598.758334,4.255029678344727,-4.097624778747559,-2.68585756614918,1.293118158186667e-15,4.357620094438069e-15,1.3305212939230612e-15,9000.0,0.47123889803846897,1300.0,0.0,9000.0,1300.0
1769432598.8084202,4.255029678344727,-4.097624778747559,-2.68585756614918,1.884346089138623e-15,2.629633551341847e-15,1.3305212939230612e-15,9000.0,0.47123889803846897,1300.0,0.0,9000.0,1300.0
1769432598.858462,4.255029678344727,-4.097624778747559,-2.68585756614918,1.884346089138623e-15,2.629633551341847e-15,1.3305212939230612e-15,9000.0,0.47123889803846897,1300.0,0.0,9000.0,1300.0
1769432598.908437,4.255029678344727,-4.097624778747559,-2.68585756614918,2.4757168285583272e-15,9.012296208090882e-16,1.3305212939230612e-15,9000.0,0.47123889803846897,1300.0,0.0,9000.0,1300.0
1769432598.9584646,4.255029678344727,-4.097624778747559,-2.68585756614918,2.4757168285583272e-15,9.012296208090882e-16,1.3305212939230612e-15,8000.0,0.41887902047863906,1300.0,0.0,8000.0,1300.0
1769432599.0085018,4.255029678344727,-4.097624778747559,-2.68585756614918,3.0669471694285795e-15,-8.267639657743714e-16,1.3305212939230612e-15,7000.0,0.36651914291880916,1300.0,0.0,7000.0,1300.0
1769432599.0584946,4.255029678344727,-4.097624778747559,-2.68585756614918,3.0669471694285795e-15,-8.267639657743714e-16,1.3305212939230612e-15,6000.0,0.31415926535897926,1300.0,0.0,6000.0,1300.0
1769432599.1085713,4.255029678344727,-4.097624778747559,-2.68585756614918,3.658216322328245e-15,-2.5548709885827213e-15,1.3305212939230612e-15,5000.0,0.2617993877991494,1300.0,0.0,5000.0,1300.0
1769432599.1583529,4.255029678344727,-4.097624778747559,-2.68585756614918,3.658216322328245e-15,-2.5548709885827213e-15,1.3305212939230612e-15,4000.0,0.20943951023931953,1400.0,0.0,4000.0,1400.0
1769432599.2085316,4.255029678344727,-4.097624778747559,-2.68585756614918,4.249418534909605e-15,-4.282782364394089e-15,1.3305212939230612e-15,3000.0,0.15707963267948963,1400.0,0.0,3000.0,1400.0
1769432599.2584398,4.255029678344727,-4.097624778747559,-2.68585756614918,4.249418534909605e-15,-4.282782364394089e-15,1.3305212939230612e-15,2000.0,0.10471975511965977,1400.0,0.0,2000.0,1400.0
1769432599.3084261,4.255029678344727,-4.097624778747559,-2.68585756614918,3.6809933307002585e-15,-5.442483242779694e-15,1.3305212939230612e-15,1000.0,0.05235987755982988,1400.0,0.0,1000.0,1400.0
1769432599.358456,4.255029678344727,-4.097624778747559,-2.68585756614918,3.6809933307002585e-15,-5.442483242779694e-15,1.3305212939230612e-15,0.0,0.0,1400.0,0.0,0.0,1400.0
1769432599.4083586,4.255029678344727,-4.097624778747559,-2.68585756614918,1.952881196477588e-15,-6.033754144541887e-15,1.3305212939230612e-15,0.0,0.0,1400.0,0.0,0.0,1400.0
1769432599.4584806,4.255029678344727,-4.097624778747559,-2.68585756614918,1.952881196477588e-15,-6.033754144541887e-15,1.3305212939230612e-15,0.0,0.0,1400.0,0.0,0.0,1400.0
1769432599.5085258,4.255029678344727,-4.097624778747559,-2.68585756614918,7.93282980295784e-16,-5.465379260018633e-15,1.3305212939230612e-15,0.0,0.0,1400.0,0.0,0.0,1400.0
1769432599.5584004,4.255029678344727,-4.097624778747559,-2.68585756614918,7.93282980295784e-16,-5.465379260018633e-15,1.3305212939230612e-15,0.0,0.0,1400.0,0.0,0.0,1400.0
1769432599.6084754,4.255029678344727,-4.097624778747559,-2.68585756614918,2.0206676710273057e-16,-3.737426964508898e-15,1.3305212939230612e-15,0.0,0.0,1400.0,0.0,0.0,1400.0
1769432599.658439,4.255029678344727,-4.097624778747559,-2.68585756614918,2.0206676710273057e-16,-3.737426964508898e-15,1.3305212939230612e-15,0.0,0.0,1400.0,0.0,0.0,1400.0
1769432599.7083771,4.255029678344727,-4.097624778747559,-2.68585756614918,-3.891805837958071e-16,-2.00938366258143e-15,1.3305212939230612e-15,0.0,0.0,1400.0,0.0,0.0,1400.0
1769432599.7584393,4.255029678344727,-4.097624778747559,-2.68585756614918,-3.891805837958071e-16,-2.00938366258143e-15,1.3305212939230612e-15,0.0,0.0,1400.0,0.0,0.0,1400.0
1769432599.8084517,4.255029678344727,-4.097624778747559,-2.68585756614918,-9.804657303446625e-16,-2.812298950082811e-16,1.3305212939230612e-15,0.0,0.0,1400.0,0.0,0.0,1400.0
1769432599.8584683,4.255029678344727,-4.097624778747559,-2.68585756614918,-9.804657303446625e-16,-2.812298950082811e-16,1.3305212939230612e-15,0.0,0.0,1400.0,0.0,0.0,1400.0
1769432599.9084234,4.255029678344727,-4.097624778747559,-2.68585756614918,-1.571695820612654e-15,1.4467629591379716e-15,1.3305212939230612e-15,0.0,0.0,1400.0,0.0,0.0,1400.0
1769432599.9584017,4.255029678344727,-4.097624778747559,-2.68585756614918,-1.571695820612654e-15,1.4467629591379716e-15,1.3305212939230612e-15,0.0,0.0,1400.0,0.0,0.0,1400.0
1769432600.0084443,4.255029678344727,-4.097624778747559,-2.68585756614918,-2.162991514658072e-15,3.174947553962623e-15,1.3305212939230612e-15,0.0,0.0,1400.0,0.0,0.0,1400.0
1769432600.058435,4.255029678344727,-4.097624778747559,-2.68585756614918,-2.162991514658072e-15,3.174947553962623e-15,1.3305212939230612e-15,1000.0,0.05235987755982988,1400.0,0.0,1000.0,1400.0
1769432600.1085072,4.255029678344727,-4.097624778747559,-2.68585756614918,-2.7541335395641873e-15,4.902683018780212e-15,1.3305212939230612e-15,1000.0,0.05235987755982988,1400.0,0.0,1000.0,1400.0
1769432600.1584368,4.255029678344727,-4.097624778747559,-2.68585756614918,-2.7541335395641873e-15,4.902683018780212e-15,1.3305212939230612e-15,2000.0,0.10471975511965977,1400.0,0.0,2000.0,1400.0
1769432600.2084856,4.255029678344727,-4.097624778747559,-2.68585756614918,-2.185657099042406e-15,6.062488429470324e-15,1.3305212939230612e-15,3000.0,0.15707963267948963,1400.0,0.0,3000.0,1400.0
1769432600.2584949,4.255029678344727,-4.097624778747559,-2.68585756614918,-2.185657099042406e-15,6.062488429470324e-15,1.3305212939230612e-15,3000.0,0.15707963267948963,1400.0,0.0,3000.0,1400.0
1769432600.3084934,4.255029678344727,-4.097624778747559,-2.68585756614918,-1.0259856207367605e-15,5.4940776356548705e-15,1.3305212939230612e-15,4000.0,0.20943951023931953,1400.0,0.0,4000.0,1400.0
1769432600.3584557,4.255029678344727,-4.097624778747559,-2.68585756614918,-1.0259856207367605e-15,5.4940776356548705e-15,1.3305212939230612e-15,5000.0,0.2617993877991494,1400.0,0.0,5000.0,1400.0
1769432600.4084537,4.255029678344727,-4.097624778747559,-2.68585756614918,-4.347561547044495e-16,3.7660866059671705e-15,1.3305212939230612e-15,5000.0,0.2617993877991494,1400.0,0.0,5000.0,1400.0
1769432600.4584336,4.255029678344727,-4.097624778747559,-2.68585756614918,-4.347561547044495e-16,3.7660866059671705e-15,1.3305212939230612e-15,6000.0,0.31415926535897926,1400.0,0.0,6000.0,1400.0
1769432600.5084403,4.255029678344727,-4.097624778747559,-2.68585756614918,1.5645334658054583e-16,2.0381539274041253e-15,1.3305212939230612e-15,7000.0,0.36651914291880916,1400.0,0.0,7000.0,1400.0
1769432600.5584528,4.255029678344727,-4.097624778747559,-2.68585756614918,1.5645334658054583e-16,2.0381539274041253e-15,1.3305212939230612e-15,7000.0,0.36651914291880916,1400.0,0.0,7000.0,1400.0
1769432600.608451,4.255029678344727,-4.097624778747559,-2.68585756614918,7.477211800356852e-16,3.100507609467126e-16,1.3305212939230612e-15,8000.0,0.41887902047863906,1400.0,0.0,8000.0,1400.0
1769432600.658453,4.255029678344727,-4.097624778747559,-2.68585756614918,7.477211800356852e-16,3.100507609467126e-16,1.3305212939230612e-15,9000.0,0.47123889803846897,1400.0,0.0,9000.0,1400.0
1769432600.7084608,4.255029678344727,-4.097624778747559,-2.68585756614918,1.3390118444548962e-15,-1.4181191337497024e-15,1.3305212939230612e-15,9000.0,0.47123889803846897,1400.0,0.0,9000.0,1400.0
1769432600.7584014,4.255029678344727,-4.097624778747559,-2.68585756614918,1.3390118444548962e-15,-1.4181191337497024e-15,1.3305212939230612e-15,9000.0,0.47123889803846897,1400.0,0.0,9000.0,1400.0
1769432600.808473,4.255029678344727,-4.097624778747559,-2.68585756614918,1.930223319486235e-15,-3.146057580996774e-15,1.3305212939230612e-15,9000.0,0.47123889803846897,1400.0,0.0,9000.0,1400.0
1769432600.8584802,4.255029678344727,-4.097624778747559,-2.68585756614918,1.930223319486235e-15,-3.146057580996774e-15,1.3305212939230612e-15,9000.0,0.47123889803846897,1400.0,0.0,9000.0,1400.0
1769432600.9084632,4.255029678344727,-4.097624778747559,-2.68585756614918,2.521485766407755e-15,-4.8741450041898365e-15,1.3305212939230612e-15,9000.0,0.47123889803846897,1400.0,0.0,9000.0,1400.0
1769432600.958468,4.255029678344727,-4.097624778747559,-2.68585756614918,2.521485766407755e-15,-4.8741450041898365e-15,1.3305212939230612e-15,9000.0,0.47123889803846897,1400.0,0.0,9000.0,1400.0
1769432601.008473,4.255029678344727,-4.097624778747559,-2.68585756614918,3.1126846578016662e-15,-6.602046673140418e-15,1.3305212939230612e-15,9000.0,0.47123889803846897,1400.0,0.0,9000.0,1400.0
1769432601.0584483,4.255029678344727,-4.097624778747559,-2.68585756614918,3.1126846578016662e-15,-6.602046673140418e-15,1.3305212939230612e-15,9000.0,0.47123889803846897,1400.0,0.0,9000.0,1400.0
1769432601.1085303,4.255029678344727,-4.097624778747559,-2.68585756614918,3.1126846578016662e-15,-6.602046673140418e-15,1.3305212939230612e-15,9000.0,0.47123889803846897,1400.0,0.0,9000.0,1400.0
1769432601.1585217,4.255029678344727,-4.097624778747559,-2.68585756614918,3.1126846578016662e-15,-6.602046673140418e-15,1.3305212939230612e-15,9000.0,0.47123889803846897,1400.0,0.0,9000.0,1400.0
1769432601.2084813,4.255029678344727,-4.097624778747559,-2.68585756614918,2.521444058552759e-15,-4.874023104312646e-15,1.3305212939230612e-15,9000.0,0.47123889803846897,1400.0,0.0,9000.0,1400.0
1769432601.2584713,4.255029678344727,-4.097624778747559,-2.68585756614918,2.521444058552759e-15,-4.874023104312646e-15,1.3305212939230612e-15,9000.0,0.47123889803846897,1400.0,0.0,9000.0,1400.0
1769432601.3084857,4.255029678344727,-4.097624778747559,-2.68585756614918,1.930154223820713e-15,-3.145855634549462e-15,1.3305212939230612e-15,9000.0,0.47123889803846897,1400.0,0.0,9000.0,1400.0
1769432601.3585436,4.255029678344727,-4.097624778747559,-2.68585756614918,1.930154223820713e-15,-3.145855634549462e-15,1.3305212939230612e-15,9000.0,0.47123889803846897,1400.0,0.0,9000.0,1400.0
1769432601.4085941,4.255029678344727,-4.097624778747559,-2.68585756614918,1.3388701320748988e-15,-1.417704949857493e-15,1.3305212939230612e-15,9000.0,0.47123889803846897,1400.0,0.0,9000.0,1400.0
1769432601.4585483,4.255029678344727,-4.097624778747559,-2.68585756614918,1.3388701320748988e-15,-1.417704949857493e-15,1.3305212939230612e-15,9000.0,0.47123889803846897,1400.0,0.0,9000.0,1400.0
1769432601.5085957,4.255029678344727,-4.097624778747559,-2.68585756614918,7.476063125249506e-16,3.1038648512751655e-16,1.3305212939230612e-15,9000.0,0.47123889803846897,1400.0,0.0,9000.0,1400.0
1769432601.5585713,4.255029678344727,-4.097624778747559,-2.68585756614918,7.476063125249506e-16,3.1038648512751655e-16,1.3305212939230612e-15,9000.0,0.47123889803846897,1400.0,0.0,9000.0,1400.0
1769432601.608546,4.255029678344727,-4.097624778747559,-2.68585756614918,1.5637850932068925e-16,2.038372654854543e-15,1.3305212939230612e-15,9000.0,0.47123889803846897,1400.0,0.0,9000.0,1400.0
1769432601.6585727,4.255029678344727,-4.097624778747559,-2.68585756614918,1.5637850932068925e-16,2.038372654854543e-15,1.3305212939230612e-15,9000.0,0.47123889803846897,1400.0,0.0,9000.0,1400.0
1769432601.7084906,4.255029678344727,-4.097624778747559,-2.68585756614918,-4.3489872767871235e-16,3.766503305125036e-15,1.3305212939230612e-15,9000.0,0.47123889803846897,1400.0,0.0,9000.0,1400.0
1769432601.7584786,4.255029678344727,-4.097624778747559,-2.68585756614918,-4.3489872767871235e-16,3.766503305125036e-15,1.3305212939230612e-15,9000.0,0.47123889803846897,1400.0,0.0,9000.0,1400.0
1769432601.8085473,4.255029678344727,-4.097624778747559,-2.68585756614918,-1.0260411041843074e-15,5.494239797565202e-15,1.3305212939230612e-15,9000.0,0.47123889803846897,1400.0,0.0,9000.0,1400.0
1769432601.8585887,4.255029678344727,-4.097624778747559,-2.68585756614918,-1.0260411041843074e-15,5.494239797565202e-15,1.3305212939230612e-15,9000.0,0.47123889803846897,1400.0,0.0,9000.0,1400.0
1769432601.908486,4.255029678344727,-4.097624778747559,-2.68585756614918,-2.185899420291061e-15,6.062742169577438e-15,1.3305212939230612e-15,9000.0,0.47123889803846897,1400.0,0.0,9000.0,1400.0
1769432601.9584346,4.255029678344727,-4.097624778747559,-2.68585756614918,-2.185899420291061e-15,6.062742169577438e-15,1.3305212939230612e-15,9000.0,0.47123889803846897,1400.0,0.0,9000.0,1400.0
1769432602.0084386,4.255029678344727,-4.097624778747559,-2.68585756614918,-2.7542982880382936e-15,4.903095022831493e-15,1.3305212939230612e-15,9000.0,0.47123889803846897,1400.0,0.0,9000.0,1400.0
1769432602.058528,4.255029678344727,-4.097624778747559,-2.68585756614918,-2.7542982880382936e-15,4.903095022831493e-15,1.3305212939230612e-15,9000.0,0.47123889803846897,1400.0,0.0,9000.0,1400.0
1769432602.1084826,4.255029678344727,-4.097624778747559,-2.68585756614918,-2.1630705954947674e-15,3.175109176533471e-15,1.3305212939230612e-15,9000.0,0.47123889803846897,1400.0,0.0,9000.0,1400.0
1769432602.1583784,4.255029678344727,-4.097624778747559,-2.68585756614918,-2.1630705954947674e-15,3.175109176533471e-15,1.3305212939230612e-15,9000.0,0.47123889803846897,1400.0,0.0,9000.0,1400.0
1769432602.2085037,4.255029678344727,-4.097624778747559,-2.68585756614918,-1.571846017353825e-15,1.447132432724477e-15,1.3305212939230612e-15,9000.0,0.47123889803846897,1400.0,0.0,9000.0,1400.0
1769432602.2585557,4.255029678344727,-4.097624778747559,-2.68585756614918,-1.571846017353825e-15,1.447132432724477e-15,1.3305212939230612e-15,8000.0,0.41887902047863906,1400.0,0.0,8000.0,1400.0
1769432602.3085253,4.255029678344727,-4.097624778747559,-2.68585756614918,-9.806671852706772e-16,-2.8071060872011506e-16,1.3305212939230612e-15,7000.0,0.36651914291880916,1300.0,0.0,7000.0,1300.0
1769432602.3584616,4.255029678344727,-4.097624778747559,-2.68585756614918,-9.806671852706772e-16,-2.8071060872011506e-16,1.3305212939230612e-15,6000.0,0.31415926535897926,1300.0,0.0,6000.0,1300.0
1769432602.408499,4.255029678344727,-4.097624778747559,-2.68585756614918,-3.894019617302485e-16,-2.00880614715919e-15,1.3305212939230612e-15,5000.0,0.2617993877991494,1300.0,0.0,5000.0,1300.0
1769432602.4584866,4.255029678344727,-4.097624778747559,-2.68585756614918,-3.894019617302485e-16,-2.00880614715919e-15,1.3305212939230612e-15,4000.0,0.20943951023931953,1300.0,0.0,4000.0,1300.0
1769432602.5083995,4.255029678344727,-4.097624778747559,-2.68585756614918,2.018485237984253e-16,-3.736858610694914e-15,1.3305212939230612e-15,3000.0,0.15707963267948963,1300.0,0.0,3000.0,1300.0
1769432602.558532,4.255029678344727,-4.097624778747559,-2.68585756614918,2.018485237984253e-16,-3.736858610694914e-15,1.3305212939230612e-15,2000.0,0.10471975511965977,1200.0,0.0,2000.0,1200.0
1769432602.608391,4.255029678344727,-4.097624778747559,-2.68585756614918,7.931240907636531e-16,-5.464984379943338e-15,1.3305212939230612e-15,1000.0,0.05235987755982988,1200.0,0.0,1000.0,1200.0
1769432602.6583953,4.255029678344727,-4.097624778747559,-2.68585756614918,7.931240907636531e-16,-5.464984379943338e-15,1.3305212939230612e-15,0.0,0.0,1200.0,0.0,0.0,1200.0
1769432602.7084355,4.255029678344727,-4.097624778747559,-2.68585756614918,1.9528111344904953e-15,-6.033402803120713e-15,1.3305212939230612e-15,0.0,0.0,1200.0,0.0,0.0,1200.0
1769432602.7584069,4.255029678344727,-4.097624778747559,-2.68585756614918,1.9528111344904953e-15,-6.033402803120713e-15,1.3305212939230612e-15,0.0,0.0,1200.0,0.0,0.0,1200.0
1769432602.8085454,4.255029678344727,-4.097624778747559,-2.68585756614918,3.681182795448523e-15,-5.44204310468624e-15,1.3305212939230612e-15,0.0,0.0,1200.0,0.0,0.0,1200.0
1769432602.858408,4.255029678344727,-4.097624778747559,-2.68585756614918,3.681182795448523e-15,-5.44204310468624e-15,1.3305212939230612e-15,0.0,0.0,1200.0,0.0,0.0,1200.0
1769432602.9084797,4.255029678344727,-4.097624778747559,-2.68585756614918,4.2494000500990864e-15,-4.282766484908795e-15,1.3305212939230612e-15,0.0,0.0,1200.0,0.0,0.0,1200.0
1769432602.9584115,4.255029678344727,-4.097624778747559,-2.68585756614918,4.2494000500990864e-15,-4.282766484908795e-15,1.3305212939230612e-15,0.0,0.0,1200.0,0.0,0.0,1200.0
1769432603.0084667,4.255029678344727,-4.097624778747559,-2.68585756614918,3.658088382688315e-15,-2.5545352046030708e-15,1.3305212939230612e-15,0.0,0.0,1200.0,0.0,0.0,1200.0
1769432603.0584593,4.255029678344727,-4.097624778747559,-2.68585756614918,3.658088382688315e-15,-2.5545352046030708e-15,1.3305212939230612e-15,0.0,0.0,1200.0,0.0,0.0,1200.0
1769432603.108439,4.255029678344727,-4.097624778747559,-2.68585756614918,3.0669276417640014e-15,-8.267450383312819e-16,1.3305212939230612e-15,0.0,0.0,1200.0,0.0,0.0,1200.0
1769432603.1585128,4.255029678344727,-4.097624778747559,-2.68585756614918,3.0669276417640014e-15,-8.267450383312819e-16,1.3305212939230612e-15,0.0,0.0,1200.0,0.0,0.0,1200.0
1769432603.2083888,4.255029678344727,-4.097624778747559,-2.68585756614918,2.475596463553322e-15,9.015432663434213e-16,1.3305212939230612e-15,0.0,0.0,1200.0,0.0,0.0,1200.0
1769432603.258543,4.255029678344727,-4.097624778747559,-2.68585756614918,2.475596463553322e-15,9.015432663434213e-16,1.3305212939230612e-15,0.0,0.0,1200.0,0.0,0.0,1200.0
1769432603.3083994,4.255029678344727,-4.097624778747559,-2.68585756614918,1.884387532503184e-15,2.6294742782765445e-15,1.3305212939230612e-15,0.0,0.0,1200.0,0.0,0.0,1200.0
1769432603.3584657,4.255029678344727,-4.097624778747559,-2.68585756614918,1.884387532503184e-15,2.6294742782765445e-15,1.3305212939230612e-15,1000.0,0.05235987755982988,1200.0,0.0,1000.0,1200.0
1769432603.4083562,4.255029678344727,-4.097624778747559,-2.68585756614918,1.2931438331047905e-15,4.357506907935703e-15,1.3305212939230612e-15,2000.0,0.10471975511965977,1200.0,0.0,2000.0,1200.0
1769432603.4585345,4.255029678344727,-4.097624778747559,-2.68585756614918,1.2931438331047905e-15,4.357506907935703e-15,1.3305212939230612e-15,2000.0,0.10471975511965977,1200.0,0.0,2000.0,1200.0
1769432603.5084643,4.255029678344727,-4.097624778747559,-2.68585756614918,1.3352713326042616e-16,4.9258908521913955e-15,1.3305212939230612e-15,3000.0,0.15707963267948963,1200.0,0.0,3000.0,1200.0
1769432603.558436,4.255029678344727,-4.097624778747559,-2.68585756614918,1.3352713326042616e-16,4.9258908521913955e-15,1.3305212939230612e-15,4000.0,0.20943951023931953,1200.0,0.0,4000.0,1200.0
1769432603.608515,4.255029678344727,-4.097624778747559,-2.68585756614918,-1.5942283845930229e-15,4.334741966169985e-15,1.3305212939230612e-15,4000.0,0.20943951023931953,1200.0,0.0,4000.0,1200.0
1769432603.6584573,4.255029678344727,-4.097624778747559,-2.68585756614918,-1.5942283845930229e-15,4.334741966169985e-15,1.3305212939230612e-15,5000.0,0.2617993877991494,1200.0,0.0,5000.0,1200.0
1769432603.708517,4.255029678344727,-4.097624778747559,-2.68585756614918,-3.322594113887771e-15,3.743384297244956e-15,1.3305212939230612e-15,6000.0,0.31415926535897926,1200.0,0.0,6000.0,1200.0
1769432603.758389,4.255029678344727,-4.097624778747559,-2.68585756614918,-3.322594113887771e-15,3.743384297244956e-15,1.3305212939230612e-15,6000.0,0.31415926535897926,1200.0,0.0,6000.0,1200.0
1769432603.8084955,4.255029678344727,-4.097624778747559,-2.68585756614918,-3.890905639449818e-15,2.5839153459909233e-15,1.3305212939230612e-15,7000.0,0.36651914291880916,1200.0,0.0,7000.0,1200.0
1769432603.8584418,4.255029678344727,-4.097624778747559,-2.68585756614918,-3.890905639449818e-15,2.5839153459909233e-15,1.3305212939230612e-15,7000.0,0.36651914291880916,1200.0,0.0,7000.0,1200.0
1769432603.9084442,4.255029678344727,-4.097624778747559,-2.68585756614918,-3.299625751568995e-15,8.557769479683633e-16,1.3305212939230612e-15,6000.0,0.31415926535897926,1200.0,0.0,6000.0,1200.0
1769432603.9585018,4.255029678344727,-4.097624778747559,-2.68585756614918,-3.299625751568995e-15,8.557769479683633e-16,1.3305212939230612e-15,5000.0,0.2617993877991494,1200.0,0.0,5000.0,1200.0
1769432604.0084364,4.255029678344727,-4.097624778747559,-2.68585756614918,-2.708336608604059e-15,-8.723884999616257e-16,1.3305212939230612e-15,4000.0,0.20943951023931953,1200.0,0.0,4000.0,1200.0
1769432604.05844,4.255029678344727,-4.097624778747559,-2.68585756614918,-2.708336608604059e-15,-8.723884999616257e-16,1.3305212939230612e-15,3000.0,0.15707963267948963,1200.0,0.0,3000.0,1200.0
1769432604.1085584,4.255029678344727,-4.097624778747559,-2.68585756614918,-2.117161515845543e-15,-2.600220612452584e-15,1.3305212939230612e-15,2000.0,0.10471975511965977,1200.0,0.0,2000.0,1200.0
1769432604.1584246,4.255029678344727,-4.097624778747559,-2.68585756614918,-2.117161515845543e-15,-2.600220612452584e-15,1.3305212939230612e-15,1000.0,0.05235987755982988,1200.0,0.0,1000.0,1200.0
1769432604.2085547,4.255029678344727,-4.097624778747559,-2.68585756614918,-1.525820228910221e-15,-4.328538461976633e-15,1.3305212939230612e-15,0.0,0.0,1200.0,0.0,0.0,1200.0
1769432604.2584953,4.255029678344727,-4.097624778747559,-2.68585756614918,-1.525820228910221e-15,-4.328538461976633e-15,1.3305212939230612e-15,0.0,0.0,1200.0,0.0,0.0,1200.0
1769432604.3085227,4.255029678344727,-4.097624778747559,-2.68585756614918,-3.663768234969293e-16,-4.896837466292892e-15,1.3305212939230612e-15,0.0,0.0,1200.0,0.0,0.0,1200.0
1769432604.3584924,4.255029678344727,-4.097624778747559,-2.68585756614918,-3.663768234969293e-16,-4.896837466292892e-15,1.3305212939230612e-15,0.0,0.0,1200.0,0.0,0.0,1200.0
1769432604.4084647,4.255029678344727,-4.097624778747559,-2.68585756614918,1.361816733727557e-15,-4.305538705776192e-15,1.3305212939230612e-15,0.0,0.0,1200.0,0.0,0.0,1200.0
1769432604.458514,4.255029678344727,-4.097624778747559,-2.68585756614918,1.361816733727557e-15,-4.305538705776192e-15,1.3305212939230612e-15,0.0,0.0,1200.0,0.0,0.0,1200.0
1769432604.5084493,4.255029678344727,-4.097624778747559,-2.68585756614918,3.089863967226122e-15,-3.714290009696667e-15,1.3305212939230612e-15,0.0,0.0,1200.0,0.0,0.0,1200.0
1769432604.558428,4.255029678344727,-4.097624778747559,-2.68585756614918,3.089863967226122e-15,-3.714290009696667e-15,1.3305212939230612e-15,0.0,0.0,1200.0,0.0,0.0,1200.0
1769432604.608496,4.255029678344727,-4.097624778747559,-2.68585756614918,4.817857680337558e-15,-3.123059625535063e-15,1.3305212939230612e-15,0.0,0.0,1200.0,0.0,0.0,1200.0
1769432604.6584537,4.255029678344727,-4.097624778747559,-2.68585756614918,4.817857680337558e-15,-3.123059625535063e-15,1.3305212939230612e-15,0.0,0.0,1200.0,0.0,0.0,1200.0
1769432604.7085168,4.255029678344727,-4.097624778747559,-2.68585756614918,5.386225754132152e-15,-1.963475304599198e-15,1.3305212939230612e-15,0.0,0.0,1200.0,0.0,0.0,1200.0
1769432604.7584283,4.255029678344727,-4.097624778747559,-2.68585756614918,5.386225754132152e-15,-1.963475304599198e-15,1.3305212939230612e-15,0.0,0.0,1200.0,0.0,0.0,1200.0
1769432604.8085797,4.255029678344727,-4.097624778747559,-2.68585756614918,4.794908211493195e-15,-2.3522685271765743e-16,1.3305212939230612e-15,0.0,0.0,1200.0,0.0,0.0,1200.0
1769432604.8584433,4.255029678344727,-4.097624778747559,-2.68585756614918,4.794908211493195e-15,-2.3522685271765743e-16,1.3305212939230612e-15,0.0,0.0,1200.0,0.0,0.0,1200.0
1769432604.908352,4.255029678344727,-4.097624778747559,-2.68585756614918,4.2036205975116836e-15,1.4929341264404025e-15,1.3305212939230612e-15,0.0,0.0,1200.0,0.0,0.0,1200.0
1769432604.9584515,4.255029678344727,-4.097624778747559,-2.68585756614918,4.2036205975116836e-15,1.4929341264404025e-15,1.3305212939230612e-15,0.0,0.0,1200.0,0.0,0.0,1200.0
1769432605.008515,4.255029678344727,-4.097624778747559,-2.68585756614918,3.6124060073416955e-15,3.2208816783278067e-15,1.3305212939230612e-15,0.0,0.0,1200.0,0.0,0.0,1200.0
1769432605.0583527,4.255029678344727,-4.097624778747559,-2.68585756614918,3.6124060073416955e-15,3.2208816783278067e-15,1.3305212939230612e-15,0.0,0.0,1200.0,0.0,0.0,1200.0
1769432605.1084552,4.255029678344727,-4.097624778747559,-2.68585756614918,2.4526937392494092e-15,3.7893124651804594e-15,1.3305212939230612e-15,0.0,0.0,1200.0,0.0,0.0,1200.0
1769432605.1584656,4.255029678344727,-4.097624778747559,-2.68585756614918,2.4526937392494092e-15,3.7893124651804594e-15,1.3305212939230612e-15,0.0,0.0,1200.0,0.0,0.0,1200.0
1769432605.2083766,4.255029678344727,-4.097624778747559,-2.68585756614918,7.246785852011339e-16,3.1980747450353803e-15,1.3305212939230612e-15,0.0,0.0,1200.0,0.0,0.0,1200.0
1769432605.2584589,4.255029678344727,-4.097624778747559,-2.68585756614918,7.246785852011339e-16,3.1980747450353803e-15,1.3305212939230612e-15,0.0,0.0,1200.0,0.0,0.0,1200.0
1769432605.3083982,4.255029678344727,-4.097624778747559,-2.68585756614918,-1.0033917226525846e-15,2.6068181541008224e-15,1.3305212939230612e-15,0.0,0.0,1200.0,0.0,0.0,1200.0
1769432605.3586042,4.255029678344727,-4.097624778747559,-2.68585756614918,-1.0033917226525846e-15,2.6068181541008224e-15,1.3305212939230612e-15,0.0,0.0,1200.0,0.0,0.0,1200.0
1769432605.4084334,4.255029678344727,-4.097624778747559,-2.68585756614918,-2.7314985666868376e-15,2.015549062368438e-15,1.3305212939230612e-15,0.0,0.0,1200.0,0.0,0.0,1200.0
1769432605.4583654,4.255029678344727,-4.097624778747559,-2.68585756614918,-2.7314985666868376e-15,2.015549062368438e-15,1.3305212939230612e-15,0.0,0.0,1200.0,0.0,0.0,1200.0
1769432605.5084379,4.255029678344727,-4.097624778747559,-2.68585756614918,-4.459543248175115e-15,1.4243012394552971e-15,1.3305212939230612e-15,0.0,0.0,1200.0,0.0,0.0,1200.0
1769432605.5585005,4.255029678344727,-4.097624778747559,-2.68585756614918,-4.459543248175115e-15,1.4243012394552971e-15,1.3305212939230612e-15,0.0,0.0,1200.0,0.0,0.0,1200.0
1769432605.6083798,4.255029678344727,-4.097624778747559,-2.68585756614918,-5.027939452441889e-15,2.6465952674113724e-16,1.3305212939230612e-15,0.0,0.0,1200.0,0.0,0.0,1200.0
1769432605.6584868,4.255029678344727,-4.097624778747559,-2.68585756614918,-5.027939452441889e-15,2.6465952674113724e-16,1.3305212939230612e-15,0.0,0.0,1200.0,0.0,0.0,1200.0
1769432605.7085588,4.255029678344727,-4.097624778747559,-2.68585756614918,-5.027939452441889e-15,2.6465952674113724e-16,1.3305212939230612e-15,0.0,0.0,1200.0,0.0,0.0,1200.0
1769432605.7584388,4.255029678344727,-4.097624778747559,-2.68585756614918,-5.027939452441889e-15,2.6465952674113724e-16,1.3305212939230612e-15,0.0,0.0,1200.0,0.0,0.0,1200.0
1769432605.8084035,4.255029678344727,-4.097624778747559,-2.68585756614918,-5.027939452441889e-15,2.6465952674113724e-16,1.3305212939230612e-15,0.0,0.0,1200.0,0.0,0.0,1200.0
1769432605.8583488,4.255029678344727,-4.097624778747559,-2.68585756614918,-5.027939452441889e-15,2.6465952674113724e-16,1.3305212939230612e-15,0.0,0.0,1200.0,0.0,0.0,1200.0
1769432605.9084733,4.255029678344727,-4.097624778747559,-2.68585756614918,-5.027939452441889e-15,2.6465952674113724e-16,1.3305212939230612e-15,0.0,0.0,1200.0,0.0,0.0,1200.0
1769432605.9584153,4.255029678344727,-4.097624778747559,-2.68585756614918,-5.027939452441889e-15,2.6465952674113724e-16,1.3305212939230612e-15,0.0,0.0,1200.0,0.0,0.0,1200.0
1769432606.008454,4.255029678344727,-4.097624778747559,-2.68585756614918,-5.027939452441889e-15,2.6465952674113724e-16,1.3305212939230612e-15,0.0,0.0,1200.0,0.0,0.0,1200.0
1769432606.0584054,4.255029678344727,-4.097624778747559,-2.68585756614918,-5.027939452441889e-15,2.6465952674113724e-16,1.3305212939230612e-15,0.0,0.0,1200.0,0.0,0.0,1200.0
1769432606.1084461,4.255029678344727,-4.097624778747559,-2.68585756614918,-5.027939452441889e-15,2.6465952674113724e-16,1.3305212939230612e-15,0.0,0.0,1200.0,0.0,0.0,1200.0
1769432606.1584177,4.255029678344727,-4.097624778747559,-2.68585756614918,-5.027939452441889e-15,2.6465952674113724e-16,1.3305212939230612e-15,0.0,0.0,1200.0,0.0,0.0,1200.0
1769432606.2084193,4.255029678344727,-4.097624778747559,-2.68585756614918,-5.027939452441889e-15,2.6465952674113724e-16,1.3305212939230612e-15,0.0,0.0,1200.0,0.0,0.0,1200.0
1769432606.258468,4.255029678344727,-4.097624778747559,-2.68585756614918,-5.027939452441889e-15,2.6465952674113724e-16,1.3305212939230612e-15,0.0,0.0,1200.0,0.0,0.0,1200.0
1769432606.3084648,4.255029678344727,-4.097624778747559,-2.68585756614918,-5.027939452441889e-15,2.6465952674113724e-16,1.3305212939230612e-15,0.0,0.0,1200.0,0.0,0.0,1200.0
1769432606.3586028,4.255029678344727,-4.097624778747559,-2.68585756614918,-5.027939452441889e-15,2.6465952674113724e-16,1.3305212939230612e-15,0.0,0.0,1200.0,0.0,0.0,1200.0
1769432606.4084477,4.255029678344727,-4.097624778747559,-2.68585756614918,-5.027939452441889e-15,2.6465952674113724e-16,1.3305212939230612e-15,0.0,0.0,1200.0,0.0,0.0,1200.0
1769432606.4584203,4.255029678344727,-4.097624778747559,-2.68585756614918,-5.027939452441889e-15,2.6465952674113724e-16,1.3305212939230612e-15,0.0,0.0,1200.0,0.0,0.0,1200.0
1769432606.5084627,4.255029678344727,-4.097624778747559,-2.68585756614918,-5.027939452441889e-15,2.6465952674113724e-16,1.3305212939230612e-15,0.0,0.0,1200.0,0.0,0.0,1200.0
1769432606.558422,4.255029678344727,-4.097624778747559,-2.68585756614918,-5.027939452441889e-15,2.6465952674113724e-16,1.3305212939230612e-15,0.0,0.0,1200.0,0.0,0.0,1200.0
1769432606.6084194,4.255029678344727,-4.097624778747559,-2.68585756614918,-5.027939452441889e-15,2.6465952674113724e-16,1.3305212939230612e-15,0.0,0.0,1200.0,0.0,0.0,1200.0
1769432606.6584735,4.255029678344727,-4.097624778747559,-2.68585756614918,-5.027939452441889e-15,2.6465952674113724e-16,1.3305212939230612e-15,0.0,0.0,1200.0,0.0,0.0,1200.0
1769432606.7084389,4.255029678344727,-4.097624778747559,-2.68585756614918,-5.027939452441889e-15,2.6465952674113724e-16,1.3305212939230612e-15,0.0,0.0,1200.0,0.0,0.0,1200.0
1769432606.7584465,4.255029678344727,-4.097624778747559,-2.68585756614918,-5.027939452441889e-15,2.6465952674113724e-16,1.3305212939230612e-15,0.0,0.0,1200.0,0.0,0.0,1200.0
1769432606.8084435,4.255029678344727,-4.097624778747559,-2.68585756614918,-5.027939452441889e-15,2.6465952674113724e-16,1.3305212939230612e-15,0.0,0.0,1200.0,0.0,0.0,1200.0
1769432606.8583643,4.255029678344727,-4.097624778747559,-2.68585756614918,-5.027939452441889e-15,2.6465952674113724e-16,1.3305212939230612e-15,0.0,0.0,1200.0,0.0,0.0,1200.0
1769432606.908329,4.255029678344727,-4.097624778747559,-2.68585756614918,-5.027939452441889e-15,2.6465952674113724e-16,1.3305212939230612e-15,0.0,0.0,1200.0,0.0,0.0,1200.0
1769432606.958415,4.255029678344727,-4.097624778747559,-2.68585756614918,-5.027939452441889e-15,2.6465952674113724e-16,1.3305212939230612e-15,0.0,0.0,1200.0,0.0,0.0,1200.0
1769432607.0083308,4.255029678344727,-4.097624778747559,-2.68585756614918,-5.027939452441889e-15,2.6465952674113724e-16,1.3305212939230612e-15,0.0,0.0,1200.0,0.0,0.0,1200.0
1769432607.0584328,4.255029678344727,-4.097624778747559,-2.68585756614918,-5.027939452441889e-15,2.6465952674113724e-16,1.3305212939230612e-15,0.0,0.0,1200.0,0.0,0.0,1200.0
1769432607.1083908,4.255029678344727,-4.097624778747559,-2.68585756614918,-5.027939452441889e-15,2.6465952674113724e-16,1.3305212939230612e-15,0.0,0.0,1200.0,0.0,0.0,1200.0
1769432607.1584597,4.255029678344727,-4.097624778747559,-2.68585756614918,-5.027939452441889e-15,2.6465952674113724e-16,1.3305212939230612e-15,0.0,0.0,1200.0,0.0,0.0,1200.0
1769432607.2083485,4.255029678344727,-4.097624778747559,-2.68585756614918,-5.027939452441889e-15,2.6465952674113724e-16,1.3305212939230612e-15,0.0,0.0,1200.0,0.0,0.0,1200.0
1769432607.2584674,4.255029678344727,-4.097624778747559,-2.68585756614918,-5.027939452441889e-15,2.6465952674113724e-16,1.3305212939230612e-15,0.0,0.0,1200.0,0.0,0.0,1200.0
1769432607.3085256,4.255029678344727,-4.097624778747559,-2.68585756614918,-5.027939452441889e-15,2.6465952674113724e-16,1.3305212939230612e-15,0.0,0.0,1200.0,0.0,0.0,1200.0
1769432607.3584077,4.255029678344727,-4.097624778747559,-2.68585756614918,-5.027939452441889e-15,2.6465952674113724e-16,1.3305212939230612e-15,0.0,0.0,1200.0,0.0,0.0,1200.0
1769432607.4084392,4.255029678344727,-4.097624778747559,-2.68585756614918,-5.027939452441889e-15,2.6465952674113724e-16,1.3305212939230612e-15,0.0,0.0,1200.0,0.0,0.0,1200.0
1769432607.458495,4.255029678344727,-4.097624778747559,-2.68585756614918,-5.027939452441889e-15,2.6465952674113724e-16,1.3305212939230612e-15,0.0,0.0,1200.0,0.0,0.0,1200.0
1769432607.508489,4.255029678344727,-4.097624778747559,-2.68585756614918,-5.027939452441889e-15,2.6465952674113724e-16,1.3305212939230612e-15,0.0,0.0,1200.0,0.0,0.0,1200.0
1769432607.558441,4.255029678344727,-4.097624778747559,-2.68585756614918,-5.027939452441889e-15,2.6465952674113724e-16,1.3305212939230612e-15,0.0,0.0,1200.0,0.0,0.0,1200.0
1769432607.6083508,4.255029678344727,-4.097624778747559,-2.68585756614918,-5.027939452441889e-15,2.6465952674113724e-16,1.3305212939230612e-15,0.0,0.0,1200.0,0.0,0.0,1200.0
1769432607.6584294,4.255029678344727,-4.097624778747559,-2.68585756614918,-5.027939452441889e-15,2.6465952674113724e-16,1.3305212939230612e-15,0.0,0.0,1200.0,0.0,0.0,1200.0
1769432607.7083607,4.255029678344727,-4.097624778747559,-2.68585756614918,-5.027939452441889e-15,2.6465952674113724e-16,1.3305212939230612e-15,0.0,0.0,1200.0,0.0,0.0,1200.0
1769432607.7584567,4.255029678344727,-4.097624778747559,-2.68585756614918,-5.027939452441889e-15,2.6465952674113724e-16,1.3305212939230612e-15,0.0,0.0,1200.0,0.0,0.0,1200.0
1769432607.8084517,4.255029678344727,-4.097624778747559,-2.68585756614918,-5.027939452441889e-15,2.6465952674113724e-16,1.3305212939230612e-15,0.0,0.0,1200.0,0.0,0.0,1200.0
1769432607.8584652,4.255029678344727,-4.097624778747559,-2.68585756614918,-5.027939452441889e-15,2.6465952674113724e-16,1.3305212939230612e-15,0.0,0.0,1200.0,0.0,0.0,1200.0
1769432607.9084582,4.255029678344727,-4.097624778747559,-2.68585756614918,-5.027939452441889e-15,2.6465952674113724e-16,1.3305212939230612e-15,0.0,0.0,1200.0,0.0,0.0,1200.0
1769432607.9584057,4.255029678344727,-4.097624778747559,-2.68585756614918,-5.027939452441889e-15,2.6465952674113724e-16,1.3305212939230612e-15,0.0,0.0,1300.0,0.0,0.0,1300.0
1769432608.0084684,4.255029678344727,-4.097624778747559,-2.68585756614918,-5.027939452441889e-15,2.6465952674113724e-16,1.3305212939230612e-15,0.0,0.0,1300.0,0.0,0.0,1300.0
1769432608.0584588,4.255029678344727,-4.097624778747559,-2.68585756614918,-5.027939452441889e-15,2.6465952674113724e-16,1.3305212939230612e-15,0.0,0.0,1300.0,0.0,0.0,1300.0
1769432608.1084762,4.255029678344727,-4.097624778747559,-2.68585756614918,-5.027939452441889e-15,2.6465952674113724e-16,1.3305212939230612e-15,0.0,0.0,1300.0,0.0,0.0,1300.0
1769432608.1585007,4.255029678344727,-4.097624778747559,-2.68585756614918,-5.027939452441889e-15,2.6465952674113724e-16,1.3305212939230612e-15,0.0,0.0,1300.0,0.0,0.0,1300.0
1769432608.2083542,4.255029678344727,-4.097624778747559,-2.68585756614918,-5.027939452441889e-15,2.6465952674113724e-16,1.3305212939230612e-15,0.0,0.0,1300.0,0.0,0.0,1300.0
1769432608.258501,4.255029678344727,-4.097624778747559,-2.68585756614918,-5.027939452441889e-15,2.6465952674113724e-16,1.3305212939230612e-15,0.0,0.0,1300.0,0.0,0.0,1300.0
1769432608.3084486,4.255029678344727,-4.097624778747559,-2.68585756614918,-5.027939452441889e-15,2.6465952674113724e-16,1.3305212939230612e-15,0.0,0.0,1300.0,0.0,0.0,1300.0
1769432608.3583717,4.255029678344727,-4.097624778747559,-2.68585756614918,-5.027939452441889e-15,2.6465952674113724e-16,1.3305212939230612e-15,0.0,0.0,1300.0,0.0,0.0,1300.0
1769432608.408457,4.255029678344727,-4.097624778747559,-2.68585756614918,-5.027939452441889e-15,2.6465952674113724e-16,1.3305212939230612e-15,0.0,0.0,1300.0,0.0,0.0,1300.0
1769432608.458331,4.255029678344727,-4.097624778747559,-2.68585756614918,-5.027939452441889e-15,2.6465952674113724e-16,1.3305212939230612e-15,0.0,0.0,1300.0,0.0,0.0,1300.0
1769432608.5084453,4.255029678344727,-4.097624778747559,-2.68585756614918,0.0,0.0,0.0,0.0,0.0,1300.0,0.0,0.0,1300.0
1769432608.558468,4.255029678344727,-4.097624778747559,-2.68585756614918,0.0,0.0,0.0,0.0,0.0,1300.0,0.0,0.0,1300.0
1769432608.6084638,4.255029678344727,-4.097624778747559,-2.68585756614918,0.0,0.0,0.0,0.0,0.0,1300.0,0.0,0.0,1300.0
1769432608.6584787,4.255029678344727,-4.097624778747559,-2.68585756614918,0.0,0.0,0.0,0.0,0.0,1300.0,0.0,0.0,1300.0
1769432608.7084446,4.255029678344727,-4.097624778747559,-2.68585756614918,0.0,0.0,0.0,0.0,0.0,1300.0,0.0,0.0,1300.0
1769432608.7585223,4.255029678344727,-4.097624778747559,-2.68585756614918,0.0,0.0,0.0,0.0,0.0,1300.0,0.0,0.0,1300.0
1769432608.8084304,4.255029678344727,-4.097624778747559,-2.68585756614918,0.0,0.0,0.0,0.0,0.0,1300.0,0.0,0.0,1300.0
1769432608.8584137,4.255029678344727,-4.097624778747559,-2.68585756614918,0.0,0.0,0.0,0.0,0.0,1300.0,0.0,0.0,1300.0
1769432608.908413,4.255029678344727,-4.097624778747559,-2.68585756614918,0.0,0.0,0.0,0.0,0.0,1300.0,0.0,0.0,1300.0
1769432608.9584742,4.255029678344727,-4.097624778747559,-2.68585756614918,0.0,0.0,0.0,0.0,0.0,1300.0,0.0,0.0,1300.0
1769432609.0084755,4.255029678344727,-4.097624778747559,-2.68585756614918,0.0,0.0,0.0,0.0,0.0,1300.0,0.0,0.0,1300.0
1769432609.0584426,4.255029678344727,-4.097624778747559,-2.68585756614918,0.0,0.0,0.0,0.0,0.0,1300.0,0.0,0.0,1300.0
1769432609.1085017,4.255029678344727,-4.097624778747559,-2.68585756614918,0.0,0.0,0.0,0.0,0.0,1300.0,0.0,0.0,1300.0
1769432609.1584673,4.255029678344727,-4.097624778747559,-2.68585756614918,0.0,0.0,0.0,0.0,0.0,1300.0,0.0,0.0,1300.0
1769432609.208417,4.255029678344727,-4.097624778747559,-2.68585756614918,0.0,0.0,0.0,0.0,0.0,1300.0,0.0,0.0,1300.0
1769432609.2584596,4.255029678344727,-4.097624778747559,-2.68585756614918,0.0,0.0,0.0,0.0,0.0,1300.0,0.0,0.0,1300.0
1769432609.3083954,4.255029678344727,-4.097624778747559,-2.68585756614918,0.0,0.0,0.0,0.0,0.0,1300.0,0.0,0.0,1300.0
1769432609.3585074,4.255029678344727,-4.097624778747559,-2.68585756614918,0.0,0.0,0.0,0.0,0.0,1300.0,0.0,0.0,1300.0
1769432609.408459,4.255029678344727,-4.097624778747559,-2.68585756614918,0.0,0.0,0.0,0.0,0.0,1300.0,0.0,0.0,1300.0
1769432609.458439,4.255029678344727,-4.097624778747559,-2.68585756614918,0.0,0.0,0.0,0.0,0.0,1300.0,0.0,0.0,1300.0
1769432609.5085058,4.255029678344727,-4.097624778747559,-2.68585756614918,0.0,0.0,0.0,0.0,0.0,1300.0,0.0,0.0,1300.0
