t_sec,x,y,yaw,u,v,r,applied_steer_ui,applied_steer_rad,applied_thrust,bow,target_steer_ui,target_thrust
1769449922.9915214,8.597625732421875,-0.03827087953686714,-1.4680067833542687,0.0001466833120149893,-2.5064451002954457e-05,2.042065160128364e-08,0.0,0.0,0.0,0.0,0.0,0.0
1769449923.041544,8.597625732421875,-0.03827087953686714,-1.4680067833542687,0.0001466833120149893,-2.5064451002954457e-05,2.042065160128364e-08,0.0,0.0,0.0,0.0,0.0,0.0
1769449923.091503,8.597625732421875,-0.03827087953686714,-1.4680067833542687,0.00011398114852335531,-1.950157225187988e-05,1.5933463700532822e-08,0.0,0.0,0.0,0.0,0.0,0.0
1769449923.141571,8.597625732421875,-0.03827087953686714,-1.4680067833542687,0.00011398114852335531,-1.950157225187988e-05,1.5933463700532822e-08,0.0,0.0,0.0,0.0,0.0,0.0
1769449923.1914368,8.597625732421875,-0.03827087953686714,-1.4680067833542687,8.895690610349861e-05,-1.5235669762272345e-05,1.2427432303969587e-08,0.0,0.0,0.0,0.0,0.0,0.0
1769449923.241569,8.597625732421875,-0.03827087953686714,-1.4680067833542687,8.895690610349861e-05,-1.5235669762272345e-05,1.2427432303969587e-08,0.0,0.0,0.0,0.0,0.0,0.0
1769449923.2915256,8.597625732421875,-0.03827087953686714,-1.4680067833542687,6.96893673339212e-05,-1.1943941688046997e-05,9.690758137393495e-09,0.0,0.0,0.0,0.0,0.0,0.0
1769449923.3415074,8.597625732421875,-0.03827087953686714,-1.4680067833542687,6.96893673339212e-05,-1.1943941688046997e-05,9.690758137393495e-09,0.0,0.0,0.0,0.0,0.0,0.0
1769449923.3914418,8.597625732421875,-0.03827087953686714,-1.4680067833542687,5.4748591303832455e-05,-9.386356600057796e-06,7.555588090363769e-09,0.0,0.0,0.0,0.0,0.0,0.0
1769449923.4414299,8.597625732421875,-0.03827087953686714,-1.4680067833542687,5.4748591303832455e-05,-9.386356600057796e-06,7.555588090363769e-09,0.0,0.0,0.0,0.0,0.0,0.0
1769449923.4914997,8.597625732421875,-0.03827087953686714,-1.4680067833542687,4.307547262289306e-05,-7.384983767493521e-06,5.889063926803632e-09,0.0,0.0,-100.0,0.0,0.0,-100.0
1769449923.541559,8.597625732421875,-0.03827087953686714,-1.4680067833542687,4.307547262289306e-05,-7.384983767493521e-06,5.889063926803632e-09,0.0,0.0,-100.0,0.0,0.0,-100.0
1769449923.5915136,8.597625732421875,-0.03827087953686714,-1.4680067833542687,3.391065068578008e-05,-5.8120134961946925e-06,4.590700544325828e-09,0.0,0.0,-100.0,0.0,0.0,-100.0
1769449923.6415584,8.597625732421875,-0.03827087953686714,-1.4680067833542687,3.391065068578008e-05,-5.8120134961946925e-06,4.590700544325828e-09,0.0,0.0,-100.0,0.0,0.0,-100.0
1769449923.6914885,8.597625732421875,-0.03827087953686714,-1.4680067833542687,2.6680960666613894e-05,-4.5705672299806816e-06,3.5783968344963153e-09,0.0,0.0,-200.0,0.0,0.0,-200.0
1769449923.7415543,8.597625732421875,-0.03827087953686714,-1.4680067833542687,2.6680960666613894e-05,-4.5705672299806816e-06,3.5783968344963153e-09,0.0,0.0,-200.0,0.0,0.0,-200.0
1769449923.791399,8.597625732421875,-0.03827087953686714,-1.4680067833542687,2.096447706422559e-05,-3.5889961865888008e-06,2.7893981951379425e-09,0.0,0.0,-200.0,0.0,0.0,-200.0
1769449923.8413754,8.597625732421875,-0.03827087953686714,-1.4680067833542687,2.096447706422559e-05,-3.5889961865888008e-06,2.7893981951379425e-09,0.0,0.0,-300.0,0.0,0.0,-300.0
1769449923.8915164,8.597625732421875,-0.03827087953686714,-1.4680067833542687,1.643975070778275e-05,-2.812425089943486e-06,2.174088313445655e-09,0.0,0.0,-300.0,0.0,0.0,-300.0
1769449923.941513,8.597625732421875,-0.03827087953686714,-1.4680067833542687,1.643975070778275e-05,-2.812425089943486e-06,2.174088313445655e-09,0.0,0.0,-300.0,0.0,0.0,-300.0
1769449923.9914227,8.597625732421875,-0.03827087953686714,-1.4680067833542687,1.2866502824425397e-05,-2.1996352932038572e-06,1.6951734230169717e-09,0.0,0.0,-300.0,0.0,0.0,-300.0
1769449924.0414944,8.597625732421875,-0.03827087953686714,-1.4680067833542687,1.2866502824425397e-05,-2.1996352932038572e-06,1.6951734230169717e-09,0.0,0.0,-300.0,0.0,0.0,-300.0
1769449924.0914433,8.597625732421875,-0.03827087953686714,-1.4680067833542687,1.0046725890905437e-05,-1.7165328412010806e-06,1.3215760724986897e-09,0.0,0.0,-200.0,0.0,0.0,-200.0
1769449924.141495,8.597625732421875,-0.03827087953686714,-1.4680067833542687,1.0046725890905437e-05,-1.7165328412010806e-06,1.3215760724986897e-09,0.0,0.0,-200.0,0.0,0.0,-200.0
1769449924.1915638,8.597625732421875,-0.03827087953686714,-1.4680067833542687,7.827916713417061e-06,-1.3367905031175644e-06,1.0302312892927317e-09,0.0,0.0,-200.0,0.0,0.0,-200.0
1769449924.2415,8.597625732421875,-0.03827087953686714,-1.4680067833542687,7.827916713417061e-06,-1.3367905031175644e-06,1.0302312892927317e-09,0.0,0.0,-200.0,0.0,0.0,-200.0
1769449924.2914863,8.597625732421875,-0.03827087953686714,-1.4680067833542687,6.088896411292037e-06,-1.039464994906575e-06,8.032253450984223e-10,0.0,0.0,-100.0,0.0,0.0,-100.0
1769449924.3414354,8.597625732421875,-0.03827087953686714,-1.4680067833542687,6.088896411292037e-06,-1.039464994906575e-06,8.032253450984223e-10,0.0,0.0,-100.0,0.0,0.0,-100.0
1769449924.3915057,8.597625732421875,-0.03827087953686714,-1.4680067833542687,4.729970639090377e-06,-8.073347455631807e-07,6.262251746603014e-10,0.0,0.0,-100.0,0.0,0.0,-100.0
1769449924.441434,8.597625732421875,-0.03827087953686714,-1.4680067833542687,4.729970639090377e-06,-8.073347455631807e-07,6.262251746603014e-10,0.0,0.0,0.0,0.0,0.0,0.0
1769449924.4914396,8.597625732421875,-0.03827087953686714,-1.4680067833542687,3.6709648815175143e-06,-6.265673107161348e-07,4.881636001489894e-10,0.0,0.0,0.0,0.0,0.0,0.0
1769449924.5415776,8.597625732421875,-0.03827087953686714,-1.4680067833542687,3.6709648815175143e-06,-6.265673107161348e-07,4.881636001489894e-10,0.0,0.0,0.0,0.0,0.0,0.0
1769449924.5915189,8.597625732421875,-0.03827087953686714,-1.4680067833542687,2.848318797322296e-06,-4.862161167516087e-07,3.80569963645097e-10,0.0,0.0,0.0,0.0,0.0,0.0
1769449924.6415854,8.597625732421875,-0.03827087953686714,-1.4680067833542687,2.848318797322296e-06,-4.862161167516087e-07,3.80569963645097e-10,0.0,0.0,100.0,0.0,0.0,100.0
1769449924.6915045,8.597625732421875,-0.03827087953686714,-1.4680067833542687,2.210131781978031e-06,-3.773643917304307e-07,2.966314814341808e-10,0.0,0.0,100.0,0.0,0.0,100.0
1769449924.7415283,8.597625732421875,-0.03827087953686714,-1.4680067833542687,2.210131781978031e-06,-3.773643917304307e-07,2.966314814341808e-10,0.0,0.0,100.0,0.0,0.0,100.0
1769449924.7914975,8.597625732421875,-0.03827087953686714,-1.4680067833542687,1.7160914244708938e-06,-2.9310161786633173e-07,2.3124194663777592e-10,0.0,0.0,200.0,0.0,0.0,200.0
1769449924.8415654,8.597625732421875,-0.03827087953686714,-1.4680067833542687,1.7160914244708938e-06,-2.9310161786633173e-07,2.3124194663777592e-10,0.0,0.0,200.0,0.0,0.0,200.0
1769449924.891491,8.597625732421875,-0.03827087953686714,-1.4680067833542687,1.33373888314403e-06,-2.2787653214147504e-07,1.802737650962817e-10,0.0,0.0,200.0,0.0,0.0,200.0
1769449924.9414442,8.597625732421875,-0.03827087953686714,-1.4680067833542687,1.33373888314403e-06,-2.2787653214147504e-07,1.802737650962817e-10,0.0,0.0,300.0,0.0,0.0,300.0
1769449924.9915452,8.597625732421875,-0.03827087953686714,-1.4680067833542687,1.0376753706733235e-06,-1.7735381158367634e-07,1.4053469078200408e-10,0.0,0.0,300.0,0.0,0.0,300.0
1769449925.0415568,8.597625732421875,-0.03827087953686714,-1.4680067833542687,1.0376753706733235e-06,-1.7735381158367634e-07,1.4053469078200408e-10,0.0,0.0,300.0,0.0,0.0,300.0
1769449925.091514,8.597625732421875,-0.03827087953686714,-1.4680067833542687,8.082461806181754e-07,-1.381839061055002e-07,1.095563247247493e-10,0.0,0.0,300.0,0.0,0.0,300.0
1769449925.1415107,8.597625732421875,-0.03827087953686714,-1.4680067833542687,8.082461806181754e-07,-1.381839061055002e-07,1.095563247247493e-10,0.0,0.0,400.0,0.0,0.0,400.0
1769449925.1914659,8.597625732421875,-0.03827087953686714,-1.4680067833542687,6.302621105758193e-07,-1.0778121155770261e-07,8.541395077984175e-11,0.0,0.0,400.0,0.0,0.0,400.0
1769449925.24154,8.597625732421875,-0.03827087953686714,-1.4680067833542687,6.302621105758193e-07,-1.0778121155770261e-07,8.541395077984175e-11,0.0,0.0,400.0,0.0,0.0,400.0
1769449925.2914271,8.597625732421875,-0.03827087953686714,-1.4680067833542687,4.918985638507363e-07,-8.413402437528663e-08,6.658621757041435e-11,0.0,0.0,400.0,0.0,0.0,400.0
1769449925.3415163,8.597625732421875,-0.03827087953686714,-1.4680067833542687,4.918985638507363e-07,-8.413402437528663e-08,6.658621757041435e-11,0.0,0.0,400.0,0.0,0.0,400.0
1769449925.391455,8.597625732421875,-0.03827087953686714,-1.4680067833542687,3.841674631706737e-07,-6.571346298515395e-08,5.1907885783327806e-11,0.0,0.0,400.0,0.0,0.0,400.0
1769449925.4415538,8.597625732421875,-0.03827087953686714,-1.4680067833542687,3.841674631706737e-07,-6.571346298515395e-08,5.1907885783327806e-11,0.0,0.0,400.0,0.0,0.0,400.0
1769449925.4914856,8.597625732421875,-0.03827087953686714,-1.4680067833542687,3.0017023166159834e-07,-5.1345666609983334e-08,4.046831647202212e-11,0.0,0.0,400.0,0.0,0.0,400.0
1769449925.5415263,8.597625732421875,-0.03827087953686714,-1.4680067833542687,3.0017023166159834e-07,-5.1345666609983334e-08,4.046831647202212e-11,0.0,0.0,400.0,0.0,0.0,400.0
1769449925.59145,8.597625732421875,-0.03827087953686714,-1.4680067833542687,2.345625205148236e-07,-4.012051196585293e-08,3.154706920500266e-11,0.0,0.0,400.0,0.0,0.0,400.0
1769449925.6415005,8.597625732421875,-0.03827087953686714,-1.4680067833542687,2.345625205148236e-07,-4.012051196585293e-08,3.154706920500266e-11,0.0,0.0,400.0,0.0,0.0,400.0
1769449925.69143,8.597625732421875,-0.03827087953686714,-1.4680067833542687,1.8328067452961105e-07,-3.134529577041487e-08,2.459386558723753e-11,0.0,0.0,400.0,0.0,0.0,400.0
1769449925.7415283,8.597625732421875,-0.03827087953686714,-1.4680067833542687,1.8328067452961105e-07,-3.134529577041487e-08,2.459386558723753e-11,0.0,0.0,400.0,0.0,0.0,400.0
1769449925.7915413,8.597625732421875,-0.03827087953686714,-1.4680067833542687,1.4318010173209006e-07,-2.4483337600602416e-08,1.9175968026879548e-11,0.0,0.0,400.0,0.0,0.0,400.0
1769449925.8415318,8.597625732421875,-0.03827087953686714,-1.4680067833542687,1.4318010173209006e-07,-2.4483337600602416e-08,1.9175968026879548e-11,0.0,0.0,400.0,0.0,0.0,400.0
1769449925.891456,8.597625732421875,-0.03827087953686714,-1.4680067833542687,1.1179741917123465e-07,-1.9113707337190493e-08,1.4949416839843784e-11,0.0,0.0,400.0,0.0,0.0,400.0
1769449925.9415329,8.597625732421875,-0.03827087953686714,-1.4680067833542687,1.1179741917123465e-07,-1.9113707337190493e-08,1.4949416839843784e-11,0.0,0.0,400.0,0.0,0.0,400.0
1769449925.9913905,8.597625732421875,-0.03827087953686714,-1.4680067833542687,8.723597315011402e-08,-1.4911963123373363e-08,1.1652932345586854e-11,0.0,0.0,400.0,0.0,0.0,400.0
1769449926.041495,8.597625732421875,-0.03827087953686714,-1.4680067833542687,8.723597315011402e-08,-1.4911963123373363e-08,1.1652932345586854e-11,0.0,0.0,400.0,0.0,0.0,400.0
1769449926.0914898,8.597625732421875,-0.03827087953686714,-1.4680067833542687,6.803196340443526e-08,-1.1627490825192785e-08,9.084218647169162e-12,1000.0,0.05235987755982988,400.0,0.0,1000.0,400.0
1769449926.141563,8.597625732421875,-0.03827087953686714,-1.4680067833542687,6.803196340443526e-08,-1.1627490825192785e-08,9.084218647169162e-12,1000.0,0.05235987755982988,400.0,0.0,1000.0,400.0
1769449926.1914976,8.597625732421875,-0.03827087953686714,-1.4680067833542687,5.3026889746322785e-08,-9.061831788165381e-09,7.08144328740552e-12,2000.0,0.10471975511965977,400.0,0.0,2000.0,400.0
1769449926.2415469,8.597625732421875,-0.03827087953686714,-1.4680067833542687,5.3026889746322785e-08,-9.061831788165381e-09,7.08144328740552e-12,3000.0,0.15707963267948963,400.0,0.0,3000.0,400.0
1769449926.2915182,8.597625732421875,-0.03827087953686714,-1.4680067833542687,4.1316126383168176e-08,-7.059965748976224e-09,5.521501874638506e-12,3000.0,0.15707963267948963,400.0,0.0,3000.0,400.0
1769449926.341568,8.597625732421875,-0.03827087953686714,-1.4680067833542687,4.1316126383168176e-08,-7.059965748976224e-09,5.521501874638506e-12,4000.0,0.20943951023931953,400.0,0.0,4000.0,400.0
1769449926.3914716,8.597625732421875,-0.03827087953686714,-1.4680067833542687,3.2180239364275937e-08,-5.498610687607862e-09,4.3049808853597306e-12,5000.0,0.2617993877991494,400.0,0.0,5000.0,400.0
1769449926.441474,8.597625732421875,-0.03827087953686714,-1.4680067833542687,3.2180239364275937e-08,-5.498610687607862e-09,4.3049808853597306e-12,5000.0,0.2617993877991494,400.0,0.0,5000.0,400.0
1769449926.4914753,8.597625732421875,-0.03827087953686714,-1.4680067833542687,2.5058523510960787e-08,-4.281710954572965e-09,3.3561026177567672e-12,6000.0,0.31415926535897926,400.0,0.0,6000.0,400.0
1769449926.5415292,8.597625732421875,-0.03827087953686714,-1.4680067833542687,2.5058523510960787e-08,-4.281710954572965e-09,3.3561026177567672e-12,7000.0,0.36651914291880916,400.0,0.0,7000.0,400.0
1769449926.5915265,8.597625732421875,-0.03827087953686714,-1.4680067833542687,1.951172462097859e-08,-3.334039830736161e-09,2.616416863859047e-12,7000.0,0.36651914291880916,400.0,0.0,7000.0,400.0
1769449926.6415367,8.597625732421875,-0.03827087953686714,-1.4680067833542687,1.951172462097859e-08,-3.334039830736161e-09,2.616416863859047e-12,7000.0,0.36651914291880916,500.0,0.0,7000.0,500.0
1769449926.691517,8.597625732421875,-0.03827087953686714,-1.4680067833542687,1.5192795813411377e-08,-2.5961989685927432e-09,2.0393518218845345e-12,6000.0,0.31415926535897926,500.0,0.0,6000.0,500.0
1769449926.7414894,8.597625732421875,-0.03827087953686714,-1.4680067833542687,1.5192795813411377e-08,-2.5961989685927432e-09,2.0393518218845345e-12,5000.0,0.2617993877991494,500.0,0.0,5000.0,500.0
1769449926.7914414,8.597625732421875,-0.03827087953686714,-1.4680067833542687,1.1832715566448098e-08,-2.022169495979368e-09,1.5893754719071778e-12,4000.0,0.20943951023931953,500.0,0.0,4000.0,500.0
1769449926.8415177,8.597625732421875,-0.03827087953686714,-1.4680067833542687,1.1832715566448098e-08,-2.022169495979368e-09,1.5893754719071778e-12,3000.0,0.15707963267948963,500.0,0.0,3000.0,500.0
1769449926.8914278,8.597625732421875,-0.03827087953686714,-1.4680067833542687,9.21760543125777e-09,-1.5753907005162805e-09,1.2388688391219965e-12,2000.0,0.10471975511965977,500.0,0.0,2000.0,500.0
1769449926.9414845,8.597625732421875,-0.03827087953686714,-1.4680067833542687,9.21760543125777e-09,-1.5753907005162805e-09,1.2388688391219965e-12,1000.0,0.05235987755982988,500.0,0.0,1000.0,500.0
1769449926.9914665,8.597625732421875,-0.03827087953686714,-1.4680067833542687,7.182903082275319e-09,-1.2277420751175428e-09,9.657278035321308e-13,0.0,0.0,600.0,0.0,0.0,600.0
1769449927.041554,8.597625732421875,-0.03827087953686714,-1.4680067833542687,7.182903082275319e-09,-1.2277420751175428e-09,9.657278035321308e-13,0.0,0.0,600.0,0.0,0.0,600.0
1769449927.0915034,8.597625732421875,-0.03827087953686714,-1.4680067833542687,5.598637051117266e-09,-9.570241844444734e-10,7.533754093836182e-13,0.0,0.0,600.0,0.0,0.0,600.0
1769449927.1415644,8.597625732421875,-0.03827087953686714,-1.4680067833542687,5.598637051117266e-09,-9.570241844444734e-10,7.533754093836182e-13,0.0,0.0,600.0,0.0,0.0,600.0
1769449927.1914942,8.597625732421875,-0.03827087953686714,-1.4680067833542687,4.36505200179634e-09,-7.462038578544174e-10,5.875994968445963e-13,0.0,0.0,600.0,0.0,0.0,600.0
1769449927.2415776,8.597625732421875,-0.03827087953686714,-1.4680067833542687,4.36505200179634e-09,-7.462038578544174e-10,5.875994968445963e-13,0.0,0.0,600.0,0.0,0.0,600.0
1769449927.2914498,8.597625732421875,-0.03827087953686714,-1.4680067833542687,3.4037776231006366e-09,-5.8189997284588e-10,4.581370202899385e-13,0.0,0.0,700.0,0.0,0.0,700.0
1769449927.3414984,8.597625732421875,-0.03827087953686714,-1.4680067833542687,3.4037776231006366e-09,-5.8189997284588e-10,4.581370202899385e-13,0.0,0.0,700.0,0.0,0.0,700.0
1769449927.391444,8.597625732421875,-0.03827087953686714,-1.4680067833542687,2.654778785078232e-09,-4.53863465763104e-10,3.5709164468481515e-13,0.0,0.0,700.0,0.0,0.0,700.0
1769449927.4415035,8.597625732421875,-0.03827087953686714,-1.4680067833542687,2.654778785078232e-09,-4.53863465763104e-10,3.5709164468481515e-13,0.0,0.0,700.0,0.0,0.0,700.0
1769449927.4914346,8.597625732421875,-0.03827087953686714,-1.4680067833542687,2.0705396595471553e-09,-3.539816067467979e-10,2.781506334127196e-13,0.0,0.0,700.0,0.0,0.0,700.0
1769449927.541485,8.597625732421875,-0.03827087953686714,-1.4680067833542687,2.0705396595471553e-09,-3.539816067467979e-10,2.781506334127196e-13,0.0,0.0,700.0,0.0,0.0,700.0
1769449927.591495,8.597625732421875,-0.03827087953686714,-1.4680067833542687,1.6149840675035779e-09,-2.7609713455537286e-10,2.1657606809398355e-13,0.0,0.0,700.0,0.0,0.0,700.0
1769449927.6415002,8.597625732421875,-0.03827087953686714,-1.4680067833542687,1.6149840675035779e-09,-2.7609713455537286e-10,2.1657606809398355e-13,0.0,0.0,700.0,0.0,0.0,700.0
1769449927.6914523,8.597625732421875,-0.03827087953686714,-1.4680067833542687,1.2599170522226478e-09,-2.15389464104693e-10,1.6920805259987216e-13,0.0,0.0,800.0,0.0,0.0,800.0
1769449927.7414021,8.597625732421875,-0.03827087953686714,-1.4680067833542687,1.2599170522226478e-09,-2.15389464104693e-10,1.6920805259987216e-13,0.0,0.0,800.0,0.0,0.0,800.0
1769449927.7914512,8.597625732421875,-0.03827087953686714,-1.4680067833542687,9.826128491995986e-10,-1.6797555839179808e-10,1.3210545501640272e-13,0.0,0.0,800.0,0.0,0.0,800.0
1769449927.8415437,8.597625732421875,-0.03827087953686714,-1.4680067833542687,9.826128491995986e-10,-1.6797555839179808e-10,1.3210545501640272e-13,0.0,0.0,800.0,0.0,0.0,800.0
1769449927.8914716,8.597625732421875,-0.03827087953686714,-1.4680067833542687,7.661579974833523e-10,-1.309661145444754e-10,1.0289873641297151e-13,0.0,0.0,800.0,0.0,0.0,800.0
1769449927.941496,8.597625732421875,-0.03827087953686714,-1.4680067833542687,7.661579974833523e-10,-1.309661145444754e-10,1.0289873641297151e-13,0.0,0.0,900.0,0.0,0.0,900.0
1769449927.991464,8.597625732421875,-0.03827087953686714,-1.4680067833542687,5.973727867765497e-10,-1.0210867176258376e-10,8.000525899929551e-14,0.0,0.0,900.0,0.0,0.0,900.0
1769449928.041498,8.597625732421875,-0.03827087953686714,-1.4680067833542687,5.973727867765497e-10,-1.0210867176258376e-10,8.000525899929551e-14,0.0,0.0,900.0,0.0,0.0,900.0
1769449928.0914273,8.597625732421875,-0.03827087953686714,-1.4680067833542687,4.65752217066705e-10,-7.960789087467946e-11,6.263692326998914e-14,0.0,0.0,900.0,0.0,0.0,900.0
1769449928.1415164,8.597625732421875,-0.03827087953686714,-1.4680067833542687,4.65752217066705e-10,-7.960789087467946e-11,6.263692326998914e-14,0.0,0.0,1000.0,0.0,0.0,1000.0
1769449928.1914172,8.597625732421875,-0.03827087953686714,-1.4680067833542687,3.6306938845874687e-10,-6.205193441684237e-11,4.921645457383203e-14,0.0,0.0,1000.0,0.0,0.0,1000.0
1769449928.2415414,8.597625732421875,-0.03827087953686714,-1.4680067833542687,3.6306938845874687e-10,-6.205193441684237e-11,4.921645457383203e-14,0.0,0.0,1000.0,0.0,0.0,1000.0
1769449928.2914636,8.597625732421875,-0.03827087953686714,-1.4680067833542687,2.8299175497855967e-10,-4.8362156008368954e-11,3.895405054931566e-14,0.0,0.0,1000.0,0.0,0.0,1000.0
1769449928.341501,8.597625732421875,-0.03827087953686714,-1.4680067833542687,2.8299175497855967e-10,-4.8362156008368954e-11,3.895405054931566e-14,0.0,0.0,1000.0,0.0,0.0,1000.0
1769449928.3914256,8.597625732421875,-0.03827087953686714,-1.4680067833542687,2.205694373241197e-10,-3.769245334424982e-11,3.027035590821567e-14,0.0,0.0,1000.0,0.0,0.0,1000.0
1769449928.4414306,8.597625732421875,-0.03827087953686714,-1.4680067833542687,2.205694373241197e-10,-3.769245334424982e-11,3.027035590821567e-14,0.0,0.0,1000.0,0.0,0.0,1000.0
1769449928.4914587,8.597625732421875,-0.03827087953686714,-1.4680067833542687,1.7190211822037099e-10,-2.9376027004028525e-11,2.316554877551701e-14,0.0,0.0,1100.0,0.0,0.0,1100.0
1769449928.5415266,8.597625732421875,-0.03827087953686714,-1.4680067833542687,1.7190211822037099e-10,-2.9376027004028525e-11,2.316554877551701e-14,0.0,0.0,1100.0,0.0,0.0,1100.0
1769449928.5914981,8.597625732421875,-0.03827087953686714,-1.4680067833542687,1.3397100961297796e-10,-2.289426362648279e-11,1.7639626191012945e-14,0.0,0.0,1100.0,0.0,0.0,1100.0
1769449928.6416292,8.597625732421875,-0.03827087953686714,-1.4680067833542687,1.3397100961297796e-10,-2.289426362648279e-11,1.7639626191012945e-14,0.0,0.0,1100.0,0.0,0.0,1100.0
1769449928.6914763,8.597625732421875,-0.03827087953686714,-1.4680067833542687,1.0440981663942227e-10,-1.784191489634159e-11,1.3692519725383181e-14,0.0,0.0,1100.0,0.0,0.0,1100.0
1769449928.7414353,8.597625732421875,-0.03827087953686714,-1.4680067833542687,1.0440981663942227e-10,-1.784191489634159e-11,1.3692519725383181e-14,0.0,0.0,1100.0,0.0,0.0,1100.0
1769449928.7915363,8.597625732421875,-0.03827087953686714,-1.4680067833542687,8.137388033887937e-11,-1.3905561419054653e-11,1.0534827419944564e-14,0.0,0.0,1200.0,0.0,0.0,1200.0
1769449928.84154,8.597625732421875,-0.03827087953686714,-1.4680067833542687,8.137388033887937e-11,-1.3905561419054653e-11,1.0534827419944564e-14,0.0,0.0,1200.0,0.0,0.0,1200.0
1769449928.8915567,8.597625732421875,-0.03827087953686714,-1.4680067833542687,6.342947190844795e-11,-1.0838935647045116e-11,8.166514459173513e-15,0.0,0.0,1200.0,0.0,0.0,1200.0
1769449928.9415333,8.597625732421875,-0.03827087953686714,-1.4680067833542687,6.342947190844795e-11,-1.0838935647045116e-11,8.166514459173513e-15,0.0,0.0,1200.0,0.0,0.0,1200.0
1769449928.9915004,8.597625732421875,-0.03827087953686714,-1.4680067833542687,4.944418539592008e-11,-8.45161289102056e-12,5.798228059096358e-15,0.0,0.0,1200.0,0.0,0.0,1200.0
1769449929.041539,8.597625732421875,-0.03827087953686714,-1.4680067833542687,4.944418539592008e-11,-8.45161289102056e-12,5.798228059096358e-15,0.0,0.0,1200.0,0.0,0.0,1200.0
1769449929.0913885,8.597625732421875,-0.03827087953686714,-1.4680067833542687,3.854463986200494e-11,-6.589844079786683e-12,4.219402471456841e-15,0.0,0.0,1200.0,0.0,0.0,1200.0
1769449929.141502,8.597625732421875,-0.03827087953686714,-1.4680067833542687,3.854463986200494e-11,-6.589844079786683e-12,4.219402471456841e-15,0.0,0.0,1200.0,0.0,0.0,1200.0
1769449929.1915274,8.597625732421875,-0.03827087953686714,-1.4680067833542687,3.004984622161269e-11,-5.1369968476254975e-12,3.4299857249108066e-15,0.0,0.0,1200.0,0.0,0.0,1200.0
1769449929.2414086,8.597625732421875,-0.03827087953686714,-1.4680067833542687,3.004984622161269e-11,-5.1369968476254975e-12,3.4299857249108066e-15,0.0,0.0,1200.0,0.0,0.0,1200.0
1769449929.2915797,8.597625732421875,-0.03827087953686714,-1.4680067833542687,2.34297628081074e-11,-4.005000474268302e-12,2.6405589216336598e-15,0.0,0.0,1200.0,0.0,0.0,1200.0
1769449929.3414721,8.597625732421875,-0.03827087953686714,-1.4680067833542687,2.34297628081074e-11,-4.005000474268302e-12,2.6405589216336598e-15,0.0,0.0,1200.0,0.0,0.0,1200.0
1769449929.391374,8.597625732421875,-0.03827087953686714,-1.4680067833542687,1.826623409119269e-11,-3.1197855441181697e-12,2.6405589216336582e-15,0.0,0.0,1200.0,0.0,0.0,1200.0
1769449929.4414885,8.597625732421875,-0.03827087953686714,-1.4680067833542687,1.826623409119269e-11,-3.1197855441181697e-12,2.6405589216336582e-15,0.0,0.0,1200.0,0.0,0.0,1200.0
1769449929.4914412,8.597625732421875,-0.03827087953686714,-1.4680067833542687,1.4242052793782996e-11,-2.4287985206558844e-12,2.6405589216336562e-15,0.0,0.0,1200.0,0.0,0.0,1200.0
1769449929.5442097,8.597625732421875,-0.03827087953686714,-1.4680067833542687,1.4242052793782996e-11,-2.4287985206558844e-12,2.6405589216336562e-15,0.0,0.0,1200.0,0.0,0.0,1200.0
1769449929.591506,8.597625732421875,-0.03827087953686714,-1.4680067833542687,1.1104848628122078e-11,-1.892983681135972e-12,1.851126974765558e-15,0.0,0.0,1200.0,0.0,0.0,1200.0
1769449929.6415699,8.597625732421875,-0.03827087953686714,-1.4680067833542687,1.1104848628122078e-11,-1.892983681135972e-12,1.851126974765558e-15,0.0,0.0,1200.0,0.0,0.0,1200.0
1769449929.6914885,8.597625732421875,-0.03827087953686714,-1.4680067833542687,8.656661263579649e-12,-1.475458441738957e-12,1.0617379596884167e-15,0.0,0.0,1200.0,0.0,0.0,1200.0
1769449929.7415762,8.597625732421875,-0.03827087953686714,-1.4680067833542687,8.656661263579649e-12,-1.475458441738957e-12,1.0617379596884167e-15,0.0,0.0,1200.0,0.0,0.0,1200.0
1769449929.7914696,8.597625732421875,-0.03827087953686714,-1.4680067833542687,6.750165726968229e-12,-1.1528762565533443e-12,1.0617379596884168e-15,0.0,0.0,1200.0,0.0,0.0,1200.0
1769449929.8415346,8.597625732421875,-0.03827087953686714,-1.4680067833542687,6.750165726968229e-12,-1.1528762565533443e-12,1.0617379596884168e-15,0.0,0.0,1200.0,0.0,0.0,1200.0
1769449929.8915443,8.597625732421875,-0.03827087953686714,-1.4680067833542687,5.263065779011809e-12,-8.986392812521917e-13,1.0617379596884167e-15,0.0,0.0,1200.0,0.0,0.0,1200.0
1769449929.9415956,8.597625732421875,-0.03827087953686714,-1.4680067833542687,5.263065779011809e-12,-8.986392812521917e-13,1.0617379596884167e-15,0.0,0.0,1200.0,0.0,0.0,1200.0
1769449929.991586,8.597625732421875,-0.03827087953686714,-1.4680067833542687,4.101913741190853e-12,-6.989302166549224e-13,1.0617379596884167e-15,0.0,0.0,1200.0,0.0,0.0,1200.0
1769449930.0416296,8.597625732421875,-0.03827087953686714,-1.4680067833542687,4.101913741190853e-12,-6.989302166549224e-13,1.0617379596884167e-15,0.0,0.0,1200.0,0.0,0.0,1200.0
1769449930.0916078,8.597625732421875,-0.03827087953686714,-1.4680067833542687,3.1977944240063937e-12,-5.429499592303435e-13,1.0617379596884165e-15,0.0,0.0,1200.0,0.0,0.0,1200.0
1769449930.1416428,8.597625732421875,-0.03827087953686714,-1.4680067833542687,3.1977944240063937e-12,-5.429499592303435e-13,1.0617379596884165e-15,0.0,0.0,1200.0,0.0,0.0,1200.0
1769449930.1915753,8.597625732421875,-0.03827087953686714,-1.4680067833542687,2.4923877343828918e-12,-4.209480998161594e-13,1.0617379596884163e-15,0.0,0.0,1200.0,0.0,0.0,1200.0
1769449930.241584,8.597625732421875,-0.03827087953686714,-1.4680067833542687,2.4923877343828918e-12,-4.209480998161594e-13,1.0617379596884163e-15,0.0,0.0,1200.0,0.0,0.0,1200.0
1769449930.291648,8.597625732421875,-0.03827087953686714,-1.4680067833542687,1.9428720786925926e-12,-3.2703817547517774e-13,1.061737959688416e-15,0.0,0.0,1200.0,0.0,0.0,1200.0
1769449930.3415496,8.597625732421875,-0.03827087953686714,-1.4680067833542687,1.9428720786925926e-12,-3.2703817547517774e-13,1.061737959688416e-15,0.0,0.0,1200.0,0.0,0.0,1200.0
1769449930.3915656,8.597625732421875,-0.03827087953686714,-1.4680067833542687,1.514322450971376e-12,-2.5180988774315167e-13,1.0617379596884159e-15,0.0,0.0,1200.0,0.0,0.0,1200.0
1769449930.441533,8.597625732421875,-0.03827087953686714,-1.4680067833542687,1.514322450971376e-12,-2.5180988774315167e-13,1.0617379596884159e-15,0.0,0.0,1200.0,0.0,0.0,1200.0
1769449930.4915524,8.597625732421875,-0.03827087953686714,-1.4680067833542687,1.18029229743211e-12,-1.9537597448215037e-13,1.0617379596884159e-15,0.0,0.0,1200.0,0.0,0.0,1200.0
1769449930.5416188,8.597625732421875,-0.03827087953686714,-1.4680067833542687,1.18029229743211e-12,-1.9537597448215037e-13,1.0617379596884159e-15,0.0,0.0,1200.0,0.0,0.0,1200.0
1769449930.591705,8.597625732421875,-0.03827087953686714,-1.4680067833542687,9.200294095706163e-13,-1.5211341077292725e-13,1.0617379596884159e-15,0.0,0.0,1200.0,0.0,0.0,1200.0
1769449930.6416478,8.597625732421875,-0.03827087953686714,-1.4680067833542687,9.200294095706163e-13,-1.5211341077292725e-13,1.0617379596884159e-15,0.0,0.0,1200.0,0.0,0.0,1200.0
1769449930.691511,8.597625732421875,-0.03827087953686714,-1.4680067833542687,7.171819345825333e-13,-1.1850895454208274e-13,1.0617379596884159e-15,0.0,0.0,1200.0,0.0,0.0,1200.0
1769449930.7415783,8.597625732421875,-0.03827087953686714,-1.4680067833542687,7.171819345825333e-13,-1.1850895454208274e-13,1.0617379596884159e-15,0.0,0.0,1200.0,0.0,0.0,1200.0
1769449930.7916071,8.597625732421875,-0.03827087953686714,-1.4680067833542687,5.592025444615045e-13,-9.326343967844358e-14,1.0617379596884159e-15,0.0,0.0,1200.0,0.0,0.0,1200.0
1769449930.8416424,8.597625732421875,-0.03827087953686714,-1.4680067833542687,5.592025444615045e-13,-9.326343967844358e-14,1.0617379596884159e-15,0.0,0.0,1200.0,0.0,0.0,1200.0
1769449930.891672,8.597625732421875,-0.03827087953686714,-1.4680067833542687,4.3641975341705234e-13,-7.736733949074019e-14,1.0617379596884159e-15,0.0,0.0,1200.0,0.0,0.0,1200.0
1769449930.9416337,8.597625732421875,-0.03827087953686714,-1.4680067833542687,4.3641975341705234e-13,-7.736733949074019e-14,1.0617379596884159e-15,0.0,0.0,1200.0,0.0,0.0,1200.0
1769449930.991595,8.597625732421875,-0.03827087953686714,-1.4680067833542687,3.4057401510225626e-13,-6.388384580053694e-14,1.0617379596884159e-15,0.0,0.0,1200.0,0.0,0.0,1200.0
1769449931.0416481,8.597625732421875,-0.03827087953686714,-1.4680067833542687,3.4057401510225626e-13,-6.388384580053694e-14,1.0617379596884159e-15,0.0,0.0,1200.0,0.0,0.0,1200.0
1769449931.0916824,8.597625732421875,-0.03827087953686714,-1.4680067833542687,2.6554006565244174e-13,-5.0845223057397634e-14,1.0617379596884159e-15,0.0,0.0,1200.0,0.0,0.0,1200.0
1769449931.141648,8.597625732421875,-0.03827087953686714,-1.4680067833542687,2.6554006565244174e-13,-5.0845223057397634e-14,1.0617379596884159e-15,0.0,0.0,1200.0,0.0,0.0,1200.0
1769449931.1916215,8.597625732421875,-0.03827087953686714,-1.4680067833542687,2.0720769891249081e-13,-4.128609419567547e-14,1.0617379596884159e-15,0.0,0.0,1200.0,0.0,0.0,1200.0
1769449931.2416375,8.597625732421875,-0.03827087953686714,-1.4680067833542687,2.0720769891249081e-13,-4.128609419567547e-14,1.0617379596884159e-15,0.0,0.0,1200.0,0.0,0.0,1200.0
1769449931.2915242,8.597625732421875,-0.03827087953686714,-1.4680067833542687,1.6160839422539884e-13,-3.300549763008357e-14,1.0617379596884159e-15,0.0,0.0,1200.0,0.0,0.0,1200.0
1769449931.3415644,8.597625732421875,-0.03827087953686714,-1.4680067833542687,1.6160839422539884e-13,-3.300549763008357e-14,1.0617379596884159e-15,0.0,0.0,1200.0,0.0,0.0,1200.0
1769449931.3915937,8.597625732421875,-0.03827087953686714,-1.4680067833542687,1.2579444480854294e-13,-2.371882222924607e-14,1.0617379596884159e-15,0.0,0.0,1200.0,0.0,0.0,1200.0
1769449931.4415617,8.597625732421875,-0.03827087953686714,-1.4680067833542687,1.2579444480854294e-13,-2.371882222924607e-14,1.0617379596884159e-15,0.0,0.0,1200.0,0.0,0.0,1200.0
1769449931.4914968,8.597625732421875,-0.03827087953686714,-1.4680067833542687,9.780841586156666e-14,-1.6215967363820535e-14,1.0617379596884159e-15,0.0,0.0,1200.0,0.0,0.0,1200.0
1769449931.5416436,8.597625732421875,-0.03827087953686714,-1.4680067833542687,9.780841586156666e-14,-1.6215967363820535e-14,1.0617379596884159e-15,0.0,0.0,1200.0,0.0,0.0,1200.0
1769449931.5915813,8.597625732421875,-0.03827087953686714,-1.4680067833542687,7.634289751537446e-14,-1.3239429885851959e-14,1.0617379596884159e-15,0.0,0.0,1200.0,0.0,0.0,1200.0
1769449931.6416006,8.597625732421875,-0.03827087953686714,-1.4680067833542687,7.634289751537446e-14,-1.3239429885851959e-14,1.0617379596884159e-15,0.0,0.0,1300.0,0.0,0.0,1300.0
1769449931.6914897,8.597625732421875,-0.03827087953686714,-1.4680067833542687,5.947410747327248e-14,-9.786347834899984e-15,1.0617379596884159e-15,0.0,0.0,1300.0,0.0,0.0,1300.0
1769449931.741597,8.597625732421875,-0.03827087953686714,-1.4680067833542687,5.947410747327248e-14,-9.786347834899984e-15,1.0617379596884159e-15,0.0,0.0,1300.0,0.0,0.0,1300.0
1769449931.7914288,8.597625732421875,-0.03827087953686714,-1.4680067833542687,4.6198579956931184e-14,-5.962744735794748e-15,1.0617379596884159e-15,0.0,0.0,1300.0,0.0,0.0,1300.0
1769449931.8415136,8.597625732421875,-0.03827087953686714,-1.4680067833542687,4.6198579956931184e-14,-5.962744735794748e-15,1.0617379596884159e-15,0.0,0.0,1300.0,0.0,0.0,1300.0
1769449931.8914309,8.597625732421875,-0.03827087953686714,-1.4680067833542687,3.5730935792023434e-14,-1.848434756679761e-15,1.0617379596884159e-15,0.0,0.0,1300.0,0.0,0.0,1300.0
1769449931.9415028,8.597625732421875,-0.03827087953686714,-1.4680067833542687,3.5730935792023434e-14,-1.848434756679761e-15,1.0617379596884159e-15,0.0,0.0,1300.0,0.0,0.0,1300.0
1769449931.991464,8.597625732421875,-0.03827087953686714,-1.4680067833542687,2.7717662739207616e-14,-7.83261989299746e-17,1.0617379596884159e-15,0.0,0.0,1300.0,0.0,0.0,1300.0
1769449932.041473,8.597625732421875,-0.03827087953686714,-1.4680067833542687,2.7717662739207616e-14,-7.83261989299746e-17,1.0617379596884159e-15,0.0,0.0,1300.0,0.0,0.0,1300.0
1769449932.0914745,8.597625732421875,-0.03827087953686714,-1.4680067833542687,2.1412240073345177e-14,1.867280177635152e-15,1.0617379596884159e-15,0.0,0.0,1300.0,0.0,0.0,1300.0
1769449932.1414733,8.597625732421875,-0.03827087953686714,-1.4680067833542687,2.1412240073345177e-14,1.867280177635152e-15,1.0617379596884159e-15,0.0,0.0,1300.0,0.0,0.0,1300.0
1769449932.191384,8.597625732421875,-0.03827087953686714,-1.4680067833542687,1.6430377057019448e-14,3.949898024051425e-15,1.0617379596884159e-15,0.0,0.0,1300.0,0.0,0.0,1300.0
1769449932.241494,8.597625732421875,-0.03827087953686714,-1.4680067833542687,1.6430377057019448e-14,3.949898024051425e-15,1.0617379596884159e-15,0.0,0.0,1300.0,0.0,0.0,1300.0
1769449932.291427,8.597625732421875,-0.03827087953686714,-1.4680067833542687,1.2492262481755271e-14,6.140167833268972e-15,1.0617379596884159e-15,0.0,0.0,1300.0,0.0,0.0,1300.0
1769449932.3415399,8.597625732421875,-0.03827087953686714,-1.4680067833542687,1.2492262481755271e-14,6.140167833268972e-15,1.0617379596884159e-15,0.0,0.0,1300.0,0.0,0.0,1300.0
1769449932.391497,8.597625732421875,-0.03827087953686714,-1.4680067833542687,9.366743132776827e-15,8.414511453727885e-15,1.0617379596884159e-15,0.0,0.0,1300.0,0.0,0.0,1300.0
1769449932.4415822,8.597625732421875,-0.03827087953686714,-1.4680067833542687,9.366743132776827e-15,8.414511453727885e-15,1.0617379596884159e-15,0.0,0.0,1300.0,0.0,0.0,1300.0
1769449932.491484,8.597625732421875,-0.03827087953686714,-1.4680067833542687,6.863170403879513e-15,1.0753355733709771e-14,1.0617379596884159e-15,0.0,0.0,1300.0,0.0,0.0,1300.0
1769449932.541504,8.597625732421875,-0.03827087953686714,-1.4680067833542687,6.863170403879513e-15,1.0753355733709771e-14,1.0617379596884159e-15,1000.0,0.05235987755982988,1300.0,0.0,1000.0,1300.0
1769449932.5914786,8.597625732421875,-0.03827087953686714,-1.4680067833542687,5.127245735899172e-15,1.057428973300971e-14,1.0617379596884159e-15,1000.0,0.05235987755982988,1300.0,0.0,1000.0,1300.0
1769449932.6415367,8.597625732421875,-0.03827087953686714,-1.4680067833542687,5.127245735899172e-15,1.057428973300971e-14,1.0617379596884159e-15,2000.0,0.10471975511965977,1300.0,0.0,2000.0,1300.0
1769449932.6914601,8.597625732421875,-0.03827087953686714,-1.4680067833542687,4.047488755234054e-15,7.866462422022963e-15,1.0617379596884159e-15,3000.0,0.15707963267948963,1300.0,0.0,3000.0,1300.0
1769449932.7415578,8.597625732421875,-0.03827087953686714,-1.4680067833542687,4.047488755234054e-15,7.866462422022963e-15,1.0617379596884159e-15,3000.0,0.15707963267948963,1300.0,0.0,3000.0,1300.0
1769449932.791461,8.597625732421875,-0.03827087953686714,-1.4680067833542687,3.258513981317222e-15,5.187807814716883e-15,1.0617379596884159e-15,4000.0,0.20943951023931953,1300.0,0.0,4000.0,1300.0
1769449932.8415325,8.597625732421875,-0.03827087953686714,-1.4680067833542687,3.258513981317222e-15,5.187807814716883e-15,1.0617379596884159e-15,5000.0,0.2617993877991494,1300.0,0.0,5000.0,1300.0
1769449932.891509,8.597625732421875,-0.03827087953686714,-1.4680067833542687,2.7106852584517437e-15,2.5350502981285348e-15,1.0617379596884159e-15,5000.0,0.2617993877991494,1300.0,0.0,5000.0,1300.0
1769449932.9415686,8.597625732421875,-0.03827087953686714,-1.4680067833542687,2.7106852584517437e-15,2.5350502981285348e-15,1.0617379596884159e-15,6000.0,0.31415926535897926,1300.0,0.0,6000.0,1300.0
1769449932.9914038,8.597625732421875,-0.03827087953686714,-1.4680067833542687,2.3233583660742813e-15,-1.0152107014188997e-16,1.0617379596884159e-15,7000.0,0.36651914291880916,1300.0,0.0,7000.0,1300.0
1769449933.0415711,8.597625732421875,-0.03827087953686714,-1.4680067833542687,2.3233583660742813e-15,-1.0152107014188997e-16,1.0617379596884159e-15,7000.0,0.36651914291880916,1300.0,0.0,7000.0,1300.0
1769449933.0914648,8.597625732421875,-0.03827087953686714,-1.4680067833542687,2.086567441625686e-15,-2.7226487777102338e-15,1.0617379596884159e-15,8000.0,0.41887902047863906,1300.0,0.0,8000.0,1300.0
1769449933.1414075,8.597625732421875,-0.03827087953686714,-1.4680067833542687,2.086567441625686e-15,-2.7226487777102338e-15,1.0617379596884159e-15,9000.0,0.47123889803846897,1300.0,0.0,9000.0,1300.0
1769449933.1915092,8.597625732421875,-0.03827087953686714,-1.4680067833542687,1.9601857824060013e-15,-5.332244249249177e-15,1.0617379596884159e-15,9000.0,0.47123889803846897,1300.0,0.0,9000.0,1300.0
1769449933.241519,8.597625732421875,-0.03827087953686714,-1.4680067833542687,1.9601857824060013e-15,-5.332244249249177e-15,1.0617379596884159e-15,9000.0,0.47123889803846897,1300.0,0.0,9000.0,1300.0
1769449933.29152,8.597625732421875,-0.03827087953686714,-1.4680067833542687,1.9140942606447316e-15,-7.933445694570907e-15,1.0617379596884159e-15,9000.0,0.47123889803846897,1300.0,0.0,9000.0,1300.0
1769449933.3415465,8.597625732421875,-0.03827087953686714,-1.4680067833542687,1.9140942606447316e-15,-7.933445694570907e-15,1.0617379596884159e-15,9000.0,0.47123889803846897,1300.0,0.0,9000.0,1300.0
1769449933.3914917,8.597625732421875,-0.03827087953686714,-1.4680067833542687,1.9382543865857704e-15,-1.052767356766453e-14,1.0617379596884159e-15,9000.0,0.47123889803846897,1300.0,0.0,9000.0,1300.0
1769449933.4415197,8.597625732421875,-0.03827087953686714,-1.4680067833542687,1.9382543865857704e-15,-1.052767356766453e-14,1.0617379596884159e-15,9000.0,0.47123889803846897,1300.0,0.0,9000.0,1300.0
1769449933.4915607,8.597625732421875,-0.03827087953686714,-1.4680067833542687,1.7475457626247646e-15,-1.0547345752305722e-14,1.0617379596884159e-15,9000.0,0.47123889803846897,1300.0,0.0,9000.0,1300.0
1769449933.541537,8.597625732421875,-0.03827087953686714,-1.4680067833542687,1.7475457626247646e-15,-1.0547345752305722e-14,1.0617379596884159e-15,9000.0,0.47123889803846897,1300.0,0.0,9000.0,1300.0
1769449933.5915031,8.597625732421875,-0.03827087953686714,-1.4680067833542687,1.342044011539952e-15,-7.99277959049677e-15,1.0617379596884159e-15,9000.0,0.47123889803846897,1300.0,0.0,9000.0,1300.0
1769449933.6415462,8.597625732421875,-0.03827087953686714,-1.4680067833542687,1.342044011539952e-15,-7.99277959049677e-15,1.0617379596884159e-15,9000.0,0.47123889803846897,1300.0,0.0,9000.0,1300.0
1769449933.6913996,8.597625732421875,-0.03827087953686714,-1.4680067833542687,9.766536680516235e-16,-5.4338616648561914e-15,1.0617379596884159e-15,9000.0,0.47123889803846897,1300.0,0.0,9000.0,1300.0
1769449933.7415497,8.597625732421875,-0.03827087953686714,-1.4680067833542687,9.766536680516235e-16,-5.4338616648561914e-15,1.0617379596884159e-15,9000.0,0.47123889803846897,1300.0,0.0,9000.0,1300.0
1769449933.79157,8.597625732421875,-0.03827087953686714,-1.4680067833542687,6.31342834562211e-16,-2.872925739925258e-15,1.0617379596884159e-15,9000.0,0.47123889803846897,1300.0,0.0,9000.0,1300.0
1769449933.8414922,8.597625732421875,-0.03827087953686714,-1.4680067833542687,6.31342834562211e-16,-2.872925739925258e-15,1.0617379596884159e-15,9000.0,0.47123889803846897,1300.0,0.0,9000.0,1300.0
1769449933.8915465,8.597625732421875,-0.03827087953686714,-1.4680067833542687,2.9601082019847154e-16,-3.1051757117308646e-16,1.0617379596884159e-15,9000.0,0.47123889803846897,1300.0,0.0,9000.0,1300.0
1769449933.941535,8.597625732421875,-0.03827087953686714,-1.4680067833542687,2.9601082019847154e-16,-3.1051757117308646e-16,1.0617379596884159e-15,9000.0,0.47123889803846897,1300.0,0.0,9000.0,1300.0
1769449933.9915671,8.597625732421875,-0.03827087953686714,-1.4680067833542687,-2.9199340999127176e-17,2.25226301169829e-15,1.0617379596884159e-15,9000.0,0.47123889803846897,1300.0,0.0,9000.0,1300.0
1769449934.0415587,8.597625732421875,-0.03827087953686714,-1.4680067833542687,-2.9199340999127176e-17,2.25226301169829e-15,1.0617379596884159e-15,9000.0,0.47123889803846897,1300.0,0.0,9000.0,1300.0
1769449934.0915895,8.597625732421875,-0.03827087953686714,-1.4680067833542687,-3.444000127028516e-16,4.8162872669027125e-15,1.0617379596884159e-15,9000.0,0.47123889803846897,1300.0,0.0,9000.0,1300.0
1769449934.1414855,8.597625732421875,-0.03827087953686714,-1.4680067833542687,-3.444000127028516e-16,4.8162872669027125e-15,1.0617379596884159e-15,9000.0,0.47123889803846897,1300.0,0.0,9000.0,1300.0
1769449934.1914477,8.597625732421875,-0.03827087953686714,-1.4680067833542687,-6.495647090820149e-16,7.3813464570069e-15,1.0617379596884159e-15,9000.0,0.47123889803846897,1300.0,0.0,9000.0,1300.0
1769449934.241488,8.597625732421875,-0.03827087953686714,-1.4680067833542687,-6.495647090820149e-16,7.3813464570069e-15,1.0617379596884159e-15,9000.0,0.47123889803846897,1300.0,0.0,9000.0,1300.0
1769449934.2914329,8.597625732421875,-0.03827087953686714,-1.4680067833542687,-9.44710758550419e-16,9.947591228745987e-15,1.0617379596884159e-15,9000.0,0.47123889803846897,1300.0,0.0,9000.0,1300.0
1769449934.3414273,8.597625732421875,-0.03827087953686714,-1.4680067833542687,-9.44710758550419e-16,9.947591228745987e-15,1.0617379596884159e-15,9000.0,0.47123889803846897,1300.0,0.0,9000.0,1300.0
1769449934.3914328,8.597625732421875,-0.03827087953686714,-1.4680067833542687,-9.647828856135815e-16,9.945520726733404e-15,1.0617379596884159e-15,9000.0,0.47123889803846897,1300.0,0.0,9000.0,1300.0
1769449934.4414437,8.597625732421875,-0.03827087953686714,-1.4680067833542687,-9.647828856135815e-16,9.945520726733404e-15,1.0617379596884159e-15,9000.0,0.47123889803846897,1300.0,0.0,9000.0,1300.0
1769449934.4913774,8.597625732421875,-0.03827087953686714,-1.4680067833542687,-7.198304101244038e-16,7.374214339724775e-15,1.0617379596884159e-15,9000.0,0.47123889803846897,1300.0,0.0,9000.0,1300.0
1769449934.5414948,8.597625732421875,-0.03827087953686714,-1.4680067833542687,-7.198304101244038e-16,7.374214339724775e-15,1.0617379596884159e-15,9000.0,0.47123889803846897,1300.0,0.0,9000.0,1300.0
1769449934.5915785,8.597625732421875,-0.03827087953686714,-1.4680067833542687,-4.748577666324899e-16,4.8026962458773194e-15,1.0617379596884159e-15,9000.0,0.47123889803846897,1300.0,0.0,9000.0,1300.0
1769449934.6415102,8.597625732421875,-0.03827087953686714,-1.4680067833542687,-4.748577666324899e-16,4.8026962458773194e-15,1.0617379596884159e-15,9000.0,0.47123889803846897,1300.0,0.0,9000.0,1300.0
1769449934.6914399,8.597625732421875,-0.03827087953686714,-1.4680067833542687,-2.1983404780931727e-16,2.232070643242278e-15,1.0617379596884159e-15,9000.0,0.47123889803846897,1300.0,0.0,9000.0,1300.0
1769449934.7415335,8.597625732421875,-0.03827087953686714,-1.4680067833542687,-2.1983404780931727e-16,2.232070643242278e-15,1.0617379596884159e-15,9000.0,0.47123889803846897,1300.0,0.0,9000.0,1300.0
1769449934.7914906,8.597625732421875,-0.03827087953686714,-1.4680067833542687,3.5124231026802845e-17,-3.3789532778308577e-16,1.0617379596884159e-15,9000.0,0.47123889803846897,1300.0,0.0,9000.0,1300.0
1769449934.841503,8.597625732421875,-0.03827087953686714,-1.4680067833542687,3.5124231026802845e-17,-3.3789532778308577e-16,1.0617379596884159e-15,9000.0,0.47123889803846897,1300.0,0.0,9000.0,1300.0
1769449934.8914773,8.597625732421875,-0.03827087953686714,-1.4680067833542687,2.900989072382288e-16,-2.9080265834846036e-15,1.0617379596884159e-15,9000.0,0.47123889803846897,1300.0,0.0,9000.0,1300.0
1769449934.9414506,8.597625732421875,-0.03827087953686714,-1.4680067833542687,2.900989072382288e-16,-2.9080265834846036e-15,1.0617379596884159e-15,9000.0,0.47123889803846897,1300.0,0.0,9000.0,1300.0
1769449934.991519,8.597625732421875,-0.03827087953686714,-1.4680067833542687,5.450954168082324e-16,-5.478377918286256e-15,1.0617379596884159e-15,9000.0,0.47123889803846897,1300.0,0.0,9000.0,1300.0
1769449935.041588,8.597625732421875,-0.03827087953686714,-1.4680067833542687,5.450954168082324e-16,-5.478377918286256e-15,1.0617379596884159e-15,9000.0,0.47123889803846897,1300.0,0.0,9000.0,1300.0
1769449935.0915403,8.597625732421875,-0.03827087953686714,-1.4680067833542687,8.000981680517486e-16,-8.048792168826916e-15,1.0617379596884159e-15,9000.0,0.47123889803846897,1300.0,0.0,9000.0,1300.0
1769449935.1414056,8.597625732421875,-0.03827087953686714,-1.4680067833542687,8.000981680517486e-16,-8.048792168826916e-15,1.0617379596884159e-15,9000.0,0.47123889803846897,1300.0,0.0,9000.0,1300.0
1769449935.1914532,8.597625732421875,-0.03827087953686714,-1.4680067833542687,1.0550811791942436e-15,-1.0619007440192943e-14,1.0617379596884159e-15,9000.0,0.47123889803846897,1300.0,0.0,9000.0,1300.0
1769449935.2416034,8.597625732421875,-0.03827087953686714,-1.4680067833542687,1.0550811791942436e-15,-1.0619007440192943e-14,1.0617379596884159e-15,9000.0,0.47123889803846897,1300.0,0.0,9000.0,1300.0
1769449935.2914467,8.597625732421875,-0.03827087953686714,-1.4680067833542687,1.0550811791942436e-15,-1.0619007440192943e-14,1.0617379596884159e-15,9000.0,0.47123889803846897,1300.0,0.0,9000.0,1300.0
1769449935.3415506,8.597625732421875,-0.03827087953686714,-1.4680067833542687,1.0550811791942436e-15,-1.0619007440192943e-14,1.0617379596884159e-15,9000.0,0.47123889803846897,1300.0,0.0,9000.0,1300.0
1769449935.3914113,8.597625732421875,-0.03827087953686714,-1.4680067833542687,8.000858891659365e-16,-8.048668398307115e-15,1.0617379596884159e-15,9000.0,0.47123889803846897,1300.0,0.0,9000.0,1300.0
1769449935.441563,8.597625732421875,-0.03827087953686714,-1.4680067833542687,8.000858891659365e-16,-8.048668398307115e-15,1.0617379596884159e-15,9000.0,0.47123889803846897,1300.0,0.0,9000.0,1300.0
1769449935.4914064,8.597625732421875,-0.03827087953686714,-1.4680067833542687,5.450964315499659e-16,-5.47838814682928e-15,1.0617379596884159e-15,9000.0,0.47123889803846897,1300.0,0.0,9000.0,1300.0
1769449935.5414963,8.597625732421875,-0.03827087953686714,-1.4680067833542687,5.450964315499659e-16,-5.47838814682928e-15,1.0617379596884159e-15,9000.0,0.47123889803846897,1300.0,0.0,9000.0,1300.0
1769449935.5913854,8.597625732421875,-0.03827087953686714,-1.4680067833542687,2.9007726035428406e-16,-2.9078083840389123e-15,1.0617379596884159e-15,9000.0,0.47123889803846897,1300.0,0.0,9000.0,1300.0
1769449935.6415763,8.597625732421875,-0.03827087953686714,-1.4680067833542687,2.9007726035428406e-16,-2.9078083840389123e-15,1.0617379596884159e-15,9000.0,0.47123889803846897,1300.0,0.0,9000.0,1300.0
1769449935.6913877,8.597625732421875,-0.03827087953686714,-1.4680067833542687,3.509688130303999e-17,-3.3761964401353675e-16,1.0617379596884159e-15,9000.0,0.47123889803846897,1300.0,0.0,9000.0,1300.0
1769449935.741562,8.597625732421875,-0.03827087953686714,-1.4680067833542687,3.509688130303999e-17,-3.3761964401353675e-16,1.0617379596884159e-15,9000.0,0.47123889803846897,1300.0,0.0,9000.0,1300.0
1769449935.7913842,8.597625732421875,-0.03827087953686714,-1.4680067833542687,-2.1989579060959143e-16,2.2326930074046995e-15,1.0617379596884159e-15,9000.0,0.47123889803846897,1300.0,0.0,9000.0,1300.0
1769449935.8414476,8.597625732421875,-0.03827087953686714,-1.4680067833542687,-2.1989579060959143e-16,2.2326930074046995e-15,1.0617379596884159e-15,9000.0,0.47123889803846897,1300.0,0.0,9000.0,1300.0
1769449935.8913665,8.597625732421875,-0.03827087953686714,-1.4680067833542687,-4.7487961787004105e-16,4.802916505196561e-15,1.0617379596884159e-15,9000.0,0.47123889803846897,1300.0,0.0,9000.0,1300.0
1769449935.941531,8.597625732421875,-0.03827087953686714,-1.4680067833542687,-4.7487961787004105e-16,4.802916505196561e-15,1.0617379596884159e-15,9000.0,0.47123889803846897,1300.0,0.0,9000.0,1300.0
1769449935.991381,8.597625732421875,-0.03827087953686714,-1.4680067833542687,-7.29933865854094e-16,7.373849840159199e-15,1.0617379596884159e-15,9000.0,0.47123889803846897,1300.0,0.0,9000.0,1300.0
1769449936.0415537,8.597625732421875,-0.03827087953686714,-1.4680067833542687,-7.29933865854094e-16,7.373849840159199e-15,1.0617379596884159e-15,9000.0,0.47123889803846897,1300.0,0.0,9000.0,1300.0
1769449936.0914977,8.597625732421875,-0.03827087953686714,-1.4680067833542687,-9.84903415250387e-16,9.943929417835232e-15,1.0617379596884159e-15,9000.0,0.47123889803846897,1300.0,0.0,9000.0,1300.0
1769449936.1415486,8.597625732421875,-0.03827087953686714,-1.4680067833542687,-9.84903415250387e-16,9.943929417835232e-15,1.0617379596884159e-15,9000.0,0.47123889803846897,1300.0,0.0,9000.0,1300.0
1769449936.1914928,8.597625732421875,-0.03827087953686714,-1.4680067833542687,-9.84903415250387e-16,9.943929417835232e-15,1.0617379596884159e-15,9000.0,0.47123889803846897,1300.0,0.0,9000.0,1300.0
1769449936.2414546,8.597625732421875,-0.03827087953686714,-1.4680067833542687,-9.84903415250387e-16,9.943929417835232e-15,1.0617379596884159e-15,9000.0,0.47123889803846897,1300.0,0.0,9000.0,1300.0
1769449936.29144,8.597625732421875,-0.03827087953686714,-1.4680067833542687,-7.299178621502457e-16,7.373688523670525e-15,1.0617379596884159e-15,9000.0,0.47123889803846897,1300.0,0.0,9000.0,1300.0
1769449936.341458,8.597625732421875,-0.03827087953686714,-1.4680067833542687,-7.299178621502457e-16,7.373688523670525e-15,1.0617379596884159e-15,9000.0,0.47123889803846897,1300.0,0.0,9000.0,1300.0
1769449936.3914711,8.597625732421875,-0.03827087953686714,-1.4680067833542687,-4.748877318704804e-16,4.802998293892003e-15,1.0617379596884159e-15,9000.0,0.47123889803846897,1300.0,0.0,9000.0,1300.0
1769449936.4414241,8.597625732421875,-0.03827087953686714,-1.4680067833542687,-4.748877318704804e-16,4.802998293892003e-15,1.0617379596884159e-15,9000.0,0.47123889803846897,1300.0,0.0,9000.0,1300.0
1769449936.491497,8.597625732421875,-0.03827087953686714,-1.4680067833542687,-2.199664042287021e-16,2.233404788951994e-15,1.0617379596884159e-15,9000.0,0.47123889803846897,1300.0,0.0,9000.0,1300.0
1769449936.5414212,8.597625732421875,-0.03827087953686714,-1.4680067833542687,-2.199664042287021e-16,2.233404788951994e-15,1.0617379596884159e-15,9000.0,0.47123889803846897,1300.0,0.0,9000.0,1300.0
1769449936.5914836,8.597625732421875,-0.03827087953686714,-1.4680067833542687,3.5057934313311175e-17,-3.372270604161974e-16,1.0617379596884159e-15,9000.0,0.47123889803846897,1300.0,0.0,9000.0,1300.0
1769449936.641487,8.597625732421875,-0.03827087953686714,-1.4680067833542687,3.5057934313311175e-17,-3.372270604161974e-16,1.0617379596884159e-15,9000.0,0.47123889803846897,1300.0,0.0,9000.0,1300.0
1769449936.6914828,8.597625732421875,-0.03827087953686714,-1.4680067833542687,2.9005897973061644e-16,-2.9076241163188395e-15,1.0617379596884159e-15,9000.0,0.47123889803846897,1300.0,0.0,9000.0,1300.0
1769449936.7415435,8.597625732421875,-0.03827087953686714,-1.4680067833542687,2.9005897973061644e-16,-2.9076241163188395e-15,1.0617379596884159e-15,9000.0,0.47123889803846897,1300.0,0.0,9000.0,1300.0
1769449936.7914743,8.597625732421875,-0.03827087953686714,-1.4680067833542687,5.450611957283139e-16,-5.478032971609947e-15,1.0617379596884159e-15,9000.0,0.47123889803846897,1300.0,0.0,9000.0,1300.0
1769449936.8415575,8.597625732421875,-0.03827087953686714,-1.4680067833542687,5.450611957283139e-16,-5.478032971609947e-15,1.0617379596884159e-15,9000.0,0.47123889803846897,1300.0,0.0,9000.0,1300.0
1769449936.8913662,8.597625732421875,-0.03827087953686714,-1.4680067833542687,8.000505670109034e-16,-8.048312352851865e-15,1.0617379596884159e-15,9000.0,0.47123889803846897,1300.0,0.0,9000.0,1300.0
1769449936.9415615,8.597625732421875,-0.03827087953686714,-1.4680067833542687,8.000505670109034e-16,-8.048312352851865e-15,1.0617379596884159e-15,9000.0,0.47123889803846897,1300.0,0.0,9000.0,1300.0
1769449936.9913645,8.597625732421875,-0.03827087953686714,-1.4680067833542687,1.055032037518749e-15,-1.0618512094702079e-14,1.0617379596884159e-15,9000.0,0.47123889803846897,1300.0,0.0,9000.0,1300.0
1769449937.041525,8.597625732421875,-0.03827087953686714,-1.4680067833542687,1.055032037518749e-15,-1.0618512094702079e-14,1.0617379596884159e-15,9000.0,0.47123889803846897,1300.0,0.0,9000.0,1300.0
1769449937.0914643,8.597625732421875,-0.03827087953686714,-1.4680067833542687,1.055032037518749e-15,-1.0618512094702079e-14,1.0617379596884159e-15,9000.0,0.47123889803846897,1300.0,0.0,9000.0,1300.0
1769449937.14144,8.597625732421875,-0.03827087953686714,-1.4680067833542687,1.055032037518749e-15,-1.0618512094702079e-14,1.0617379596884159e-15,9000.0,0.47123889803846897,1300.0,0.0,9000.0,1300.0
1769449937.1915305,8.597625732421875,-0.03827087953686714,-1.4680067833542687,7.999914744733069e-16,-8.047716703197115e-15,1.0617379596884159e-15,9000.0,0.47123889803846897,1300.0,0.0,9000.0,1300.0
1769449937.2414985,8.597625732421875,-0.03827087953686714,-1.4680067833542687,7.999914744733069e-16,-8.047716703197115e-15,1.0617379596884159e-15,9000.0,0.47123889803846897,1300.0,0.0,9000.0,1300.0
1769449937.2915409,8.597625732421875,-0.03827087953686714,-1.4680067833542687,5.449817007489868e-16,-5.477231666421229e-15,1.0617379596884159e-15,9000.0,0.47123889803846897,1300.0,0.0,9000.0,1300.0
1769449937.3413768,8.597625732421875,-0.03827087953686714,-1.4680067833542687,5.449817007489868e-16,-5.477231666421229e-15,1.0617379596884159e-15,9000.0,0.47123889803846897,1300.0,0.0,9000.0,1300.0
1769449937.3914518,8.597625732421875,-0.03827087953686714,-1.4680067833542687,2.9000221043849225e-16,-2.9070518848556213e-15,1.0617379596884159e-15,9000.0,0.47123889803846897,1300.0,0.0,9000.0,1300.0
1769449937.4415083,8.597625732421875,-0.03827087953686714,-1.4680067833542687,2.9000221043849225e-16,-2.9070518848556213e-15,1.0617379596884159e-15,9000.0,0.47123889803846897,1300.0,0.0,9000.0,1300.0
1769449937.4914374,8.597625732421875,-0.03827087953686714,-1.4680067833542687,3.500759501302655e-17,-3.367196429307687e-16,1.0617379596884159e-15,9000.0,0.47123889803846897,1300.0,0.0,9000.0,1300.0
1769449937.5414643,8.597625732421875,-0.03827087953686714,-1.4680067833542687,3.500759501302655e-17,-3.367196429307687e-16,1.0617379596884159e-15,9000.0,0.47123889803846897,1300.0,0.0,9000.0,1300.0
1769449937.5914168,8.597625732421875,-0.03827087953686714,-1.4680067833542687,-2.199326178154341e-16,2.2330642236925373e-15,1.0617379596884159e-15,9000.0,0.47123889803846897,1300.0,0.0,9000.0,1300.0
1769449937.6413984,8.597625732421875,-0.03827087953686714,-1.4680067833542687,-2.199326178154341e-16,2.2330642236925373e-15,1.0617379596884159e-15,9000.0,0.47123889803846897,1300.0,0.0,9000.0,1300.0
1769449937.6915004,8.597625732421875,-0.03827087953686714,-1.4680067833542687,-4.749995938107179e-16,4.804125856335454e-15,1.0617379596884159e-15,9000.0,0.47123889803846897,1300.0,0.0,9000.0,1300.0
1769449937.7415261,8.597625732421875,-0.03827087953686714,-1.4680067833542687,-4.749995938107179e-16,4.804125856335454e-15,1.0617379596884159e-15,9000.0,0.47123889803846897,1300.0,0.0,9000.0,1300.0
1769449937.7915022,8.597625732421875,-0.03827087953686714,-1.4680067833542687,-7.299527610090202e-16,7.374040302321866e-15,1.0617379596884159e-15,9000.0,0.47123889803846897,1300.0,0.0,9000.0,1300.0
1769449937.8414576,8.597625732421875,-0.03827087953686714,-1.4680067833542687,-7.299527610090202e-16,7.374040302321866e-15,1.0617379596884159e-15,9000.0,0.47123889803846897,1300.0,0.0,9000.0,1300.0
1769449937.891387,8.597625732421875,-0.03827087953686714,-1.4680067833542687,-9.849314706931874e-16,9.944212215215366e-15,1.0617379596884159e-15,9000.0,0.47123889803846897,1300.0,0.0,9000.0,1300.0
1769449937.9414473,8.597625732421875,-0.03827087953686714,-1.4680067833542687,-9.849314706931874e-16,9.944212215215366e-15,1.0617379596884159e-15,9000.0,0.47123889803846897,1300.0,0.0,9000.0,1300.0
1769449937.991462,8.597625732421875,-0.03827087953686714,-1.4680067833542687,-9.849314706931874e-16,9.944212215215366e-15,1.0617379596884159e-15,9000.0,0.47123889803846897,1300.0,0.0,9000.0,1300.0
1769449938.041588,8.597625732421875,-0.03827087953686714,-1.4680067833542687,-9.849314706931874e-16,9.944212215215366e-15,1.0617379596884159e-15,9000.0,0.47123889803846897,1300.0,0.0,9000.0,1300.0
1769449938.09141,8.597625732421875,-0.03827087953686714,-1.4680067833542687,-7.299469965819295e-16,7.373982197201557e-15,1.0617379596884159e-15,9000.0,0.47123889803846897,1300.0,0.0,9000.0,1300.0
1769449938.1414769,8.597625732421875,-0.03827087953686714,-1.4680067833542687,-7.299469965819295e-16,7.373982197201557e-15,1.0617379596884159e-15,9000.0,0.47123889803846897,1300.0,0.0,9000.0,1300.0
1769449938.1914132,8.597625732421875,-0.03827087953686714,-1.4680067833542687,-4.749607058240202e-16,4.8037338674855474e-15,1.0617379596884159e-15,9000.0,0.47123889803846897,1300.0,0.0,9000.0,1300.0
1769449938.2414112,8.597625732421875,-0.03827087953686714,-1.4680067833542687,-4.749607058240202e-16,4.8037338674855474e-15,1.0617379596884159e-15,9000.0,0.47123889803846897,1300.0,0.0,9000.0,1300.0
1769449938.2913694,8.597625732421875,-0.03827087953686714,-1.4680067833542687,-2.1998039155900205e-16,2.233545780501903e-15,1.0617379596884159e-15,9000.0,0.47123889803846897,1300.0,0.0,9000.0,1300.0
1769449938.341429,8.597625732421875,-0.03827087953686714,-1.4680067833542687,-2.1998039155900205e-16,2.233545780501903e-15,1.0617379596884159e-15,9000.0,0.47123889803846897,1300.0,0.0,9000.0,1300.0
1769449938.3914366,8.597625732421875,-0.03827087953686714,-1.4680067833542687,3.50082857337188e-17,-3.367266053588304e-16,1.0617379596884159e-15,9000.0,0.47123889803846897,1300.0,0.0,9000.0,1300.0
1769449938.4414089,8.597625732421875,-0.03827087953686714,-1.4680067833542687,3.50082857337188e-17,-3.367266053588304e-16,1.0617379596884159e-15,9000.0,0.47123889803846897,1300.0,0.0,9000.0,1300.0
1769449938.4914732,8.597625732421875,-0.03827087953686714,-1.4680067833542687,2.900217030208067e-16,-2.90724836905478e-15,1.0617379596884159e-15,9000.0,0.47123889803846897,1300.0,0.0,9000.0,1300.0
1769449938.541508,8.597625732421875,-0.03827087953686714,-1.4680067833542687,2.900217030208067e-16,-2.90724836905478e-15,1.0617379596884159e-15,9000.0,0.47123889803846897,1300.0,0.0,9000.0,1300.0
1769449938.5916526,8.597625732421875,-0.03827087953686714,-1.4680067833542687,5.450108646884094e-16,-5.477525637388713e-15,1.0617379596884159e-15,9000.0,0.47123889803846897,1300.0,0.0,9000.0,1300.0
1769449938.6415367,8.597625732421875,-0.03827087953686714,-1.4680067833542687,5.450108646884094e-16,-5.477525637388713e-15,1.0617379596884159e-15,9000.0,0.47123889803846897,1300.0,0.0,9000.0,1300.0
1769449938.69139,8.597625732421875,-0.03827087953686714,-1.4680067833542687,7.999691662142993e-16,-8.047491837125758e-15,1.0617379596884159e-15,9000.0,0.47123889803846897,1300.0,0.0,9000.0,1300.0
1769449938.7415266,8.597625732421875,-0.03827087953686714,-1.4680067833542687,7.999691662142993e-16,-8.047491837125758e-15,1.0617379596884159e-15,9000.0,0.47123889803846897,1300.0,0.0,9000.0,1300.0
1769449938.7915483,8.597625732421875,-0.03827087953686714,-1.4680067833542687,1.054968079701625e-15,-1.0617867403286922e-14,1.0617379596884159e-15,9000.0,0.47123889803846897,1300.0,0.0,9000.0,1300.0
1769449938.8415532,8.597625732421875,-0.03827087953686714,-1.4680067833542687,1.054968079701625e-15,-1.0617867403286922e-14,1.0617379596884159e-15,9000.0,0.47123889803846897,1300.0,0.0,9000.0,1300.0
1769449938.8915308,8.597625732421875,-0.03827087953686714,-1.4680067833542687,1.054968079701625e-15,-1.0617867403286922e-14,1.0617379596884159e-15,9000.0,0.47123889803846897,1300.0,0.0,9000.0,1300.0
1769449938.9414833,8.597625732421875,-0.03827087953686714,-1.4680067833542687,1.054968079701625e-15,-1.0617867403286922e-14,1.0617379596884159e-15,9000.0,0.47123889803846897,1300.0,0.0,9000.0,1300.0
1769449938.991464,8.597625732421875,-0.03827087953686714,-1.4680067833542687,7.999320157555588e-16,-8.047117362465799e-15,1.0617379596884159e-15,9000.0,0.47123889803846897,1300.0,0.0,9000.0,1300.0
1769449939.04148,8.597625732421875,-0.03827087953686714,-1.4680067833542687,7.999320157555588e-16,-8.047117362465799e-15,1.0617379596884159e-15,9000.0,0.47123889803846897,1300.0,0.0,9000.0,1300.0
1769449939.091527,8.597625732421875,-0.03827087953686714,-1.4680067833542687,5.449936119822966e-16,-5.477351731023247e-15,1.0617379596884159e-15,9000.0,0.47123889803846897,1300.0,0.0,9000.0,1300.0
1769449939.141502,8.597625732421875,-0.03827087953686714,-1.4680067833542687,5.449936119822966e-16,-5.477351731023247e-15,1.0617379596884159e-15,9000.0,0.47123889803846897,1300.0,0.0,9000.0,1300.0
1769449939.1913943,8.597625732421875,-0.03827087953686714,-1.4680067833542687,2.899825578388998e-16,-2.906853787690763e-15,1.0617379596884159e-15,9000.0,0.47123889803846897,1300.0,0.0,9000.0,1300.0
1769449939.2413898,8.597625732421875,-0.03827087953686714,-1.4680067833542687,2.899825578388998e-16,-2.906853787690763e-15,1.0617379596884159e-15,9000.0,0.47123889803846897,1300.0,0.0,9000.0,1300.0
1769449939.291467,8.597625732421875,-0.03827087953686714,-1.4680067833542687,3.497403594092515e-17,-3.363813692582553e-16,1.0617379596884159e-15,9000.0,0.47123889803846897,1300.0,0.0,9000.0,1300.0
1769449939.341439,8.597625732421875,-0.03827087953686714,-1.4680067833542687,3.497403594092515e-17,-3.363813692582553e-16,1.0617379596884159e-15,9000.0,0.47123889803846897,1300.0,0.0,9000.0,1300.0
1769449939.3914883,8.597625732421875,-0.03827087953686714,-1.4680067833542687,-2.2002837433668517e-16,2.234029444364101e-15,1.0617379596884159e-15,9000.0,0.47123889803846897,1300.0,0.0,9000.0,1300.0
1769449939.441471,8.597625732421875,-0.03827087953686714,-1.4680067833542687,-2.2002837433668517e-16,2.234029444364101e-15,1.0617379596884159e-15,9000.0,0.47123889803846897,1300.0,0.0,9000.0,1300.0
1769449939.49143,8.597625732421875,-0.03827087953686714,-1.4680067833542687,-4.749671642400714e-16,4.803798967977888e-15,1.0617379596884159e-15,9000.0,0.47123889803846897,1300.0,0.0,9000.0,1300.0
1769449939.5414984,8.597625732421875,-0.03827087953686714,-1.4680067833542687,-4.749671642400714e-16,4.803798967977888e-15,1.0617379596884159e-15,9000.0,0.47123889803846897,1300.0,0.0,9000.0,1300.0
1769449939.5914166,8.597625732421875,-0.03827087953686714,-1.4680067833542687,-7.2999718732652805e-16,7.374488117253526e-15,1.0617379596884159e-15,9000.0,0.47123889803846897,1300.0,0.0,9000.0,1300.0
1769449939.6414971,8.597625732421875,-0.03827087953686714,-1.4680067833542687,-7.2999718732652805e-16,7.374488117253526e-15,1.0617379596884159e-15,9000.0,0.47123889803846897,1300.0,0.0,9000.0,1300.0
1769449939.6914115,8.597625732421875,-0.03827087953686714,-1.4680067833542687,-9.84977593895747e-16,9.944677134658633e-15,1.0617379596884159e-15,9000.0,0.47123889803846897,1300.0,0.0,9000.0,1300.0
1769449939.7415156,8.597625732421875,-0.03827087953686714,-1.4680067833542687,-9.84977593895747e-16,9.944677134658633e-15,1.0617379596884159e-15,9000.0,0.47123889803846897,1300.0,0.0,9000.0,1300.0
1769449939.791378,8.597625732421875,-0.03827087953686714,-1.4680067833542687,-9.84977593895747e-16,9.944677134658633e-15,1.0617379596884159e-15,9000.0,0.47123889803846897,1300.0,0.0,9000.0,1300.0
1769449939.8415036,8.597625732421875,-0.03827087953686714,-1.4680067833542687,-9.84977593895747e-16,9.944677134658633e-15,1.0617379596884159e-15,9000.0,0.47123889803846897,1300.0,0.0,9000.0,1300.0
1769449939.8913562,8.597625732421875,-0.03827087953686714,-1.4680067833542687,-7.299428014981757e-16,7.373939910979112e-15,1.0617379596884159e-15,9000.0,0.47123889803846897,1300.0,0.0,9000.0,1300.0
1769449939.94147,8.597625732421875,-0.03827087953686714,-1.4680067833542687,-7.299428014981757e-16,7.373939910979112e-15,1.0617379596884159e-15,9000.0,0.47123889803846897,1300.0,0.0,9000.0,1300.0
1769449939.99145,8.597625732421875,-0.03827087953686714,-1.4680067833542687,-4.749735826015854e-16,4.80386366472261e-15,1.0617379596884159e-15,9000.0,0.47123889803846897,1300.0,0.0,9000.0,1300.0
1769449940.041387,8.597625732421875,-0.03827087953686714,-1.4680067833542687,-4.749735826015854e-16,4.80386366472261e-15,1.0617379596884159e-15,9000.0,0.47123889803846897,1300.0,0.0,9000.0,1300.0
1769449940.0914235,8.597625732421875,-0.03827087953686714,-1.4680067833542687,-2.1998000404891096e-16,2.2335418744206732e-15,1.0617379596884159e-15,9000.0,0.47123889803846897,1300.0,0.0,9000.0,1300.0
1769449940.1413705,8.597625732421875,-0.03827087953686714,-1.4680067833542687,-2.1998000404891096e-16,2.2335418744206732e-15,1.0617379596884159e-15,9000.0,0.47123889803846897,1300.0,0.0,9000.0,1300.0
1769449940.1914284,8.597625732421875,-0.03827087953686714,-1.4680067833542687,3.499329502157175e-17,-3.3657549977294656e-16,1.0617379596884159e-15,9000.0,0.47123889803846897,1300.0,0.0,9000.0,1300.0
1769449940.2413778,8.597625732421875,-0.03827087953686714,-1.4680067833542687,3.499329502157175e-17,-3.3657549977294656e-16,1.0617379596884159e-15,9000.0,0.47123889803846897,1300.0,0.0,9000.0,1300.0
1769449940.2914333,8.597625732421875,-0.03827087953686714,-1.4680067833542687,2.899691501872456e-16,-2.9067186392709524e-15,1.0617379596884159e-15,9000.0,0.47123889803846897,1300.0,0.0,9000.0,1300.0
1769449940.341359,8.597625732421875,-0.03827087953686714,-1.4680067833542687,2.899691501872456e-16,-2.9067186392709524e-15,1.0617379596884159e-15,9000.0,0.47123889803846897,1300.0,0.0,9000.0,1300.0
1769449940.3914363,8.597625732421875,-0.03827087953686714,-1.4680067833542687,5.449361883407262e-16,-5.476772903752204e-15,1.0617379596884159e-15,9000.0,0.47123889803846897,1300.0,0.0,9000.0,1300.0
1769449940.4413958,8.597625732421875,-0.03827087953686714,-1.4680067833542687,5.449361883407262e-16,-5.476772903752204e-15,1.0617379596884159e-15,9000.0,0.47123889803846897,1300.0,0.0,9000.0,1300.0
1769449940.4913795,8.597625732421875,-0.03827087953686714,-1.4680067833542687,7.99965576486313e-16,-8.047455652857444e-15,1.0617379596884159e-15,9000.0,0.47123889803846897,1300.0,0.0,9000.0,1300.0
1769449940.5414732,8.597625732421875,-0.03827087953686714,-1.4680067833542687,7.99965576486313e-16,-8.047455652857444e-15,1.0617379596884159e-15,9000.0,0.47123889803846897,1300.0,0.0,9000.0,1300.0
1769449940.591436,8.597625732421875,-0.03827087953686714,-1.4680067833542687,1.0549646280534416e-15,-1.0617832610855719e-14,1.0617379596884159e-15,9000.0,0.47123889803846897,1300.0,0.0,9000.0,1300.0
1769449940.641376,8.597625732421875,-0.03827087953686714,-1.4680067833542687,1.0549646280534416e-15,-1.0617832610855719e-14,1.0617379596884159e-15,9000.0,0.47123889803846897,1300.0,0.0,9000.0,1300.0
1769449940.6914186,8.597625732421875,-0.03827087953686714,-1.4680067833542687,1.0549646280534416e-15,-1.0617832610855719e-14,1.0617379596884159e-15,9000.0,0.47123889803846897,1300.0,0.0,9000.0,1300.0
1769449940.7414849,8.597625732421875,-0.03827087953686714,-1.4680067833542687,1.0549646280534416e-15,-1.0617832610855719e-14,1.0617379596884159e-15,9000.0,0.47123889803846897,1300.0,0.0,9000.0,1300.0
1769449940.791369,8.597625732421875,-0.03827087953686714,-1.4680067833542687,7.998796010250953e-16,-8.046589024753892e-15,1.0617379596884159e-15,9000.0,0.47123889803846897,1300.0,0.0,9000.0,1300.0
1769449940.8414907,8.597625732421875,-0.03827087953686714,-1.4680067833542687,7.998796010250953e-16,-8.046589024753892e-15,1.0617379596884159e-15,9000.0,0.47123889803846897,1300.0,0.0,9000.0,1300.0
1769449940.89137,8.597625732421875,-0.03827087953686714,-1.4680067833542687,5.449594798748406e-16,-5.4770076811846536e-15,1.0617379596884159e-15,9000.0,0.47123889803846897,1300.0,0.0,9000.0,1300.0
1769449940.941416,8.597625732421875,-0.03827087953686714,-1.4680067833542687,5.449594798748406e-16,-5.4770076811846536e-15,1.0617379596884159e-15,9000.0,0.47123889803846897,1300.0,0.0,9000.0,1300.0
1769449940.9915912,8.597625732421875,-0.03827087953686714,-1.4680067833542687,2.8998014775831606e-16,-2.906829494205899e-15,1.0617379596884159e-15,9000.0,0.47123889803846897,1300.0,0.0,9000.0,1300.0
1769449941.0415022,8.597625732421875,-0.03827087953686714,-1.4680067833542687,2.8998014775831606e-16,-2.906829494205899e-15,1.0617379596884159e-15,9000.0,0.47123889803846897,1300.0,0.0,9000.0,1300.0
1769449941.0914788,8.597625732421875,-0.03827087953686714,-1.4680067833542687,3.4978365520114116e-17,-3.36425011187574e-16,1.0617379596884159e-15,9000.0,0.47123889803846897,1300.0,0.0,9000.0,1300.0
1769449941.1414864,8.597625732421875,-0.03827087953686714,-1.4680067833542687,3.4978365520114116e-17,-3.36425011187574e-16,1.0617379596884159e-15,9000.0,0.47123889803846897,1300.0,0.0,9000.0,1300.0
1769449941.1913702,8.597625732421875,-0.03827087953686714,-1.4680067833542687,-2.200119467790511e-16,2.2338638554516766e-15,1.0617379596884159e-15,9000.0,0.47123889803846897,1300.0,0.0,9000.0,1300.0
1769449941.2414188,8.597625732421875,-0.03827087953686714,-1.4680067833542687,-2.200119467790511e-16,2.2338638554516766e-15,1.0617379596884159e-15,9000.0,0.47123889803846897,1300.0,0.0,9000.0,1300.0
1769449941.2913647,8.597625732421875,-0.03827087953686714,-1.4680067833542687,-4.750194557475842e-16,4.804326063608967e-15,1.0617379596884159e-15,9000.0,0.47123889803846897,1300.0,0.0,9000.0,1300.0
1769449941.3414001,8.597625732421875,-0.03827087953686714,-1.4680067833542687,-4.750194557475842e-16,4.804326063608967e-15,1.0617379596884159e-15,9000.0,0.47123889803846897,1300.0,0.0,9000.0,1300.0
1769449941.3914602,8.597625732421875,-0.03827087953686714,-1.4680067833542687,-7.299856245209029e-16,7.374371564784152e-15,1.0617379596884159e-15,9000.0,0.47123889803846897,1300.0,0.0,9000.0,1300.0
1769449941.4414988,8.597625732421875,-0.03827087953686714,-1.4680067833542687,-7.299856245209029e-16,7.374371564784152e-15,1.0617379596884159e-15,9000.0,0.47123889803846897,1300.0,0.0,9000.0,1300.0
1769449941.4914167,8.597625732421875,-0.03827087953686714,-1.4680067833542687,-9.849991324608636e-16,9.944894242256267e-15,1.0617379596884159e-15,8000.0,0.41887902047863906,1300.0,0.0,8000.0,1300.0
1769449941.5414793,8.597625732421875,-0.03827087953686714,-1.4680067833542687,-9.849991324608636e-16,9.944894242256267e-15,1.0617379596884159e-15,7000.0,0.36651914291880916,1300.0,0.0,7000.0,1300.0
1769449941.591434,8.597625732421875,-0.03827087953686714,-1.4680067833542687,-9.849991324608636e-16,9.944894242256267e-15,1.0617379596884159e-15,6000.0,0.31415926535897926,1300.0,0.0,6000.0,1300.0
1769449941.641529,8.597625732421875,-0.03827087953686714,-1.4680067833542687,-9.849991324608636e-16,9.944894242256267e-15,1.0617379596884159e-15,5000.0,0.2617993877991494,1300.0,0.0,5000.0,1300.0
1769449941.6914206,8.597625732421875,-0.03827087953686714,-1.4680067833542687,-7.299825721244316e-16,7.374340796789103e-15,1.0617379596884159e-15,4000.0,0.20943951023931953,1300.0,0.0,4000.0,1300.0
1769449941.7415044,8.597625732421875,-0.03827087953686714,-1.4680067833542687,-7.299825721244316e-16,7.374340796789103e-15,1.0617379596884159e-15,3000.0,0.15707963267948963,1300.0,0.0,3000.0,1300.0
1769449941.791438,8.597625732421875,-0.03827087953686714,-1.4680067833542687,-4.749982571831839e-16,4.8041123832005825e-15,1.0617379596884159e-15,2000.0,0.10471975511965977,1300.0,0.0,2000.0,1300.0
1769449941.8414197,8.597625732421875,-0.03827087953686714,-1.4680067833542687,-4.749982571831839e-16,4.8041123832005825e-15,1.0617379596884159e-15,1000.0,0.05235987755982988,1300.0,0.0,1000.0,1300.0
1769449941.8914206,8.597625732421875,-0.03827087953686714,-1.4680067833542687,-2.1996385223201106e-16,2.233379064960274e-15,1.0617379596884159e-15,0.0,0.0,1300.0,0.0,0.0,1300.0
1769449941.9414465,8.597625732421875,-0.03827087953686714,-1.4680067833542687,-2.1996385223201106e-16,2.233379064960274e-15,1.0617379596884159e-15,0.0,0.0,1300.0,0.0,0.0,1300.0
1769449941.9914093,8.597625732421875,-0.03827087953686714,-1.4680067833542687,3.499558028547519e-17,-3.365985351122654e-16,1.0617379596884159e-15,0.0,0.0,1300.0,0.0,0.0,1300.0
1769449942.0414963,8.597625732421875,-0.03827087953686714,-1.4680067833542687,3.499558028547519e-17,-3.365985351122654e-16,1.0617379596884159e-15,0.0,0.0,1300.0,0.0,0.0,1300.0
1769449942.0914183,8.597625732421875,-0.03827087953686714,-1.4680067833542687,2.8998131201566893e-16,-2.906841229858457e-15,1.0617379596884159e-15,0.0,0.0,1300.0,0.0,0.0,1300.0
1769449942.1415,8.597625732421875,-0.03827087953686714,-1.4680067833542687,2.8998131201566893e-16,-2.906841229858457e-15,1.0617379596884159e-15,0.0,0.0,1300.0,0.0,0.0,1300.0
1769449942.1913927,8.597625732421875,-0.03827087953686714,-1.4680067833542687,5.449753504551359e-16,-5.477167655794948e-15,1.0617379596884159e-15,0.0,0.0,1300.0,0.0,0.0,1300.0
1769449942.241535,8.597625732421875,-0.03827087953686714,-1.4680067833542687,5.449753504551359e-16,-5.477167655794948e-15,1.0617379596884159e-15,0.0,0.0,1300.0,0.0,0.0,1300.0
1769449942.2914715,8.597625732421875,-0.03827087953686714,-1.4680067833542687,7.999789043655628e-16,-8.047589997175631e-15,1.0617379596884159e-15,0.0,0.0,1300.0,0.0,0.0,1300.0
1769449942.3415155,8.597625732421875,-0.03827087953686714,-1.4680067833542687,7.999789043655628e-16,-8.047589997175631e-15,1.0617379596884159e-15,0.0,0.0,1300.0,0.0,0.0,1300.0
1769449942.3914633,8.597625732421875,-0.03827087953686714,-1.4680067833542687,1.0549596530711776e-15,-1.061778246329752e-14,1.0617379596884159e-15,0.0,0.0,1300.0,0.0,0.0,1300.0
1769449942.4415123,8.597625732421875,-0.03827087953686714,-1.4680067833542687,1.0549596530711776e-15,-1.061778246329752e-14,1.0617379596884159e-15,0.0,0.0,1300.0,0.0,0.0,1300.0
1769449942.4914782,8.597625732421875,-0.03827087953686714,-1.4680067833542687,1.0549596530711776e-15,-1.061778246329752e-14,1.0617379596884159e-15,0.0,0.0,1300.0,0.0,0.0,1300.0
1769449942.5414557,8.597625732421875,-0.03827087953686714,-1.4680067833542687,1.0549596530711776e-15,-1.061778246329752e-14,1.0617379596884159e-15,0.0,0.0,1300.0,0.0,0.0,1300.0
1769449942.59144,8.597625732421875,-0.03827087953686714,-1.4680067833542687,7.999685004587115e-16,-8.047485126344625e-15,1.0617379596884159e-15,0.0,0.0,1300.0,0.0,0.0,1300.0
1769449942.6415105,8.597625732421875,-0.03827087953686714,-1.4680067833542687,7.999685004587115e-16,-8.047485126344625e-15,1.0617379596884159e-15,0.0,0.0,1300.0,0.0,0.0,1300.0
1769449942.6915536,8.597625732421875,-0.03827087953686714,-1.4680067833542687,5.44984463236048e-16,-5.477259512144748e-15,1.0617379596884159e-15,0.0,0.0,1300.0,0.0,0.0,1300.0
1769449942.741537,8.597625732421875,-0.03827087953686714,-1.4680067833542687,5.44984463236048e-16,-5.477259512144748e-15,1.0617379596884159e-15,0.0,0.0,1300.0,0.0,0.0,1300.0
1769449942.791547,8.597625732421875,-0.03827087953686714,-1.4680067833542687,2.899495365708699e-16,-2.90652093505485e-15,1.0617379596884159e-15,0.0,0.0,1300.0,0.0,0.0,1300.0
1769449942.8415694,8.597625732421875,-0.03827087953686714,-1.4680067833542687,2.899495365708699e-16,-2.90652093505485e-15,1.0617379596884159e-15,0.0,0.0,1300.0,0.0,0.0,1300.0
1769449942.8915365,8.597625732421875,-0.03827087953686714,-1.4680067833542687,3.4982826995583515e-17,-3.3646998262442203e-16,1.0617379596884159e-15,0.0,0.0,1300.0,0.0,0.0,1300.0
1769449942.9414816,8.597625732421875,-0.03827087953686714,-1.4680067833542687,3.4982826995583515e-17,-3.3646998262442203e-16,1.0617379596884159e-15,1000.0,0.05235987755982988,1300.0,0.0,1000.0,1300.0
1769449942.9916058,8.597625732421875,-0.03827087953686714,-1.4680067833542687,-2.2000070364392488e-16,2.2337505252440337e-15,1.0617379596884159e-15,1000.0,0.05235987755982988,1300.0,0.0,1000.0,1300.0
1769449943.0415468,8.597625732421875,-0.03827087953686714,-1.4680067833542687,-2.2000070364392488e-16,2.2337505252440337e-15,1.0617379596884159e-15,2000.0,0.10471975511965977,1300.0,0.0,2000.0,1300.0
1769449943.0914457,8.597625732421875,-0.03827087953686714,-1.4680067833542687,-4.749919386107245e-16,4.804048692324257e-15,1.0617379596884159e-15,2000.0,0.10471975511965977,1300.0,0.0,2000.0,1300.0
1769449943.1415365,8.597625732421875,-0.03827087953686714,-1.4680067833542687,-4.749919386107245e-16,4.804048692324257e-15,1.0617379596884159e-15,3000.0,0.15707963267948963,1300.0,0.0,3000.0,1300.0
1769449943.1915593,8.597625732421875,-0.03827087953686714,-1.4680067833542687,-7.299870457458189e-16,7.37438589065617e-15,1.0617379596884159e-15,4000.0,0.20943951023931953,1300.0,0.0,4000.0,1300.0
1769449943.241544,8.597625732421875,-0.03827087953686714,-1.4680067833542687,-7.299870457458189e-16,7.37438589065617e-15,1.0617379596884159e-15,4000.0,0.20943951023931953,1300.0,0.0,4000.0,1300.0
1769449943.2914598,8.597625732421875,-0.03827087953686714,-1.4680067833542687,-9.849778330375678e-16,9.944679545195551e-15,1.0617379596884159e-15,5000.0,0.2617993877991494,1300.0,0.0,5000.0,1300.0
1769449943.3415477,8.597625732421875,-0.03827087953686714,-1.4680067833542687,-9.849778330375678e-16,9.944679545195551e-15,1.0617379596884159e-15,6000.0,0.31415926535897926,1300.0,0.0,6000.0,1300.0
1769449943.3915055,8.597625732421875,-0.03827087953686714,-1.4680067833542687,-9.849778330375678e-16,9.944679545195551e-15,1.0617379596884159e-15,6000.0,0.31415926535897926,1300.0,0.0,6000.0,1300.0
1769449943.4415312,8.597625732421875,-0.03827087953686714,-1.4680067833542687,-9.849778330375678e-16,9.944679545195551e-15,1.0617379596884159e-15,7000.0,0.36651914291880916,1300.0,0.0,7000.0,1300.0
1769449943.491484,8.597625732421875,-0.03827087953686714,-1.4680067833542687,-7.299790694913911e-16,7.374305490433243e-15,1.0617379596884159e-15,8000.0,0.41887902047863906,1300.0,0.0,8000.0,1300.0
1769449943.5415294,8.597625732421875,-0.03827087953686714,-1.4680067833542687,-7.299790694913911e-16,7.374305490433243e-15,1.0617379596884159e-15,8000.0,0.41887902047863906,1300.0,0.0,8000.0,1300.0
1769449943.5914817,8.597625732421875,-0.03827087953686714,-1.4680067833542687,-4.750061187726207e-16,4.804191627606467e-15,1.0617379596884159e-15,9000.0,0.47123889803846897,1300.0,0.0,9000.0,1300.0
1769449943.6415,8.597625732421875,-0.03827087953686714,-1.4680067833542687,-4.750061187726207e-16,4.804191627606467e-15,1.0617379596884159e-15,9000.0,0.47123889803846897,1300.0,0.0,9000.0,1300.0
1769449943.6914299,8.597625732421875,-0.03827087953686714,-1.4680067833542687,-2.1998562080855664e-16,2.233598491060953e-15,1.0617379596884159e-15,9000.0,0.47123889803846897,1300.0,0.0,9000.0,1300.0
1769449943.741543,8.597625732421875,-0.03827087953686714,-1.4680067833542687,-2.1998562080855664e-16,2.233598491060953e-15,1.0617379596884159e-15,9000.0,0.47123889803846897,1300.0,0.0,9000.0,1300.0
1769449943.7914984,8.597625732421875,-0.03827087953686714,-1.4680067833542687,3.4997775030075207e-17,-3.3662065802179423e-16,1.0617379596884159e-15,9000.0,0.47123889803846897,1300.0,0.0,9000.0,1300.0
1769449943.8414567,8.597625732421875,-0.03827087953686714,-1.4680067833542687,3.4997775030075207e-17,-3.3662065802179423e-16,1.0617379596884159e-15,9000.0,0.47123889803846897,1300.0,0.0,9000.0,1300.0
1769449943.8915045,8.597625732421875,-0.03827087953686714,-1.4680067833542687,2.9001567921320834e-16,-2.9071876493926574e-15,1.0617379596884159e-15,9000.0,0.47123889803846897,1300.0,0.0,9000.0,1300.0
1769449943.9414458,8.597625732421875,-0.03827087953686714,-1.4680067833542687,2.9001567921320834e-16,-2.9071876493926574e-15,1.0617379596884159e-15,8000.0,0.41887902047863906,1300.0,0.0,8000.0,1300.0
1769449943.991394,8.597625732421875,-0.03827087953686714,-1.4680067833542687,5.449490574560051e-16,-5.4769026237538165e-15,1.0617379596884159e-15,7000.0,0.36651914291880916,1300.0,0.0,7000.0,1300.0
1769449944.041468,8.597625732421875,-0.03827087953686714,-1.4680067833542687,5.449490574560051e-16,-5.4769026237538165e-15,1.0617379596884159e-15,6000.0,0.31415926535897926,1300.0,0.0,6000.0,1300.0
1769449944.091451,8.597625732421875,-0.03827087953686714,-1.4680067833542687,7.999841312024974e-16,-8.047642683415587e-15,1.0617379596884159e-15,5000.0,0.2617993877991494,1300.0,0.0,5000.0,1300.0
1769449944.1414652,8.597625732421875,-0.03827087953686714,-1.4680067833542687,7.999841312024974e-16,-8.047642683415587e-15,1.0617379596884159e-15,4000.0,0.20943951023931953,1300.0,0.0,4000.0,1300.0
1769449944.1914792,8.597625732421875,-0.03827087953686714,-1.4680067833542687,1.0549527009438068e-15,-1.061771238622118e-14,1.0617379596884159e-15,3000.0,0.15707963267948963,1300.0,0.0,3000.0,1300.0
1769449944.2414706,8.597625732421875,-0.03827087953686714,-1.4680067833542687,1.0549527009438068e-15,-1.061771238622118e-14,1.0617379596884159e-15,2000.0,0.10471975511965977,1300.0,0.0,2000.0,1300.0
1769449944.2914984,8.597625732421875,-0.03827087953686714,-1.4680067833542687,1.0549527009438068e-15,-1.061771238622118e-14,1.0617379596884159e-15,1000.0,0.05235987755982988,1300.0,0.0,1000.0,1300.0
1769449944.3414807,8.597625732421875,-0.03827087953686714,-1.4680067833542687,1.0549527009438068e-15,-1.061771238622118e-14,1.0617379596884159e-15,0.0,0.0,1300.0,0.0,0.0,1300.0
1769449944.3914313,8.597625732421875,-0.03827087953686714,-1.4680067833542687,7.999592160909538e-16,-8.04739154040849e-15,1.0617379596884159e-15,0.0,0.0,1300.0,0.0,0.0,1300.0
1769449944.4413958,8.597625732421875,-0.03827087953686714,-1.4680067833542687,7.999592160909538e-16,-8.04739154040849e-15,1.0617379596884159e-15,0.0,0.0,1300.0,0.0,0.0,1300.0
1769449944.491409,8.597625732421875,-0.03827087953686714,-1.4680067833542687,5.44976789986803e-16,-5.4771821661980415e-15,1.0617379596884159e-15,0.0,0.0,1300.0,0.0,0.0,1300.0
1769449944.5414233,8.597625732421875,-0.03827087953686714,-1.4680067833542687,5.44976789986803e-16,-5.4771821661980415e-15,1.0617379596884159e-15,0.0,0.0,1300.0,0.0,0.0,1300.0
1769449944.5913935,8.597625732421875,-0.03827087953686714,-1.4680067833542687,2.8999787642050136e-16,-2.9070081981834054e-15,1.0617379596884159e-15,0.0,0.0,1300.0,0.0,0.0,1300.0
1769449944.6414294,8.597625732421875,-0.03827087953686714,-1.4680067833542687,2.8999787642050136e-16,-2.9070081981834054e-15,1.0617379596884159e-15,0.0,0.0,1300.0,0.0,0.0,1300.0
1769449944.6914272,8.597625732421875,-0.03827087953686714,-1.4680067833542687,3.499748253786511e-17,-3.3661770971578047e-16,1.0617379596884159e-15,0.0,0.0,1300.0,0.0,0.0,1300.0
1769449944.741484,8.597625732421875,-0.03827087953686714,-1.4680067833542687,3.499748253786511e-17,-3.3661770971578047e-16,1.0617379596884159e-15,0.0,0.0,1300.0,0.0,0.0,1300.0
1769449944.7914264,8.597625732421875,-0.03827087953686714,-1.4680067833542687,-2.1998014726921209e-16,2.233543318073746e-15,1.0617379596884159e-15,0.0,0.0,1300.0,0.0,0.0,1300.0
1769449944.8414915,8.597625732421875,-0.03827087953686714,-1.4680067833542687,-2.1998014726921209e-16,2.233543318073746e-15,1.0617379596884159e-15,0.0,0.0,1300.0,0.0,0.0,1300.0
1769449944.8913836,8.597625732421875,-0.03827087953686714,-1.4680067833542687,-4.749587617393554e-16,4.803714271214919e-15,1.0617379596884159e-15,0.0,0.0,1300.0,0.0,0.0,1300.0
1769449944.9414728,8.597625732421875,-0.03827087953686714,-1.4680067833542687,-4.749587617393554e-16,4.803714271214919e-15,1.0617379596884159e-15,0.0,0.0,1300.0,0.0,0.0,1300.0
1769449944.9915237,8.597625732421875,-0.03827087953686714,-1.4680067833542687,-7.299868407747842e-16,7.37438382455898e-15,1.0617379596884159e-15,0.0,0.0,1300.0,0.0,0.0,1300.0
1769449945.0415845,8.597625732421875,-0.03827087953686714,-1.4680067833542687,-7.299868407747842e-16,7.37438382455898e-15,1.0617379596884159e-15,0.0,0.0,1300.0,0.0,0.0,1300.0
1769449945.091531,8.597625732421875,-0.03827087953686714,-1.4680067833542687,-9.849479060871311e-16,9.94437788311739e-15,1.0617379596884159e-15,0.0,0.0,1300.0,0.0,0.0,1300.0
1769449945.1414628,8.597625732421875,-0.03827087953686714,-1.4680067833542687,-9.849479060871311e-16,9.94437788311739e-15,1.0617379596884159e-15,0.0,0.0,1300.0,0.0,0.0,1300.0
1769449945.1914833,8.597625732421875,-0.03827087953686714,-1.4680067833542687,-9.849479060871311e-16,9.94437788311739e-15,1.0617379596884159e-15,0.0,0.0,1300.0,0.0,0.0,1300.0
1769449945.2415442,8.597625732421875,-0.03827087953686714,-1.4680067833542687,-9.849479060871311e-16,9.94437788311739e-15,1.0617379596884159e-15,0.0,0.0,1300.0,0.0,0.0,1300.0
1769449945.2915328,8.597625732421875,-0.03827087953686714,-1.4680067833542687,-7.29951342203094e-16,7.374026000833151e-15,1.0617379596884159e-15,0.0,0.0,1300.0,0.0,0.0,1300.0
1769449945.3415492,8.597625732421875,-0.03827087953686714,-1.4680067833542687,-7.29951342203094e-16,7.374026000833151e-15,1.0617379596884159e-15,0.0,0.0,1300.0,0.0,0.0,1300.0
1769449945.3915045,8.597625732421875,-0.03827087953686714,-1.4680067833542687,-4.749726516671272e-16,4.8038542809525e-15,1.0617379596884159e-15,0.0,0.0,1300.0,0.0,0.0,1300.0
1769449945.4416282,8.597625732421875,-0.03827087953686714,-1.4680067833542687,-4.749726516671272e-16,4.8038542809525e-15,1.0617379596884159e-15,0.0,0.0,1300.0,0.0,0.0,1300.0
1769449945.4915426,8.597625732421875,-0.03827087953686714,-1.4680067833542687,-2.199913676394321e-16,2.2336564188123454e-15,1.0617379596884159e-15,0.0,0.0,1300.0,0.0,0.0,1300.0
1769449945.5416002,8.597625732421875,-0.03827087953686714,-1.4680067833542687,-2.199913676394321e-16,2.2336564188123454e-15,1.0617379596884159e-15,0.0,0.0,1300.0,0.0,0.0,1300.0
1769449945.5915275,8.597625732421875,-0.03827087953686714,-1.4680067833542687,3.4968882491939526e-17,-3.3632942276493123e-16,1.0617379596884159e-15,0.0,0.0,1300.0,0.0,0.0,1300.0
1769449945.641541,8.597625732421875,-0.03827087953686714,-1.4680067833542687,3.4968882491939526e-17,-3.3632942276493123e-16,1.0617379596884159e-15,0.0,0.0,1300.0,0.0,0.0,1300.0
1769449945.6914675,8.597625732421875,-0.03827087953686714,-1.4680067833542687,2.8999293431772265e-16,-2.9069583820486813e-15,1.0617379596884159e-15,0.0,0.0,1300.0,0.0,0.0,1300.0
1769449945.7415636,8.597625732421875,-0.03827087953686714,-1.4680067833542687,2.8999293431772265e-16,-2.9069583820486813e-15,1.0617379596884159e-15,0.0,0.0,1300.0,0.0,0.0,1300.0
1769449945.7914345,8.597625732421875,-0.03827087953686714,-1.4680067833542687,5.449809582397322e-16,-5.477224181967188e-15,1.0617379596884159e-15,0.0,0.0,1300.0,0.0,0.0,1300.0
1769449945.8415704,8.597625732421875,-0.03827087953686714,-1.4680067833542687,5.449809582397322e-16,-5.477224181967188e-15,1.0617379596884159e-15,0.0,0.0,1300.0,0.0,0.0,1300.0
1769449945.891577,8.597625732421875,-0.03827087953686714,-1.4680067833542687,7.99954030166057e-16,-8.047339266559707e-15,1.0617379596884159e-15,0.0,0.0,1300.0,0.0,0.0,1300.0
1769449945.9416256,8.597625732421875,-0.03827087953686714,-1.4680067833542687,7.99954030166057e-16,-8.047339266559707e-15,1.0617379596884159e-15,0.0,0.0,1300.0,0.0,0.0,1300.0
1769449945.9914794,8.597625732421875,-0.03827087953686714,-1.4680067833542687,1.0549087133959792e-15,-1.0617268994064697e-14,1.0617379596884159e-15,0.0,0.0,1300.0,0.0,0.0,1300.0
1769449946.041551,8.597625732421875,-0.03827087953686714,-1.4680067833542687,1.0549087133959792e-15,-1.0617268994064697e-14,1.0617379596884159e-15,0.0,0.0,1300.0,0.0,0.0,1300.0
1769449946.0915787,8.597625732421875,-0.03827087953686714,-1.4680067833542687,1.0549087133959792e-15,-1.0617268994064697e-14,1.0617379596884159e-15,0.0,0.0,1300.0,0.0,0.0,1300.0
1769449946.1415222,8.597625732421875,-0.03827087953686714,-1.4680067833542687,1.0549087133959792e-15,-1.0617268994064697e-14,1.0617379596884159e-15,0.0,0.0,1300.0,0.0,0.0,1300.0
1769449946.19148,8.597625732421875,-0.03827087953686714,-1.4680067833542687,7.998249921105527e-16,-8.046038569782466e-15,1.0617379596884159e-15,0.0,0.0,1300.0,0.0,0.0,1300.0
1769449946.2414482,8.597625732421875,-0.03827087953686714,-1.4680067833542687,7.998249921105527e-16,-8.046038569782466e-15,1.0617379596884159e-15,0.0,0.0,1300.0,0.0,0.0,1300.0
1769449946.2915475,8.597625732421875,-0.03827087953686714,-1.4680067833542687,5.448671073317959e-16,-5.4760765708344905e-15,1.0617379596884159e-15,1000.0,0.05235987755982988,1300.0,0.0,1000.0,1300.0
1769449946.3415065,8.597625732421875,-0.03827087953686714,-1.4680067833542687,5.448671073317959e-16,-5.4760765708344905e-15,1.0617379596884159e-15,1000.0,0.05235987755982988,1300.0,0.0,1000.0,1300.0
1769449946.3914576,8.597625732421875,-0.03827087953686714,-1.4680067833542687,2.8991619615581305e-16,-2.9061848654337825e-15,1.0617379596884159e-15,2000.0,0.10471975511965977,1300.0,0.0,2000.0,1300.0
1769449946.4415202,8.597625732421875,-0.03827087953686714,-1.4680067833542687,2.8991619615581305e-16,-2.9061848654337825e-15,1.0617379596884159e-15,3000.0,0.15707963267948963,1300.0,0.0,3000.0,1300.0
1769449946.4915068,8.597625732421875,-0.03827087953686714,-1.4680067833542687,3.490656013212773e-17,-3.357012166730147e-16,1.0617379596884159e-15,3000.0,0.15707963267948963,1300.0,0.0,3000.0,1300.0
1769449946.5415442,8.597625732421875,-0.03827087953686714,-1.4680067833542687,3.490656013212773e-17,-3.357012166730147e-16,1.0617379596884159e-15,4000.0,0.20943951023931953,1300.0,0.0,4000.0,1300.0
1769449946.591554,8.597625732421875,-0.03827087953686714,-1.4680067833542687,-2.2012550478735471e-16,2.235008514171572e-15,1.0617379596884159e-15,5000.0,0.2617993877991494,1300.0,0.0,5000.0,1300.0
1769449946.6415215,8.597625732421875,-0.03827087953686714,-1.4680067833542687,-2.2012550478735471e-16,2.235008514171572e-15,1.0617379596884159e-15,5000.0,0.2617993877991494,1300.0,0.0,5000.0,1300.0
1769449946.6916168,8.597625732421875,-0.03827087953686714,-1.4680067833542687,-4.750746033656336e-16,4.8048819486832576e-15,1.0617379596884159e-15,6000.0,0.31415926535897926,1300.0,0.0,6000.0,1300.0
1769449946.7416081,8.597625732421875,-0.03827087953686714,-1.4680067833542687,-4.750746033656336e-16,4.8048819486832576e-15,1.0617379596884159e-15,7000.0,0.36651914291880916,1300.0,0.0,7000.0,1300.0
1769449946.7916589,8.597625732421875,-0.03827087953686714,-1.4680067833542687,-7.300638332742719e-16,7.37515990488322e-15,1.0617379596884159e-15,7000.0,0.36651914291880916,1300.0,0.0,7000.0,1300.0
1769449946.8415453,8.597625732421875,-0.03827087953686714,-1.4680067833542687,-7.300638332742719e-16,7.37515990488322e-15,1.0617379596884159e-15,8000.0,0.41887902047863906,1300.0,0.0,8000.0,1300.0
1769449946.8915348,8.597625732421875,-0.03827087953686714,-1.4680067833542687,-9.85052488838395e-16,9.945432071720839e-15,1.0617379596884159e-15,9000.0,0.47123889803846897,1300.0,0.0,9000.0,1300.0
1769449946.9415603,8.597625732421875,-0.03827087953686714,-1.4680067833542687,-9.85052488838395e-16,9.945432071720839e-15,1.0617379596884159e-15,9000.0,0.47123889803846897,1300.0,0.0,9000.0,1300.0
1769449946.991583,8.597625732421875,-0.03827087953686714,-1.4680067833542687,-9.85052488838395e-16,9.945432071720839e-15,1.0617379596884159e-15,8000.0,0.41887902047863906,1300.0,0.0,8000.0,1300.0
1769449947.0415485,8.597625732421875,-0.03827087953686714,-1.4680067833542687,-9.85052488838395e-16,9.945432071720839e-15,1.0617379596884159e-15,7000.0,0.36651914291880916,1300.0,0.0,7000.0,1300.0
1769449947.091539,8.597625732421875,-0.03827087953686714,-1.4680067833542687,-7.300669987393293e-16,7.375191812603642e-15,1.0617379596884159e-15,6000.0,0.31415926535897926,1300.0,0.0,6000.0,1300.0
1769449947.141466,8.597625732421875,-0.03827087953686714,-1.4680067833542687,-7.300669987393293e-16,7.375191812603642e-15,1.0617379596884159e-15,5000.0,0.2617993877991494,1300.0,0.0,5000.0,1300.0
1769449947.191558,8.597625732421875,-0.03827087953686714,-1.4680067833542687,-4.750722639811479e-16,4.804858367811326e-15,1.0617379596884159e-15,4000.0,0.20943951023931953,1300.0,0.0,4000.0,1300.0
1769449947.2414775,8.597625732421875,-0.03827087953686714,-1.4680067833542687,-4.750722639811479e-16,4.804858367811326e-15,1.0617379596884159e-15,3000.0,0.15707963267948963,1300.0,0.0,3000.0,1300.0
1769449947.2915285,8.597625732421875,-0.03827087953686714,-1.4680067833542687,-2.2007892276910852e-16,2.234538969890443e-15,1.0617379596884159e-15,2000.0,0.10471975511965977,1300.0,0.0,2000.0,1300.0
1769449947.3414757,8.597625732421875,-0.03827087953686714,-1.4680067833542687,-2.2007892276910852e-16,2.234538969890443e-15,1.0617379596884159e-15,1000.0,0.05235987755982988,1300.0,0.0,1000.0,1300.0
1769449947.391589,8.597625732421875,-0.03827087953686714,-1.4680067833542687,3.4904380177571836e-17,-3.3567924284634435e-16,1.0617379596884159e-15,0.0,0.0,1300.0,0.0,0.0,1300.0
1769449947.4416041,8.597625732421875,-0.03827087953686714,-1.4680067833542687,3.4904380177571836e-17,-3.3567924284634435e-16,1.0617379596884159e-15,0.0,0.0,1300.0,0.0,0.0,1300.0
1769449947.4914484,8.597625732421875,-0.03827087953686714,-1.4680067833542687,2.8990805412071485e-16,-2.9061027941504606e-15,1.0617379596884159e-15,0.0,0.0,1300.0,0.0,0.0,1300.0
1769449947.5415108,8.597625732421875,-0.03827087953686714,-1.4680067833542687,2.8990805412071485e-16,-2.9061027941504606e-15,1.0617379596884159e-15,0.0,0.0,1300.0,0.0,0.0,1300.0
1769449947.5914853,8.597625732421875,-0.03827087953686714,-1.4680067833542687,5.4488828144751655e-16,-5.4762900048014805e-15,1.0617379596884159e-15,0.0,0.0,1300.0,0.0,0.0,1300.0
1769449947.641475,8.597625732421875,-0.03827087953686714,-1.4680067833542687,5.4488828144751655e-16,-5.4762900048014805e-15,1.0617379596884159e-15,0.0,0.0,1300.0,0.0,0.0,1300.0
1769449947.6915088,8.597625732421875,-0.03827087953686714,-1.4680067833542687,7.999256174113641e-16,-8.047052867494589e-15,1.0617379596884159e-15,0.0,0.0,1300.0,0.0,0.0,1300.0
1769449947.7415404,8.597625732421875,-0.03827087953686714,-1.4680067833542687,7.999256174113641e-16,-8.047052867494589e-15,1.0617379596884159e-15,0.0,0.0,1300.0,0.0,0.0,1300.0
1769449947.7914784,8.597625732421875,-0.03827087953686714,-1.4680067833542687,1.0549036805169208e-15,-1.0617218262909878e-14,1.0617379596884159e-15,0.0,0.0,1300.0,0.0,0.0,1300.0
1769449947.8415616,8.597625732421875,-0.03827087953686714,-1.4680067833542687,1.0549036805169208e-15,-1.0617218262909878e-14,1.0617379596884159e-15,0.0,0.0,1300.0,0.0,0.0,1300.0
1769449947.8914623,8.597625732421875,-0.03827087953686714,-1.4680067833542687,1.0549036805169208e-15,-1.0617218262909878e-14,1.0617379596884159e-15,0.0,0.0,1300.0,0.0,0.0,1300.0
1769449947.941481,8.597625732421875,-0.03827087953686714,-1.4680067833542687,1.0549036805169208e-15,-1.0617218262909878e-14,1.0617379596884159e-15,0.0,0.0,1300.0,0.0,0.0,1300.0
1769449947.9914212,8.597625732421875,-0.03827087953686714,-1.4680067833542687,7.999155398110417e-16,-8.046951285816138e-15,1.0617379596884159e-15,0.0,0.0,1300.0,0.0,0.0,1300.0
1769449948.0415823,8.597625732421875,-0.03827087953686714,-1.4680067833542687,7.999155398110417e-16,-8.046951285816138e-15,1.0617379596884159e-15,0.0,0.0,1300.0,0.0,0.0,1300.0
1769449948.091514,8.597625732421875,-0.03827087953686714,-1.4680067833542687,5.449168802837544e-16,-5.4765782795587355e-15,1.0617379596884159e-15,0.0,0.0,1300.0,0.0,0.0,1300.0
1769449948.1414456,8.597625732421875,-0.03827087953686714,-1.4680067833542687,5.449168802837544e-16,-5.4765782795587355e-15,1.0617379596884159e-15,-1000.0,-0.05235987755982988,1300.0,0.0,-1000.0,1300.0
1769449948.1914566,8.597625732421875,-0.03827087953686714,-1.4680067833542687,2.8992703056344627e-16,-2.906294075689908e-15,1.0617379596884159e-15,-2000.0,-0.10471975511965977,1300.0,0.0,-2000.0,1300.0
1769449948.2415402,8.597625732421875,-0.03827087953686714,-1.4680067833542687,2.8992703056344627e-16,-2.906294075689908e-15,1.0617379596884159e-15,-2000.0,-0.10471975511965977,1300.0,0.0,-2000.0,1300.0
1769449948.2914293,8.597625732421875,-0.03827087953686714,-1.4680067833542687,3.493002983222753e-17,-3.3593779000917494e-16,1.0617379596884159e-15,-3000.0,-0.15707963267948963,1300.0,0.0,-3000.0,1300.0
1769449948.3413951,8.597625732421875,-0.03827087953686714,-1.4680067833542687,3.493002983222753e-17,-3.3593779000917494e-16,1.0617379596884159e-15,-4000.0,-0.20943951023931953,1300.0,0.0,-4000.0,1300.0
1769449948.3913846,8.597625732421875,-0.03827087953686714,-1.4680067833542687,-2.2004955871834945e-16,2.2342429818112693e-15,1.0617379596884159e-15,-4000.0,-0.20943951023931953,1300.0,0.0,-4000.0,1300.0
1769449948.441477,8.597625732421875,-0.03827087953686714,-1.4680067833542687,-2.2004955871834945e-16,2.2342429818112693e-15,1.0617379596884159e-15,-5000.0,-0.2617993877991494,1300.0,0.0,-5000.0,1300.0
1769449948.4913602,8.597625732421875,-0.03827087953686714,-1.4680067833542687,-4.750418412075494e-16,4.804551707861906e-15,1.0617379596884159e-15,-6000.0,-0.31415926535897926,1300.0,0.0,-6000.0,1300.0
1769449948.5414066,8.597625732421875,-0.03827087953686714,-1.4680067833542687,-4.750418412075494e-16,4.804551707861906e-15,1.0617379596884159e-15,-6000.0,-0.31415926535897926,1300.0,0.0,-6000.0,1300.0
1769449948.5914319,8.597625732421875,-0.03827087953686714,-1.4680067833542687,-7.300247537930548e-16,7.374765985778688e-15,1.0617379596884159e-15,-7000.0,-0.36651914291880916,1300.0,0.0,-7000.0,1300.0
1769449948.6414502,8.597625732421875,-0.03827087953686714,-1.4680067833542687,-7.300247537930548e-16,7.374765985778688e-15,1.0617379596884159e-15,-8000.0,-0.41887902047863906,1300.0,0.0,-8000.0,1300.0
1769449948.6914344,8.597625732421875,-0.03827087953686714,-1.4680067833542687,-9.850130360772971e-16,9.945034389974842e-15,1.0617379596884159e-15,-8000.0,-0.41887902047863906,1300.0,0.0,-8000.0,1300.0
1769449948.7414572,8.597625732421875,-0.03827087953686714,-1.4680067833542687,-9.850130360772971e-16,9.945034389974842e-15,1.0617379596884159e-15,-9000.0,-0.47123889803846897,1300.0,0.0,-9000.0,1300.0
1769449948.7914646,8.597625732421875,-0.03827087953686714,-1.4680067833542687,-9.850130360772971e-16,9.945034389974842e-15,1.0617379596884159e-15,-9000.0,-0.47123889803846897,1300.0,0.0,-9000.0,1300.0
1769449948.8415537,8.597625732421875,-0.03827087953686714,-1.4680067833542687,-9.850130360772971e-16,9.945034389974842e-15,1.0617379596884159e-15,-9000.0,-0.47123889803846897,1300.0,0.0,-9000.0,1300.0
1769449948.8915563,8.597625732421875,-0.03827087953686714,-1.4680067833542687,-7.300334299328188e-16,7.374853440808801e-15,1.0617379596884159e-15,-9000.0,-0.47123889803846897,1300.0,0.0,-9000.0,1300.0
1769449948.9414485,8.597625732421875,-0.03827087953686714,-1.4680067833542687,-7.300334299328188e-16,7.374853440808801e-15,1.0617379596884159e-15,-9000.0,-0.47123889803846897,1300.0,0.0,-9000.0,1300.0
1769449948.991551,8.597625732421875,-0.03827087953686714,-1.4680067833542687,-4.75016741468445e-16,4.8042987038187556e-15,1.0617379596884159e-15,-9000.0,-0.47123889803846897,1300.0,0.0,-9000.0,1300.0
1769449949.0415282,8.597625732421875,-0.03827087953686714,-1.4680067833542687,-4.75016741468445e-16,4.8042987038187556e-15,1.0617379596884159e-15,-9000.0,-0.47123889803846897,1300.0,0.0,-9000.0,1300.0
1769449949.0915132,8.597625732421875,-0.03827087953686714,-1.4680067833542687,-2.200358370169953e-16,2.2341046677870847e-15,1.0617379596884159e-15,-9000.0,-0.47123889803846897,1300.0,0.0,-9000.0,1300.0
1769449949.1415355,8.597625732421875,-0.03827087953686714,-1.4680067833542687,-2.200358370169953e-16,2.2341046677870847e-15,1.0617379596884159e-15,-9000.0,-0.47123889803846897,1300.0,0.0,-9000.0,1300.0
1769449949.1914036,8.597625732421875,-0.03827087953686714,-1.4680067833542687,3.497882325199161e-17,-3.364296251006905e-16,1.0617379596884159e-15,-8000.0,-0.41887902047863906,1300.0,0.0,-8000.0,1300.0
1769449949.2415016,8.597625732421875,-0.03827087953686714,-1.4680067833542687,3.497882325199161e-17,-3.364296251006905e-16,1.0617379596884159e-15,-7000.0,-0.36651914291880916,1300.0,0.0,-7000.0,1300.0
1769449949.291523,8.597625732421875,-0.03827087953686714,-1.4680067833542687,2.899319047044548e-16,-2.9063432067735786e-15,1.0617379596884159e-15,-6000.0,-0.31415926535897926,1300.0,0.0,-6000.0,1300.0
1769449949.3414342,8.597625732421875,-0.03827087953686714,-1.4680067833542687,2.899319047044548e-16,-2.9063432067735786e-15,1.0617379596884159e-15,-5000.0,-0.2617993877991494,1300.0,0.0,-5000.0,1300.0
1769449949.3914468,8.597625732421875,-0.03827087953686714,-1.4680067833542687,5.449366826476822e-16,-5.476777886340176e-15,1.0617379596884159e-15,-4000.0,-0.20943951023931953,1300.0,0.0,-4000.0,1300.0
1769449949.44145,8.597625732421875,-0.03827087953686714,-1.4680067833542687,5.449366826476822e-16,-5.476777886340176e-15,1.0617379596884159e-15,-3000.0,-0.15707963267948963,1300.0,0.0,-3000.0,1300.0
1769449949.4913902,8.597625732421875,-0.03827087953686714,-1.4680067833542687,7.999298980478889e-16,-8.047096016084438e-15,1.0617379596884159e-15,-2000.0,-0.10471975511965977,1300.0,0.0,-2000.0,1300.0
1769449949.541558,8.597625732421875,-0.03827087953686714,-1.4680067833542687,7.999298980478889e-16,-8.047096016084438e-15,1.0617379596884159e-15,-1000.0,-0.05235987755982988,1300.0,0.0,-1000.0,1300.0
1769449949.591396,8.597625732421875,-0.03827087953686714,-1.4680067833542687,1.0549349998795672e-15,-1.0617533960429499e-14,1.0617379596884159e-15,0.0,0.0,1300.0,0.0,0.0,1300.0
1769449949.6415381,8.597625732421875,-0.03827087953686714,-1.4680067833542687,1.0549349998795672e-15,-1.0617533960429499e-14,1.0617379596884159e-15,0.0,0.0,1300.0,0.0,0.0,1300.0
1769449949.691349,8.597625732421875,-0.03827087953686714,-1.4680067833542687,1.0549349998795672e-15,-1.0617533960429499e-14,1.0617379596884159e-15,0.0,0.0,1300.0,0.0,0.0,1300.0
1769449949.741512,8.597625732421875,-0.03827087953686714,-1.4680067833542687,1.0549349998795672e-15,-1.0617533960429499e-14,1.0617379596884159e-15,0.0,0.0,1300.0,0.0,0.0,1300.0
1769449949.7914033,8.597625732421875,-0.03827087953686714,-1.4680067833542687,7.999438840074199e-16,-8.047236993817075e-15,1.0617379596884159e-15,0.0,0.0,1300.0,0.0,0.0,1300.0
1769449949.8414145,8.597625732421875,-0.03827087953686714,-1.4680067833542687,7.999438840074199e-16,-8.047236993817075e-15,1.0617379596884159e-15,0.0,0.0,1300.0,0.0,0.0,1300.0
1769449949.8914514,8.597625732421875,-0.03827087953686714,-1.4680067833542687,5.449537041704779e-16,-5.476949462390032e-15,1.0617379596884159e-15,0.0,0.0,1300.0,0.0,0.0,1300.0
1769449949.9415066,8.597625732421875,-0.03827087953686714,-1.4680067833542687,5.449537041704779e-16,-5.476949462390032e-15,1.0617379596884159e-15,0.0,0.0,1300.0,0.0,0.0,1300.0
1769449949.9914088,8.597625732421875,-0.03827087953686714,-1.4680067833542687,2.899396131976165e-16,-2.9064209079771025e-15,1.0617379596884159e-15,0.0,0.0,1300.0,0.0,0.0,1300.0
1769449950.0414944,8.597625732421875,-0.03827087953686714,-1.4680067833542687,2.899396131976165e-16,-2.9064209079771025e-15,1.0617379596884159e-15,0.0,0.0,1300.0,0.0,0.0,1300.0
1769449950.091407,8.597625732421875,-0.03827087953686714,-1.4680067833542687,3.4942640054720224e-17,-3.3606490038520205e-16,1.0617379596884159e-15,0.0,0.0,1300.0,0.0,0.0,1300.0
1769449950.1415124,8.597625732421875,-0.03827087953686714,-1.4680067833542687,3.4942640054720224e-17,-3.3606490038520205e-16,1.0617379596884159e-15,0.0,0.0,1300.0,0.0,0.0,1300.0
1769449950.1914897,8.597625732421875,-0.03827087953686714,-1.4680067833542687,-2.2001662388822297e-16,2.233911000464856e-15,1.0617379596884159e-15,0.0,0.0,1300.0,0.0,0.0,1300.0
1769449950.2413657,8.597625732421875,-0.03827087953686714,-1.4680067833542687,-2.2001662388822297e-16,2.233911000464856e-15,1.0617379596884159e-15,0.0,0.0,1300.0,0.0,0.0,1300.0
1769449950.2914693,8.597625732421875,-0.03827087953686714,-1.4680067833542687,-4.75021978501954e-16,4.804351492839642e-15,1.0617379596884159e-15,0.0,0.0,1300.0,0.0,0.0,1300.0
1769449950.3415968,8.597625732421875,-0.03827087953686714,-1.4680067833542687,-4.75021978501954e-16,4.804351492839642e-15,1.0617379596884159e-15,0.0,0.0,1300.0,0.0,0.0,1300.0
1769449950.3915215,8.597625732421875,-0.03827087953686714,-1.4680067833542687,-7.30010273233572e-16,7.374620022504683e-15,1.0617379596884159e-15,0.0,0.0,1300.0,0.0,0.0,1300.0
1769449950.4414737,8.597625732421875,-0.03827087953686714,-1.4680067833542687,-7.30010273233572e-16,7.374620022504683e-15,1.0617379596884159e-15,0.0,0.0,1300.0,0.0,0.0,1300.0
1769449950.4914827,8.597625732421875,-0.03827087953686714,-1.4680067833542687,-9.85016599493055e-16,9.945070309017275e-15,1.0617379596884159e-15,0.0,0.0,1300.0,0.0,0.0,1300.0
1769449950.5414724,8.597625732421875,-0.03827087953686714,-1.4680067833542687,-9.85016599493055e-16,9.945070309017275e-15,1.0617379596884159e-15,0.0,0.0,1300.0,0.0,0.0,1300.0
1769449950.5914485,8.597625732421875,-0.03827087953686714,-1.4680067833542687,-9.85016599493055e-16,9.945070309017275e-15,1.0617379596884159e-15,0.0,0.0,1300.0,0.0,0.0,1300.0
1769449950.6415038,8.597625732421875,-0.03827087953686714,-1.4680067833542687,-9.85016599493055e-16,9.945070309017275e-15,1.0617379596884159e-15,0.0,0.0,1300.0,0.0,0.0,1300.0
1769449950.6914961,8.597625732421875,-0.03827087953686714,-1.4680067833542687,-7.300251137677926e-16,7.374769614305005e-15,1.0617379596884159e-15,0.0,0.0,1300.0,0.0,0.0,1300.0
1769449950.7416525,8.597625732421875,-0.03827087953686714,-1.4680067833542687,-7.300251137677926e-16,7.374769614305005e-15,1.0617379596884159e-15,0.0,0.0,1300.0,0.0,0.0,1300.0
1769449950.791371,8.597625732421875,-0.03827087953686714,-1.4680067833542687,-4.75035337793016e-16,4.804486153787238e-15,1.0617379596884159e-15,0.0,0.0,1300.0,0.0,0.0,1300.0
1769449950.8414912,8.597625732421875,-0.03827087953686714,-1.4680067833542687,-4.75035337793016e-16,4.804486153787238e-15,1.0617379596884159e-15,0.0,0.0,1300.0,0.0,0.0,1300.0
1769449950.8913653,8.597625732421875,-0.03827087953686714,-1.4680067833542687,-2.2004517081178913e-16,2.2341987519451236e-15,1.0617379596884159e-15,0.0,0.0,1300.0,0.0,0.0,1300.0
1769449950.941493,8.597625732421875,-0.03827087953686714,-1.4680067833542687,-2.2004517081178913e-16,2.2341987519451236e-15,1.0617379596884159e-15,0.0,0.0,1300.0,0.0,0.0,1300.0
1769449950.9915109,8.597625732421875,-0.03827087953686714,-1.4680067833542687,3.4953493888848165e-17,-3.3617430645937346e-16,1.0617379596884159e-15,0.0,0.0,1300.0,0.0,0.0,1300.0
1769449951.041483,8.597625732421875,-0.03827087953686714,-1.4680067833542687,3.4953493888848165e-17,-3.3617430645937346e-16,1.0617379596884159e-15,0.0,0.0,1300.0,0.0,0.0,1300.0
1769449951.091439,8.597625732421875,-0.03827087953686714,-1.4680067833542687,2.8993032286095904e-16,-2.906327261874779e-15,1.0617379596884159e-15,0.0,0.0,1300.0,0.0,0.0,1300.0
1769449951.1414287,8.597625732421875,-0.03827087953686714,-1.4680067833542687,2.8993032286095904e-16,-2.906327261874779e-15,1.0617379596884159e-15,0.0,0.0,1300.0,0.0,0.0,1300.0
1769449951.1914268,8.597625732421875,-0.03827087953686714,-1.4680067833542687,5.449203473020402e-16,-5.4766132269197615e-15,1.0617379596884159e-15,0.0,0.0,1300.0,0.0,0.0,1300.0
1769449951.241496,8.597625732421875,-0.03827087953686714,-1.4680067833542687,5.449203473020402e-16,-5.4766132269197615e-15,1.0617379596884159e-15,0.0,0.0,1300.0,0.0,0.0,1300.0
1769449951.291415,8.597625732421875,-0.03827087953686714,-1.4680067833542687,7.99908960430626e-16,-8.046884966009405e-15,1.0617379596884159e-15,0.0,0.0,1300.0,0.0,0.0,1300.0
1769449951.3414364,8.597625732421875,-0.03827087953686714,-1.4680067833542687,7.99908960430626e-16,-8.046884966009405e-15,1.0617379596884159e-15,-1000.0,-0.05235987755982988,1300.0,0.0,-1000.0,1300.0
1769449951.3914237,8.597625732421875,-0.03827087953686714,-1.4680067833542687,1.0549200426096513e-15,-1.0617383191939542e-14,1.0617379596884159e-15,-2000.0,-0.10471975511965977,1300.0,0.0,-2000.0,1300.0
1769449951.441488,8.597625732421875,-0.03827087953686714,-1.4680067833542687,1.0549200426096513e-15,-1.0617383191939542e-14,1.0617379596884159e-15,-2000.0,-0.10471975511965977,1300.0,0.0,-2000.0,1300.0
1769449951.4915326,8.597625732421875,-0.03827087953686714,-1.4680067833542687,1.0549200426096513e-15,-1.0617383191939542e-14,1.0617379596884159e-15,-3000.0,-0.15707963267948963,1300.0,0.0,-3000.0,1300.0
1769449951.5414858,8.597625732421875,-0.03827087953686714,-1.4680067833542687,1.0549200426096513e-15,-1.0617383191939542e-14,1.0617379596884159e-15,-4000.0,-0.20943951023931953,1300.0,0.0,-4000.0,1300.0
1769449951.5914805,8.597625732421875,-0.03827087953686714,-1.4680067833542687,7.999944882568877e-16,-8.047747081976267e-15,1.0617379596884159e-15,-4000.0,-0.20943951023931953,1300.0,0.0,-4000.0,1300.0
1769449951.6414897,8.597625732421875,-0.03827087953686714,-1.4680067833542687,7.999944882568877e-16,-8.047747081976267e-15,1.0617379596884159e-15,-5000.0,-0.2617993877991494,1300.0,0.0,-5000.0,1300.0
1769449951.6914475,8.597625732421875,-0.03827087953686714,-1.4680067833542687,5.449488130505742e-16,-5.476900160159998e-15,1.0617379596884159e-15,-6000.0,-0.31415926535897926,1300.0,0.0,-6000.0,1300.0
1769449951.7415714,8.597625732421875,-0.03827087953686714,-1.4680067833542687,5.449488130505742e-16,-5.476900160159998e-15,1.0617379596884159e-15,-6000.0,-0.31415926535897926,1300.0,0.0,-6000.0,1300.0
1769449951.79144,8.597625732421875,-0.03827087953686714,-1.4680067833542687,2.9003398827612516e-16,-2.907372203778863e-15,1.0617379596884159e-15,-7000.0,-0.36651914291880916,1300.0,0.0,-7000.0,1300.0
1769449951.84152,8.597625732421875,-0.03827087953686714,-1.4680067833542687,2.9003398827612516e-16,-2.907372203778863e-15,1.0617379596884159e-15,-7000.0,-0.36651914291880916,1300.0,0.0,-7000.0,1300.0
1769449951.8915403,8.597625732421875,-0.03827087953686714,-1.4680067833542687,3.5000382515419477e-17,-3.3664694133621147e-16,1.0617379596884159e-15,-8000.0,-0.41887902047863906,1300.0,0.0,-8000.0,1300.0
1769449951.9415798,8.597625732421875,-0.03827087953686714,-1.4680067833542687,3.5000382515419477e-17,-3.3664694133621147e-16,1.0617379596884159e-15,-9000.0,-0.47123889803846897,1300.0,0.0,-9000.0,1300.0
1769449951.991546,8.597625732421875,-0.03827087953686714,-1.4680067833542687,-2.2002447839977771e-16,2.233990173526055e-15,1.0617379596884159e-15,-9000.0,-0.47123889803846897,1300.0,0.0,-9000.0,1300.0
1769449952.041599,8.597625732421875,-0.03827087953686714,-1.4680067833542687,-2.2002447839977771e-16,2.233990173526055e-15,1.0617379596884159e-15,-9000.0,-0.47123889803846897,1300.0,0.0,-9000.0,1300.0
1769449952.091486,8.597625732421875,-0.03827087953686714,-1.4680067833542687,-4.750091829411795e-16,4.8042225142635314e-15,1.0617379596884159e-15,-9000.0,-0.47123889803846897,1300.0,0.0,-9000.0,1300.0
1769449952.1415892,8.597625732421875,-0.03827087953686714,-1.4680067833542687,-4.750091829411795e-16,4.8042225142635314e-15,1.0617379596884159e-15,-9000.0,-0.47123889803846897,1300.0,0.0,-9000.0,1300.0
1769449952.1914861,8.597625732421875,-0.03827087953686714,-1.4680067833542687,-7.299774926020435e-16,7.374289595471984e-15,1.0617379596884159e-15,-9000.0,-0.47123889803846897,1300.0,0.0,-9000.0,1300.0
1769449952.2415185,8.597625732421875,-0.03827087953686714,-1.4680067833542687,-7.299774926020435e-16,7.374289595471984e-15,1.0617379596884159e-15,-9000.0,-0.47123889803846897,1300.0,0.0,-9000.0,1300.0
1769449952.291466,8.597625732421875,-0.03827087953686714,-1.4680067833542687,-9.849920614044985e-16,9.944822966381953e-15,1.0617379596884159e-15,-9000.0,-0.47123889803846897,1300.0,0.0,-9000.0,1300.0
1769449952.3414388,8.597625732421875,-0.03827087953686714,-1.4680067833542687,-9.849920614044985e-16,9.944822966381953e-15,1.0617379596884159e-15,-9000.0,-0.47123889803846897,1300.0,0.0,-9000.0,1300.0
1769449952.3914118,8.597625732421875,-0.03827087953686714,-1.4680067833542687,-9.849920614044985e-16,9.944822966381953e-15,1.0617379596884159e-15,-9000.0,-0.47123889803846897,1300.0,0.0,-9000.0,1300.0
1769449952.44143,8.597625732421875,-0.03827087953686714,-1.4680067833542687,-9.849920614044985e-16,9.944822966381953e-15,1.0617379596884159e-15,-9000.0,-0.47123889803846897,1300.0,0.0,-9000.0,1300.0
1769449952.4914908,8.597625732421875,-0.03827087953686714,-1.4680067833542687,-7.299895157329432e-16,7.374410787995789e-15,1.0617379596884159e-15,-9000.0,-0.47123889803846897,1300.0,0.0,-9000.0,1300.0
1769449952.541605,8.597625732421875,-0.03827087953686714,-1.4680067833542687,-7.299895157329432e-16,7.374410787995789e-15,1.0617379596884159e-15,-9000.0,-0.47123889803846897,1300.0,0.0,-9000.0,1300.0
1769449952.5914023,8.597625732421875,-0.03827087953686714,-1.4680067833542687,-4.750321523284336e-16,4.8044540444726586e-15,1.0617379596884159e-15,-9000.0,-0.47123889803846897,1300.0,0.0,-9000.0,1300.0
1769449952.6415048,8.597625732421875,-0.03827087953686714,-1.4680067833542687,-4.750321523284336e-16,4.8044540444726586e-15,1.0617379596884159e-15,-9000.0,-0.47123889803846897,1300.0,0.0,-9000.0,1300.0
1769449952.6915002,8.597625732421875,-0.03827087953686714,-1.4680067833542687,-2.2002112270269719e-16,2.2339563482768962e-15,1.0617379596884159e-15,-9000.0,-0.47123889803846897,1300.0,0.0,-9000.0,1300.0
1769449952.7416222,8.597625732421875,-0.03827087953686714,-1.4680067833542687,-2.2002112270269719e-16,2.2339563482768962e-15,1.0617379596884159e-15,-9000.0,-0.47123889803846897,1300.0,0.0,-9000.0,1300.0
1769449952.7915423,8.597625732421875,-0.03827087953686714,-1.4680067833542687,3.498258391627946e-17,-3.3646753239789554e-16,1.0617379596884159e-15,-9000.0,-0.47123889803846897,1300.0,0.0,-9000.0,1300.0
1769449952.841507,8.597625732421875,-0.03827087953686714,-1.4680067833542687,3.498258391627946e-17,-3.3646753239789554e-16,1.0617379596884159e-15,-9000.0,-0.47123889803846897,1300.0,0.0,-9000.0,1300.0
1769449952.8915453,8.597625732421875,-0.03827087953686714,-1.4680067833542687,2.899858954843631e-16,-2.906887430980572e-15,1.0617379596884159e-15,-9000.0,-0.47123889803846897,1300.0,0.0,-9000.0,1300.0
1769449952.9415011,8.597625732421875,-0.03827087953686714,-1.4680067833542687,2.899858954843631e-16,-2.906887430980572e-15,1.0617379596884159e-15,-9000.0,-0.47123889803846897,1300.0,0.0,-9000.0,1300.0
1769449952.9915283,8.597625732421875,-0.03827087953686714,-1.4680067833542687,5.449546843036259e-16,-5.4769593420803515e-15,1.0617379596884159e-15,-9000.0,-0.47123889803846897,1300.0,0.0,-9000.0,1300.0
1769449953.041524,8.597625732421875,-0.03827087953686714,-1.4680067833542687,5.449546843036259e-16,-5.4769593420803515e-15,1.0617379596884159e-15,-9000.0,-0.47123889803846897,1300.0,0.0,-9000.0,1300.0
1769449953.0914044,8.597625732421875,-0.03827087953686714,-1.4680067833542687,7.999156979270303e-16,-8.046952879616953e-15,1.0617379596884159e-15,-9000.0,-0.47123889803846897,1300.0,0.0,-9000.0,1300.0
1769449953.1415615,8.597625732421875,-0.03827087953686714,-1.4680067833542687,7.999156979270303e-16,-8.046952879616953e-15,1.0617379596884159e-15,-9000.0,-0.47123889803846897,1300.0,0.0,-9000.0,1300.0
1769449953.1914835,8.597625732421875,-0.03827087953686714,-1.4680067833542687,1.054975832029558e-15,-1.061794554634262e-14,1.0617379596884159e-15,-9000.0,-0.47123889803846897,1300.0,0.0,-9000.0,1300.0
1769449953.2415679,8.597625732421875,-0.03827087953686714,-1.4680067833542687,1.054975832029558e-15,-1.061794554634262e-14,1.0617379596884159e-15,-9000.0,-0.47123889803846897,1300.0,0.0,-9000.0,1300.0
1769449953.2914038,8.597625732421875,-0.03827087953686714,-1.4680067833542687,1.054975832029558e-15,-1.061794554634262e-14,1.0617379596884159e-15,-9000.0,-0.47123889803846897,1300.0,0.0,-9000.0,1300.0
1769449953.3415527,8.597625732421875,-0.03827087953686714,-1.4680067833542687,1.054975832029558e-15,-1.061794554634262e-14,1.0617379596884159e-15,-9000.0,-0.47123889803846897,1300.0,0.0,-9000.0,1300.0
1769449953.3914626,8.597625732421875,-0.03827087953686714,-1.4680067833542687,7.999804865348941e-16,-8.047605945358849e-15,1.0617379596884159e-15,-9000.0,-0.47123889803846897,1300.0,0.0,-9000.0,1300.0
1769449953.4415298,8.597625732421875,-0.03827087953686714,-1.4680067833542687,7.999804865348941e-16,-8.047605945358849e-15,1.0617379596884159e-15,-9000.0,-0.47123889803846897,1300.0,0.0,-9000.0,1300.0
1769449953.4914906,8.597625732421875,-0.03827087953686714,-1.4680067833542687,5.449806169942973e-16,-5.477220742231261e-15,1.0617379596884159e-15,-9000.0,-0.47123889803846897,1300.0,0.0,-9000.0,1300.0
1769449953.5415387,8.597625732421875,-0.03827087953686714,-1.4680067833542687,5.449806169942973e-16,-5.477220742231261e-15,1.0617379596884159e-15,-9000.0,-0.47123889803846897,1300.0,0.0,-9000.0,1300.0
1769449953.5916688,8.597625732421875,-0.03827087953686714,-1.4680067833542687,2.8990455929958145e-16,-2.906067566538219e-15,1.0617379596884159e-15,-9000.0,-0.47123889803846897,1300.0,0.0,-9000.0,1300.0
1769449953.6415424,8.597625732421875,-0.03827087953686714,-1.4680067833542687,2.8990455929958145e-16,-2.906067566538219e-15,1.0617379596884159e-15,-9000.0,-0.47123889803846897,1300.0,0.0,-9000.0,1300.0
1769449953.6914675,8.597625732421875,-0.03827087953686714,-1.4680067833542687,3.498230382456334e-17,-3.3646470908820763e-16,1.0617379596884159e-15,-9000.0,-0.47123889803846897,1300.0,0.0,-9000.0,1300.0
1769449953.7415164,8.597625732421875,-0.03827087953686714,-1.4680067833542687,3.498230382456334e-17,-3.3646470908820763e-16,1.0617379596884159e-15,-8000.0,-0.41887902047863906,1300.0,0.0,-8000.0,1300.0
1769449953.7914934,8.597625732421875,-0.03827087953686714,-1.4680067833542687,-2.1997790441677335e-16,2.2335207102397324e-15,1.0617379596884159e-15,-7000.0,-0.36651914291880916,1300.0,0.0,-7000.0,1300.0
1769449953.841502,8.597625732421875,-0.03827087953686714,-1.4680067833542687,-2.1997790441677335e-16,2.2335207102397324e-15,1.0617379596884159e-15,-6000.0,-0.31415926535897926,1300.0,0.0,-6000.0,1300.0
1769449953.8913994,8.597625732421875,-0.03827087953686714,-1.4680067833542687,-4.749813918228796e-16,4.80394238126038e-15,1.0617379596884159e-15,-5000.0,-0.2617993877991494,1300.0,0.0,-5000.0,1300.0
1769449953.9414876,8.597625732421875,-0.03827087953686714,-1.4680067833542687,-4.749813918228796e-16,4.80394238126038e-15,1.0617379596884159e-15,-4000.0,-0.20943951023931953,1300.0,0.0,-4000.0,1300.0
1769449953.9915009,8.597625732421875,-0.03827087953686714,-1.4680067833542687,-7.299113832315172e-16,7.373623216512277e-15,1.0617379596884159e-15,-3000.0,-0.15707963267948963,1300.0,0.0,-3000.0,1300.0
1769449954.04151,8.597625732421875,-0.03827087953686714,-1.4680067833542687,-7.299113832315172e-16,7.373623216512277e-15,1.0617379596884159e-15,-2000.0,-0.10471975511965977,1300.0,0.0,-2000.0,1300.0
1769449954.0915082,8.597625732421875,-0.03827087953686714,-1.4680067833542687,-9.849615220018312e-16,9.944515130817682e-15,1.0617379596884159e-15,-1000.0,-0.05235987755982988,1300.0,0.0,-1000.0,1300.0
1769449954.141567,8.597625732421875,-0.03827087953686714,-1.4680067833542687,-9.849615220018312e-16,9.944515130817682e-15,1.0617379596884159e-15,0.0,0.0,1300.0,0.0,0.0,1300.0
1769449954.1914966,8.597625732421875,-0.03827087953686714,-1.4680067833542687,-9.849615220018312e-16,9.944515130817682e-15,1.0617379596884159e-15,0.0,0.0,1300.0,0.0,0.0,1300.0
1769449954.241518,8.597625732421875,-0.03827087953686714,-1.4680067833542687,-9.849615220018312e-16,9.944515130817682e-15,1.0617379596884159e-15,0.0,0.0,1300.0,0.0,0.0,1300.0
1769449954.2915556,8.597625732421875,-0.03827087953686714,-1.4680067833542687,-7.299845138117837e-16,7.374360368894951e-15,1.0617379596884159e-15,0.0,0.0,1300.0,0.0,0.0,1300.0
1769449954.3414676,8.597625732421875,-0.03827087953686714,-1.4680067833542687,-7.299845138117837e-16,7.374360368894951e-15,1.0617379596884159e-15,0.0,0.0,1300.0,0.0,0.0,1300.0
1769449954.391466,8.597625732421875,-0.03827087953686714,-1.4680067833542687,-4.750273025010037e-16,4.8044051584685745e-15,1.0617379596884159e-15,0.0,0.0,1300.0,0.0,0.0,1300.0
1769449954.4414582,8.597625732421875,-0.03827087953686714,-1.4680067833542687,-4.750273025010037e-16,4.8044051584685745e-15,1.0617379596884159e-15,0.0,0.0,1300.0,0.0,0.0,1300.0
1769449954.4914458,8.597625732421875,-0.03827087953686714,-1.4680067833542687,-2.1999647109937817e-16,2.23370786141877e-15,1.0617379596884159e-15,0.0,0.0,1300.0,0.0,0.0,1300.0
1769449954.541635,8.597625732421875,-0.03827087953686714,-1.4680067833542687,-2.1999647109937817e-16,2.23370786141877e-15,1.0617379596884159e-15,0.0,0.0,1300.0,0.0,0.0,1300.0
1769449954.591561,8.597625732421875,-0.03827087953686714,-1.4680067833542687,3.500819341846975e-17,-3.367256748260004e-16,1.0617379596884159e-15,0.0,0.0,1300.0,0.0,0.0,1300.0
1769449954.6414883,8.597625732421875,-0.03827087953686714,-1.4680067833542687,3.500819341846975e-17,-3.367256748260004e-16,1.0617379596884159e-15,0.0,0.0,1300.0,0.0,0.0,1300.0
1769449954.6914904,8.597625732421875,-0.03827087953686714,-1.4680067833542687,2.900125012671389e-16,-2.9071556158643045e-15,1.0617379596884159e-15,0.0,0.0,1300.0,0.0,0.0,1300.0
1769449954.7414706,8.597625732421875,-0.03827087953686714,-1.4680067833542687,2.900125012671389e-16,-2.9071556158643045e-15,1.0617379596884159e-15,0.0,0.0,1300.0,0.0,0.0,1300.0
1769449954.7914991,8.597625732421875,-0.03827087953686714,-1.4680067833542687,5.449349913129728e-16,-5.476760837775737e-15,1.0617379596884159e-15,0.0,0.0,1300.0,0.0,0.0,1300.0
1769449954.8415482,8.597625732421875,-0.03827087953686714,-1.4680067833542687,5.449349913129728e-16,-5.476760837775737e-15,1.0617379596884159e-15,0.0,0.0,1300.0,0.0,0.0,1300.0
1769449954.8914926,8.597625732421875,-0.03827087953686714,-1.4680067833542687,7.999546629730551e-16,-8.047345645220802e-15,1.0617379596884159e-15,0.0,0.0,1300.0,0.0,0.0,1300.0
1769449954.9415495,8.597625732421875,-0.03827087953686714,-1.4680067833542687,7.999546629730551e-16,-8.047345645220802e-15,1.0617379596884159e-15,0.0,0.0,1300.0,0.0,0.0,1300.0
1769449954.9914958,8.597625732421875,-0.03827087953686714,-1.4680067833542687,1.0549510823266544e-15,-1.0617696070645868e-14,1.0617379596884159e-15,-1000.0,-0.05235987755982988,1300.0,0.0,-1000.0,1300.0
1769449955.0414753,8.597625732421875,-0.03827087953686714,-1.4680067833542687,1.0549510823266544e-15,-1.0617696070645868e-14,1.0617379596884159e-15,-1000.0,-0.05235987755982988,1300.0,0.0,-1000.0,1300.0
1769449955.0915048,8.597625732421875,-0.03827087953686714,-1.4680067833542687,1.0549510823266544e-15,-1.0617696070645868e-14,1.0617379596884159e-15,-2000.0,-0.10471975511965977,1300.0,0.0,-2000.0,1300.0
1769449955.1415498,8.597625732421875,-0.03827087953686714,-1.4680067833542687,1.0549510823266544e-15,-1.0617696070645868e-14,1.0617379596884159e-15,-3000.0,-0.15707963267948963,1300.0,0.0,-3000.0,1300.0
1769449955.191539,8.597625732421875,-0.03827087953686714,-1.4680067833542687,7.999446125888168e-16,-8.047244337879044e-15,1.0617379596884159e-15,-3000.0,-0.15707963267948963,1300.0,0.0,-3000.0,1300.0
1769449955.2416205,8.597625732421875,-0.03827087953686714,-1.4680067833542687,7.999446125888168e-16,-8.047244337879044e-15,1.0617379596884159e-15,-4000.0,-0.20943951023931953,1300.0,0.0,-4000.0,1300.0
1769449955.2914934,8.597625732421875,-0.03827087953686714,-1.4680067833542687,5.449419702181724e-16,-5.4768311847711744e-15,1.0617379596884159e-15,-5000.0,-0.2617993877991494,1300.0,0.0,-5000.0,1300.0
1769449955.3415601,8.597625732421875,-0.03827087953686714,-1.4680067833542687,5.449419702181724e-16,-5.4768311847711744e-15,1.0617379596884159e-15,-5000.0,-0.2617993877991494,1300.0,0.0,-5000.0,1300.0
1769449955.3914936,8.597625732421875,-0.03827087953686714,-1.4680067833542687,2.899450934202814e-16,-2.9064761483318343e-15,1.0617379596884159e-15,-6000.0,-0.31415926535897926,1300.0,0.0,-6000.0,1300.0
1769449955.4414618,8.597625732421875,-0.03827087953686714,-1.4680067833542687,2.899450934202814e-16,-2.9064761483318343e-15,1.0617379596884159e-15,-7000.0,-0.36651914291880916,1300.0,0.0,-7000.0,1300.0
1769449955.491476,8.597625732421875,-0.03827087953686714,-1.4680067833542687,3.4958445324952775e-17,-3.3622421667353074e-16,1.0617379596884159e-15,-7000.0,-0.36651914291880916,1300.0,0.0,-7000.0,1300.0
1769449955.5415413,8.597625732421875,-0.03827087953686714,-1.4680067833542687,3.4958445324952775e-17,-3.3622421667353074e-16,1.0617379596884159e-15,-8000.0,-0.41887902047863906,1300.0,0.0,-8000.0,1300.0
1769449955.5914867,8.597625732421875,-0.03827087953686714,-1.4680067833542687,-2.2003563115480625e-16,2.2341025927070926e-15,1.0617379596884159e-15,-9000.0,-0.47123889803846897,1300.0,0.0,-9000.0,1300.0
1769449955.6414483,8.597625732421875,-0.03827087953686714,-1.4680067833542687,-2.2003563115480625e-16,2.2341025927070926e-15,1.0617379596884159e-15,-9000.0,-0.47123889803846897,1300.0,0.0,-9000.0,1300.0
1769449955.691431,8.597625732421875,-0.03827087953686714,-1.4680067833542687,-4.75033716012385e-16,4.804469806324215e-15,1.0617379596884159e-15,-9000.0,-0.47123889803846897,1300.0,0.0,-9000.0,1300.0
1769449955.7414434,8.597625732421875,-0.03827087953686714,-1.4680067833542687,-4.75033716012385e-16,4.804469806324215e-15,1.0617379596884159e-15,-9000.0,-0.47123889803846897,1300.0,0.0,-9000.0,1300.0
1769449955.7914784,8.597625732421875,-0.03827087953686714,-1.4680067833542687,-7.30016061699131e-16,7.374678369931473e-15,1.0617379596884159e-15,-9000.0,-0.47123889803846897,1300.0,0.0,-9000.0,1300.0
1769449955.8414767,8.597625732421875,-0.03827087953686714,-1.4680067833542687,-7.30016061699131e-16,7.374678369931473e-15,1.0617379596884159e-15,-9000.0,-0.47123889803846897,1300.0,0.0,-9000.0,1300.0
1769449955.8913655,8.597625732421875,-0.03827087953686714,-1.4680067833542687,-9.850161657741257e-16,9.945065937153395e-15,1.0617379596884159e-15,-9000.0,-0.47123889803846897,1300.0,0.0,-9000.0,1300.0
1769449955.9415965,8.597625732421875,-0.03827087953686714,-1.4680067833542687,-9.850161657741257e-16,9.945065937153395e-15,1.0617379596884159e-15,-9000.0,-0.47123889803846897,1300.0,0.0,-9000.0,1300.0
1769449955.9914634,8.597625732421875,-0.03827087953686714,-1.4680067833542687,-9.850161657741257e-16,9.945065937153395e-15,1.0617379596884159e-15,-9000.0,-0.47123889803846897,1300.0,0.0,-9000.0,1300.0
1769449956.0414693,8.597625732421875,-0.03827087953686714,-1.4680067833542687,-9.850161657741257e-16,9.945065937153395e-15,1.0617379596884159e-15,-8000.0,-0.41887902047863906,1300.0,0.0,-8000.0,1300.0
1769449956.0914764,8.597625732421875,-0.03827087953686714,-1.4680067833542687,-7.300632495270981e-16,7.375154020742565e-15,1.0617379596884159e-15,-7000.0,-0.36651914291880916,1300.0,0.0,-7000.0,1300.0
1769449956.1413672,8.597625732421875,-0.03827087953686714,-1.4680067833542687,-7.300632495270981e-16,7.375154020742565e-15,1.0617379596884159e-15,-6000.0,-0.31415926535897926,1300.0,0.0,-6000.0,1300.0
1769449956.1914423,8.597625732421875,-0.03827087953686714,-1.4680067833542687,-4.750393546629082e-16,4.804526643623377e-15,1.0617379596884159e-15,-5000.0,-0.2617993877991494,1300.0,0.0,-5000.0,1300.0
1769449956.2414992,8.597625732421875,-0.03827087953686714,-1.4680067833542687,-4.750393546629082e-16,4.804526643623377e-15,1.0617379596884159e-15,-4000.0,-0.20943951023931953,1300.0,0.0,-4000.0,1300.0
1769449956.2915075,8.597625732421875,-0.03827087953686714,-1.4680067833542687,-2.2005245366414393e-16,2.2342721627118126e-15,1.0617379596884159e-15,-3000.0,-0.15707963267948963,1300.0,0.0,-3000.0,1300.0
1769449956.3415043,8.597625732421875,-0.03827087953686714,-1.4680067833542687,-2.2005245366414393e-16,2.2342721627118126e-15,1.0617379596884159e-15,-2000.0,-0.10471975511965977,1300.0,0.0,-2000.0,1300.0
1769449956.391419,8.597625732421875,-0.03827087953686714,-1.4680067833542687,3.4930759652329345e-17,-3.3594514655722597e-16,1.0617379596884159e-15,-1000.0,-0.05235987755982988,1300.0,0.0,-1000.0,1300.0
1769449956.4415162,8.597625732421875,-0.03827087953686714,-1.4680067833542687,3.4930759652329345e-17,-3.3594514655722597e-16,1.0617379596884159e-15,0.0,0.0,1300.0,0.0,0.0,1300.0
1769449956.4913933,8.597625732421875,-0.03827087953686714,-1.4680067833542687,2.8994116969141854e-16,-2.9064365973523424e-15,1.0617379596884159e-15,0.0,0.0,1300.0,0.0,0.0,1300.0
1769449956.5414174,8.597625732421875,-0.03827087953686714,-1.4680067833542687,2.8994116969141854e-16,-2.9064365973523424e-15,1.0617379596884159e-15,0.0,0.0,1300.0,0.0,0.0,1300.0
1769449956.591522,8.597625732421875,-0.03827087953686714,-1.4680067833542687,5.449217022427724e-16,-5.4766268846507095e-15,1.0617379596884159e-15,0.0,0.0,1300.0,0.0,0.0,1300.0
1769449956.641558,8.597625732421875,-0.03827087953686714,-1.4680067833542687,5.449217022427724e-16,-5.4766268846507095e-15,1.0617379596884159e-15,0.0,0.0,1300.0,0.0,0.0,1300.0
1769449956.6914718,8.597625732421875,-0.03827087953686714,-1.4680067833542687,7.999123872810201e-16,-8.046919508480205e-15,1.0617379596884159e-15,0.0,0.0,1300.0,0.0,0.0,1300.0
1769449956.741579,8.597625732421875,-0.03827087953686714,-1.4680067833542687,7.999123872810201e-16,-8.046919508480205e-15,1.0617379596884159e-15,0.0,0.0,1300.0,0.0,0.0,1300.0
1769449956.7915337,9.137660026550293,3.0591859817504883,1.1726011058142198,-0.9697619056186892,-0.27403807828273063,-2.069338958741409,0.0,0.0,1300.0,0.0,0.0,1300.0
1769449956.8414595,9.137660026550293,3.0591859817504883,1.1726011058142198,-0.9697619056186892,-0.27403807828273063,-2.069338958741409,0.0,0.0,1300.0,0.0,0.0,1300.0
1769449956.891477,9.148157954216003,3.1209795475006104,1.1771172656606765,-2.0117904385865053,-0.8783909842841008,-3.604470137664163,0.0,0.0,1300.0,0.0,0.0,1300.0
1769449956.941553,9.148157954216003,3.1209795475006104,1.1771172656606765,-2.0117904385865053,-0.8783909842841008,-3.604470137664163,0.0,0.0,1300.0,0.0,0.0,1300.0
1769449956.9915376,9.15927118062973,3.182889223098755,1.1825234013730626,-2.5520277611626003,-1.820447529462644,-4.072537932929999,0.0,0.0,1300.0,0.0,0.0,1300.0
1769449957.041508,9.15927118062973,3.182889223098755,1.1825234013730626,-2.5520277611626003,-1.820447529462644,-4.072537932929999,0.0,0.0,1300.0,0.0,0.0,1300.0
1769449957.0915086,9.169212579727173,3.245267391204834,1.1965635131931105,-2.3764177053291933,-2.7932626202318183,-3.770232584133902,0.0,0.0,1300.0,0.0,0.0,1300.0
1769449957.1414986,9.169212579727173,3.245267391204834,1.1965635131931105,-2.3764177053291933,-2.7932626202318183,-3.770232584133902,0.0,0.0,1300.0,0.0,0.0,1300.0
1769449957.1914606,9.179897964000702,3.3076798915863037,1.2115875183267226,-1.6098042931532826,-3.4289699172423895,-3.1240526579781793,1000.0,0.05235987755982988,1300.0,0.0,1000.0,1300.0
1769449957.2415147,9.179897964000702,3.3076798915863037,1.2115875183267226,-1.6098042931532826,-3.4289699172423895,-3.1240526579781793,2000.0,0.10471975511965977,1300.0,0.0,2000.0,1300.0
1769449957.2915149,9.191083371639252,3.3701701164245605,1.2326952874431925,-0.5932896964790737,-3.5493079555021785,-2.4413115453541083,2000.0,0.10471975511965977,1300.0,0.0,2000.0,1300.0
1769449957.3415568,9.191083371639252,3.3701701164245605,1.2326952874431925,-0.5932896964790737,-3.5493079555021785,-2.4413115453541083,3000.0,0.15707963267948963,1300.0,0.0,3000.0,1300.0
1769449957.3917387,9.200842261314392,3.432032823562622,1.2503576002251098,0.3370345046605201,-3.2284381772049633,-1.8646687195775908,4000.0,0.20943951023931953,1300.0,0.0,4000.0,1300.0
1769449957.4415276,9.200842261314392,3.432032823562622,1.2503576002251098,0.3370345046605201,-3.2284381772049633,-1.8646687195775908,4000.0,0.20943951023931953,1300.0,0.0,4000.0,1300.0
1769449957.4915695,9.212353885173798,3.4952144622802734,1.2697100651361009,1.0063640870263009,-2.666068154748778,-1.4299797372721352,5000.0,0.2617993877991494,1300.0,0.0,5000.0,1300.0
1769449957.5415366,9.212353885173798,3.4952144622802734,1.2697100651361009,1.0063640870263009,-2.666068154748778,-1.4299797372721352,6000.0,0.31415926535897926,1300.0,0.0,6000.0,1300.0
1769449957.5915747,9.22274249792099,3.5602900981903076,1.2963637169543398,1.3925889738953332,-2.0442975360875852,-1.1248516555986876,6000.0,0.31415926535897926,1300.0,0.0,6000.0,1300.0
1769449957.6415493,9.22274249792099,3.5602900981903076,1.2963637169543398,1.3925889738953332,-2.0442975360875852,-1.1248516555986876,7000.0,0.36651914291880916,1300.0,0.0,7000.0,1300.0
1769449957.6915596,9.229003190994263,3.6218113899230957,1.3089794785453002,1.5476967871039329,-1.4753783493467831,-0.9038178043904359,8000.0,0.41887902047863906,1300.0,0.0,8000.0,1300.0
1769449957.7415493,9.229003190994263,3.6218113899230957,1.3089794785453002,1.5476967871039329,-1.4753783493467831,-0.9038178043904359,8000.0,0.41887902047863906,1300.0,0.0,8000.0,1300.0
1769449957.791597,9.236011266708374,3.6851603984832764,1.3322719743413787,1.5455265646772887,-1.0111062614459574,-0.7458453394773781,9000.0,0.47123889803846897,1300.0,0.0,9000.0,1300.0
1769449957.8415837,9.236011266708374,3.6851603984832764,1.3322719743413787,1.5455265646772887,-1.0111062614459574,-0.7458453394773781,9000.0,0.47123889803846897,1300.0,0.0,9000.0,1300.0
1769449957.8914208,9.244222104549408,3.748312473297119,1.3646246488698246,1.4518187067197705,-0.6604024607305854,-0.6374982342302432,9000.0,0.47123889803846897,1300.0,0.0,9000.0,1300.0
1769449957.941553,9.244222104549408,3.748312473297119,1.3646246488698246,1.4518187067197705,-0.6604024607305854,-0.6374982342302432,9000.0,0.47123889803846897,1300.0,0.0,9000.0,1300.0
1769449957.9914446,9.25085723400116,3.8124780654907227,1.4002576917634064,1.316836206147272,-0.4140172741524197,-0.5658412185230005,9000.0,0.47123889803846897,1300.0,0.0,9000.0,1300.0
1769449958.0415192,9.25085723400116,3.8124780654907227,1.4002576917634064,1.316836206147272,-0.4140172741524197,-0.5658412185230005,9000.0,0.47123889803846897,1300.0,0.0,9000.0,1300.0
1769449958.0915902,9.252905070781708,3.8793277740478516,1.4214929208211533,1.1744079345830374,-0.2539332873675205,-0.5062049060010538,9000.0,0.47123889803846897,1300.0,0.0,9000.0,1300.0
1769449958.1415277,9.252905070781708,3.8793277740478516,1.4214929208211533,1.1744079345830374,-0.2539332873675205,-0.5062049060010538,9000.0,0.47123889803846897,1300.0,0.0,9000.0,1300.0
1769449958.191462,9.25303590297699,3.8899178504943848,1.4287839184200504,1.027317028757412,-0.1526251165503713,-0.44105046537492537,9000.0,0.47123889803846897,1300.0,0.0,9000.0,1300.0
1769449958.2415242,9.25303590297699,3.8899178504943848,1.4287839184200504,1.027317028757412,-0.1526251165503713,-0.44105046537492537,9000.0,0.47123889803846897,1300.0,0.0,9000.0,1300.0
1769449958.2916913,9.25303590297699,3.8899178504943848,1.4287839184200504,0.878571565156784,-0.08988058316785358,-0.36786374779209546,9000.0,0.47123889803846897,1300.0,0.0,9000.0,1300.0
1769449958.3414133,9.25303590297699,3.8899178504943848,1.4287839184200504,0.878571565156784,-0.08988058316785358,-0.36786374779209546,9000.0,0.47123889803846897,1300.0,0.0,9000.0,1300.0
1769449958.3916147,9.25303590297699,3.8899178504943848,1.4287839184200504,0.7339449057438459,-0.0521844963501313,-0.29514152490421963,9000.0,0.47123889803846897,1300.0,0.0,9000.0,1300.0
1769449958.441593,9.25303590297699,3.8899178504943848,1.4287839184200504,0.7339449057438459,-0.0521844963501313,-0.29514152490421963,9000.0,0.47123889803846897,1300.0,0.0,9000.0,1300.0
1769449958.491605,9.25303590297699,3.8899178504943848,1.4287839184200504,0.599463310308647,-0.030393493632204543,-0.2305909435731833,9000.0,0.47123889803846897,1300.0,0.0,9000.0,1300.0
1769449958.541604,9.25303590297699,3.8899178504943848,1.4287839184200504,0.599463310308647,-0.030393493632204543,-0.2305909435731833,9000.0,0.47123889803846897,1300.0,0.0,9000.0,1300.0
1769449958.5915673,9.25303590297699,3.8899178504943848,1.4287839184200504,0.4793336980975424,-0.01829427119522564,-0.17756594623772545,9000.0,0.47123889803846897,1300.0,0.0,9000.0,1300.0
1769449958.6415763,9.25303590297699,3.8899178504943848,1.4287839184200504,0.4793336980975424,-0.01829427119522564,-0.17756594623772545,9000.0,0.47123889803846897,1300.0,0.0,9000.0,1300.0
1769449958.6916144,9.25303590297699,3.8899178504943848,1.4287839184200504,0.37598887703284645,-0.01182214467059441,-0.13616242174672463,9000.0,0.47123889803846897,1300.0,0.0,9000.0,1300.0
1769449958.741607,9.25303590297699,3.8899178504943848,1.4287839184200504,0.37598887703284645,-0.01182214467059441,-0.13616242174672463,9000.0,0.47123889803846897,1300.0,0.0,9000.0,1300.0
1769449958.7916014,9.25303590297699,3.8899178504943848,1.4287839184200504,0.29001880896375554,-0.008417760477151594,-0.10466390747999649,9000.0,0.47123889803846897,1300.0,0.0,9000.0,1300.0
1769449958.8416104,9.25303590297699,3.8899178504943848,1.4287839184200504,0.29001880896375554,-0.008417760477151594,-0.10466390747999649,9000.0,0.47123889803846897,1300.0,0.0,9000.0,1300.0
1769449958.8914535,9.25303590297699,3.8899178504943848,1.4287839184200504,0.22063487683676752,-0.006560441871253915,-0.08088753130231621,9000.0,0.47123889803846897,1300.0,0.0,9000.0,1300.0
1769449958.941556,9.25303590297699,3.8899178504943848,1.4287839184200504,0.22063487683676752,-0.006560441871253915,-0.08088753130231621,9000.0,0.47123889803846897,1300.0,0.0,9000.0,1300.0
1769449958.9914365,9.25303590297699,3.8899178504943848,1.4287839184200504,0.16608118154482418,-0.005409016417498694,-0.06284044547047599,9000.0,0.47123889803846897,1300.0,0.0,9000.0,1300.0
1769449959.041556,9.25303590297699,3.8899178504943848,1.4287839184200504,0.16608118154482418,-0.005409016417498694,-0.06284044547047599,9000.0,0.47123889803846897,1300.0,0.0,9000.0,1300.0
1769449959.0914376,9.25303590297699,3.8899178504943848,1.4287839184200504,0.12420873029743129,-0.004544590394589718,-0.04901828661655641,9000.0,0.47123889803846897,1300.0,0.0,9000.0,1300.0
1769449959.1414735,9.25303590297699,3.8899178504943848,1.4287839184200504,0.12420873029743129,-0.004544590394589718,-0.04901828661655641,9000.0,0.47123889803846897,1300.0,0.0,9000.0,1300.0
1769449959.191469,9.25303590297699,3.8899178504943848,1.4287839184200504,0.09265298831850852,-0.003787224286515717,-0.03830036985386886,9000.0,0.47123889803846897,1300.0,0.0,9000.0,1300.0
1769449959.241506,9.25303590297699,3.8899178504943848,1.4287839184200504,0.09265298831850852,-0.003787224286515717,-0.03830036985386886,9000.0,0.47123889803846897,1300.0,0.0,9000.0,1300.0
1769449959.2914882,9.25303590297699,3.8899178504943848,1.4287839184200504,0.06924913267588764,-0.0030839934016945055,-0.029939340013338835,9000.0,0.47123889803846897,1300.0,0.0,9000.0,1300.0
1769449959.3415287,9.25303590297699,3.8899178504943848,1.4287839184200504,0.06924913267588764,-0.0030839934016945055,-0.029939340013338835,9000.0,0.47123889803846897,1300.0,0.0,9000.0,1300.0
1769449959.39137,9.25303590297699,3.8899178504943848,1.4287839184200504,0.052054423880545084,-0.0024352087571671626,-0.023382695221159176,9000.0,0.47123889803846897,1300.0,0.0,9000.0,1300.0
1769449959.4414675,9.25303590297699,3.8899178504943848,1.4287839184200504,0.052054423880545084,-0.0024352087571671626,-0.023382695221159176,9000.0,0.47123889803846897,1300.0,0.0,9000.0,1300.0
1769449959.4914756,9.25303590297699,3.8899178504943848,1.4287839184200504,0.03949822980145586,-0.0018592545179637314,-0.018249680226651313,9000.0,0.47123889803846897,1300.0,0.0,9000.0,1300.0
1769449959.5414417,9.25303590297699,3.8899178504943848,1.4287839184200504,0.03949822980145586,-0.0018592545179637314,-0.018249680226651313,9000.0,0.47123889803846897,1300.0,0.0,9000.0,1300.0
1769449959.5914428,9.25303590297699,3.8899178504943848,1.4287839184200504,0.03031225187336708,-0.0013707376728261328,-0.014232024026470943,9000.0,0.47123889803846897,1300.0,0.0,9000.0,1300.0
1769449959.641535,9.25303590297699,3.8899178504943848,1.4287839184200504,0.03031225187336708,-0.0013707376728261328,-0.014232024026470943,9000.0,0.47123889803846897,1300.0,0.0,9000.0,1300.0
1769449959.6914222,9.25303590297699,3.8899178504943848,1.4287839184200504,0.023539059198728736,-0.0009756546562707837,-0.011093190932707237,9000.0,0.47123889803846897,1300.0,0.0,9000.0,1300.0
1769449959.7414944,9.25303590297699,3.8899178504943848,1.4287839184200504,0.023539059198728736,-0.0009756546562707837,-0.011093190932707237,9000.0,0.47123889803846897,1300.0,0.0,9000.0,1300.0
1769449959.7914066,9.25303590297699,3.8899178504943848,1.4287839184200504,0.018474546896025387,-0.0006706465540634033,-0.008642810328760608,9000.0,0.47123889803846897,1300.0,0.0,9000.0,1300.0
1769449959.8416135,9.25303590297699,3.8899178504943848,1.4287839184200504,0.018474546896025387,-0.0006706465540634033,-0.008642810328760608,9000.0,0.47123889803846897,1300.0,0.0,9000.0,1300.0
1769449959.891693,9.25303590297699,3.8899178504943848,1.4287839184200504,0.014625775400734745,-0.00044607024430283514,-0.006735121182001538,9000.0,0.47123889803846897,1300.0,0.0,9000.0,1300.0
1769449959.9415643,9.25303590297699,3.8899178504943848,1.4287839184200504,0.014625775400734745,-0.00044607024430283514,-0.006735121182001538,9000.0,0.47123889803846897,1300.0,0.0,9000.0,1300.0
1769449959.9915698,9.25303590297699,3.8899178504943848,1.4287839184200504,0.011645750744900636,-0.00028815498171927574,-0.005249914126921136,9000.0,0.47123889803846897,1300.0,0.0,9000.0,1300.0
1769449960.0415533,9.25303590297699,3.8899178504943848,1.4287839184200504,0.011645750744900636,-0.00028815498171927574,-0.005249914126921136,9000.0,0.47123889803846897,1300.0,0.0,9000.0,1300.0
1769449960.0915577,9.25303590297699,3.8899178504943848,1.4287839184200504,0.009297551771290519,-0.000182177052556882,-0.004092962227310775,9000.0,0.47123889803846897,1300.0,0.0,9000.0,1300.0
1769449960.1415572,9.25303590297699,3.8899178504943848,1.4287839184200504,0.009297551771290519,-0.000182177052556882,-0.004092962227310775,9000.0,0.47123889803846897,1300.0,0.0,9000.0,1300.0
1769449960.1916618,9.25303590297699,3.8899178504943848,1.4287839184200504,0.007421087385202699,-0.00011442533840487026,-0.003190848380356613,9000.0,0.47123889803846897,1300.0,0.0,9000.0,1300.0
1769449960.2415726,9.25303590297699,3.8899178504943848,1.4287839184200504,0.007421087385202699,-0.00011442533840487026,-0.003190848380356613,9000.0,0.47123889803846897,1300.0,0.0,9000.0,1300.0
1769449960.2915576,9.25303590297699,3.8899178504943848,1.4287839184200504,0.00590916392245,-7.329490442010731e-05,-0.00248764704311717,9000.0,0.47123889803846897,1300.0,0.0,9000.0,1300.0
1769449960.3414972,9.25303590297699,3.8899178504943848,1.4287839184200504,0.00590916392245,-7.329490442010731e-05,-0.00248764704311717,9000.0,0.47123889803846897,1300.0,0.0,9000.0,1300.0
1769449960.39154,9.25303590297699,3.8899178504943848,1.4287839184200504,0.004685866367811239,-4.959776590571874e-05,-0.0019389640957253127,9000.0,0.47123889803846897,1300.0,0.0,9000.0,1300.0
1769449960.4415524,9.25303590297699,3.8899178504943848,1.4287839184200504,0.004685866367811239,-4.959776590571874e-05,-0.0019389640957253127,9000.0,0.47123889803846897,1300.0,0.0,9000.0,1300.0
1769449960.4915457,9.25303590297699,3.8899178504943848,1.4287839184200504,0.003697752650203102,-3.658239329678676e-05,-0.0015114734355998155,9000.0,0.47123889803846897,1300.0,0.0,9000.0,1300.0
1769449960.541585,9.25303590297699,3.8899178504943848,1.4287839184200504,0.003697752650203102,-3.658239329678676e-05,-0.0015114734355998155,9000.0,0.47123889803846897,1300.0,0.0,9000.0,1300.0
1769449960.5914142,9.25303590297699,3.8899178504943848,1.4287839184200504,0.002902897444151449,-2.957980389928224e-05,-0.0011783959944056035,9000.0,0.47123889803846897,1300.0,0.0,9000.0,1300.0
1769449960.6414497,9.25303590297699,3.8899178504943848,1.4287839184200504,0.002902897444151449,-2.957980389928224e-05,-0.0011783959944056035,9000.0,0.47123889803846897,1300.0,0.0,9000.0,1300.0
1769449960.6914752,9.25303590297699,3.8899178504943848,1.4287839184200504,0.0022669611495397452,-2.5599223076506462e-05,-0.000918604787454827,9000.0,0.47123889803846897,1300.0,0.0,9000.0,1300.0
1769449960.7415075,9.25303590297699,3.8899178504943848,1.4287839184200504,0.0022669611495397452,-2.5599223076506462e-05,-0.000918604787454827,9000.0,0.47123889803846897,1300.0,0.0,9000.0,1300.0
1769449960.791398,9.25303590297699,3.8899178504943848,1.4287839184200504,0.0017623193245388722,-2.2893674186445853e-05,-0.0007162108768087182,9000.0,0.47123889803846897,1300.0,0.0,9000.0,1300.0
1769449960.8415005,9.25303590297699,3.8899178504943848,1.4287839184200504,0.0017623193245388722,-2.2893674186445853e-05,-0.0007162108768087182,9000.0,0.47123889803846897,1300.0,0.0,9000.0,1300.0
1769449960.8914917,9.25303590297699,3.8899178504943848,1.4287839184200504,0.0013648416770639553,-2.0557305457792157e-05,-0.000558401022590955,9000.0,0.47123889803846897,1300.0,0.0,9000.0,1300.0
1769449960.9414742,9.25303590297699,3.8899178504943848,1.4287839184200504,0.0013648416770639553,-2.0557305457792157e-05,-0.000558401022590955,9000.0,0.47123889803846897,1300.0,0.0,9000.0,1300.0
1769449960.9915283,9.25303590297699,3.8899178504943848,1.4287839184200504,0.0010539183866381061,-1.821342326398029e-05,-0.0004352397028847094,9000.0,0.47123889803846897,1300.0,0.0,9000.0,1300.0
1769449961.0415428,9.25303590297699,3.8899178504943848,1.4287839184200504,0.0010539183866381061,-1.821342326398029e-05,-0.0004352397028847094,9000.0,0.47123889803846897,1300.0,0.0,9000.0,1300.0
1769449961.0914927,9.25303590297699,3.8899178504943848,1.4287839184200504,0.0008126391504652472,-1.5789840237896852e-05,-0.0003392950246359804,9000.0,0.47123889803846897,1300.0,0.0,9000.0,1300.0
1769449961.1415496,9.25303590297699,3.8899178504943848,1.4287839184200504,0.0008126391504652472,-1.5789840237896852e-05,-0.0003392950246359804,9000.0,0.47123889803846897,1300.0,0.0,9000.0,1300.0
1769449961.191469,9.25303590297699,3.8899178504943848,1.4287839184200504,0.0006264729596058113,-1.335255826451537e-05,-0.000264542469086876,9000.0,0.47123889803846897,1300.0,0.0,9000.0,1300.0
1769449961.2415388,9.25303590297699,3.8899178504943848,1.4287839184200504,0.0006264729596058113,-1.335255826451537e-05,-0.000264542469086876,9000.0,0.47123889803846897,1300.0,0.0,9000.0,1300.0
1769449961.291391,9.25303590297699,3.8899178504943848,1.4287839184200504,0.0004833184568086554,-1.1008838519513014e-05,-0.00020624625866406775,9000.0,0.47123889803846897,1300.0,0.0,9000.0,1300.0
1769449961.3415875,9.25303590297699,3.8899178504943848,1.4287839184200504,0.0004833184568086554,-1.1008838519513014e-05,-0.00020624625866406775,9000.0,0.47123889803846897,1300.0,0.0,9000.0,1300.0
1769449961.3914177,9.25303590297699,3.8899178504943848,1.4287839184200504,0.0003734910488893533,-8.858863117343824e-06,-0.00016078685006312173,9000.0,0.47123889803846897,1300.0,0.0,9000.0,1300.0
1769449961.4415066,9.25303590297699,3.8899178504943848,1.4287839184200504,0.0003734910488893533,-8.858863117343824e-06,-0.00016078685006312173,9000.0,0.47123889803846897,1300.0,0.0,9000.0,1300.0
1769449961.4914088,9.25303590297699,3.8899178504943848,1.4287839184200504,0.0002892572190237672,-6.970491117295677e-06,-0.00012532156783024977,9000.0,0.47123889803846897,1300.0,0.0,9000.0,1300.0
1769449961.5414605,9.25303590297699,3.8899178504943848,1.4287839184200504,0.0002892572190237672,-6.970491117295677e-06,-0.00012532156783024977,9000.0,0.47123889803846897,1300.0,0.0,9000.0,1300.0
1769449961.59144,9.25303590297699,3.8899178504943848,1.4287839184200504,0.00022463370364332835,-5.3772649722921185e-06,-9.768620105227193e-05,9000.0,0.47123889803846897,1300.0,0.0,9000.0,1300.0
1769449961.6415145,9.25303590297699,3.8899178504943848,1.4287839184200504,0.00022463370364332835,-5.3772649722921185e-06,-9.768620105227193e-05,9000.0,0.47123889803846897,1300.0,0.0,9000.0,1300.0
1769449961.691369,9.25303590297699,3.8899178504943848,1.4287839184200504,0.00017493909123610736,-4.079509346042837e-06,-7.615299137069844e-05,9000.0,0.47123889803846897,1300.0,0.0,9000.0,1300.0
1769449961.741386,9.25303590297699,3.8899178504943848,1.4287839184200504,0.00017493909123610736,-4.079509346042837e-06,-7.615299137069844e-05,9000.0,0.47123889803846897,1300.0,0.0,9000.0,1300.0
1769449961.7914333,9.25303590297699,3.8899178504943848,1.4287839184200504,0.0001365999181347921,-3.054965289087334e-06,-5.938032488732545e-05,9000.0,0.47123889803846897,1300.0,0.0,9000.0,1300.0
1769449961.8414047,9.25303590297699,3.8899178504943848,1.4287839184200504,0.0001365999181347921,-3.054965289087334e-06,-5.938032488732545e-05,9000.0,0.47123889803846897,1300.0,0.0,9000.0,1300.0
1769449961.8914487,9.25303590297699,3.8899178504943848,1.4287839184200504,0.00010685455656258743,-2.2666314800813985e-06,-4.628611801683621e-05,9000.0,0.47123889803846897,1300.0,0.0,9000.0,1300.0
1769449961.941491,9.25303590297699,3.8899178504943848,1.4287839184200504,0.00010685455656258743,-2.2666314800813985e-06,-4.628611801683621e-05,9000.0,0.47123889803846897,1300.0,0.0,9000.0,1300.0
1769449961.9914768,9.25303590297699,3.8899178504943848,1.4287839184200504,8.372366846041252e-05,-1.6751066738436645e-06,-3.609361690805755e-05,9000.0,0.47123889803846897,1300.0,0.0,9000.0,1300.0
1769449962.041382,9.25303590297699,3.8899178504943848,1.4287839184200504,8.372366846041252e-05,-1.6751066738436645e-06,-3.609361690805755e-05,9000.0,0.47123889803846897,1300.0,0.0,9000.0,1300.0
1769449962.091437,9.25303590297699,3.8899178504943848,1.4287839184200504,6.563465835159522e-05,-1.2388576584563416e-06,-2.813493559487235e-05,9000.0,0.47123889803846897,1300.0,0.0,9000.0,1300.0
1769449962.1414964,9.25303590297699,3.8899178504943848,1.4287839184200504,6.563465835159522e-05,-1.2388576584563416e-06,-2.813493559487235e-05,9000.0,0.47123889803846897,1300.0,0.0,9000.0,1300.0
1769449962.1914244,9.25303590297699,3.8899178504943848,1.4287839184200504,5.145902297081734e-05,-9.218776332451171e-07,-2.193243218224448e-05,9000.0,0.47123889803846897,1300.0,0.0,9000.0,1300.0
1769449962.2414799,9.25303590297699,3.8899178504943848,1.4287839184200504,5.145902297081734e-05,-9.218776332451171e-07,-2.193243218224448e-05,9000.0,0.47123889803846897,1300.0,0.0,9000.0,1300.0
1769449962.2914097,9.25303590297699,3.8899178504943848,1.4287839184200504,4.033194569530643e-05,-6.934530079998149e-07,-1.710055514537278e-05,9000.0,0.47123889803846897,1300.0,0.0,9000.0,1300.0
1769449962.3413675,9.25303590297699,3.8899178504943848,1.4287839184200504,4.033194569530643e-05,-6.934530079998149e-07,-1.710055514537278e-05,9000.0,0.47123889803846897,1300.0,0.0,9000.0,1300.0
1769449962.3913944,9.25303590297699,3.8899178504943848,1.4287839184200504,3.1573425754151434e-05,-5.286907252545436e-07,-1.332740247630444e-05,9000.0,0.47123889803846897,1300.0,0.0,9000.0,1300.0
1769449962.4415019,9.25303590297699,3.8899178504943848,1.4287839184200504,3.1573425754151434e-05,-5.286907252545436e-07,-1.332740247630444e-05,9000.0,0.47123889803846897,1300.0,0.0,9000.0,1300.0
1769449962.4914591,9.25303590297699,3.8899178504943848,1.4287839184200504,2.469161455159093e-05,-4.0918094520706165e-07,-1.039013694884322e-05,9000.0,0.47123889803846897,1300.0,0.0,9000.0,1300.0
1769449962.5413835,9.25303590297699,3.8899178504943848,1.4287839184200504,2.469161455159093e-05,-4.0918094520706165e-07,-1.039013694884322e-05,9000.0,0.47123889803846897,1300.0,0.0,9000.0,1300.0
1769449962.5914507,7.682886838912964,5.8001933097839355,2.9655444451083373,0.5345781946891185,-0.5845023740713869,-1.2038272214426777,9000.0,0.47123889803846897,1300.0,0.0,9000.0,1300.0
1769449962.6414862,7.682886838912964,5.8001933097839355,2.9655444451083373,0.5345781946891185,-0.5845023740713869,-1.2038272214426777,9000.0,0.47123889803846897,1300.0,0.0,9000.0,1300.0
1769449962.6913743,7.624030828475952,5.806485176086426,2.9968535227342707,1.2544595841683088,-1.1868534055836535,-2.120109315482499,8000.0,0.41887902047863906,1300.0,0.0,8000.0,1300.0
1769449962.7413895,7.624030828475952,5.806485176086426,2.9968535227342707,1.2544595841683088,-1.1868534055836535,-2.120109315482499,7000.0,0.36651914291880916,1300.0,0.0,7000.0,1300.0
1769449962.7914228,7.565015554428101,5.812532424926758,3.032109395506391,1.98096655582476,-1.483190083816127,-2.4343517656507907,6000.0,0.31415926535897926,1300.0,0.0,6000.0,1300.0
1769449962.8414052,7.565015554428101,5.812532424926758,3.032109395506391,1.98096655582476,-1.483190083816127,-2.4343517656507907,5000.0,0.2617993877991494,1300.0,0.0,5000.0,1300.0
1769449962.8913488,7.505281686782837,5.815165996551514,3.06028037050138,2.5492598408275704,-1.416829811147955,-2.297278067358115,0.0,0.0,0.0,0.0,0.0,0.0
1769449962.941458,7.505281686782837,5.815165996551514,3.06028037050138,2.5492598408275704,-1.416829811147955,-2.297278067358115,0.0,0.0,0.0,0.0,0.0,0.0
1769449962.9913611,7.4464075565338135,5.817144870758057,3.0909251157393953,2.8491258971891655,-1.0924795968169059,-1.951982718933551,0.0,0.0,0.0,0.0,0.0,0.0
1769449963.0415041,7.4464075565338135,5.817144870758057,3.0909251157393953,2.8491258971891655,-1.0924795968169059,-1.951982718933551,0.0,0.0,0.0,0.0,0.0,0.0
1769449963.0914147,7.38705039024353,5.816734313964844,3.1200974825017074,2.86553561581883,-0.6651303858836655,-1.5728839424292507,0.0,0.0,0.0,0.0,0.0,0.0
1769449963.1415064,7.38705039024353,5.816734313964844,3.1200974825017074,2.86553561581883,-0.6651303858836655,-1.5728839424292507,0.0,0.0,0.0,0.0,0.0,0.0
1769449963.1914907,7.3274171352386475,5.814902305603027,3.144731169017377,2.6627772860006385,-0.26253846535628156,-1.2438620810686207,0.0,0.0,0.0,0.0,0.0,0.0
1769449963.2414694,7.3274171352386475,5.814902305603027,3.144731169017377,2.6627772860006385,-0.26253846535628156,-1.2438620810686207,0.0,0.0,0.0,0.0,0.0,0.0
1769449963.2914972,7.269264221191406,5.811941623687744,3.1563180066290784,2.3352286483999625,0.04653249784012803,-0.9795600233649269,0.0,0.0,0.0,0.0,0.0,0.0
1769449963.3414752,7.269264221191406,5.811941623687744,3.1563180066290784,2.3352286483999625,0.04653249784012803,-0.9795600233649269,0.0,0.0,0.0,0.0,0.0,0.0
1769449963.3913772,7.214196443557739,5.807379722595215,3.1668151808970944,1.9668920590549104,0.24467888520510808,-0.7758002784648864,0.0,0.0,0.0,0.0,0.0,0.0
1769449963.4414792,7.214196443557739,5.807379722595215,3.1668151808970944,1.9668920590549104,0.24467888520510808,-0.7758002784648864,0.0,0.0,0.0,0.0,0.0,0.0
1769449963.4914768,7.161668300628662,5.800577163696289,3.1695488724254646,1.6148263527923774,0.3441072723431412,-0.6154028143335862,0.0,0.0,0.0,0.0,0.0,0.0
1769449963.5414343,7.161668300628662,5.800577163696289,3.1695488724254646,1.6148263527923774,0.3441072723431412,-0.6154028143335862,0.0,0.0,-100.0,0.0,0.0,-100.0
1769449963.5914013,7.111300945281982,5.79294490814209,3.1657325782676726,1.3105103264632845,0.3690422259669118,-0.48313737520639083,0.0,0.0,-100.0,0.0,0.0,-100.0
1769449963.6414847,7.111300945281982,5.79294490814209,3.1657325782676726,1.3105103264632845,0.3690422259669118,-0.48313737520639083,0.0,0.0,-100.0,0.0,0.0,-100.0
1769449963.691395,7.062183141708374,5.786759853363037,3.1614864182034377,1.0660603864051597,0.34571157488286625,-0.3732640803086867,0.0,0.0,-100.0,0.0,0.0,-100.0
1769449963.7414093,7.062183141708374,5.786759853363037,3.1614864182034377,1.0660603864051597,0.34571157488286625,-0.3732640803086867,0.0,0.0,-200.0,0.0,0.0,-200.0
1769449963.7914414,7.014465093612671,5.78085470199585,3.153118760734474,0.8804983554661149,0.29604000784308526,-0.2800299563007534,0.0,0.0,-200.0,0.0,0.0,-200.0
1769449963.8415172,7.014465093612671,5.78085470199585,3.153118760734474,0.8804983554661149,0.29604000784308526,-0.2800299563007534,0.0,0.0,-200.0,0.0,0.0,-200.0
1769449963.8914084,6.967622756958008,5.775655269622803,3.145489239276473,0.7463760018056813,0.2362925793659895,-0.2028641538246897,0.0,0.0,-300.0,0.0,0.0,-300.0
1769449963.941515,6.967622756958008,5.775655269622803,3.145489239276473,0.7463760018056813,0.2362925793659895,-0.2028641538246897,0.0,0.0,-300.0,0.0,0.0,-300.0
1769449963.9914718,6.9230780601501465,5.767987251281738,3.134517920269115,0.6528987208698267,0.17614238327562204,-0.1381902163501647,0.0,0.0,-300.0,0.0,0.0,-300.0
1769449964.0414746,6.9230780601501465,5.767987251281738,3.134517920269115,0.6528987208698267,0.17614238327562204,-0.1381902163501647,0.0,0.0,-300.0,0.0,0.0,-300.0
1769449964.0915372,6.879414796829224,5.761520862579346,3.1257382007610293,0.5894844318730031,0.1215765288035931,-0.08656989070930089,0.0,0.0,-400.0,0.0,0.0,-400.0
1769449964.1414282,6.879414796829224,5.761520862579346,3.1257382007610293,0.5894844318730031,0.1215765288035931,-0.08656989070930089,0.0,0.0,-400.0,0.0,0.0,-400.0
1769449964.1914442,6.837388753890991,5.756065845489502,3.115845468918122,0.5467199180707636,0.07557747162603522,-0.04571187086988168,0.0,0.0,-400.0,0.0,0.0,-400.0
1769449964.2414439,6.837388753890991,5.756065845489502,3.115845468918122,0.5467199180707636,0.07557747162603522,-0.04571187086988168,0.0,0.0,-500.0,0.0,0.0,-500.0
1769449964.291468,6.796203851699829,5.75112771987915,3.1096041162670023,0.5173038793481112,0.0388812264130937,-0.016494569117504503,0.0,0.0,-500.0,0.0,0.0,-500.0
1769449964.3415143,6.796203851699829,5.75112771987915,3.1096041162670023,0.5173038793481112,0.0388812264130937,-0.016494569117504503,0.0,0.0,-500.0,0.0,0.0,-500.0
1769449964.391451,6.756001234054565,5.746478080749512,3.1048543894044416,0.4960420105993094,0.010946206079304504,0.002335641578596427,0.0,0.0,-500.0,0.0,0.0,-500.0
1769449964.4415097,6.756001234054565,5.746478080749512,3.1048543894044416,0.4960420105993094,0.010946206079304504,0.002335641578596427,0.0,0.0,-600.0,0.0,0.0,-600.0
1769449964.4914603,6.716833829879761,5.741135120391846,3.100863476601716,0.4793064609513877,-0.009843929654276409,0.01351022370421596,0.0,0.0,-600.0,0.0,0.0,-600.0
1769449964.5414667,6.716833829879761,5.741135120391846,3.100863476601716,0.4793064609513877,-0.009843929654276409,0.01351022370421596,0.0,0.0,-600.0,0.0,0.0,-600.0
1769449964.5914385,6.6782262325286865,5.736138343811035,3.0965757488674868,0.46500036467183437,-0.02497353944096348,0.020314496676427266,0.0,0.0,-600.0,0.0,0.0,-600.0
1769449964.641536,6.6782262325286865,5.736138343811035,3.0965757488674868,0.46500036467183437,-0.02497353944096348,0.020314496676427266,0.0,0.0,-700.0,0.0,0.0,-700.0
1769449964.6914814,6.641111850738525,5.732099533081055,3.0950127057670653,0.45170719632807227,-0.035521390773423325,0.0227613427268416,0.0,0.0,-700.0,0.0,0.0,-700.0
1769449964.741534,6.641111850738525,5.732099533081055,3.0950127057670653,0.45170719632807227,-0.035521390773423325,0.0227613427268416,0.0,0.0,-700.0,0.0,0.0,-700.0
1769449964.791478,6.604139804840088,5.727688312530518,3.0963783380284173,0.4390508686544648,-0.04270817511352626,0.02023861815576739,0.0,0.0,-700.0,0.0,0.0,-700.0
1769449964.841461,6.604139804840088,5.727688312530518,3.0963783380284173,0.4390508686544648,-0.04270817511352626,0.02023861815576739,0.0,0.0,-800.0,0.0,0.0,-800.0
1769449964.8915355,6.5677361488342285,5.723963260650635,3.097613935064597,0.42691811416688036,-0.047314541320485556,0.015011847629783276,0.0,0.0,-800.0,0.0,0.0,-800.0
1769449964.9415202,6.5677361488342285,5.723963260650635,3.097613935064597,0.42691811416688036,-0.047314541320485556,0.015011847629783276,0.0,0.0,-800.0,0.0,0.0,-800.0
1769449964.9915686,6.532376527786255,5.719749927520752,3.1007451679323346,0.4152263357605408,-0.05018659003153903,0.00772842146766538,0.0,0.0,-900.0,0.0,0.0,-900.0
1769449965.04156,6.532376527786255,5.719749927520752,3.1007451679323346,0.4152263357605408,-0.05018659003153903,0.00772842146766538,0.0,0.0,-900.0,0.0,0.0,-900.0
1769449965.0914586,6.497783422470093,5.716368675231934,3.1061104472318095,0.4039678877846898,-0.05163811212044147,-0.0017608881503938661,0.0,0.0,-900.0,0.0,0.0,-900.0
1769449965.1415172,6.497783422470093,5.716368675231934,3.1061104472318095,0.4039678877846898,-0.05163811212044147,-0.0017608881503938661,0.0,0.0,-900.0,0.0,0.0,-900.0
1769449965.1914723,6.463213920593262,5.712458610534668,3.1126307418738866,0.3934299441108039,-0.052171622403699984,-0.01269637173776518,0.0,0.0,-1000.0,0.0,0.0,-1000.0
1769449965.2415736,6.463213920593262,5.712458610534668,3.1126307418738866,0.3934299441108039,-0.052171622403699984,-0.01269637173776518,0.0,0.0,-1000.0,0.0,0.0,-1000.0
1769449965.2914243,6.429623126983643,5.708856582641602,3.119436962073374,0.3835979825665964,-0.0519978421575731,-0.02365090063533479,0.0,0.0,-1000.0,0.0,0.0,-1000.0
1769449965.34153,6.429623126983643,5.708856582641602,3.119436962073374,0.3835979825665964,-0.0519978421575731,-0.02365090063533479,0.0,0.0,-1000.0,0.0,0.0,-1000.0
1769449965.391473,6.397029161453247,5.705159664154053,3.1281917938719044,0.37433593945934457,-0.05130327466040225,-0.03492617128921425,0.0,0.0,-1100.0,0.0,0.0,-1100.0
1769449965.4415383,6.397029161453247,5.705159664154053,3.1281917938719044,0.37433593945934457,-0.05130327466040225,-0.03492617128921425,0.0,0.0,-1100.0,0.0,0.0,-1100.0
1769449965.4914956,6.36528754234314,5.70217752456665,3.1374149723998985,0.36546382335191696,-0.04996893820332705,-0.04595801334858504,0.0,0.0,-1100.0,0.0,0.0,-1100.0
1769449965.5415258,6.36528754234314,5.70217752456665,3.1374149723998985,0.36546382335191696,-0.04996893820332705,-0.04595801334858504,0.0,0.0,-1200.0,0.0,0.0,-1200.0
1769449965.591531,6.3341920375823975,5.698601722717285,3.1461525175320797,0.35693999199617243,-0.0482301729968814,-0.05544342863031632,0.0,0.0,-1200.0,0.0,0.0,-1200.0
1769449965.641555,6.3341920375823975,5.698601722717285,3.1461525175320797,0.35693999199617243,-0.0482301729968814,-0.05544342863031632,0.0,0.0,-1200.0,0.0,0.0,-1200.0
1769449965.6914542,6.304241895675659,5.69527006149292,3.158620352559349,0.34858044799185073,-0.046139444198681094,-0.06591727586357228,0.0,0.0,-1200.0,0.0,0.0,-1200.0
1769449965.7414095,6.304241895675659,5.69527006149292,3.158620352559349,0.34858044799185073,-0.046139444198681094,-0.06591727586357228,0.0,0.0,-1200.0,0.0,0.0,-1200.0
1769449965.7914546,6.275379419326782,5.691107273101807,3.167522457718855,0.34020435103654056,-0.044031770096889744,-0.07396281328190907,0.0,0.0,-1200.0,0.0,0.0,-1200.0
1769449965.8414898,6.275379419326782,5.691107273101807,3.167522457718855,0.34020435103654056,-0.044031770096889744,-0.07396281328190907,0.0,0.0,-1200.0,0.0,0.0,-1200.0
1769449965.8915317,6.247896671295166,5.687121868133545,3.1777960829636553,0.3315808149892756,-0.04196885277907291,-0.08022455331495067,0.0,0.0,-1300.0,0.0,0.0,-1300.0
1769449965.9415195,6.247896671295166,5.687121868133545,3.1777960829636553,0.3315808149892756,-0.04196885277907291,-0.08022455331495067,0.0,0.0,-1300.0,0.0,0.0,-1300.0
1769449965.991386,6.2209577560424805,5.684093952178955,3.188150954473111,0.3227723083870066,-0.03964327930407418,-0.08519496036424277,0.0,0.0,-1300.0,0.0,0.0,-1300.0
1769449966.041484,6.2209577560424805,5.684093952178955,3.188150954473111,0.3227723083870066,-0.03964327930407418,-0.08519496036424277,0.0,0.0,-1300.0,0.0,0.0,-1300.0
1769449966.0915256,6.194810390472412,5.68039083480835,3.1987189276944634,0.31389713859952506,-0.03720132780840317,-0.08932709421110144,0.0,0.0,-1300.0,0.0,0.0,-1300.0
1769449966.141502,6.194810390472412,5.68039083480835,3.1987189276944634,0.31389713859952506,-0.03720132780840317,-0.08932709421110144,0.0,0.0,-1300.0,0.0,0.0,-1300.0
1769449966.1915052,6.169596910476685,5.677188873291016,3.2063414900077425,0.3049894275951245,-0.03457926136714817,-0.0904579287178995,0.0,0.0,-1300.0,0.0,0.0,-1300.0
1769449966.241484,6.169596910476685,5.677188873291016,3.2063414900077425,0.3049894275951245,-0.03457926136714817,-0.0904579287178995,0.0,0.0,-1300.0,0.0,0.0,-1300.0
1769449966.2914236,6.145660638809204,5.674224853515625,3.219550507035795,0.29596107428274154,-0.03173393821228988,-0.09362809830380765,0.0,0.0,-1300.0,0.0,0.0,-1300.0
1769449966.3415139,6.145660638809204,5.674224853515625,3.219550507035795,0.29596107428274154,-0.03173393821228988,-0.09362809830380765,0.0,0.0,-1300.0,0.0,0.0,-1300.0
1769449966.39139,6.124539136886597,5.67192268371582,3.233191298472096,0.28617540703207,-0.028520998354373345,-0.0992951544764694,0.0,0.0,-1300.0,0.0,0.0,-1300.0
1769449966.4413953,6.124539136886597,5.67192268371582,3.233191298472096,0.28617540703207,-0.028520998354373345,-0.0992951544764694,0.0,0.0,-1300.0,0.0,0.0,-1300.0
1769449966.4914284,6.10608696937561,5.670150279998779,3.243685025780893,0.2749911716249547,-0.024873724355318257,-0.10359077041341805,0.0,0.0,-1300.0,0.0,0.0,-1300.0
1769449966.5415583,6.10608696937561,5.670150279998779,3.243685025780893,0.2749911716249547,-0.024873724355318257,-0.10359077041341805,0.0,0.0,-1300.0,0.0,0.0,-1300.0
1769449966.5914278,6.091547250747681,5.668371200561523,3.25536698376369,0.26154557682220936,-0.021001583718480734,-0.10674433440607975,0.0,0.0,-1300.0,0.0,0.0,-1300.0
1769449966.6415753,6.091547250747681,5.668371200561523,3.25536698376369,0.26154557682220936,-0.021001583718480734,-0.10674433440607975,0.0,0.0,-1300.0,0.0,0.0,-1300.0
1769449966.6915197,6.0802552700042725,5.667420864105225,3.266928516254617,0.2453670460077305,-0.016951673629302843,-0.10896655139213494,0.0,0.0,-1300.0,0.0,0.0,-1300.0
1769449966.741487,6.0802552700042725,5.667420864105225,3.266928516254617,0.2453670460077305,-0.016951673629302843,-0.10896655139213494,0.0,0.0,-1300.0,0.0,0.0,-1300.0
1769449966.7913878,6.072923421859741,5.667824745178223,3.274342272704843,0.22604339903047455,-0.012581003276955636,-0.10727972594589825,-1000.0,-0.05235987755982988,-1300.0,0.0,-1000.0,-1300.0
1769449966.841472,6.072923421859741,5.667824745178223,3.274342272704843,0.22604339903047455,-0.012581003276955636,-0.10727972594589825,-2000.0,-0.10471975511965977,-1300.0,0.0,-2000.0,-1300.0
1769449966.8914514,6.068424701690674,5.669960975646973,3.2829650890926145,0.20375538648631553,-0.007601156385501038,-0.10370351445872761,-2000.0,-0.10471975511965977,-1300.0,0.0,-2000.0,-1300.0
1769449966.9415057,6.068424701690674,5.669960975646973,3.2829650890926145,0.20375538648631553,-0.007601156385501038,-0.10370351445872761,-3000.0,-0.15707963267948963,-1300.0,0.0,-3000.0,-1300.0
1769449966.9914339,6.067431926727295,5.672572135925293,3.290430151171996,0.17879128541349987,-0.002183851597617089,-0.09892314869340035,-4000.0,-0.20943951023931953,-1300.0,0.0,-4000.0,-1300.0
1769449967.0414097,6.067431926727295,5.672572135925293,3.290430151171996,0.17879128541349987,-0.002183851597617089,-0.09892314869340035,-4000.0,-0.20943951023931953,-1300.0,0.0,-4000.0,-1300.0
1769449967.0914814,6.0688371658325195,5.676253795623779,3.284099375396066,0.1517808726067116,0.003523987398595391,-0.08315361204595255,-5000.0,-0.2617993877991494,-1300.0,0.0,-5000.0,-1300.0
1769449967.1414776,6.0688371658325195,5.676253795623779,3.284099375396066,0.1517808726067116,0.003523987398595391,-0.08315361204595255,-6000.0,-0.31415926535897926,-1300.0,0.0,-6000.0,-1300.0
1769449967.1915467,6.073509216308594,5.67856502532959,3.274267746030968,0.12337123458047405,0.008578390849919772,-0.05723404740511555,-6000.0,-0.31415926535897926,-1300.0,0.0,-6000.0,-1300.0
1769449967.2414842,6.073509216308594,5.67856502532959,3.274267746030968,0.12337123458047405,0.008578390849919772,-0.05723404740511555,-7000.0,-0.36651914291880916,-1300.0,0.0,-7000.0,-1300.0
1769449967.2914057,6.080526828765869,5.682064056396484,3.2681012142998105,0.09419234978126566,0.01283327976527123,-0.030555536284041493,-8000.0,-0.41887902047863906,-1300.0,0.0,-8000.0,-1300.0
1769449967.341517,6.080526828765869,5.682064056396484,3.2681012142998105,0.09419234978126566,0.01283327976527123,-0.030555536284041493,-8000.0,-0.41887902047863906,-1300.0,0.0,-8000.0,-1300.0
1769449967.3914177,6.089137554168701,5.686949729919434,3.2619289313135815,0.06512055560799729,0.01662543447889275,-0.007907083362350745,-9000.0,-0.47123889803846897,-1300.0,0.0,-9000.0,-1300.0
1769449967.4413755,6.089137554168701,5.686949729919434,3.2619289313135815,0.06512055560799729,0.01662543447889275,-0.007907083362350745,-9000.0,-0.47123889803846897,-1300.0,0.0,-9000.0,-1300.0
1769449967.4914138,6.099313020706177,5.693381309509277,3.2639962347714206,0.03681180508099008,0.02051995142151497,0.0030726837022071324,-9000.0,-0.47123889803846897,-1300.0,0.0,-9000.0,-1300.0
1769449967.541504,6.099313020706177,5.693381309509277,3.2639962347714206,0.03681180508099008,0.02051995142151497,0.0030726837022071324,-9000.0,-0.47123889803846897,-1300.0,0.0,-9000.0,-1300.0
1769449967.5914369,6.111307382583618,5.699760437011719,3.2675195660739895,0.009727246016346319,0.02451615504124529,0.0034749287672166083,-9000.0,-0.47123889803846897,-1300.0,0.0,-9000.0,-1300.0
1769449967.6415088,6.111307382583618,5.699760437011719,3.2675195660739895,0.009727246016346319,0.02451615504124529,0.0034749287672166083,-9000.0,-0.47123889803846897,-1300.0,0.0,-9000.0,-1300.0
1769449967.6914146,6.125620365142822,5.706394672393799,3.273622143660115,-0.016101189409458327,0.028447047942529877,-0.003956516612105025,-9000.0,-0.47123889803846897,-1300.0,0.0,-9000.0,-1300.0
1769449967.7414951,6.125620365142822,5.706394672393799,3.273622143660115,-0.016101189409458327,0.028447047942529877,-0.003956516612105025,-9000.0,-0.47123889803846897,-1300.0,0.0,-9000.0,-1300.0
1769449967.7914548,6.142049789428711,5.713862419128418,3.2808863043749006,-0.0408014913625277,0.03228911997132041,-0.015513937638722995,-9000.0,-0.47123889803846897,-1300.0,0.0,-9000.0,-1300.0
1769449967.8414984,6.142049789428711,5.713862419128418,3.2808863043749006,-0.0408014913625277,0.03228911997132041,-0.015513937638722995,-9000.0,-0.47123889803846897,-1300.0,0.0,-9000.0,-1300.0
1769449967.8914132,6.160037279129028,5.723443984985352,3.292524494034484,-0.06451432075022577,0.03650420193578467,-0.031063299984672672,-9000.0,-0.47123889803846897,-1300.0,0.0,-9000.0,-1300.0
1769449967.9414577,6.160037279129028,5.723443984985352,3.292524494034484,-0.06451432075022577,0.03650420193578467,-0.031063299984672672,-9000.0,-0.47123889803846897,-1300.0,0.0,-9000.0,-1300.0
1769449967.9914527,6.179547548294067,5.733870506286621,3.306873824204593,-0.08724366112089468,0.04119927543559092,-0.049735195140623606,-9000.0,-0.47123889803846897,-1300.0,0.0,-9000.0,-1300.0
1769449968.0414958,6.179547548294067,5.733870506286621,3.306873824204593,-0.08724366112089468,0.04119927543559092,-0.049735195140623606,-9000.0,-0.47123889803846897,-1300.0,0.0,-9000.0,-1300.0
1769449968.091525,6.201953172683716,5.7430806159973145,3.3166107966934266,-0.10939911426427944,0.045572976223134304,-0.06492244159349135,-9000.0,-0.47123889803846897,-1300.0,0.0,-9000.0,-1300.0
1769449968.1414716,6.201953172683716,5.7430806159973145,3.3166107966934266,-0.10939911426427944,0.045572976223134304,-0.06492244159349135,-9000.0,-0.47123889803846897,-1300.0,0.0,-9000.0,-1300.0
1769449968.1913981,6.224669933319092,5.755148410797119,3.330292447583721,-0.13081951578264076,0.05001478185877874,-0.07838880065505487,-9000.0,-0.47123889803846897,-1300.0,0.0,-9000.0,-1300.0
1769449968.241486,6.224669933319092,5.755148410797119,3.330292447583721,-0.13081951578264076,0.05001478185877874,-0.07838880065505487,-9000.0,-0.47123889803846897,-1300.0,0.0,-9000.0,-1300.0
1769449968.291455,6.248708963394165,5.76760721206665,3.3428967955531363,-0.1513791655456968,0.05447495138143285,-0.08940364885751326,-8000.0,-0.41887902047863906,-1300.0,0.0,-8000.0,-1300.0
1769449968.3414729,6.248708963394165,5.76760721206665,3.3428967955531363,-0.1513791655456968,0.05447495138143285,-0.08940364885751326,-7000.0,-0.36651914291880916,-1300.0,0.0,-7000.0,-1300.0
1769449968.3913932,6.274134635925293,5.781917095184326,3.357683965708826,-0.17114776282873348,0.059180209935388105,-0.09968660220616624,-6000.0,-0.31415926535897926,-1300.0,0.0,-6000.0,-1300.0
1769449968.44147,6.274134635925293,5.781917095184326,3.357683965708826,-0.17114776282873348,0.059180209935388105,-0.09968660220616624,0.0,0.0,0.0,0.0,0.0,0.0
1769449968.4915266,6.301358222961426,5.79533052444458,3.370548407626524,-0.190230259095518,0.06349380232702709,-0.10765219850344107,0.0,0.0,0.0,0.0,0.0,0.0
1769449968.541504,6.301358222961426,5.79533052444458,3.370548407626524,-0.190230259095518,0.06349380232702709,-0.10765219850344107,0.0,0.0,0.0,0.0,0.0,0.0
1769449968.5915296,6.3293116092681885,5.810717582702637,3.39115220360425,-0.20861690962334195,0.06752131597584626,-0.11935273570557285,0.0,0.0,0.0,0.0,0.0,0.0
1769449968.6415226,6.3293116092681885,5.810717582702637,3.39115220360425,-0.20861690962334195,0.06752131597584626,-0.11935273570557285,0.0,0.0,0.0,0.0,0.0,0.0
1769449968.6914423,6.358348608016968,5.826923370361328,3.4118790024678436,-0.22630867804072646,0.07123203518042709,-0.13385563774894085,0.0,0.0,0.0,0.0,0.0,0.0
1769449968.741406,6.358348608016968,5.826923370361328,3.4118790024678436,-0.22630867804072646,0.07123203518042709,-0.13385563774894085,0.0,0.0,0.0,0.0,0.0,0.0
1769449968.7914133,6.386784553527832,5.842444896697998,3.4306037300360313,-0.24272759009508346,0.07416719239059412,-0.14702920292862487,0.0,0.0,0.0,0.0,0.0,0.0
1769449968.841512,6.386784553527832,5.842444896697998,3.4306037300360313,-0.24272759009508346,0.07416719239059412,-0.14702920292862487,0.0,0.0,0.0,0.0,0.0,0.0
1769449968.8915465,6.417918682098389,5.860398769378662,3.4471294913329977,-0.2584431513659344,0.07658064268413134,-0.15564680974280207,0.0,0.0,0.0,0.0,0.0,0.0
1769449968.9414926,6.417918682098389,5.860398769378662,3.4471294913329977,-0.2584431513659344,0.07658064268413134,-0.15564680974280207,0.0,0.0,0.0,0.0,0.0,0.0
1769449968.9914346,6.438351631164551,5.873081207275391,3.457271881775031,-0.2696517857561759,0.07754587645614358,-0.15520577375309358,0.0,0.0,0.0,0.0,0.0,0.0
1769449969.0414941,6.438351631164551,5.873081207275391,3.457271881775031,-0.2696517857561759,0.07754587645614358,-0.15520577375309358,0.0,0.0,0.0,0.0,0.0,0.0
1769449969.091413,6.462456941604614,5.886857032775879,3.4687031827407213,-0.27668170133101766,0.07699402891006524,-0.14954090053490157,0.0,0.0,0.0,0.0,0.0,0.0
1769449969.1415038,6.462456941604614,5.886857032775879,3.4687031827407213,-0.27668170133101766,0.07699402891006524,-0.14954090053490157,0.0,0.0,0.0,0.0,0.0,0.0
1769449969.1915102,6.4858739376068115,5.899237632751465,3.4731924518524746,-0.2800131894612826,0.07479720299666041,-0.13680026672697823,0.0,0.0,0.0,0.0,0.0,0.0
1769449969.2415113,6.4858739376068115,5.899237632751465,3.4731924518524746,-0.2800131894612826,0.07479720299666041,-0.13680026672697823,0.0,0.0,0.0,0.0,0.0,0.0
1769449969.2915182,6.508669853210449,5.912301540374756,3.482519629364729,-0.2803969878657322,0.07154377637174049,-0.12435536354866976,0.0,0.0,0.0,0.0,0.0,0.0
1769449969.3413973,6.508669853210449,5.912301540374756,3.482519629364729,-0.2803969878657322,0.07154377637174049,-0.12435536354866976,0.0,0.0,0.0,0.0,0.0,0.0
1769449969.3915987,6.5307793617248535,5.924948215484619,3.4897832918402054,-0.2785313071207936,0.06769283914850915,-0.11325034074085542,0.0,0.0,0.0,0.0,0.0,0.0
1769449969.4415326,6.5307793617248535,5.924948215484619,3.4897832918402054,-0.2785313071207936,0.06769283914850915,-0.11325034074085542,0.0,0.0,0.0,0.0,0.0,0.0
1769449969.4914436,6.5518786907196045,5.938076019287109,3.500728840211838,-0.2750022387615162,0.06387109769542135,-0.10692889489442942,0.0,0.0,0.0,0.0,0.0,0.0
1769449969.5415115,6.5518786907196045,5.938076019287109,3.500728840211838,-0.2750022387615162,0.06387109769542135,-0.10692889489442942,0.0,0.0,0.0,0.0,0.0,0.0
1769449969.591537,6.572521686553955,5.950237274169922,3.5066543375236603,-0.2703294648922316,0.06015914706528139,-0.10077179219338026,0.0,0.0,0.0,0.0,0.0,0.0
1769449969.6415029,6.572521686553955,5.950237274169922,3.5066543375236603,-0.2703294648922316,0.06015914706528139,-0.10077179219338026,0.0,0.0,0.0,0.0,0.0,0.0
1769449969.6914446,6.593157052993774,5.960502624511719,3.512620986467816,-0.2649145431956248,0.05605639945536064,-0.09406206688546227,0.0,0.0,0.0,0.0,0.0,0.0
1769449969.741589,6.593157052993774,5.960502624511719,3.512620986467816,-0.2649145431956248,0.05605639945536064,-0.09406206688546227,0.0,0.0,0.0,0.0,0.0,0.0
1769449969.791499,6.61229395866394,5.972334861755371,3.5216658093911937,-0.25895893519912344,0.05215755542001117,-0.08979933271662635,0.0,0.0,0.0,0.0,0.0,0.0
1769449969.8415964,6.61229395866394,5.972334861755371,3.5216658093911937,-0.25895893519912344,0.05215755542001117,-0.08979933271662635,0.0,0.0,0.0,0.0,0.0,0.0
1769449969.891518,6.631092309951782,5.983464241027832,3.5333352660257096,-0.2527016708752697,0.048559170306971544,-0.09007183498236997,0.0,0.0,0.0,0.0,0.0,0.0
1769449969.9416,6.631092309951782,5.983464241027832,3.5333352660257096,-0.2527016708752697,0.048559170306971544,-0.09007183498236997,0.0,0.0,0.0,0.0,0.0,0.0
1769449969.9915347,6.649155855178833,5.994246006011963,3.5404924576547443,-0.24625564676597977,0.0452735796932238,-0.08989469140394821,0.0,0.0,0.0,0.0,0.0,0.0
1769449970.0414565,6.649155855178833,5.994246006011963,3.5404924576547443,-0.24625564676597977,0.0452735796932238,-0.08989469140394821,0.0,0.0,0.0,0.0,0.0,0.0
1769449970.091513,6.666924953460693,6.00505256652832,3.549872002755481,-0.23984375883166256,0.04233453899596,-0.08999286748895528,0.0,0.0,0.0,0.0,0.0,0.0
1769449970.141537,6.666924953460693,6.00505256652832,3.549872002755481,-0.23984375883166256,0.04233453899596,-0.08999286748895528,0.0,0.0,0.0,0.0,0.0,0.0
1769449970.1915486,6.684143543243408,6.0153632164001465,3.5585465362731274,-0.2335289699324446,0.03963405717196672,-0.08986010170570896,0.0,0.0,0.0,0.0,0.0,0.0
1769449970.2416017,6.684143543243408,6.0153632164001465,3.5585465362731274,-0.2335289699324446,0.03963405717196672,-0.08986010170570896,0.0,0.0,0.0,0.0,0.0,0.0
1769449970.291482,6.7004172801971436,6.026488304138184,3.5668090071574614,-0.22734396356636458,0.03747124883003704,-0.0891581424657659,0.0,0.0,0.0,0.0,0.0,0.0
1769449970.341575,6.7004172801971436,6.026488304138184,3.5668090071574614,-0.22734396356636458,0.03747124883003704,-0.0891581424657659,0.0,0.0,0.0,0.0,0.0,0.0
1769449970.391454,6.717148065567017,6.036495685577393,3.578442225962244,-0.22149034114361912,0.035481791956895097,-0.0907454915981099,0.0,0.0,0.0,0.0,0.0,0.0
1769449970.4415658,6.717148065567017,6.036495685577393,3.578442225962244,-0.22149034114361912,0.035481791956895097,-0.0907454915981099,0.0,0.0,0.0,0.0,0.0,0.0
1769449970.4914665,6.7329347133636475,6.0467329025268555,3.5915645134600043,-0.2159164700343641,0.03365938010591209,-0.09538740082868728,0.0,0.0,0.0,0.0,0.0,0.0
1769449970.5415945,6.7329347133636475,6.0467329025268555,3.5915645134600043,-0.2159164700343641,0.03365938010591209,-0.09538740082868728,0.0,0.0,0.0,0.0,0.0,0.0
1769449970.5914981,6.748359680175781,6.0568389892578125,3.6043092578299207,-0.21062129606310914,0.031967461414481826,-0.10130917294713628,0.0,0.0,0.0,0.0,0.0,0.0
1769449970.6414402,6.748359680175781,6.0568389892578125,3.6043092578299207,-0.21062129606310914,0.031967461414481826,-0.10130917294713628,0.0,0.0,0.0,0.0,0.0,0.0
1769449970.6916018,6.763885021209717,6.066658020019531,3.615451166298265,-0.20570344969021975,0.030253114984531204,-0.10580929557262553,0.0,0.0,0.0,0.0,0.0,0.0
1769449970.7416322,6.763885021209717,6.066658020019531,3.615451166298265,-0.20570344969021975,0.030253114984531204,-0.10580929557262553,0.0,0.0,0.0,0.0,0.0,0.0
1769449970.7915132,6.7791502475738525,6.076794624328613,3.6281209395133196,-0.2012509740385941,0.02857308469225699,-0.10966794659286137,0.0,0.0,0.0,0.0,0.0,0.0
1769449970.8416264,6.7791502475738525,6.076794624328613,3.6281209395133196,-0.2012509740385941,0.02857308469225699,-0.10966794659286137,0.0,0.0,0.0,0.0,0.0,0.0
1769449970.891513,6.793005466461182,6.0868964195251465,3.6400081344551194,-0.19693773031172318,0.02711041689730652,-0.11243580320250862,0.0,0.0,0.0,0.0,0.0,0.0
1769449970.941581,6.793005466461182,6.0868964195251465,3.6400081344551194,-0.19693773031172318,0.02711041689730652,-0.11243580320250862,0.0,0.0,0.0,0.0,0.0,0.0
1769449970.9915998,6.807481288909912,6.095863342285156,3.651596362550847,-0.19277371468541354,0.025470744927675044,-0.11401942916364559,0.0,0.0,0.0,0.0,0.0,0.0
1769449971.0415695,6.807481288909912,6.095863342285156,3.651596362550847,-0.19277371468541354,0.025470744927675044,-0.11401942916364559,0.0,0.0,0.0,0.0,0.0,0.0
1769449971.091567,6.821355581283569,6.105792999267578,3.6643111590551953,-0.18882748621610215,0.02388445774789648,-0.11566290226872686,0.0,0.0,0.0,0.0,0.0,0.0
1769449971.141548,6.821355581283569,6.105792999267578,3.6643111590551953,-0.18882748621610215,0.02388445774789648,-0.11566290226872686,0.0,0.0,0.0,0.0,0.0,0.0
1769449971.19146,6.835296630859375,6.11511754989624,3.6767791421254574,-0.18514994170906066,0.022241378695414073,-0.11732717834208281,0.0,0.0,0.0,0.0,0.0,0.0
1769449971.2415416,6.835296630859375,6.11511754989624,3.6767791421254574,-0.18514994170906066,0.022241378695414073,-0.11732717834208281,0.0,0.0,0.0,0.0,0.0,0.0
1769449971.291502,6.847582817077637,6.125624179840088,3.6885734438061273,-0.18151714626667853,0.02107926867204306,-0.11832310824552139,0.0,0.0,0.0,0.0,0.0,0.0
1769449971.3414817,6.847582817077637,6.125624179840088,3.6885734438061273,-0.18151714626667853,0.02107926867204306,-0.11832310824552139,0.0,0.0,0.0,0.0,0.0,0.0
1769449971.391562,6.86118221282959,6.135371208190918,3.6987016850302106,-0.17824120734989723,0.02009377608188684,-0.11740536826843906,0.0,0.0,0.0,0.0,0.0,0.0
1769449971.4414911,6.86118221282959,6.135371208190918,3.6987016850302106,-0.17824120734989723,0.02009377608188684,-0.11740536826843906,0.0,0.0,0.0,0.0,0.0,0.0
1769449971.4916055,6.874228477478027,6.144173622131348,3.7074835343664914,-0.1751620040408248,0.018916316712672427,-0.11408605254003398,0.0,0.0,0.0,0.0,0.0,0.0
1769449971.5415587,6.874228477478027,6.144173622131348,3.7074835343664914,-0.1751620040408248,0.018916316712672427,-0.11408605254003398,0.0,0.0,0.0,0.0,0.0,0.0
1769449971.5915396,6.887269496917725,6.153311729431152,3.717351109902936,-0.1723184922455314,0.01752557686743621,-0.11037987846651477,0.0,0.0,0.0,0.0,0.0,0.0
1769449971.641574,6.887269496917725,6.153311729431152,3.717351109902936,-0.1723184922455314,0.01752557686743621,-0.11037987846651477,0.0,0.0,0.0,0.0,0.0,0.0
1769449971.6915152,6.899529218673706,6.16312313079834,3.729085459430738,-0.16967477939805525,0.01626946615649429,-0.10872301345420131,0.0,0.0,0.0,0.0,0.0,0.0
1769449971.741582,6.899529218673706,6.16312313079834,3.729085459430738,-0.16967477939805525,0.01626946615649429,-0.10872301345420131,0.0,0.0,0.0,0.0,0.0,0.0
1769449971.7915313,6.911220073699951,6.173038959503174,3.7386877693094642,-0.16710612940768688,0.015372902250060872,-0.10727181883077681,0.0,0.0,0.0,0.0,0.0,0.0
1769449971.8415098,6.911220073699951,6.173038959503174,3.7386877693094642,-0.16710612940768688,0.015372902250060872,-0.10727181883077681,0.0,0.0,0.0,0.0,0.0,0.0
1769449971.8914964,6.923145771026611,6.181541442871094,3.749272764574462,-0.16448260311232202,0.014411177854515147,-0.10638587571114247,0.0,0.0,0.0,0.0,0.0,0.0
1769449971.941509,6.923145771026611,6.181541442871094,3.749272764574462,-0.16448260311232202,0.014411177854515147,-0.10638587571114247,0.0,0.0,0.0,0.0,0.0,0.0
1769449971.9914737,6.9358837604522705,6.190298080444336,3.758265931480591,-0.1621009757883891,0.013143830616430126,-0.10472731142151379,0.0,0.0,0.0,0.0,0.0,0.0
1769449972.0415096,6.9358837604522705,6.190298080444336,3.758265931480591,-0.1621009757883891,0.013143830616430126,-0.10472731142151379,0.0,0.0,0.0,0.0,0.0,0.0
1769449972.091449,6.9479920864105225,6.199092864990234,3.7686298929419157,-0.15994518815616263,0.011649668851818732,-0.10350777763131828,0.0,0.0,0.0,0.0,0.0,0.0
1769449972.1415281,6.9479920864105225,6.199092864990234,3.7686298929419157,-0.15994518815616263,0.011649668851818732,-0.10350777763131828,0.0,0.0,0.0,0.0,0.0,0.0
1769449972.191416,6.958897829055786,6.208367347717285,3.77844464290162,-0.15778571219588988,0.01035150127946746,-0.102497817871172,0.0,0.0,0.0,0.0,0.0,0.0
1769449972.2414417,6.958897829055786,6.208367347717285,3.77844464290162,-0.15778571219588988,0.01035150127946746,-0.102497817871172,0.0,0.0,0.0,0.0,0.0,0.0
1769449972.291458,6.9697794914245605,6.216548442840576,3.7884171604369827,-0.15540857634205163,0.00909680525799015,-0.10175801249416119,0.0,0.0,0.0,0.0,0.0,0.0
1769449972.3414059,6.9697794914245605,6.216548442840576,3.7884171604369827,-0.15540857634205163,0.00909680525799015,-0.10175801249416119,0.0,0.0,0.0,0.0,0.0,0.0
1769449972.3915381,6.98116660118103,6.2252726554870605,3.8002305041565387,-0.15307408256177427,0.007864597490164509,-0.10268115366958218,0.0,0.0,0.0,0.0,0.0,0.0
1769449972.4415047,6.98116660118103,6.2252726554870605,3.8002305041565387,-0.15307408256177427,0.007864597490164509,-0.10268115366958218,0.0,0.0,0.0,0.0,0.0,0.0
1769449972.4914193,6.991795063018799,6.233808517456055,3.8092892873584994,-0.15072490259468888,0.006725890647489895,-0.10266960026856815,0.0,0.0,0.0,0.0,0.0,0.0
1769449972.5414963,6.991795063018799,6.233808517456055,3.8092892873584994,-0.15072490259468888,0.006725890647489895,-0.10266960026856815,0.0,0.0,0.0,0.0,0.0,0.0
1769449972.5914602,7.002373456954956,6.242616653442383,3.818934865504851,-0.14845979138753077,0.0057678015169211425,-0.10195156962612945,0.0,0.0,0.0,0.0,0.0,0.0
1769449972.6415088,7.002373456954956,6.242616653442383,3.818934865504851,-0.14845979138753077,0.0057678015169211425,-0.10195156962612945,0.0,0.0,0.0,0.0,0.0,0.0
1769449972.691442,7.0132458209991455,6.250864028930664,3.8289403841241705,-0.14633729624944955,0.004774166883770944,-0.10121121176380067,0.0,0.0,0.0,0.0,0.0,0.0
1769449972.7414963,7.0132458209991455,6.250864028930664,3.8289403841241705,-0.14633729624944955,0.004774166883770944,-0.10121121176380067,0.0,0.0,0.0,0.0,0.0,0.0
1769449972.7914608,7.023336887359619,6.25883150100708,3.8386267948789725,-0.14417042103464825,0.003734082418730182,-0.10044513248845668,0.0,0.0,0.0,0.0,0.0,0.0
1769449972.841491,7.023336887359619,6.25883150100708,3.8386267948789725,-0.14417042103464825,0.003734082418730182,-0.10044513248845668,0.0,0.0,0.0,0.0,0.0,0.0
1769449972.891424,7.033403635025024,6.26757287979126,3.849179250316219,-0.14210170850315082,0.0028513634619168576,-0.10040043015920362,0.0,0.0,0.0,0.0,0.0,0.0
1769449972.9414177,7.033403635025024,6.26757287979126,3.849179250316219,-0.14210170850315082,0.0028513634619168576,-0.10040043015920362,0.0,0.0,0.0,0.0,0.0,0.0
1769449972.9914322,7.04288387298584,6.276057720184326,3.8579210692651817,-0.14003176619010038,0.0022145046825234665,-0.09952546457871941,0.0,0.0,0.0,0.0,0.0,0.0
1769449973.0415092,7.04288387298584,6.276057720184326,3.8579210692651817,-0.14003176619010038,0.0022145046825234665,-0.09952546457871941,0.0,0.0,0.0,0.0,0.0,0.0
1769449973.0915096,7.052537679672241,6.284517288208008,3.8674929205555233,-0.13804376466482646,0.001752502559792666,-0.09853296259459965,0.0,0.0,0.0,0.0,0.0,0.0
1769449973.141527,7.052537679672241,6.284517288208008,3.8674929205555233,-0.13804376466482646,0.001752502559792666,-0.09853296259459965,0.0,0.0,0.0,0.0,0.0,0.0
1769449973.1916058,7.061821937561035,6.291534423828125,3.8766626280695653,-0.1358269369049145,0.0010908169243521427,-0.09740085670220294,0.0,0.0,0.0,0.0,0.0,0.0
1769449973.2415047,7.061821937561035,6.291534423828125,3.8766626280695653,-0.1358269369049145,0.0010908169243521427,-0.09740085670220294,0.0,0.0,0.0,0.0,0.0,0.0
1769449973.291446,7.0710768699646,6.299980163574219,3.88579162474736,-0.1336516434491746,0.00047143917020613536,-0.09623852045626581,0.0,0.0,0.0,0.0,0.0,0.0
1769449973.3413825,7.0710768699646,6.299980163574219,3.88579162474736,-0.1336516434491746,0.00047143917020613536,-0.09623852045626581,0.0,0.0,0.0,0.0,0.0,0.0
1769449973.3914757,7.079404830932617,6.308279514312744,3.896060631379883,-0.13143709935212108,0.00012270241950897804,-0.09607189967368841,0.0,0.0,0.0,0.0,0.0,0.0
1769449973.4414644,7.079404830932617,6.308279514312744,3.896060631379883,-0.13143709935212108,0.00012270241950897804,-0.09607189967368841,0.0,0.0,0.0,0.0,0.0,0.0
1769449973.4914598,7.0886452198028564,6.316455364227295,3.902012531355322,-0.12943036108211908,-0.00015643957466911148,-0.09335701615851646,0.0,0.0,0.0,0.0,0.0,0.0
1769449973.5415006,7.0886452198028564,6.316455364227295,3.902012531355322,-0.12943036108211908,-0.00015643957466911148,-0.09335701615851646,0.0,0.0,0.0,0.0,0.0,0.0
1769449973.5914574,7.096816539764404,6.324512958526611,3.911660314354177,-0.1274673071349089,-0.00029168568958560425,-0.09141890141242127,0.0,0.0,0.0,0.0,0.0,0.0
1769449973.641516,7.096816539764404,6.324512958526611,3.911660314354177,-0.1274673071349089,-0.00029168568958560425,-0.09141890141242127,0.0,0.0,0.0,0.0,0.0,0.0
1769449973.6914196,7.105680227279663,6.331788063049316,3.9201304798223036,-0.12553857275755329,-0.0006416796160422973,-0.08997795392530895,0.0,0.0,0.0,0.0,0.0,0.0
1769449973.7415178,7.105680227279663,6.331788063049316,3.9201304798223036,-0.12553857275755329,-0.0006416796160422973,-0.08997795392530895,0.0,0.0,0.0,0.0,0.0,0.0
1769449973.791418,7.1135475635528564,6.340435981750488,3.9285898875136662,-0.12374563100840573,-0.0007845582795238646,-0.0888536430962198,0.0,0.0,0.0,0.0,0.0,0.0
1769449973.841522,7.1135475635528564,6.340435981750488,3.9285898875136662,-0.12374563100840573,-0.0007845582795238646,-0.0888536430962198,0.0,0.0,0.0,0.0,0.0,0.0
1769449973.8914533,7.122419118881226,6.348433494567871,3.932903655561635,-0.12225907231136701,-0.0009831874018941113,-0.08470255389972522,0.0,0.0,0.0,0.0,0.0,0.0
1769449973.9414752,7.122419118881226,6.348433494567871,3.932903655561635,-0.12225907231136701,-0.0009831874018941113,-0.08470255389972522,0.0,0.0,0.0,0.0,0.0,0.0
1769449973.9914572,7.130915403366089,6.355710506439209,3.940159201673454,-0.12088039495857315,-0.0014398177950428878,-0.08062582403670042,0.0,0.0,0.0,0.0,0.0,0.0
1769449974.0416076,7.130915403366089,6.355710506439209,3.940159201673454,-0.12088039495857315,-0.0014398177950428878,-0.08062582403670042,0.0,0.0,0.0,0.0,0.0,0.0
1769449974.091478,7.138991594314575,6.363425254821777,3.9481285633007546,-0.1195496803073766,-0.0019946423681102667,-0.07824461007708486,0.0,0.0,0.0,0.0,0.0,0.0
1769449974.1415348,7.138991594314575,6.363425254821777,3.9481285633007546,-0.1195496803073766,-0.0019946423681102667,-0.07824461007708486,0.0,0.0,0.0,0.0,0.0,0.0
1769449974.1915836,7.146554946899414,6.371339321136475,3.9601061396961685,-0.11819521618487976,-0.0024134032824082363,-0.08055195370913158,0.0,0.0,0.0,0.0,0.0,0.0
1769449974.2414997,7.146554946899414,6.371339321136475,3.9601061396961685,-0.11819521618487976,-0.0024134032824082363,-0.08055195370913158,0.0,0.0,0.0,0.0,0.0,0.0
1769449974.2914538,7.153653383255005,6.378634452819824,3.966987022782368,-0.11659315941971955,-0.002680157117587196,-0.0821020576235991,0.0,0.0,0.0,0.0,0.0,0.0
1769449974.3414912,7.153653383255005,6.378634452819824,3.966987022782368,-0.11659315941971955,-0.002680157117587196,-0.0821020576235991,0.0,0.0,0.0,0.0,0.0,0.0
1769449974.391501,7.163183212280273,6.3846282958984375,3.965715396920285,-0.11501498302879624,-0.003669699645030708,-0.07536980236511093,0.0,0.0,0.0,0.0,0.0,0.0
1769449974.4415753,7.163183212280273,6.3846282958984375,3.965715396920285,-0.11501498302879624,-0.003669699645030708,-0.07536980236511093,0.0,0.0,0.0,0.0,0.0,0.0
1769449974.4914846,7.1694605350494385,6.393703460693359,3.982823165741928,-0.11357569041655254,-0.004148194404752094,-0.07697927087562141,0.0,0.0,0.0,0.0,0.0,0.0
1769449974.5415406,7.1694605350494385,6.393703460693359,3.982823165741928,-0.11357569041655254,-0.004148194404752094,-0.07697927087562141,0.0,0.0,0.0,0.0,0.0,0.0
1769449974.5914717,7.177161931991577,6.4007744789123535,3.989609400847552,-0.11220987270004813,-0.004508028045332749,-0.07924128087549806,0.0,0.0,0.0,0.0,0.0,0.0
1769449974.6416109,7.177161931991577,6.4007744789123535,3.989609400847552,-0.11220987270004813,-0.004508028045332749,-0.07924128087549806,0.0,0.0,0.0,0.0,0.0,0.0
1769449974.691609,7.183801651000977,6.408688068389893,3.9990822822918015,-0.1108723574271334,-0.00452068393120035,-0.08190952203214805,0.0,0.0,0.0,0.0,0.0,0.0
1769449974.7416427,7.183801651000977,6.408688068389893,3.9990822822918015,-0.1108723574271334,-0.00452068393120035,-0.08190952203214805,0.0,0.0,0.0,0.0,0.0,0.0
1769449974.7915943,7.191642999649048,6.416910648345947,4.0102817401955875,-0.1099223674601679,-0.004411840336092993,-0.08589302269958457,0.0,0.0,0.0,0.0,0.0,0.0
1769449974.8416283,7.191642999649048,6.416910648345947,4.0102817401955875,-0.1099223674601679,-0.004411840336092993,-0.08589302269958457,0.0,0.0,0.0,0.0,0.0,0.0
1769449974.8915327,7.198575258255005,6.422671794891357,4.014587100713195,-0.10867597173018745,-0.004656900002289127,-0.08514041254295719,0.0,0.0,0.0,0.0,0.0,0.0
1769449974.9416142,7.198575258255005,6.422671794891357,4.014587100713195,-0.10867597173018745,-0.004656900002289127,-0.08514041254295719,0.0,0.0,0.0,0.0,0.0,0.0
1769449974.9915586,7.206875562667847,6.428544998168945,4.012121381625716,-0.1072706750769162,-0.005668264599549516,-0.07494887627297153,0.0,0.0,0.0,0.0,0.0,0.0
1769449975.0415616,7.206875562667847,6.428544998168945,4.012121381625716,-0.1072706750769162,-0.005668264599549516,-0.07494887627297153,0.0,0.0,0.0,0.0,0.0,0.0
1769449975.0915964,7.211271047592163,6.437410831451416,4.033949387393916,-0.10570934538119009,-0.005874776299923193,-0.07801811078468268,0.0,0.0,0.0,0.0,0.0,0.0
1769449975.141588,7.211271047592163,6.437410831451416,4.033949387393916,-0.10570934538119009,-0.005874776299923193,-0.07801811078468268,0.0,0.0,0.0,0.0,0.0,0.0
1769449975.1914728,7.218871116638184,6.444500923156738,4.0380704108972765,-0.10434643339217359,-0.005968492351681381,-0.08015437634847132,0.0,0.0,0.0,0.0,0.0,0.0
1769449975.2414582,7.218871116638184,6.444500923156738,4.0380704108972765,-0.10434643339217359,-0.005968492351681381,-0.08015437634847132,0.0,0.0,0.0,0.0,0.0,0.0
1769449975.2915494,7.2264299392700195,6.451491832733154,4.051158902148252,-0.1032894572831895,-0.006301442652855173,-0.08512136945569883,0.0,0.0,0.0,0.0,0.0,0.0
1769449975.341575,7.2264299392700195,6.451491832733154,4.051158902148252,-0.1032894572831895,-0.006301442652855173,-0.08512136945569883,0.0,0.0,0.0,0.0,0.0,0.0
1769449975.39162,7.231719493865967,6.45848274230957,4.056347598158869,-0.10207169297271457,-0.006430988582702959,-0.08605368872254747,0.0,0.0,0.0,0.0,0.0,0.0
1769449975.441556,7.231719493865967,6.45848274230957,4.056347598158869,-0.10207169297271457,-0.006430988582702959,-0.08605368872254747,0.0,0.0,0.0,0.0,0.0,0.0
1769449975.4915416,7.24011492729187,6.464144706726074,4.053609067007565,-0.1008949935808421,-0.007256477127935005,-0.07671387671617841,0.0,0.0,0.0,0.0,0.0,0.0
1769449975.5415666,7.24011492729187,6.464144706726074,4.053609067007565,-0.1008949935808421,-0.007256477127935005,-0.07671387671617841,0.0,0.0,0.0,0.0,0.0,0.0
1769449975.591496,7.244569778442383,6.472544193267822,4.070681197661245,-0.09972815149759034,-0.007463705527604606,-0.07620106792310753,0.0,0.0,0.0,0.0,0.0,0.0
1769449975.6415694,7.244569778442383,6.472544193267822,4.070681197661245,-0.09972815149759034,-0.007463705527604606,-0.07620106792310753,0.0,0.0,0.0,0.0,0.0,0.0
1769449975.6915166,7.252294301986694,6.478332996368408,4.069232728177487,-0.09861731007706023,-0.007993213110868732,-0.07097663448201662,0.0,0.0,0.0,0.0,0.0,0.0
1769449975.7415369,7.252294301986694,6.478332996368408,4.069232728177487,-0.09861731007706023,-0.007993213110868732,-0.07097663448201662,0.0,0.0,0.0,0.0,0.0,0.0
1769449975.79146,7.256699085235596,6.486263751983643,4.0893075976528275,-0.09746748473997008,-0.007915112132033107,-0.07699649471242968,0.0,0.0,0.0,0.0,0.0,0.0
1769449975.841495,7.256699085235596,6.486263751983643,4.0893075976528275,-0.09746748473997008,-0.007915112132033107,-0.07699649471242968,0.0,0.0,0.0,0.0,0.0,0.0
1769449975.8913915,7.2648766040802,6.492106914520264,4.086741174026236,-0.09651442605596179,-0.00836152868422852,-0.07517085285273295,0.0,0.0,0.0,0.0,0.0,0.0
1769449975.9415143,7.2648766040802,6.492106914520264,4.086741174026236,-0.09651442605596179,-0.00836152868422852,-0.07517085285273295,0.0,0.0,0.0,0.0,0.0,0.0
1769449975.9915307,7.269704580307007,6.500016689300537,4.100488280043971,-0.09568979638143892,-0.008442769289032776,-0.07706933043648273,0.0,0.0,0.0,0.0,0.0,0.0
1769449976.041406,7.269704580307007,6.500016689300537,4.100488280043971,-0.09568979638143892,-0.008442769289032776,-0.07706933043648273,0.0,0.0,0.0,0.0,0.0,0.0
1769449976.091604,7.275487184524536,6.5067338943481445,4.109798329655871,-0.0948593813913528,-0.00837114345642092,-0.08032666149758942,0.0,0.0,0.0,0.0,0.0,0.0
1769449976.141565,7.275487184524536,6.5067338943481445,4.109798329655871,-0.0948593813913528,-0.00837114345642092,-0.08032666149758942,0.0,0.0,0.0,0.0,0.0,0.0
1769449976.1915107,7.2801384925842285,6.513548851013184,4.119003564219998,-0.09380230784247665,-0.007985280754112624,-0.08344734272759334,0.0,0.0,0.0,0.0,0.0,0.0
1769449976.2415795,7.2801384925842285,6.513548851013184,4.119003564219998,-0.09380230784247665,-0.007985280754112624,-0.08344734272759334,0.0,0.0,0.0,0.0,0.0,0.0
1769449976.291523,7.287798643112183,6.519334316253662,4.119464744944292,-0.09281362149035835,-0.008283386072034738,-0.07901129916937372,0.0,0.0,0.0,0.0,0.0,0.0
1769449976.3415585,7.287798643112183,6.519334316253662,4.119464744944292,-0.09281362149035835,-0.008283386072034738,-0.07901129916937372,0.0,0.0,0.0,0.0,0.0,0.0
1769449976.391384,7.292727708816528,6.527116775512695,4.133330140373533,-0.09202968098453261,-0.008459568557105406,-0.07929623442480166,0.0,0.0,0.0,0.0,0.0,0.0
1769449976.4415498,7.292727708816528,6.527116775512695,4.133330140373533,-0.09202968098453261,-0.008459568557105406,-0.07929623442480166,0.0,0.0,0.0,0.0,0.0,0.0
1769449976.4914489,7.2984137535095215,6.53352689743042,4.140453373414218,-0.09126875419605575,-0.008680529996023374,-0.07998725053350096,0.0,0.0,0.0,0.0,0.0,0.0
1769449976.5415018,7.2984137535095215,6.53352689743042,4.140453373414218,-0.09126875419605575,-0.008680529996023374,-0.07998725053350096,0.0,0.0,0.0,0.0,0.0,0.0
1769449976.5914876,7.3033037185668945,6.539453983306885,4.145320903713792,-0.0902046335788313,-0.008894590000518633,-0.0780345337966296,0.0,0.0,0.0,0.0,0.0,0.0
1769449976.6415138,7.3033037185668945,6.539453983306885,4.145320903713792,-0.0902046335788313,-0.008894590000518633,-0.0780345337966296,0.0,0.0,0.0,0.0,0.0,0.0
1769449976.6914744,7.30909538269043,6.545320510864258,4.147921751701069,-0.08894595883192047,-0.009331411771918655,-0.07218792532658656,0.0,0.0,0.0,0.0,0.0,0.0
1769449976.7414994,7.30909538269043,6.545320510864258,4.147921751701069,-0.08894595883192047,-0.009331411771918655,-0.07218792532658656,0.0,0.0,0.0,0.0,0.0,0.0
1769449976.7915506,7.313772439956665,6.552494049072266,4.161095741776357,-0.08776019264659146,-0.009511216053721823,-0.07254922382680286,0.0,0.0,0.0,0.0,0.0,0.0
1769449976.8415952,7.313772439956665,6.552494049072266,4.161095741776357,-0.08776019264659146,-0.009511216053721823,-0.07254922382680286,0.0,0.0,0.0,0.0,0.0,0.0
1769449976.89155,7.320677042007446,6.558895587921143,4.165013352493812,-0.08697375241806397,-0.010037310046369513,-0.07166700246814212,0.0,0.0,0.0,0.0,0.0,0.0
1769449976.9415085,7.320677042007446,6.558895587921143,4.165013352493812,-0.08697375241806397,-0.010037310046369513,-0.07166700246814212,0.0,0.0,0.0,0.0,0.0,0.0
1769449976.991404,7.323956727981567,6.565061569213867,4.179218336635749,-0.08595230056772,-0.010165104976478444,-0.07637347895859592,0.0,0.0,0.0,0.0,0.0,0.0
1769449977.041616,7.323956727981567,6.565061569213867,4.179218336635749,-0.08595230056772,-0.010165104976478444,-0.07637347895859592,0.0,0.0,0.0,0.0,0.0,0.0
1769449977.0914302,7.327702283859253,6.57163143157959,4.1937252694255545,-0.08470791346098447,-0.009747545944581463,-0.08582993954872586,0.0,0.0,0.0,0.0,0.0,0.0
1769449977.1414194,7.327702283859253,6.57163143157959,4.1937252694255545,-0.08470791346098447,-0.009747545944581463,-0.08582993954872586,0.0,0.0,0.0,0.0,0.0,0.0
1769449977.191519,7.331918716430664,6.576939105987549,4.198031478887081,-0.08307481031950362,-0.0092205479338139,-0.08904146239570182,0.0,0.0,0.0,0.0,0.0,0.0
1769449977.2417147,7.331918716430664,6.576939105987549,4.198031478887081,-0.08307481031950362,-0.0092205479338139,-0.08904146239570182,0.0,0.0,0.0,0.0,0.0,0.0
1769449977.2914338,7.338900566101074,6.58371639251709,4.197697983226304,-0.08200047058477593,-0.00931631010368642,-0.08212948553693661,0.0,0.0,0.0,0.0,0.0,0.0
1769449977.3415122,7.338900566101074,6.58371639251709,4.197697983226304,-0.08200047058477593,-0.00931631010368642,-0.08212948553693661,0.0,0.0,0.0,0.0,0.0,0.0
1769449977.3914318,7.342184782028198,6.589753150939941,4.213678053960414,-0.08094234398672989,-0.009342133604111489,-0.08174968716449652,0.0,0.0,0.0,0.0,0.0,0.0
1769449977.4415226,7.342184782028198,6.589753150939941,4.213678053960414,-0.08094234398672989,-0.009342133604111489,-0.08174968716449652,0.0,0.0,0.0,0.0,0.0,0.0
1769449977.4914389,7.346814393997192,6.597526550292969,4.216766517472459,-0.08041534993463172,-0.009121430240363396,-0.07915284892433347,0.0,0.0,0.0,0.0,0.0,0.0
1769449977.5414445,7.346814393997192,6.597526550292969,4.216766517472459,-0.08041534993463172,-0.009121430240363396,-0.07915284892433347,0.0,0.0,0.0,0.0,0.0,0.0
1769449977.5913992,7.3505659103393555,6.602907180786133,4.227053526569524,-0.07970577976660057,-0.00881121349715937,-0.07893040023186171,0.0,0.0,0.0,0.0,0.0,0.0
1769449977.641552,7.3505659103393555,6.602907180786133,4.227053526569524,-0.07970577976660057,-0.00881121349715937,-0.07893040023186171,0.0,0.0,0.0,0.0,0.0,0.0
1769449977.6914325,7.355039119720459,6.609442710876465,4.239091072046853,-0.07907452109775495,-0.008546594683267135,-0.0826628528722885,0.0,0.0,0.0,0.0,0.0,0.0
1769449977.741417,7.355039119720459,6.609442710876465,4.239091072046853,-0.07907452109775495,-0.008546594683267135,-0.0826628528722885,0.0,0.0,0.0,0.0,0.0,0.0
1769449977.7914016,7.359283924102783,6.616942405700684,4.239397063010007,-0.0788223738320807,-0.008173868256150154,-0.07954955194840932,0.0,0.0,0.0,0.0,0.0,0.0
1769449977.8415568,7.359283924102783,6.616942405700684,4.239397063010007,-0.0788223738320807,-0.008173868256150154,-0.07954955194840932,0.0,0.0,0.0,0.0,0.0,0.0
1769449977.8915565,7.365198850631714,6.621747016906738,4.245004199527962,-0.07851767994121275,-0.008575561844909964,-0.07425346144732974,0.0,0.0,0.0,0.0,0.0,0.0
1769449977.9416063,7.365198850631714,6.621747016906738,4.245004199527962,-0.07851767994121275,-0.008575561844909964,-0.07425346144732974,0.0,0.0,0.0,0.0,0.0,0.0
1769449977.9915857,7.368577480316162,6.626022815704346,4.26010114161712,-0.07744915167443588,-0.00931806532471975,-0.07669435839527487,0.0,0.0,0.0,0.0,0.0,0.0
1769449978.0416398,7.368577480316162,6.626022815704346,4.26010114161712,-0.07744915167443588,-0.00931806532471975,-0.07669435839527487,0.0,0.0,0.0,0.0,0.0,0.0
1769449978.0916023,7.373233795166016,6.63399076461792,4.276230369095687,-0.07675403198057824,-0.009943289874853031,-0.08662969608218372,0.0,0.0,0.0,0.0,0.0,0.0
1769449978.141627,7.373233795166016,6.63399076461792,4.276230369095687,-0.07675403198057824,-0.009943289874853031,-0.08662969608218372,0.0,0.0,0.0,0.0,0.0,0.0
1769449978.1915293,7.380266189575195,6.638710021972656,4.261040870809593,-0.07627583075803834,-0.011445485860360217,-0.07545892937782203,0.0,0.0,0.0,0.0,0.0,0.0
1769449978.2416468,7.380266189575195,6.638710021972656,4.261040870809593,-0.07627583075803834,-0.011445485860360217,-0.07545892937782203,0.0,0.0,0.0,0.0,0.0,0.0
1769449978.2915,7.384195804595947,6.645665645599365,4.269875903070043,-0.07608085325173776,-0.012788938161609883,-0.06487480809935094,0.0,0.0,0.0,0.0,0.0,0.0
1769449978.3415844,7.384195804595947,6.645665645599365,4.269875903070043,-0.07608085325173776,-0.012788938161609883,-0.06487480809935094,0.0,0.0,0.0,0.0,0.0,0.0
1769449978.3916068,7.386755466461182,6.649681091308594,4.285211815536649,-0.07511007475492008,-0.013592004549478306,-0.06590506104915565,0.0,0.0,0.0,0.0,0.0,0.0
1769449978.441646,7.386755466461182,6.649681091308594,4.285211815536649,-0.07511007475492008,-0.013592004549478306,-0.06590506104915565,0.0,0.0,0.0,0.0,0.0,0.0
1769449978.4915433,7.390986680984497,6.659789085388184,4.288463279872365,-0.07511776462239253,-0.013401905523313645,-0.06674483763585809,0.0,0.0,0.0,0.0,0.0,0.0
1769449978.5416644,7.390986680984497,6.659789085388184,4.288463279872365,-0.07511776462239253,-0.013401905523313645,-0.06674483763585809,0.0,0.0,0.0,0.0,0.0,0.0
1769449978.5916245,7.395064830780029,6.664364814758301,4.303354072248439,-0.07500063178503376,-0.013029451931889032,-0.07361762729867775,0.0,0.0,0.0,0.0,0.0,0.0
1769449978.6416645,7.395064830780029,6.664364814758301,4.303354072248439,-0.07500063178503376,-0.013029451931889032,-0.07361762729867775,0.0,0.0,0.0,0.0,0.0,0.0
1769449978.6915612,7.398780345916748,6.671089172363281,4.316528621888468,-0.07490195505580637,-0.012478373013352867,-0.08358244870460756,0.0,0.0,0.0,0.0,0.0,0.0
1769449978.7415767,7.398780345916748,6.671089172363281,4.316528621888468,-0.07490195505580637,-0.012478373013352867,-0.08358244870460756,0.0,0.0,0.0,0.0,0.0,0.0
1769449978.7915733,7.40136194229126,6.675000190734863,4.3221832459067375,-0.07390002454042185,-0.011883754838197686,-0.08792682354446318,0.0,0.0,0.0,0.0,0.0,0.0
1769449978.8416612,7.40136194229126,6.675000190734863,4.3221832459067375,-0.07390002454042185,-0.011883754838197686,-0.08792682354446318,0.0,0.0,0.0,0.0,0.0,0.0
1769449978.8917055,7.406492471694946,6.683253765106201,4.329954940862645,-0.07345749580972323,-0.01149536245707366,-0.08822937167321379,0.0,0.0,0.0,0.0,0.0,0.0
1769449978.9415712,7.406492471694946,6.683253765106201,4.329954940862645,-0.07345749580972323,-0.01149536245707366,-0.08822937167321379,0.0,0.0,0.0,0.0,0.0,0.0
1769449978.9914496,7.4108662605285645,6.689417839050293,4.334693566886282,-0.07334901948462987,-0.011470574399715633,-0.08420299840800693,0.0,0.0,0.0,0.0,0.0,0.0
1769449979.0416293,7.4108662605285645,6.689417839050293,4.334693566886282,-0.07334901948462987,-0.011470574399715633,-0.08420299840800693,0.0,0.0,0.0,0.0,0.0,0.0
1769449979.0914924,7.414984226226807,6.696279525756836,4.344616462357335,-0.0735757776105762,-0.0116488959677431,-0.08200056155758698,0.0,0.0,0.0,0.0,0.0,0.0
1769449979.1415863,7.414984226226807,6.696279525756836,4.344616462357335,-0.0735757776105762,-0.0116488959677431,-0.08200056155758698,0.0,0.0,0.0,0.0,0.0,0.0
1769449979.1916194,7.415165901184082,6.697835445404053,4.35695705922115,-0.0720025907458806,-0.011452299127692992,-0.0844415105915316,0.0,0.0,0.0,0.0,0.0,0.0
1769449979.2414837,7.415165901184082,6.697835445404053,4.35695705922115,-0.0720025907458806,-0.011452299127692992,-0.0844415105915316,0.0,0.0,0.0,0.0,0.0,0.0
1769449979.291561,7.421593189239502,6.706747055053711,4.358521592803124,-0.07114117949716305,-0.011639904104733539,-0.08159633050468106,0.0,0.0,0.0,0.0,0.0,0.0
1769449979.3416407,7.421593189239502,6.706747055053711,4.358521592803124,-0.07114117949716305,-0.011639904104733539,-0.08159633050468106,0.0,0.0,0.0,0.0,0.0,0.0
1769449979.3915813,7.421974182128906,6.7122650146484375,4.3912217709951555,-0.07014171832811741,-0.011118889342787682,-0.09789925896448251,0.0,0.0,0.0,0.0,0.0,0.0
1769449979.4416087,7.421974182128906,6.7122650146484375,4.3912217709951555,-0.07014171832811741,-0.011118889342787682,-0.09789925896448251,0.0,0.0,0.0,0.0,0.0,0.0
1769449979.491564,7.429040431976318,6.718594551086426,4.373289781853798,-0.06977248307686869,-0.011503431147263442,-0.0902185259685023,0.0,0.0,0.0,0.0,0.0,0.0
1769449979.5421247,7.429040431976318,6.718594551086426,4.373289781853798,-0.06977248307686869,-0.011503431147263442,-0.0902185259685023,0.0,0.0,0.0,0.0,0.0,0.0
1769449979.5915155,7.429019451141357,6.720489978790283,4.391057971090951,-0.06804638265138035,-0.011675826440285001,-0.08676360279181147,0.0,0.0,0.0,0.0,0.0,0.0
1769449979.6415718,7.429019451141357,6.720489978790283,4.391057971090951,-0.06804638265138035,-0.011675826440285001,-0.08676360279181147,0.0,0.0,0.0,0.0,0.0,0.0
1769449979.6914918,7.4346301555633545,6.729054927825928,4.389540053408842,-0.06714828155521385,-0.012122354483685953,-0.07784573394520834,0.0,0.0,0.0,0.0,0.0,0.0
1769449979.7415187,7.4346301555633545,6.729054927825928,4.389540053408842,-0.06714828155521385,-0.012122354483685953,-0.07784573394520834,0.0,0.0,0.0,0.0,0.0,0.0
1769449979.791539,7.43822717666626,6.734461784362793,4.399683315117109,-0.06664485029434655,-0.012753939253755075,-0.07325044137020008,0.0,0.0,0.0,0.0,0.0,0.0
1769449979.8415296,7.43822717666626,6.734461784362793,4.399683315117109,-0.06664485029434655,-0.012753939253755075,-0.07325044137020008,0.0,0.0,0.0,0.0,0.0,0.0
1769449979.891453,7.44141697883606,6.739152431488037,4.414539470091627,-0.0660198773975023,-0.013445950803434997,-0.07758609244036913,0.0,0.0,0.0,0.0,0.0,0.0
1769449979.9415386,7.44141697883606,6.739152431488037,4.414539470091627,-0.0660198773975023,-0.013445950803434997,-0.07758609244036913,0.0,0.0,0.0,0.0,0.0,0.0
1769449979.9914572,7.444487810134888,6.745634078979492,4.411091874678591,-0.06563452163994908,-0.013889352310015379,-0.07348893088324976,0.0,0.0,0.0,0.0,0.0,0.0
1769449980.041508,7.444487810134888,6.745634078979492,4.411091874678591,-0.06563452163994908,-0.013889352310015379,-0.07348893088324976,0.0,0.0,0.0,0.0,0.0,0.0
1769449980.0915296,7.44486665725708,6.749910831451416,4.431687161150027,-0.06464494222520006,-0.013434852653247752,-0.07944553344699654,0.0,0.0,0.0,0.0,0.0,0.0
1769449980.1415195,7.44486665725708,6.749910831451416,4.431687161150027,-0.06464494222520006,-0.013434852653247752,-0.07944553344699654,0.0,0.0,0.0,0.0,0.0,0.0
1769449980.1916082,7.450164079666138,6.756505489349365,4.432275435737633,-0.06408496967748956,-0.013286454849691737,-0.0795564390768649,0.0,0.0,0.0,0.0,0.0,0.0
1769449980.2413962,7.450164079666138,6.756505489349365,4.432275435737633,-0.06408496967748956,-0.013286454849691737,-0.0795564390768649,0.0,0.0,0.0,0.0,0.0,0.0
1769449980.291464,7.453261375427246,6.761785507202148,4.439420911126404,-0.0636722391461478,-0.013364291080050055,-0.0775540716769336,0.0,0.0,0.0,0.0,0.0,0.0
1769449980.3414044,7.453261375427246,6.761785507202148,4.439420911126404,-0.0636722391461478,-0.013364291080050055,-0.0775540716769336,0.0,0.0,0.0,0.0,0.0,0.0
1769449980.391437,7.456327199935913,6.767009735107422,4.4461231943112205,-0.06324431967844761,-0.013590433969026804,-0.0750562069214583,0.0,0.0,0.0,0.0,0.0,0.0
1769449980.441521,7.456327199935913,6.767009735107422,4.4461231943112205,-0.06324431967844761,-0.013590433969026804,-0.0750562069214583,0.0,0.0,0.0,0.0,0.0,0.0
1769449980.49143,7.458188056945801,6.771014213562012,4.453141837865351,-0.06226280821624748,-0.013650985917225309,-0.0731261670936835,0.0,0.0,0.0,0.0,0.0,0.0
1769449980.5415478,7.458188056945801,6.771014213562012,4.453141837865351,-0.06226280821624748,-0.013650985917225309,-0.0731261670936835,0.0,0.0,0.0,0.0,0.0,0.0
1769449980.5915196,7.4623425006866455,6.77794885635376,4.462345364922562,-0.06176853718287233,-0.013887889252130728,-0.0736419754914208,0.0,0.0,0.0,0.0,0.0,0.0
1769449980.6415722,7.4623425006866455,6.77794885635376,4.462345364922562,-0.06176853718287233,-0.013887889252130728,-0.0736419754914208,0.0,0.0,0.0,0.0,0.0,0.0
1769449980.691562,7.466078996658325,6.784329414367676,4.470703243558876,-0.06188461618934516,-0.01434502662481366,-0.07531727992985432,0.0,0.0,0.0,0.0,0.0,0.0
1769449980.7415392,7.466078996658325,6.784329414367676,4.470703243558876,-0.06188461618934516,-0.01434502662481366,-0.07531727992985432,0.0,0.0,0.0,0.0,0.0,0.0
1769449980.7915456,7.468167066574097,6.788861274719238,4.477646368693032,-0.061805475333285245,-0.01465360574101151,-0.07610187770960311,0.0,0.0,0.0,0.0,0.0,0.0
1769449980.8415494,7.468167066574097,6.788861274719238,4.477646368693032,-0.061805475333285245,-0.01465360574101151,-0.07610187770960311,0.0,0.0,0.0,0.0,0.0,0.0
1769449980.8914964,7.471238136291504,6.794486045837402,4.48302062293676,-0.061665928073645994,-0.014898955484755772,-0.07457893469911132,0.0,0.0,0.0,0.0,0.0,0.0
1769449980.9415853,7.471238136291504,6.794486045837402,4.48302062293676,-0.061665928073645994,-0.014898955484755772,-0.07457893469911132,0.0,0.0,0.0,0.0,0.0,0.0
1769449980.9914792,7.474365472793579,6.800342559814453,4.482286114901594,-0.061615234761028426,-0.015128881139115388,-0.0667309698841016,0.0,0.0,0.0,0.0,0.0,0.0
1769449981.0415905,7.474365472793579,6.800342559814453,4.482286114901594,-0.061615234761028426,-0.015128881139115388,-0.0667309698841016,0.0,0.0,0.0,0.0,0.0,0.0
1769449981.0914617,7.477283239364624,6.805177211761475,4.495477765646486,-0.06135489183257531,-0.015390859103813876,-0.06577857498387811,0.0,0.0,0.0,0.0,0.0,0.0
1769449981.1415794,7.477283239364624,6.805177211761475,4.495477765646486,-0.06135489183257531,-0.015390859103813876,-0.06577857498387811,0.0,0.0,0.0,0.0,0.0,0.0
1769449981.1915445,7.478884696960449,6.8114471435546875,4.506777737169381,-0.061156111380700005,-0.015180304086425778,-0.0706329541184803,0.0,0.0,0.0,0.0,0.0,0.0
1769449981.2415714,7.478884696960449,6.8114471435546875,4.506777737169381,-0.061156111380700005,-0.015180304086425778,-0.0706329541184803,0.0,0.0,0.0,0.0,0.0,0.0
1769449981.2915304,7.482240676879883,6.817612171173096,4.513258586278318,-0.06122951055825318,-0.014971916246074912,-0.07438635531693769,0.0,0.0,0.0,0.0,0.0,0.0
1769449981.3415318,7.482240676879883,6.817612171173096,4.513258586278318,-0.06122951055825318,-0.014971916246074912,-0.07438635531693769,0.0,0.0,0.0,0.0,0.0,0.0
1769449981.391499,7.4797163009643555,6.825058937072754,4.561409845442719,-0.06154634442662942,-0.01308652623275446,-0.10817438571991893,0.0,0.0,0.0,0.0,0.0,0.0
1769449981.4415832,7.4797163009643555,6.825058937072754,4.561409845442719,-0.06154634442662942,-0.01308652623275446,-0.10817438571991893,0.0,0.0,0.0,0.0,0.0,0.0
1769449981.4914849,7.4883551597595215,6.827134132385254,4.520751373978677,-0.0611928075143313,-0.01314239619026299,-0.09454560088166097,0.0,0.0,0.0,0.0,0.0,0.0
1769449981.5415506,7.4883551597595215,6.827134132385254,4.520751373978677,-0.0611928075143313,-0.01314239619026299,-0.09454560088166097,0.0,0.0,0.0,0.0,0.0,0.0
1769449981.5914822,7.490584135055542,6.831274509429932,4.532230798251664,-0.06009764626248216,-0.014041255265896136,-0.07666616455743586,0.0,0.0,0.0,0.0,0.0,0.0
1769449981.6414843,7.490584135055542,6.831274509429932,4.532230798251664,-0.06009764626248216,-0.014041255265896136,-0.07666616455743586,0.0,0.0,0.0,0.0,0.0,0.0
1769449981.6914709,7.493032455444336,6.836390495300293,4.540168803876972,-0.05875504525741554,-0.01512394320751301,-0.06561036785848212,0.0,0.0,0.0,0.0,0.0,0.0
1769449981.7414832,7.493032455444336,6.836390495300293,4.540168803876972,-0.05875504525741554,-0.01512394320751301,-0.06561036785848212,0.0,0.0,0.0,0.0,0.0,0.0
1769449981.7915049,7.496196269989014,6.843225002288818,4.531749874569907,-0.058048035175235914,-0.01616007410159267,-0.04920076811736428,0.0,0.0,0.0,0.0,0.0,0.0
1769449981.8415692,7.496196269989014,6.843225002288818,4.531749874569907,-0.058048035175235914,-0.01616007410159267,-0.04920076811736428,0.0,0.0,0.0,0.0,0.0,0.0
1769449981.8914948,7.495321750640869,6.842108249664307,4.522362834666071,-0.05548266770259165,-0.016254329145411563,-0.027304664750796858,0.0,0.0,0.0,0.0,0.0,0.0
1769449981.9415205,7.495321750640869,6.842108249664307,4.522362834666071,-0.05548266770259165,-0.016254329145411563,-0.027304664750796858,0.0,0.0,0.0,0.0,0.0,0.0
1769449981.9915268,7.502057313919067,6.858020782470703,4.54871266800078,-0.05634409819641647,-0.016583182779798537,-0.031928729387587576,0.0,0.0,0.0,0.0,0.0,0.0
1769449982.0415702,7.502057313919067,6.858020782470703,4.54871266800078,-0.05634409819641647,-0.016583182779798537,-0.031928729387587576,0.0,0.0,0.0,0.0,0.0,0.0
1769449982.0915737,7.502842426300049,6.857027053833008,4.558305417453244,-0.056346093485340504,-0.016762706235086224,-0.046129030855251274,0.0,0.0,0.0,0.0,0.0,0.0
1769449982.1415863,7.502842426300049,6.857027053833008,4.558305417453244,-0.056346093485340504,-0.016762706235086224,-0.046129030855251274,0.0,0.0,0.0,0.0,0.0,0.0
1769449982.1915383,7.504158973693848,6.857486724853516,4.556472988871344,-0.05439629130758452,-0.01673240883954778,-0.051554459307454316,0.0,0.0,0.0,0.0,0.0,0.0
1769449982.241605,7.504158973693848,6.857486724853516,4.556472988871344,-0.05439629130758452,-0.01673240883954778,-0.051554459307454316,0.0,0.0,0.0,0.0,0.0,0.0
1769449982.291516,7.506089687347412,6.861332416534424,4.56254093163812,-0.05163137650362342,-0.016503854277079906,-0.05320869038084878,0.0,0.0,0.0,0.0,0.0,0.0
1769449982.3415744,7.506089687347412,6.861332416534424,4.56254093163812,-0.05163137650362342,-0.016503854277079906,-0.05320869038084878,0.0,0.0,0.0,0.0,0.0,0.0
1769449982.3915293,7.5080907344818115,6.868036270141602,4.5715952745439825,-0.04969616267411459,-0.01600713803421064,-0.056154532644401366,0.0,0.0,0.0,0.0,0.0,0.0
1769449982.4416242,7.5080907344818115,6.868036270141602,4.5715952745439825,-0.04969616267411459,-0.01600713803421064,-0.056154532644401366,0.0,0.0,0.0,0.0,0.0,0.0
1769449982.4915383,7.5090343952178955,6.870972633361816,4.573558884385601,-0.04789795823625043,-0.01517401548749023,-0.05530104732890433,0.0,0.0,0.0,0.0,0.0,0.0
1769449982.5416014,7.5090343952178955,6.870972633361816,4.573558884385601,-0.04789795823625043,-0.01517401548749023,-0.05530104732890433,0.0,0.0,0.0,0.0,0.0,0.0
1769449982.5915241,7.509840488433838,6.875309944152832,4.586311621893385,-0.046417024734233765,-0.013964893540804657,-0.05953633691359017,0.0,0.0,0.0,0.0,0.0,0.0
1769449982.6415358,7.509840488433838,6.875309944152832,4.586311621893385,-0.046417024734233765,-0.013964893540804657,-0.05953633691359017,0.0,0.0,0.0,0.0,0.0,0.0
1769449982.691486,7.5153021812438965,6.886849403381348,4.59976254646917,-0.047818710816583634,-0.013610042543179466,-0.06909117126310625,0.0,0.0,0.0,0.0,0.0,0.0
1769449982.7414913,7.5153021812438965,6.886849403381348,4.59976254646917,-0.047818710816583634,-0.013610042543179466,-0.06909117126310625,0.0,0.0,0.0,0.0,0.0,0.0
1769449982.7915542,7.5173749923706055,6.888760566711426,4.597167689744392,-0.049258924023462734,-0.013882412005681686,-0.06841804138047472,0.0,0.0,0.0,0.0,0.0,0.0
1769449982.841559,7.5173749923706055,6.888760566711426,4.597167689744392,-0.049258924023462734,-0.013882412005681686,-0.06841804138047472,0.0,0.0,0.0,0.0,0.0,0.0
1769449982.8915591,7.519076585769653,6.895507335662842,4.609179365900926,-0.05102302095104236,-0.014195306372536553,-0.0695640720682216,0.0,0.0,0.0,0.0,0.0,0.0
1769449982.9415956,7.519076585769653,6.895507335662842,4.609179365900926,-0.05102302095104236,-0.014195306372536553,-0.0695640720682216,0.0,0.0,0.0,0.0,0.0,0.0
1769449982.9915266,7.52064323425293,6.89807653427124,4.613382205887017,-0.05177030454630797,-0.014447407709221588,-0.06850980316351497,0.0,0.0,0.0,0.0,0.0,0.0
1769449983.041627,7.52064323425293,6.89807653427124,4.613382205887017,-0.05177030454630797,-0.014447407709221588,-0.06850980316351497,0.0,0.0,0.0,0.0,0.0,0.0
1769449983.0915163,7.522942781448364,6.903373718261719,4.6201367706712775,-0.05204043909382564,-0.014716416984513524,-0.06728664543340462,0.0,0.0,0.0,0.0,0.0,0.0
1769449983.1416016,7.522942781448364,6.903373718261719,4.6201367706712775,-0.05204043909382564,-0.014716416984513524,-0.06728664543340462,0.0,0.0,0.0,0.0,0.0,0.0
1769449983.191556,7.525343418121338,6.911989688873291,4.632520753396541,-0.053206077282709804,-0.014940433450843485,-0.07097763904458018,0.0,0.0,0.0,0.0,0.0,0.0
1769449983.2416096,7.525343418121338,6.911989688873291,4.632520753396541,-0.053206077282709804,-0.014940433450843485,-0.07097763904458018,0.0,0.0,0.0,0.0,0.0,0.0
1769449983.2916005,7.526618957519531,6.918526649475098,4.642973749135595,-0.05489315447506252,-0.014852382424362218,-0.07692919218472541,0.0,0.0,0.0,0.0,0.0,0.0
1769449983.3415184,7.526618957519531,6.918526649475098,4.642973749135595,-0.05489315447506252,-0.014852382424362218,-0.07692919218472541,0.0,0.0,0.0,0.0,0.0,0.0
1769449983.3914845,7.528288125991821,6.926236152648926,4.664904406599192,-0.05716582122903088,-0.01452843087581476,-0.09204829473784867,0.0,0.0,0.0,0.0,0.0,0.0
1769449983.4415243,7.528288125991821,6.926236152648926,4.664904406599192,-0.05716582122903088,-0.01452843087581476,-0.09204829473784867,0.0,0.0,0.0,0.0,0.0,0.0
1769449983.4914916,7.5317628383636475,6.927972316741943,4.661651921758851,-0.0580020833890911,-0.014859288476883503,-0.09319569505867857,0.0,0.0,0.0,0.0,0.0,0.0
1769449983.5415561,7.5317628383636475,6.927972316741943,4.661651921758851,-0.0580020833890911,-0.014859288476883503,-0.09319569505867857,0.0,0.0,0.0,0.0,0.0,0.0
1769449983.5914636,7.534036636352539,6.931425094604492,4.671670856155089,-0.057347662648448115,-0.01560944917650264,-0.09095796523585027,0.0,0.0,0.0,0.0,0.0,0.0
1769449983.6416037,7.534036636352539,6.931425094604492,4.671670856155089,-0.057347662648448115,-0.01560944917650264,-0.09095796523585027,0.0,0.0,0.0,0.0,0.0,0.0
1769449983.6915011,7.5353851318359375,6.933255672454834,4.67638961254031,-0.0549761028657037,-0.01631143741413392,-0.08541158593136637,0.0,0.0,0.0,0.0,0.0,0.0
1769449983.7415838,7.5353851318359375,6.933255672454834,4.67638961254031,-0.0549761028657037,-0.01631143741413392,-0.08541158593136637,0.0,0.0,0.0,0.0,0.0,0.0
1769449983.7914515,7.537780284881592,6.937778472900391,4.684255639714895,-0.05213009149665649,-0.01702356201236455,-0.08089521477442228,0.0,0.0,0.0,0.0,0.0,0.0
1769449983.841549,7.537780284881592,6.937778472900391,4.684255639714895,-0.05213009149665649,-0.01702356201236455,-0.08089521477442228,0.0,0.0,0.0,0.0,0.0,0.0
1769449983.8915405,7.539428949356079,6.942756175994873,4.693705442471746,-0.049639751009765844,-0.017512447077535354,-0.07963206645153398,0.0,0.0,0.0,0.0,0.0,0.0
1769449983.941536,7.539428949356079,6.942756175994873,4.693705442471746,-0.049639751009765844,-0.017512447077535354,-0.07963206645153398,0.0,0.0,0.0,0.0,0.0,0.0
1769449983.991445,7.542356491088867,6.9474287033081055,4.699907265915213,-0.0477733660630439,-0.01814539172028932,-0.07833144880426861,0.0,0.0,0.0,0.0,0.0,0.0
1769449984.0415008,7.542356491088867,6.9474287033081055,4.699907265915213,-0.0477733660630439,-0.01814539172028932,-0.07833144880426861,0.0,0.0,0.0,0.0,0.0,0.0
1769449984.0914292,7.5395026206970215,6.950469017028809,4.701970030679016,-0.045944719604418774,-0.017207528981155688,-0.07305792642221323,0.0,0.0,0.0,0.0,0.0,0.0
1769449984.14153,7.5395026206970215,6.950469017028809,4.701970030679016,-0.045944719604418774,-0.017207528981155688,-0.07305792642221323,0.0,0.0,0.0,0.0,0.0,0.0
1769449984.1915054,7.543978214263916,6.956004619598389,4.707083883566631,-0.044882815800092186,-0.016674840787005832,-0.06733954162851491,0.0,0.0,0.0,0.0,0.0,0.0
1769449984.2415564,7.543978214263916,6.956004619598389,4.707083883566631,-0.044882815800092186,-0.016674840787005832,-0.06733954162851491,0.0,0.0,0.0,0.0,0.0,0.0
1769449984.291459,7.543355703353882,6.958889484405518,4.710078992983616,-0.04383092606565329,-0.01570213827150744,-0.06103219257288959,0.0,0.0,0.0,0.0,0.0,0.0
1769449984.3415093,7.543355703353882,6.958889484405518,4.710078992983616,-0.04383092606565329,-0.01570213827150744,-0.06103219257288959,0.0,0.0,0.0,0.0,0.0,0.0
1769449984.391476,7.546567678451538,6.96577787399292,4.718048029773832,-0.043834713494928707,-0.015259508592332709,-0.05874411093416242,0.0,0.0,0.0,0.0,0.0,0.0
1769449984.441465,7.546567678451538,6.96577787399292,4.718048029773832,-0.043834713494928707,-0.015259508592332709,-0.05874411093416242,0.0,0.0,0.0,0.0,0.0,0.0
1769449984.4914734,7.548185110092163,6.969634532928467,4.728059800939083,-0.04409968468012466,-0.01517906506014173,-0.06166658027538386,0.0,0.0,0.0,0.0,0.0,0.0
1769449984.5415525,7.548185110092163,6.969634532928467,4.728059800939083,-0.04409968468012466,-0.01517906506014173,-0.06166658027538386,0.0,0.0,0.0,0.0,0.0,0.0
1769449984.591461,7.550083875656128,6.974144458770752,4.734779982428535,-0.04443992898934324,-0.015409443873471842,-0.06505491875226907,0.0,0.0,0.0,0.0,0.0,0.0
1769449984.641437,7.550083875656128,6.974144458770752,4.734779982428535,-0.04443992898934324,-0.015409443873471842,-0.06505491875226907,0.0,0.0,0.0,0.0,0.0,0.0
1769449984.6914198,7.5521275997161865,6.979023456573486,4.7403009870131445,-0.04486430741829234,-0.0159095305322783,-0.06633216640140402,0.0,0.0,0.0,0.0,0.0,0.0
1769449984.7414007,7.5521275997161865,6.979023456573486,4.7403009870131445,-0.04486430741829234,-0.0159095305322783,-0.06633216640140402,0.0,0.0,0.0,0.0,0.0,0.0
1769449984.7914934,7.551112174987793,6.982858180999756,4.741200537297647,-0.04500343836841861,-0.015616308935892727,-0.06204975053688299,0.0,0.0,0.0,0.0,0.0,0.0
1769449984.8415074,7.551112174987793,6.982858180999756,4.741200537297647,-0.04500343836841861,-0.015616308935892727,-0.06204975053688299,0.0,0.0,0.0,0.0,0.0,0.0
1769449984.8913813,7.554230690002441,6.987707614898682,4.757448349765832,-0.045093183310733566,-0.015607677669247918,-0.06610062486640125,0.0,0.0,0.0,0.0,0.0,0.0
1769449984.941532,7.554230690002441,6.987707614898682,4.757448349765832,-0.045093183310733566,-0.015607677669247918,-0.06610062486640125,0.0,0.0,0.0,0.0,0.0,0.0
1769449984.9915001,7.553801536560059,6.990870952606201,4.756566219514077,-0.044697106075311396,-0.015134379736469536,-0.06460109084502487,0.0,0.0,0.0,0.0,0.0,0.0
1769449985.0415294,7.553801536560059,6.990870952606201,4.756566219514077,-0.044697106075311396,-0.015134379736469536,-0.06460109084502487,0.0,0.0,0.0,0.0,0.0,0.0
1769449985.091505,7.559473991394043,6.996392726898193,4.769010011651067,-0.044483259060147474,-0.015974885305432528,-0.06706525588900028,0.0,0.0,0.0,0.0,0.0,0.0
1769449985.141499,7.559473991394043,6.996392726898193,4.769010011651067,-0.044483259060147474,-0.015974885305432528,-0.06706525588900028,0.0,0.0,0.0,0.0,0.0,0.0
1769449985.1913621,7.556962728500366,6.999345302581787,4.77588040527414,-0.04390260688454266,-0.01592566405115752,-0.06957847835075472,0.0,0.0,0.0,0.0,0.0,0.0
1769449985.2414854,7.556962728500366,6.999345302581787,4.77588040527414,-0.04390260688454266,-0.01592566405115752,-0.06957847835075472,0.0,0.0,0.0,0.0,0.0,0.0
1769449985.2915256,7.560277462005615,7.0051140785217285,4.78001159215335,-0.04369492348253112,-0.01616863576470465,-0.06881020915642902,0.0,0.0,0.0,0.0,0.0,0.0
1769449985.341501,7.560277462005615,7.0051140785217285,4.78001159215335,-0.04369492348253112,-0.01616863576470465,-0.06881020915642902,0.0,0.0,0.0,0.0,0.0,0.0
1769449985.3914526,7.560532331466675,7.009223461151123,4.773378321719886,-0.04358267901132176,-0.01612993916891718,-0.05697327790899359,0.0,0.0,0.0,0.0,0.0,0.0
1769449985.4414837,7.560532331466675,7.009223461151123,4.773378321719886,-0.04358267901132176,-0.01612993916891718,-0.05697327790899359,0.0,0.0,0.0,0.0,0.0,0.0
1769449985.4914944,7.561046600341797,7.014137268066406,4.787316072716682,-0.04369279983617272,-0.015734592021838346,-0.05393370452570185,0.0,0.0,0.0,0.0,0.0,0.0
1769449985.5414686,7.561046600341797,7.014137268066406,4.787316072716682,-0.04369279983617272,-0.015734592021838346,-0.05393370452570185,0.0,0.0,0.0,0.0,0.0,0.0
1769449985.5919735,7.565149784088135,7.0193681716918945,4.791338202449677,-0.04407101949587089,-0.016204699186992796,-0.05328521538809266,0.0,0.0,0.0,0.0,0.0,0.0
1769449985.6416068,7.565149784088135,7.0193681716918945,4.791338202449677,-0.04407101949587089,-0.016204699186992796,-0.05328521538809266,0.0,0.0,0.0,0.0,0.0,0.0
1769449985.6914716,7.566259860992432,7.0233893394470215,4.796862797084949,-0.04431496338673876,-0.016871596558148606,-0.053657822047160374,0.0,0.0,0.0,0.0,0.0,0.0
1769449985.7414546,7.566259860992432,7.0233893394470215,4.796862797084949,-0.04431496338673876,-0.016871596558148606,-0.053657822047160374,0.0,0.0,0.0,0.0,0.0,0.0
1769449985.7914572,7.567009925842285,7.0275797843933105,4.801372462710988,-0.04434013066951684,-0.01728853887890717,-0.0534495973857773,0.0,0.0,0.0,0.0,0.0,0.0
1769449985.841559,7.567009925842285,7.0275797843933105,4.801372462710988,-0.04434013066951684,-0.01728853887890717,-0.0534495973857773,0.0,0.0,0.0,0.0,0.0,0.0
1769449985.8915215,7.566864728927612,7.032196998596191,4.8090963538802365,-0.04431449896213741,-0.01704215289364878,-0.055052235483975996,0.0,0.0,0.0,0.0,0.0,0.0
1769449985.9415236,7.566864728927612,7.032196998596191,4.8090963538802365,-0.04431449896213741,-0.01704215289364878,-0.055052235483975996,0.0,0.0,0.0,0.0,0.0,0.0
1769449985.9914997,7.567809104919434,7.035970687866211,4.808832202213512,-0.0440292572108238,-0.016450202174034895,-0.051894392568174116,0.0,0.0,0.0,0.0,0.0,0.0
1769449986.0415554,7.567809104919434,7.035970687866211,4.808832202213512,-0.0440292572108238,-0.016450202174034895,-0.051894392568174116,0.0,0.0,0.0,0.0,0.0,0.0
1769449986.091498,7.5693910121917725,7.04020881652832,4.8204153441980955,-0.04359439544174325,-0.015958387482991384,-0.0539257162306458,0.0,0.0,0.0,0.0,0.0,0.0
1769449986.141585,7.5693910121917725,7.04020881652832,4.8204153441980955,-0.04359439544174325,-0.015958387482991384,-0.0539257162306458,0.0,0.0,0.0,0.0,0.0,0.0
1769449986.1914642,7.569241046905518,7.044134140014648,4.827937040697661,-0.04304037779938422,-0.015192415095156895,-0.05803502740072638,0.0,0.0,0.0,0.0,0.0,0.0
1769449986.241617,7.569241046905518,7.044134140014648,4.827937040697661,-0.04304037779938422,-0.015192415095156895,-0.05803502740072638,0.0,0.0,0.0,0.0,0.0,0.0
1769449986.2914634,7.571040391921997,7.04870080947876,4.832422624274802,-0.042576586723037824,-0.014729495853667065,-0.0598645075949318,0.0,0.0,0.0,0.0,0.0,0.0
1769449986.3415344,7.571040391921997,7.04870080947876,4.832422624274802,-0.042576586723037824,-0.014729495853667065,-0.0598645075949318,0.0,0.0,0.0,0.0,0.0,0.0
1769449986.3915384,7.571602821350098,7.052746295928955,4.838793772717599,-0.04214776603987591,-0.014356337376281452,-0.06065146455272377,0.0,0.0,0.0,0.0,0.0,0.0
1769449986.4415476,7.571602821350098,7.052746295928955,4.838793772717599,-0.04214776603987591,-0.014356337376281452,-0.06065146455272377,0.0,0.0,0.0,0.0,0.0,0.0
1769449986.4915571,7.572977542877197,7.058920860290527,4.842272056623409,-0.04238969147627233,-0.014309250862373968,-0.05881510139728816,0.0,0.0,0.0,0.0,0.0,0.0
1769449986.5416222,7.572977542877197,7.058920860290527,4.842272056623409,-0.04238969147627233,-0.014309250862373968,-0.05881510139728816,0.0,0.0,0.0,0.0,0.0,0.0
1769449986.5916228,7.572388410568237,7.0608673095703125,4.837516172986195,-0.042126505124423265,-0.013861000073899782,-0.048794574074529445,0.0,0.0,0.0,0.0,0.0,0.0
1769449986.6415699,7.572388410568237,7.0608673095703125,4.837516172986195,-0.042126505124423265,-0.013861000073899782,-0.048794574074529445,0.0,0.0,0.0,0.0,0.0,0.0
1769449986.6914601,7.572254657745361,7.062333106994629,4.834236523055614,-0.04082921203509461,-0.012928085234294569,-0.03464367043356169,0.0,0.0,0.0,0.0,0.0,0.0
1769449986.741522,7.572254657745361,7.062333106994629,4.834236523055614,-0.04082921203509461,-0.012928085234294569,-0.03464367043356169,0.0,0.0,0.0,0.0,0.0,0.0
1769449986.791466,7.5730016231536865,7.066173076629639,4.837752818859,-0.03927133314427068,-0.01197041260233676,-0.025568703898719698,0.0,0.0,0.0,0.0,0.0,0.0
1769449986.841435,7.5730016231536865,7.066173076629639,4.837752818859,-0.03927133314427068,-0.01197041260233676,-0.025568703898719698,0.0,0.0,0.0,0.0,0.0,0.0
1769449986.8914473,7.572069406509399,7.0679121017456055,4.826825164819818,-0.03727428655898743,-0.010600369634687813,-0.011067386522106058,0.0,0.0,0.0,0.0,0.0,0.0
1769449986.9414237,7.572069406509399,7.0679121017456055,4.826825164819818,-0.03727428655898743,-0.010600369634687813,-0.011067386522106058,0.0,0.0,0.0,0.0,0.0,0.0
1769449986.9915314,7.5721940994262695,7.071441173553467,4.83241509919845,-0.03545323896095571,-0.009191640859523169,-0.004943035714586392,0.0,0.0,0.0,0.0,0.0,0.0
1769449987.0415065,7.5721940994262695,7.071441173553467,4.83241509919845,-0.03545323896095571,-0.009191640859523169,-0.004943035714586392,0.0,0.0,0.0,0.0,0.0,0.0
1769449987.091596,7.575744867324829,7.079566955566406,4.858266237678788,-0.035414503289365386,-0.009226384265056045,-0.023372510312260977,0.0,0.0,0.0,0.0,0.0,0.0
1769449987.1416025,7.575744867324829,7.079566955566406,4.858266237678788,-0.035414503289365386,-0.009226384265056045,-0.023372510312260977,0.0,0.0,0.0,0.0,0.0,0.0
1769449987.1915536,7.577211141586304,7.084056377410889,4.866657121550552,-0.03634797346607579,-0.010217208742509674,-0.044719984752959366,0.0,0.0,0.0,0.0,0.0,0.0
1769449987.2414215,7.577211141586304,7.084056377410889,4.866657121550552,-0.03634797346607579,-0.010217208742509674,-0.044719984752959366,0.0,0.0,0.0,0.0,0.0,0.0
1769449987.2914293,7.574918746948242,7.085669994354248,4.849837234688326,-0.0369056521171371,-0.010420356519170202,-0.04095158736669498,0.0,0.0,0.0,0.0,0.0,0.0
1769449987.341526,7.574918746948242,7.085669994354248,4.849837234688326,-0.0369056521171371,-0.010420356519170202,-0.04095158736669498,0.0,0.0,0.0,0.0,0.0,0.0
1769449987.3915668,7.576864957809448,7.089334964752197,4.8770228863342595,-0.03708460140531037,-0.010716253208553886,-0.0507077737680139,0.0,0.0,0.0,0.0,0.0,0.0
1769449987.441543,7.576864957809448,7.089334964752197,4.8770228863342595,-0.03708460140531037,-0.010716253208553886,-0.0507077737680139,0.0,0.0,0.0,0.0,0.0,0.0
1769449987.4915543,7.579730272293091,7.096560955047607,4.8791231053691195,-0.038043565571628815,-0.011890648100603276,-0.057288815666902415,0.0,0.0,0.0,0.0,0.0,0.0
1769449987.541568,7.579730272293091,7.096560955047607,4.8791231053691195,-0.038043565571628815,-0.011890648100603276,-0.057288815666902415,0.0,0.0,0.0,0.0,0.0,0.0
1769449987.59152,7.580261945724487,7.099460124969482,4.884246025423722,-0.03877549726825743,-0.013126688794690403,-0.05979826168337466,0.0,0.0,0.0,0.0,0.0,0.0
1769449987.6415992,7.580261945724487,7.099460124969482,4.884246025423722,-0.03877549726825743,-0.013126688794690403,-0.05979826168337466,0.0,0.0,0.0,0.0,0.0,0.0
1769449987.6915336,7.579991102218628,7.1030592918396,4.888661445465902,-0.039151306672591486,-0.013814768193240524,-0.05900684221758847,0.0,0.0,0.0,0.0,0.0,0.0
1769449987.7415788,7.579991102218628,7.1030592918396,4.888661445465902,-0.039151306672591486,-0.013814768193240524,-0.05900684221758847,0.0,0.0,0.0,0.0,0.0,0.0
1769449987.791493,7.579776287078857,7.107069492340088,4.892995562701898,-0.039313359211849135,-0.013840911521210487,-0.056508969132755035,0.0,0.0,0.0,0.0,0.0,0.0
1769449987.8414907,7.579776287078857,7.107069492340088,4.892995562701898,-0.039313359211849135,-0.013840911521210487,-0.056508969132755035,0.0,0.0,0.0,0.0,0.0,0.0
1769449987.8915243,7.579397678375244,7.109644889831543,4.882621184144313,-0.03892226347464895,-0.013178631566248666,-0.04211580227749235,0.0,0.0,0.0,0.0,0.0,0.0
1769449987.941578,7.579397678375244,7.109644889831543,4.882621184144313,-0.03892226347464895,-0.013178631566248666,-0.04211580227749235,0.0,0.0,0.0,0.0,0.0,0.0
1769449987.991467,7.579686403274536,7.110050678253174,4.883985072320213,-0.037250577361112,-0.012079370206987319,-0.028702494985913526,0.0,0.0,0.0,0.0,0.0,0.0
1769449988.0415761,7.579686403274536,7.110050678253174,4.883985072320213,-0.037250577361112,-0.012079370206987319,-0.028702494985913526,0.0,0.0,0.0,0.0,0.0,0.0
1769449988.0914848,7.580482006072998,7.112563610076904,4.886380478561091,-0.03497271674934957,-0.011041489458603507,-0.020904967362281396,0.0,0.0,0.0,0.0,0.0,0.0
1769449988.1414316,7.580482006072998,7.112563610076904,4.886380478561091,-0.03497271674934957,-0.011041489458603507,-0.020904967362281396,0.0,0.0,0.0,0.0,0.0,0.0
1769449988.1914718,7.580978155136108,7.117069721221924,4.889282081881879,-0.033216064472261636,-0.01030276901189273,-0.018463456018135965,0.0,0.0,0.0,0.0,0.0,0.0
1769449988.2413735,7.580978155136108,7.117069721221924,4.889282081881879,-0.033216064472261636,-0.01030276901189273,-0.018463456018135965,0.0,0.0,0.0,0.0,0.0,0.0
1769449988.2916002,7.580973148345947,7.121303081512451,4.893542138729545,-0.03232583275712236,-0.009751758165474803,-0.02027720134793127,0.0,0.0,0.0,0.0,0.0,0.0
1769449988.3414998,7.580973148345947,7.121303081512451,4.893542138729545,-0.03232583275712236,-0.009751758165474803,-0.02027720134793127,0.0,0.0,0.0,0.0,0.0,0.0
1769449988.3914053,7.581322908401489,7.125817775726318,4.898296457908781,-0.03235390846443059,-0.009452175975169091,-0.024500431384116797,0.0,0.0,0.0,0.0,0.0,0.0
1769449988.4414883,7.581322908401489,7.125817775726318,4.898296457908781,-0.03235390846443059,-0.009452175975169091,-0.024500431384116797,0.0,0.0,0.0,0.0,0.0,0.0
1769449988.4914713,7.581772327423096,7.128839015960693,4.902357002964495,-0.0326433192179733,-0.009341875889740024,-0.028770913602438546,0.0,0.0,0.0,0.0,0.0,0.0
1769449988.5415123,7.581772327423096,7.128839015960693,4.902357002964495,-0.0326433192179733,-0.009341875889740024,-0.028770913602438546,0.0,0.0,0.0,0.0,0.0,0.0
1769449988.59142,7.583150386810303,7.133846282958984,4.913017702708059,-0.03342929684972118,-0.009767329773949463,-0.03733248046329203,0.0,0.0,0.0,0.0,0.0,0.0
1769449988.6415114,7.583150386810303,7.133846282958984,4.913017702708059,-0.03342929684972118,-0.009767329773949463,-0.03733248046329203,0.0,0.0,0.0,0.0,0.0,0.0
1769449988.691504,7.585698366165161,7.139171123504639,4.924445469355673,-0.0347019186782258,-0.011141376830600232,-0.04930695989441062,0.0,0.0,0.0,0.0,0.0,0.0
1769449988.7415009,7.585698366165161,7.139171123504639,4.924445469355673,-0.0347019186782258,-0.011141376830600232,-0.04930695989441062,0.0,0.0,0.0,0.0,0.0,0.0
1769449988.7914152,7.587055921554565,7.144917011260986,4.940850864968503,-0.036499958870844125,-0.013052649475635595,-0.06599098819304805,0.0,0.0,0.0,0.0,0.0,0.0
1769449988.8415852,7.587055921554565,7.144917011260986,4.940850864968503,-0.036499958870844125,-0.013052649475635595,-0.06599098819304805,0.0,0.0,0.0,0.0,0.0,0.0
1769449988.8915048,7.587710618972778,7.148263931274414,4.942713279731362,-0.03794452077339547,-0.01480875357131193,-0.0729842749911668,0.0,0.0,0.0,0.0,0.0,0.0
1769449988.941397,7.587710618972778,7.148263931274414,4.942713279731362,-0.03794452077339547,-0.01480875357131193,-0.0729842749911668,0.0,0.0,0.0,0.0,0.0,0.0
1769449988.9915457,7.586413383483887,7.1508331298828125,4.935519730782163,-0.03858373654775822,-0.01543671618389781,-0.06325466788926949,0.0,0.0,0.0,0.0,0.0,0.0
1769449989.0415907,7.586413383483887,7.1508331298828125,4.935519730782163,-0.03858373654775822,-0.01543671618389781,-0.06325466788926949,0.0,0.0,0.0,0.0,0.0,0.0
1769449989.0915353,7.586259365081787,7.1530256271362305,4.942070242843828,-0.03820664670234307,-0.015090779173995029,-0.05373660368072743,0.0,0.0,0.0,0.0,0.0,0.0
1769449989.141501,7.586259365081787,7.1530256271362305,4.942070242843828,-0.03820664670234307,-0.015090779173995029,-0.05373660368072743,0.0,0.0,0.0,0.0,0.0,0.0
1769449989.191481,7.587891101837158,7.157691478729248,4.947766801337856,-0.03761502996731896,-0.014777528936875148,-0.04858942259433733,0.0,0.0,0.0,0.0,0.0,0.0
1769449989.2414815,7.587891101837158,7.157691478729248,4.947766801337856,-0.03761502996731896,-0.014777528936875148,-0.04858942259433733,0.0,0.0,0.0,0.0,0.0,0.0
1769449989.2914758,7.58756685256958,7.160363674163818,4.94191387081135,-0.03671142856774102,-0.0141729062136066,-0.03834094568847418,0.0,0.0,0.0,0.0,0.0,0.0
1769449989.3415484,7.58756685256958,7.160363674163818,4.94191387081135,-0.03671142856774102,-0.0141729062136066,-0.03834094568847418,0.0,0.0,0.0,0.0,0.0,0.0
1769449989.3914897,7.588398218154907,7.163599491119385,4.950249203015405,-0.03564570330960977,-0.013624695052434561,-0.034735502884161856,0.0,0.0,0.0,0.0,0.0,0.0
1769449989.441551,7.588398218154907,7.163599491119385,4.950249203015405,-0.03564570330960977,-0.013624695052434561,-0.034735502884161856,0.0,0.0,0.0,0.0,0.0,0.0
1769449989.4915206,7.588653326034546,7.167385578155518,4.964336313801078,-0.03476322145935442,-0.013149880255396856,-0.04262456798369484,0.0,0.0,0.0,0.0,0.0,0.0
1769449989.5415127,7.588653326034546,7.167385578155518,4.964336313801078,-0.03476322145935442,-0.013149880255396856,-0.04262456798369484,0.0,0.0,0.0,0.0,0.0,0.0
1769449989.5914364,7.588732004165649,7.170726776123047,4.9649208131783436,-0.03402877997509898,-0.012656962273943919,-0.04704870219119693,0.0,0.0,0.0,0.0,0.0,0.0
1769449989.6415699,7.588732004165649,7.170726776123047,4.9649208131783436,-0.03402877997509898,-0.012656962273943919,-0.04704870219119693,0.0,0.0,0.0,0.0,0.0,0.0
1769449989.6914687,7.589189767837524,7.174241065979004,4.965790361540643,-0.03352032502870487,-0.012300796977116559,-0.045794803990730555,0.0,0.0,0.0,0.0,0.0,0.0
1769449989.7414563,7.589189767837524,7.174241065979004,4.965790361540643,-0.03352032502870487,-0.012300796977116559,-0.045794803990730555,0.0,0.0,0.0,0.0,0.0,0.0
1769449989.7914798,7.589669466018677,7.17765474319458,4.969652795072911,-0.03315436280634244,-0.012102672528024121,-0.04308330390341289,0.0,0.0,0.0,0.0,0.0,0.0
1769449989.8415322,7.589669466018677,7.17765474319458,4.969652795072911,-0.03315436280634244,-0.012102672528024121,-0.04308330390341289,0.0,0.0,0.0,0.0,0.0,0.0
1769449989.8915157,7.589594602584839,7.180999279022217,4.9776896386874565,-0.032903256493844325,-0.01187700711165878,-0.04409737750536363,0.0,0.0,0.0,0.0,0.0,0.0
1769449989.941544,7.589594602584839,7.180999279022217,4.9776896386874565,-0.032903256493844325,-0.01187700711165878,-0.04409737750536363,0.0,0.0,0.0,0.0,0.0,0.0
1769449989.9914517,7.590332508087158,7.1845927238464355,4.981194035340344,-0.032753506527757346,-0.011837497075972583,-0.04488608238169746,0.0,0.0,0.0,0.0,0.0,0.0
1769449990.0415356,7.590332508087158,7.1845927238464355,4.981194035340344,-0.032753506527757346,-0.011837497075972583,-0.04488608238169746,0.0,0.0,0.0,0.0,0.0,0.0
1769449990.0915632,7.590508699417114,7.1878461837768555,4.987064527845714,-0.03261718531507163,-0.011837089214024836,-0.04636590530591777,0.0,0.0,0.0,0.0,0.0,0.0
1769449990.141631,7.590508699417114,7.1878461837768555,4.987064527845714,-0.03261718531507163,-0.011837089214024836,-0.04636590530591777,0.0,0.0,0.0,0.0,0.0,0.0
1769449990.191502,7.590722560882568,7.191946029663086,4.988822787107231,-0.03271754824571534,-0.011889435623352025,-0.045126177521844786,0.0,0.0,0.0,0.0,0.0,0.0
1769449990.2417052,7.590722560882568,7.191946029663086,4.988822787107231,-0.03271754824571534,-0.011889435623352025,-0.045126177521844786,0.0,0.0,0.0,0.0,0.0,0.0
1769449990.2915676,7.59051775932312,7.19460391998291,4.99308507087537,-0.03267756994610384,-0.011746326100838296,-0.04355095872535077,0.0,0.0,0.0,0.0,0.0,0.0
1769449990.3416286,7.59051775932312,7.19460391998291,4.99308507087537,-0.03267756994610384,-0.011746326100838296,-0.04355095872535077,0.0,0.0,0.0,0.0,0.0,0.0
1769449990.391536,7.590847730636597,7.198319911956787,4.998943445954168,-0.03265664253961997,-0.011607293913242478,-0.04374200558074523,0.0,0.0,0.0,0.0,0.0,0.0
1769449990.441639,7.590847730636597,7.198319911956787,4.998943445954168,-0.03265664253961997,-0.011607293913242478,-0.04374200558074523,0.0,0.0,0.0,0.0,0.0,0.0
1769449990.4916108,7.5910351276397705,7.201453685760498,5.004349732483322,-0.03254764189818568,-0.011471938413055495,-0.04509507169993618,0.0,0.0,0.0,0.0,0.0,0.0
1769449990.54161,7.5910351276397705,7.201453685760498,5.004349732483322,-0.03254764189818568,-0.011471938413055495,-0.04509507169993618,0.0,0.0,0.0,0.0,0.0,0.0
1769449990.5914905,7.591679811477661,7.2051262855529785,5.006097800484547,-0.03245599684580272,-0.011533967789116473,-0.04399596810203645,0.0,0.0,0.0,0.0,0.0,0.0
1769449990.6415288,7.591679811477661,7.2051262855529785,5.006097800484547,-0.03245599684580272,-0.011533967789116473,-0.04399596810203645,0.0,0.0,0.0,0.0,0.0,0.0
1769449990.691482,7.592001438140869,7.208688735961914,5.008360001076605,-0.03241419256366151,-0.011722713234527178,-0.04108603320544636,0.0,0.0,0.0,0.0,0.0,0.0
1769449990.7414985,7.592001438140869,7.208688735961914,5.008360001076605,-0.03241419256366151,-0.011722713234527178,-0.04108603320544636,0.0,0.0,0.0,0.0,0.0,0.0
1769449990.7915337,7.59185528755188,7.211922645568848,5.013510719696468,-0.03236396219284666,-0.011806079221088865,-0.039789823129717974,0.0,0.0,0.0,0.0,0.0,0.0
1769449990.8414965,7.59185528755188,7.211922645568848,5.013510719696468,-0.03236396219284666,-0.011806079221088865,-0.039789823129717974,0.0,0.0,0.0,0.0,0.0,0.0
1769449990.8915792,7.5918848514556885,7.215118885040283,5.018505096202428,-0.032257178629258726,-0.011763285903931251,-0.040239685751677814,0.0,0.0,0.0,0.0,0.0,0.0
1769449990.941718,7.5918848514556885,7.215118885040283,5.018505096202428,-0.032257178629258726,-0.011763285903931251,-0.040239685751677814,0.0,0.0,0.0,0.0,0.0,0.0
1769449990.9915583,7.59223747253418,7.218476295471191,5.0210112981417865,-0.03211145906306785,-0.011732706090059993,-0.039740685384159063,0.0,0.0,0.0,0.0,0.0,0.0
1769449991.041647,7.59223747253418,7.218476295471191,5.0210112981417865,-0.03211145906306785,-0.011732706090059993,-0.039740685384159063,0.0,0.0,0.0,0.0,0.0,0.0
1769449991.091584,7.592469930648804,7.221765041351318,5.025660554393898,-0.031932918163408375,-0.011729554907691344,-0.039748149802842574,0.0,0.0,0.0,0.0,0.0,0.0
1769449991.1416209,7.592469930648804,7.221765041351318,5.025660554393898,-0.031932918163408375,-0.011729554907691344,-0.039748149802842574,0.0,0.0,0.0,0.0,0.0,0.0
1769449991.1916387,7.592574834823608,7.224926471710205,5.031771054230188,-0.03170954325546893,-0.011708439478119795,-0.04155188045657674,0.0,0.0,0.0,0.0,0.0,0.0
1769449991.2416604,7.592574834823608,7.224926471710205,5.031771054230188,-0.03170954325546893,-0.011708439478119795,-0.04155188045657674,0.0,0.0,0.0,0.0,0.0,0.0
1769449991.2916143,7.5927674770355225,7.22810697555542,5.035662676552594,-0.031447919314165934,-0.011687660818062752,-0.04281935160478136,0.0,0.0,0.0,0.0,0.0,0.0
1769449991.3416517,7.5927674770355225,7.22810697555542,5.035662676552594,-0.031447919314165934,-0.011687660818062752,-0.04281935160478136,0.0,0.0,0.0,0.0,0.0,0.0
1769449991.3916357,7.59315037727356,7.23236083984375,5.038730864963785,-0.03147713219294868,-0.011840136588201605,-0.04246146126260386,0.0,0.0,0.0,0.0,0.0,0.0
1769449991.441663,7.59315037727356,7.23236083984375,5.038730864963785,-0.03147713219294868,-0.011840136588201605,-0.04246146126260386,0.0,0.0,0.0,0.0,0.0,0.0
1769449991.4916184,7.5928566455841064,7.235487461090088,5.043724749642715,-0.03158680140645799,-0.011885983762959289,-0.04244414962473246,0.0,0.0,0.0,0.0,0.0,0.0
1769449991.5418482,7.5928566455841064,7.235487461090088,5.043724749642715,-0.03158680140645799,-0.011885983762959289,-0.04244414962473246,0.0,0.0,0.0,0.0,0.0,0.0
1769449991.5916562,7.592653751373291,7.237409591674805,5.04869324123979,-0.03129084928057084,-0.011643926967030104,-0.043082061909137784,0.0,0.0,0.0,0.0,0.0,0.0
1769449991.6416566,7.592653751373291,7.237409591674805,5.04869324123979,-0.03129084928057084,-0.011643926967030104,-0.043082061909137784,0.0,0.0,0.0,0.0,0.0,0.0
1769449991.6915812,7.593532562255859,7.242051601409912,5.048113967785136,-0.031212102632926165,-0.011709566111751795,-0.03978432774526021,0.0,0.0,0.0,0.0,0.0,0.0
1769449991.7416124,7.593532562255859,7.242051601409912,5.048113967785136,-0.031212102632926165,-0.011709566111751795,-0.03978432774526021,0.0,0.0,0.0,0.0,0.0,0.0
1769449991.7916455,7.593470573425293,7.2450408935546875,5.053602731794511,-0.03114784270448807,-0.011813382790645052,-0.03810929309021836,0.0,0.0,0.0,0.0,0.0,0.0
1769449991.8414755,7.593470573425293,7.2450408935546875,5.053602731794511,-0.03114784270448807,-0.011813382790645052,-0.03810929309021836,0.0,0.0,0.0,0.0,0.0,0.0
1769449991.8914993,7.593660593032837,7.248807907104492,5.056343424732895,-0.03122441893899079,-0.011990766621956885,-0.03671526550017716,0.0,0.0,0.0,0.0,0.0,0.0
1769449991.9416134,7.593660593032837,7.248807907104492,5.056343424732895,-0.03122441893899079,-0.011990766621956885,-0.03671526550017716,0.0,0.0,0.0,0.0,0.0,0.0
1769449991.991477,7.593238115310669,7.251148700714111,5.0612507340300015,-0.031087916581878074,-0.011906316084261346,-0.03695348209461615,0.0,0.0,0.0,0.0,0.0,0.0
1769449992.0414393,7.593238115310669,7.251148700714111,5.0612507340300015,-0.031087916581878074,-0.011906316084261346,-0.03695348209461615,0.0,0.0,0.0,0.0,0.0,0.0
1769449992.0914974,7.593454599380493,7.254212856292725,5.064584947523274,-0.03079668872730329,-0.011751657660655451,-0.037206834060338756,0.0,0.0,0.0,0.0,0.0,0.0
1769449992.1415234,7.593454599380493,7.254212856292725,5.064584947523274,-0.03079668872730329,-0.011751657660655451,-0.037206834060338756,0.0,0.0,0.0,0.0,0.0,0.0
1769449992.1915102,7.593780994415283,7.25769567489624,5.067096306038998,-0.030532349185891084,-0.011706456466060203,-0.03640815406165575,0.0,0.0,0.0,0.0,0.0,0.0
1769449992.2414265,7.593780994415283,7.25769567489624,5.067096306038998,-0.030532349185891084,-0.011706456466060203,-0.03640815406165575,0.0,0.0,0.0,0.0,0.0,0.0
1769449992.2914572,7.593916416168213,7.260886192321777,5.071236369153716,-0.030301900657952578,-0.011737563230310817,-0.0360842070167387,0.0,0.0,0.0,0.0,0.0,0.0
1769449992.3415961,7.593916416168213,7.260886192321777,5.071236369153716,-0.030301900657952578,-0.011737563230310817,-0.0360842070167387,0.0,0.0,0.0,0.0,0.0,0.0
1769449992.391414,7.5941455364227295,7.264344692230225,5.0749250474411,-0.030177938134547607,-0.011874329761715204,-0.03608048406303943,0.0,0.0,0.0,0.0,0.0,0.0
1769449992.4414153,7.5941455364227295,7.264344692230225,5.0749250474411,-0.030177938134547607,-0.011874329761715204,-0.03608048406303943,0.0,0.0,0.0,0.0,0.0,0.0
1769449992.4914777,7.59379506111145,7.266594886779785,5.078845853117553,-0.029867142323656667,-0.011799579225940835,-0.03640230587196286,0.0,0.0,0.0,0.0,0.0,0.0
1769449992.5414765,7.59379506111145,7.266594886779785,5.078845853117553,-0.029867142323656667,-0.011799579225940835,-0.03640230587196286,0.0,0.0,0.0,0.0,0.0,0.0
1769449992.5914423,7.593493461608887,7.269816875457764,5.083000955426072,-0.029587260766671605,-0.01155365493852913,-0.0370699550598277,0.0,0.0,0.0,0.0,0.0,0.0
1769449992.6414535,7.593493461608887,7.269816875457764,5.083000955426072,-0.029587260766671605,-0.01155365493852913,-0.0370699550598277,0.0,0.0,0.0,0.0,0.0,0.0
1769449992.6914833,7.593602895736694,7.272408962249756,5.087639629936267,-0.029194689404576802,-0.011256979224375227,-0.038267478612973076,0.0,0.0,0.0,0.0,0.0,0.0
1769449992.7415326,7.593602895736694,7.272408962249756,5.087639629936267,-0.029194689404576802,-0.011256979224375227,-0.038267478612973076,0.0,0.0,0.0,0.0,0.0,0.0
1769449992.791481,7.593217134475708,7.275196552276611,5.092281178622304,-0.028779501943647177,-0.010855277169008928,-0.03972136835596379,0.0,0.0,0.0,0.0,0.0,0.0
1769449992.8415024,7.593217134475708,7.275196552276611,5.092281178622304,-0.028779501943647177,-0.010855277169008928,-0.03972136835596379,0.0,0.0,0.0,0.0,0.0,0.0
1769449992.8913949,7.593167543411255,7.278106689453125,5.094271022453033,-0.02839615354665683,-0.010479965908739196,-0.03906306608007303,0.0,0.0,0.0,0.0,0.0,0.0
1769449992.9415393,7.593167543411255,7.278106689453125,5.094271022453033,-0.02839615354665683,-0.010479965908739196,-0.03906306608007303,0.0,0.0,0.0,0.0,0.0,0.0
1769449992.9914467,7.593073844909668,7.281856536865234,5.100683953937233,-0.02832702319740546,-0.010278021255103145,-0.040130393955997226,0.0,0.0,0.0,0.0,0.0,0.0
1769449993.0415072,7.593073844909668,7.281856536865234,5.100683953937233,-0.02832702319740546,-0.010278021255103145,-0.040130393955997226,0.0,0.0,0.0,0.0,0.0,0.0
1769449993.0914004,7.593397378921509,7.285062789916992,5.1040840441504365,-0.028409047852052963,-0.010347018439674274,-0.04068459075767137,0.0,0.0,0.0,0.0,0.0,0.0
1769449993.1415818,7.593397378921509,7.285062789916992,5.1040840441504365,-0.028409047852052963,-0.010347018439674274,-0.04068459075767137,0.0,0.0,0.0,0.0,0.0,0.0
1769449993.1914418,7.5933451652526855,7.287919998168945,5.106652745694536,-0.02847663372943985,-0.010516300576298364,-0.03969901256494075,0.0,0.0,0.0,0.0,0.0,0.0
1769449993.2413993,7.5933451652526855,7.287919998168945,5.106652745694536,-0.02847663372943985,-0.010516300576298364,-0.03969901256494075,0.0,0.0,0.0,0.0,0.0,0.0
1769449993.2914524,7.593180894851685,7.290332794189453,5.110278595364217,-0.028342614056297448,-0.010604962031775064,-0.03848623358422751,0.0,0.0,0.0,0.0,0.0,0.0
1769449993.3415108,7.593180894851685,7.290332794189453,5.110278595364217,-0.028342614056297448,-0.010604962031775064,-0.03848623358422751,0.0,0.0,0.0,0.0,0.0,0.0
1769449993.3915277,7.592877388000488,7.294106483459473,5.114370104648111,-0.028400159466117368,-0.010675606857514123,-0.03792952660750188,0.0,0.0,0.0,0.0,0.0,0.0
1769449993.4415135,7.592877388000488,7.294106483459473,5.114370104648111,-0.028400159466117368,-0.010675606857514123,-0.03792952660750188,0.0,0.0,0.0,0.0,0.0,0.0
1769449993.4914143,7.592745065689087,7.296178340911865,5.117441785327195,-0.02823866524352788,-0.010607212186505911,-0.037204563466161,0.0,0.0,0.0,0.0,0.0,0.0
1769449993.541486,7.592745065689087,7.296178340911865,5.117441785327195,-0.02823866524352788,-0.010607212186505911,-0.037204563466161,0.0,0.0,0.0,0.0,0.0,0.0
1769449993.59143,7.592624664306641,7.2987799644470215,5.12102025240948,-0.02789795966507615,-0.010450678390972776,-0.03663674739660154,0.0,0.0,0.0,0.0,0.0,0.0
1769449993.6415002,7.592624664306641,7.2987799644470215,5.12102025240948,-0.02789795966507615,-0.010450678390972776,-0.03663674739660154,0.0,0.0,0.0,0.0,0.0,0.0
1769449993.6914232,7.592657089233398,7.30211877822876,5.124958013058731,-0.0276436752484158,-0.010389323684772866,-0.03656638493053863,0.0,0.0,0.0,0.0,0.0,0.0
1769449993.741438,7.592657089233398,7.30211877822876,5.124958013058731,-0.0276436752484158,-0.010389323684772866,-0.03656638493053863,0.0,0.0,0.0,0.0,0.0,0.0
1769449993.7914424,7.592629909515381,7.305489540100098,5.129057774659729,-0.027588616190157074,-0.010470686617914516,-0.036995860957742356,0.0,0.0,0.0,0.0,0.0,0.0
1769449993.8415174,7.592629909515381,7.305489540100098,5.129057774659729,-0.027588616190157074,-0.010470686617914516,-0.036995860957742356,0.0,0.0,0.0,0.0,0.0,0.0
1769449993.8915005,7.592915773391724,7.309082508087158,5.130767763531077,-0.027762654310938533,-0.010804765252079952,-0.035805309816079385,0.0,0.0,0.0,0.0,0.0,0.0
1769449993.9415092,7.592915773391724,7.309082508087158,5.130767763531077,-0.027762654310938533,-0.010804765252079952,-0.035805309816079385,0.0,0.0,0.0,0.0,0.0,0.0
1769449993.991471,7.5924882888793945,7.311345100402832,5.136137714966653,-0.027817889414005516,-0.010998425780032517,-0.03612925633096692,0.0,0.0,0.0,0.0,0.0,0.0
1769449994.0415163,7.5924882888793945,7.311345100402832,5.136137714966653,-0.027817889414005516,-0.010998425780032517,-0.03612925633096692,0.0,0.0,0.0,0.0,0.0,0.0
1769449994.0914938,7.592231512069702,7.313479900360107,5.138818353015744,-0.0275744338277981,-0.010948664833181203,-0.03595385722799745,0.0,0.0,0.0,0.0,0.0,0.0
1769449994.141558,7.592231512069702,7.313479900360107,5.138818353015744,-0.0275744338277981,-0.010948664833181203,-0.03595385722799745,0.0,0.0,0.0,0.0,0.0,0.0
1769449994.1915457,7.5922722816467285,7.31727933883667,5.142494891301103,-0.02748484997863837,-0.01096966134711054,-0.0357971715076317,0.0,0.0,0.0,0.0,0.0,0.0
1769449994.2415237,7.5922722816467285,7.31727933883667,5.142494891301103,-0.02748484997863837,-0.01096966134711054,-0.0357971715076317,0.0,0.0,0.0,0.0,0.0,0.0
1769449994.291457,7.592275381088257,7.319806098937988,5.146093804582781,-0.027331376303629668,-0.01100466293720357,-0.03572436556777719,0.0,0.0,0.0,0.0,0.0,0.0
1769449994.341543,7.592275381088257,7.319806098937988,5.146093804582781,-0.027331376303629668,-0.01100466293720357,-0.03572436556777719,0.0,0.0,0.0,0.0,0.0,0.0
1769449994.3915403,7.592122316360474,7.322949409484863,5.149792533396868,-0.027244594324249055,-0.011062694808238896,-0.03580398461752006,0.0,0.0,0.0,0.0,0.0,0.0
1769449994.441523,7.592122316360474,7.322949409484863,5.149792533396868,-0.027244594324249055,-0.011062694808238896,-0.03580398461752006,0.0,0.0,0.0,0.0,0.0,0.0
1769449994.4915075,7.591871023178101,7.325600624084473,5.1532982961511395,-0.027133063899529346,-0.011051026351832687,-0.03582764794090097,0.0,0.0,0.0,0.0,0.0,0.0
1769449994.5414524,7.591871023178101,7.325600624084473,5.1532982961511395,-0.027133063899529346,-0.011051026351832687,-0.03582764794090097,0.0,0.0,0.0,0.0,0.0,0.0
1769449994.5915623,7.591692209243774,7.328432559967041,5.156019391004104,-0.027011500631411434,-0.01099447704397451,-0.03515317645832555,0.0,0.0,0.0,0.0,0.0,0.0
1769449994.6415596,7.591692209243774,7.328432559967041,5.156019391004104,-0.027011500631411434,-0.01099447704397451,-0.03515317645832555,0.0,0.0,0.0,0.0,0.0,0.0
1769449994.691544,7.591705799102783,7.331711769104004,5.158765254613424,-0.026994551938947436,-0.011032387985746012,-0.03398769841116005,0.0,0.0,0.0,0.0,0.0,0.0
1769449994.7417016,7.591705799102783,7.331711769104004,5.158765254613424,-0.026994551938947436,-0.011032387985746012,-0.03398769841116005,0.0,0.0,0.0,0.0,0.0,0.0
1769449994.7915695,7.591045618057251,7.333358287811279,5.165575933614018,-0.02671987726602338,-0.010789902938953296,-0.03587423482209397,0.0,0.0,0.0,0.0,0.0,0.0
1769449994.841624,7.591045618057251,7.333358287811279,5.165575933614018,-0.02671987726602338,-0.010789902938953296,-0.03587423482209397,0.0,0.0,0.0,0.0,0.0,0.0
1769449994.8916767,7.591258525848389,7.3367486000061035,5.168147246878069,-0.026495121057838723,-0.010672214232439707,-0.036908094449590687,0.0,0.0,0.0,0.0,0.0,0.0
1769449994.9416442,7.591258525848389,7.3367486000061035,5.168147246878069,-0.026495121057838723,-0.010672214232439707,-0.036908094449590687,0.0,0.0,0.0,0.0,0.0,0.0
1769449994.9916122,7.590975046157837,7.340126037597656,5.171790831470176,-0.02650248881937642,-0.010680850136227998,-0.03725050269433429,0.0,0.0,0.0,0.0,0.0,0.0
1769449995.0416515,7.590975046157837,7.340126037597656,5.171790831470176,-0.02650248881937642,-0.010680850136227998,-0.03725050269433429,0.0,0.0,0.0,0.0,0.0,0.0
1769449995.091596,7.590374946594238,7.341989517211914,5.176920492976469,-0.026372262667386598,-0.010496063825721207,-0.03838154989515062,0.0,0.0,0.0,0.0,0.0,0.0
1769449995.1416109,7.590374946594238,7.341989517211914,5.176920492976469,-0.026372262667386598,-0.010496063825721207,-0.03838154989515062,0.0,0.0,0.0,0.0,0.0,0.0
1769449995.1915503,7.5903074741363525,7.345058917999268,5.17963507433308,-0.02625848969253445,-0.010353395548080456,-0.03833935813231947,0.0,0.0,0.0,0.0,0.0,0.0
1769449995.2416751,7.5903074741363525,7.345058917999268,5.17963507433308,-0.02625848969253445,-0.010353395548080456,-0.03833935813231947,0.0,0.0,0.0,0.0,0.0,0.0
1769449995.2915666,7.5902979373931885,7.347917556762695,5.181792293010431,-0.026155585682825888,-0.010337240987662005,-0.03671206111500729,0.0,0.0,0.0,0.0,0.0,0.0
1769449995.3417602,7.5902979373931885,7.347917556762695,5.181792293010431,-0.026155585682825888,-0.010337240987662005,-0.03671206111500729,0.0,0.0,0.0,0.0,0.0,0.0
1769449995.3916407,7.5899879932403564,7.35094690322876,5.1866278303655085,-0.026152590255899562,-0.010395820025752631,-0.036306627811691666,0.0,0.0,0.0,0.0,0.0,0.0
1769449995.4416857,7.5899879932403564,7.35094690322876,5.1866278303655085,-0.026152590255899562,-0.010395820025752631,-0.036306627811691666,0.0,0.0,0.0,0.0,0.0,0.0
1769449995.4916878,7.589833736419678,7.353578090667725,5.190043809247511,-0.026125250416448118,-0.010481461935557877,-0.0362053956160086,0.0,0.0,0.0,0.0,0.0,0.0
1769449995.5416653,7.589833736419678,7.353578090667725,5.190043809247511,-0.026125250416448118,-0.010481461935557877,-0.0362053956160086,0.0,0.0,0.0,0.0,0.0,0.0
1769449995.5917544,7.5895750522613525,7.356266975402832,5.192206360998403,-0.026059179361089167,-0.01054600423078792,-0.035078243757948255,0.0,0.0,0.0,0.0,0.0,0.0
1769449995.6446497,7.5895750522613525,7.356266975402832,5.192206360998403,-0.026059179361089167,-0.01054600423078792,-0.035078243757948255,0.0,0.0,0.0,0.0,0.0,0.0
1769449995.6916957,7.589262008666992,7.358405590057373,5.196290390186195,-0.025809295853430222,-0.01048054987127568,-0.03463443061509804,0.0,0.0,0.0,0.0,0.0,0.0
1769449995.7417243,7.589262008666992,7.358405590057373,5.196290390186195,-0.025809295853430222,-0.01048054987127568,-0.03463443061509804,0.0,0.0,0.0,0.0,0.0,0.0
1769449995.7916303,7.58951735496521,7.361760139465332,5.1971368562242795,-0.02562739719245611,-0.010608904285050574,-0.032491289320395404,0.0,0.0,0.0,0.0,0.0,0.0
1769449995.8416464,7.58951735496521,7.361760139465332,5.1971368562242795,-0.02562739719245611,-0.010608904285050574,-0.032491289320395404,0.0,0.0,0.0,0.0,0.0,0.0
1769449995.8914912,7.589346647262573,7.364391326904297,5.200274420633701,-0.025464349695519757,-0.010795059696264044,-0.03076904544519471,0.0,0.0,0.0,0.0,0.0,0.0
1769449995.9416378,7.589346647262573,7.364391326904297,5.200274420633701,-0.025464349695519757,-0.010795059696264044,-0.03076904544519471,0.0,0.0,0.0,0.0,0.0,0.0
1769449995.9916296,7.588754892349243,7.367048263549805,5.206246432045038,-0.025367047481412993,-0.01085119269394089,-0.03215386524910003,0.0,0.0,0.0,0.0,0.0,0.0
1769449996.0416749,7.588754892349243,7.367048263549805,5.206246432045038,-0.025367047481412993,-0.01085119269394089,-0.03215386524910003,0.0,0.0,0.0,0.0,0.0,0.0
1769449996.0915346,7.588472843170166,7.369077682495117,5.208748673765405,-0.02511899078795159,-0.010724760793736444,-0.03315349832492022,0.0,0.0,0.0,0.0,0.0,0.0
1769449996.1416261,7.588472843170166,7.369077682495117,5.208748673765405,-0.02511899078795159,-0.010724760793736444,-0.03315349832492022,0.0,0.0,0.0,0.0,0.0,0.0
1769449996.1915305,7.5884222984313965,7.371738433837891,5.210363908399957,-0.02481581541814942,-0.0105975848583079,-0.03229430673556694,0.0,0.0,0.0,0.0,0.0,0.0
1769449996.2416155,7.5884222984313965,7.371738433837891,5.210363908399957,-0.02481581541814942,-0.0105975848583079,-0.03229430673556694,0.0,0.0,0.0,0.0,0.0,0.0
1769449996.2915483,7.588198184967041,7.375508785247803,5.213687096033505,-0.0248596219484401,-0.0106679819567335,-0.03142206213602319,0.0,0.0,0.0,0.0,0.0,0.0
1769449996.3415396,7.588198184967041,7.375508785247803,5.213687096033505,-0.0248596219484401,-0.0106679819567335,-0.03142206213602319,0.0,0.0,0.0,0.0,0.0,0.0
1769449996.3915496,7.587953090667725,7.377716064453125,5.217536764274639,-0.024896447631465198,-0.010736973085290756,-0.03147333744438415,0.0,0.0,0.0,0.0,0.0,0.0
1769449996.4415085,7.587953090667725,7.377716064453125,5.217536764274639,-0.024896447631465198,-0.010736973085290756,-0.03147333744438415,0.0,0.0,0.0,0.0,0.0,0.0
1769449996.4914937,7.587413787841797,7.37929630279541,5.221276403834986,-0.024648620876262916,-0.010544869923003556,-0.03219661593569877,0.0,0.0,0.0,0.0,0.0,0.0
1769449996.5415564,7.587413787841797,7.37929630279541,5.221276403834986,-0.024648620876262916,-0.010544869923003556,-0.03219661593569877,0.0,0.0,0.0,0.0,0.0,0.0
1769449996.591572,7.586747407913208,7.381562232971191,5.225863022430644,-0.024283036499995685,-0.010115515501351511,-0.03384726939451989,0.0,0.0,0.0,0.0,0.0,0.0
1769449996.6415424,7.586747407913208,7.381562232971191,5.225863022430644,-0.024283036499995685,-0.010115515501351511,-0.03384726939451989,0.0,0.0,0.0,0.0,0.0,0.0
1769449996.69148,7.586792230606079,7.384852886199951,5.2290373687328255,-0.024086846649358902,-0.009884610944746002,-0.03485469652711924,0.0,0.0,0.0,0.0,0.0,0.0
1769449996.7414823,7.586792230606079,7.384852886199951,5.2290373687328255,-0.024086846649358902,-0.009884610944746002,-0.03485469652711924,0.0,0.0,0.0,0.0,0.0,0.0
1769449996.7915223,7.5864832401275635,7.387057304382324,5.231762815678827,-0.023893573590832166,-0.009733465331205515,-0.03467808822569898,0.0,0.0,0.0,0.0,0.0,0.0
1769449996.8414724,7.5864832401275635,7.387057304382324,5.231762815678827,-0.023893573590832166,-0.009733465331205515,-0.03467808822569898,0.0,0.0,0.0,0.0,0.0,0.0
1769449996.8914034,7.5863471031188965,7.38997220993042,5.234526512304923,-0.023811615332608487,-0.009760296332856999,-0.0337313384067912,0.0,0.0,0.0,0.0,0.0,0.0
1769449996.9414854,7.5863471031188965,7.38997220993042,5.234526512304923,-0.023811615332608487,-0.009760296332856999,-0.0337313384067912,0.0,0.0,0.0,0.0,0.0,0.0
1769449996.9914894,7.58580756187439,7.392617225646973,5.239329046571031,-0.023850118498168135,-0.009814741272641913,-0.034121873575223526,0.0,0.0,0.0,0.0,0.0,0.0
1769449997.0414495,7.58580756187439,7.392617225646973,5.239329046571031,-0.023850118498168135,-0.009814741272641913,-0.034121873575223526,0.0,0.0,0.0,0.0,0.0,0.0
1769449997.0915558,7.585123777389526,7.394704818725586,5.2448627504752565,-0.023850536506723297,-0.0097030117582073,-0.03633697875575851,0.0,0.0,0.0,0.0,0.0,0.0
1769449997.1415696,7.585123777389526,7.394704818725586,5.2448627504752565,-0.023850536506723297,-0.0097030117582073,-0.03633697875575851,0.0,0.0,0.0,0.0,0.0,0.0
1769449997.1915429,7.584593057632446,7.397251605987549,5.248150012178665,-0.023859591988066742,-0.009502259619808355,-0.0377786000506209,0.0,0.0,0.0,0.0,0.0,0.0
1769449997.241537,7.584593057632446,7.397251605987549,5.248150012178665,-0.023859591988066742,-0.009502259619808355,-0.0377786000506209,0.0,0.0,0.0,0.0,0.0,0.0
1769449997.2914994,7.58465576171875,7.39993953704834,5.250804469384185,-0.023839488986198823,-0.009461370208513063,-0.037531617902127785,0.0,0.0,0.0,0.0,0.0,0.0
1769449997.3414993,7.58465576171875,7.39993953704834,5.250804469384185,-0.023839488986198823,-0.009461370208513063,-0.037531617902127785,0.0,0.0,0.0,0.0,0.0,0.0
1769449997.3914278,7.584604501724243,7.402548313140869,5.252049086871844,-0.023776517430976436,-0.009606819644572412,-0.03501477966494838,0.0,0.0,0.0,0.0,0.0,0.0
1769449997.441554,7.584604501724243,7.402548313140869,5.252049086871844,-0.023776517430976436,-0.009606819644572412,-0.03501477966494838,0.0,0.0,0.0,0.0,0.0,0.0
1769449997.491527,7.583893537521362,7.405331611633301,5.257517693005997,-0.023826742779053167,-0.009751504754769423,-0.034550656772238675,0.0,0.0,0.0,0.0,0.0,0.0
1769449997.5413995,7.583893537521362,7.405331611633301,5.257517693005997,-0.023826742779053167,-0.009751504754769423,-0.034550656772238675,0.0,0.0,0.0,0.0,0.0,0.0
1769449997.5914037,7.583686113357544,7.407227993011475,5.259964905983757,-0.02370255215820105,-0.009813557511759077,-0.03400272862094163,0.0,0.0,0.0,0.0,0.0,0.0
1769449997.6415682,7.583686113357544,7.407227993011475,5.259964905983757,-0.02370255215820105,-0.009813557511759077,-0.03400272862094163,0.0,0.0,0.0,0.0,0.0,0.0
1769449997.6915886,7.583813905715942,7.409697532653809,5.260986051627904,-0.023431017811502114,-0.009961035794634213,-0.03180575596771752,0.0,0.0,0.0,0.0,0.0,0.0
1769449997.741606,7.583813905715942,7.409697532653809,5.260986051627904,-0.023431017811502114,-0.009961035794634213,-0.03180575596771752,0.0,0.0,0.0,0.0,0.0,0.0
1769449997.7914572,7.58327054977417,7.41256856918335,5.263938859809027,-0.023281186669429854,-0.010121443951563058,-0.029959552147995457,0.0,0.0,0.0,0.0,0.0,0.0
1769449997.84159,7.58327054977417,7.41256856918335,5.263938859809027,-0.023281186669429854,-0.010121443951563058,-0.029959552147995457,0.0,0.0,0.0,0.0,0.0,0.0
1769449997.8914983,7.582909345626831,7.41472053527832,5.267445892496697,-0.023114665487635445,-0.01019227978660558,-0.02939153378011574,0.0,0.0,0.0,0.0,0.0,0.0
1769449997.941517,7.582909345626831,7.41472053527832,5.267445892496697,-0.023114665487635445,-0.01019227978660558,-0.02939153378011574,0.0,0.0,0.0,0.0,0.0,0.0
1769449997.991534,7.58251166343689,7.417167663574219,5.27093057999212,-0.022970012815163393,-0.010188977874202004,-0.02980846005683195,0.0,0.0,0.0,0.0,0.0,0.0
1769449998.0416198,7.58251166343689,7.417167663574219,5.27093057999212,-0.022970012815163393,-0.010188977874202004,-0.02980846005683195,0.0,0.0,0.0,0.0,0.0,0.0
1769449998.0916765,7.58234977722168,7.4201579093933105,5.27489983927234,-0.022972554996781618,-0.01029178444304959,-0.03106555074766616,0.0,0.0,0.0,0.0,0.0,0.0
1769449998.141603,7.58234977722168,7.4201579093933105,5.27489983927234,-0.022972554996781618,-0.01029178444304959,-0.03106555074766616,0.0,0.0,0.0,0.0,0.0,0.0
1769449998.1916058,7.582118272781372,7.422740459442139,5.277921296351963,-0.023038971603948594,-0.010464833546609747,-0.0319256050365653,0.0,0.0,0.0,0.0,0.0,0.0
1769449998.2416673,7.582118272781372,7.422740459442139,5.277921296351963,-0.023038971603948594,-0.010464833546609747,-0.0319256050365653,0.0,0.0,0.0,0.0,0.0,0.0
1769449998.2915945,7.581888437271118,7.424479007720947,5.279174091988629,-0.022885897084137508,-0.010532890720897359,-0.030794971724069434,0.0,0.0,0.0,0.0,0.0,0.0
1769449998.341708,7.581888437271118,7.424479007720947,5.279174091988629,-0.022885897084137508,-0.010532890720897359,-0.030794971724069434,0.0,0.0,0.0,0.0,0.0,0.0
1769449998.391644,7.581398963928223,7.427201747894287,5.28258710269584,-0.022762870107770762,-0.010540129104318344,-0.029921437161503372,0.0,0.0,0.0,0.0,0.0,0.0
1769449998.4417782,7.581398963928223,7.427201747894287,5.28258710269584,-0.022762870107770762,-0.010540129104318344,-0.029921437161503372,0.0,0.0,0.0,0.0,0.0,0.0
1769449998.4916801,7.580913782119751,7.430086135864258,5.287055214291382,-0.022811718625287084,-0.01054954369894861,-0.03064124333527236,0.0,0.0,0.0,0.0,0.0,0.0
1769449998.5417082,7.580913782119751,7.430086135864258,5.287055214291382,-0.022811718625287084,-0.01054954369894861,-0.03064124333527236,0.0,0.0,0.0,0.0,0.0,0.0
1769449998.5917025,7.58057713508606,7.432209014892578,5.289119582391967,-0.022819335492804165,-0.010500732820502276,-0.03066416965691437,0.0,0.0,0.0,0.0,0.0,0.0
1769449998.6417713,7.58057713508606,7.432209014892578,5.289119582391967,-0.022819335492804165,-0.010500732820502276,-0.03066416965691437,0.0,0.0,0.0,0.0,0.0,0.0
1769449998.691615,7.579992294311523,7.434688091278076,5.2930417677077095,-0.022844015716347643,-0.010377544084295691,-0.031175178374581548,0.0,0.0,0.0,0.0,0.0,0.0
1769449998.7416096,7.579992294311523,7.434688091278076,5.2930417677077095,-0.022844015716347643,-0.010377544084295691,-0.031175178374581548,0.0,0.0,0.0,0.0,0.0,0.0
1769449998.7917325,7.579674482345581,7.437060356140137,5.296425334234571,-0.022830052682683927,-0.010250410011117907,-0.031795804068427906,0.0,0.0,0.0,0.0,0.0,0.0
1769449998.8417635,7.579674482345581,7.437060356140137,5.296425334234571,-0.022830052682683927,-0.010250410011117907,-0.031795804068427906,0.0,0.0,0.0,0.0,0.0,0.0
1769449998.8917015,7.579592227935791,7.438998222351074,5.29796593595975,-0.022604230734219098,-0.010143464361827418,-0.030892669469267862,0.0,0.0,0.0,0.0,0.0,0.0
1769449998.9416552,7.579592227935791,7.438998222351074,5.29796593595975,-0.022604230734219098,-0.010143464361827418,-0.030892669469267862,0.0,0.0,0.0,0.0,0.0,0.0
1769449998.9916837,7.579190254211426,7.441625118255615,5.300888952535509,-0.022389412378121108,-0.010099800911384304,-0.029872046628257157,0.0,0.0,0.0,0.0,0.0,0.0
1769449999.0417044,7.579190254211426,7.441625118255615,5.300888952535509,-0.022389412378121108,-0.010099800911384304,-0.029872046628257157,0.0,0.0,0.0,0.0,0.0,0.0
1769449999.0915897,7.5781919956207275,7.444263935089111,5.3081358613046685,-0.022386586709081127,-0.009969899996105215,-0.03259696768043185,0.0,0.0,0.0,0.0,0.0,0.0
1769449999.1416245,7.5781919956207275,7.444263935089111,5.3081358613046685,-0.022386586709081127,-0.009969899996105215,-0.03259696768043185,0.0,0.0,0.0,0.0,0.0,0.0
1769449999.1915643,7.577751398086548,7.446216583251953,5.311351886453277,-0.022351254530653123,-0.009749594510608015,-0.03504395138207143,0.0,0.0,0.0,0.0,0.0,0.0
1769449999.2416546,7.577751398086548,7.446216583251953,5.311351886453277,-0.022351254530653123,-0.009749594510608015,-0.03504395138207143,0.0,0.0,0.0,0.0,0.0,0.0
1769449999.291645,7.57746434211731,7.448564529418945,5.314563356217775,-0.02226852031532947,-0.009575731463020754,-0.0361470727993008,0.0,0.0,0.0,0.0,0.0,0.0
1769449999.341616,7.57746434211731,7.448564529418945,5.314563356217775,-0.02226852031532947,-0.009575731463020754,-0.0361470727993008,0.0,0.0,0.0,0.0,0.0,0.0
1769449999.3915753,7.576967477798462,7.450981616973877,5.317295419812012,-0.022199015749053853,-0.009458554249144137,-0.035753650680777946,0.0,0.0,0.0,0.0,0.0,0.0
1769449999.441624,7.576967477798462,7.450981616973877,5.317295419812012,-0.022199015749053853,-0.009458554249144137,-0.035753650680777946,0.0,0.0,0.0,0.0,0.0,0.0
1769449999.4916487,7.5770862102508545,7.4528584480285645,5.318498687920581,-0.021911836041845465,-0.009463488426718493,-0.03329569298596141,0.0,0.0,0.0,0.0,0.0,0.0
1769449999.5415707,7.5770862102508545,7.4528584480285645,5.318498687920581,-0.021911836041845465,-0.009463488426718493,-0.03329569298596141,0.0,0.0,0.0,0.0,0.0,0.0
1769449999.5917287,7.576595067977905,7.4557905197143555,5.322042785872948,-0.02175786318266103,-0.009617505028360803,-0.031550317196625266,0.0,0.0,0.0,0.0,0.0,0.0
1769449999.6417003,7.576595067977905,7.4557905197143555,5.322042785872948,-0.02175786318266103,-0.009617505028360803,-0.031550317196625266,0.0,0.0,0.0,0.0,0.0,0.0
1769449999.6915243,7.576164722442627,7.4582624435424805,5.325962811974216,-0.021723387362331842,-0.009831773151150781,-0.03132826029516637,0.0,0.0,0.0,0.0,0.0,0.0
1769449999.7416694,7.576164722442627,7.4582624435424805,5.325962811974216,-0.021723387362331842,-0.009831773151150781,-0.03132826029516637,0.0,0.0,0.0,0.0,0.0,0.0
1769449999.7916493,7.575853109359741,7.46043062210083,5.327282819116348,-0.02167601809540473,-0.010028801761514048,-0.030161073464349424,0.0,0.0,0.0,0.0,0.0,0.0
1769449999.8416023,7.575853109359741,7.46043062210083,5.327282819116348,-0.02167601809540473,-0.010028801761514048,-0.030161073464349424,0.0,0.0,0.0,0.0,0.0,0.0
1769449999.891527,7.5753045082092285,7.462211608886719,5.329735337855491,-0.021504072048820013,-0.01004191648232966,-0.028816005583995764,0.0,0.0,0.0,0.0,0.0,0.0
1769449999.9416192,7.5753045082092285,7.462211608886719,5.329735337855491,-0.021504072048820013,-0.01004191648232966,-0.028816005583995764,0.0,0.0,0.0,0.0,0.0,0.0
1769449999.991574,7.57459282875061,7.464951515197754,5.333239548064684,-0.0214780895615563,-0.009975064797349767,-0.028493848812968892,0.0,0.0,0.0,0.0,0.0,0.0
1769450000.0415285,7.57459282875061,7.464951515197754,5.333239548064684,-0.0214780895615563,-0.009975064797349767,-0.028493848812968892,0.0,0.0,0.0,0.0,0.0,0.0
1769450000.0915182,7.574474573135376,7.467055797576904,5.334544975485519,-0.021400555455673303,-0.009932592804718894,-0.027348939381568706,0.0,0.0,0.0,0.0,0.0,0.0
1769450000.1415575,7.574474573135376,7.467055797576904,5.334544975485519,-0.021400555455673303,-0.009932592804718894,-0.027348939381568706,0.0,0.0,0.0,0.0,0.0,0.0
1769450000.1914692,7.5742597579956055,7.469945430755615,5.337721263080928,-0.021427726302932888,-0.010073807612990352,-0.02683962209725149,0.0,0.0,0.0,0.0,0.0,0.0
1769450000.2415936,7.5742597579956055,7.469945430755615,5.337721263080928,-0.021427726302932888,-0.010073807612990352,-0.02683962209725149,0.0,0.0,0.0,0.0,0.0,0.0
1769450000.2915363,7.573710918426514,7.471635818481445,5.34152631505719,-0.021344771565086004,-0.010114001821748894,-0.027582617437940847,0.0,0.0,0.0,0.0,0.0,0.0
1769450000.3415873,7.573710918426514,7.471635818481445,5.34152631505719,-0.021344771565086004,-0.010114001821748894,-0.027582617437940847,0.0,0.0,0.0,0.0,0.0,0.0
1769450000.3915217,7.573384046554565,7.474344253540039,5.345015519884804,-0.02131608412320327,-0.010204486761593565,-0.028890065266938877,0.0,0.0,0.0,0.0,0.0,0.0
1769450000.4415956,7.573384046554565,7.474344253540039,5.345015519884804,-0.02131608412320327,-0.010204486761593565,-0.028890065266938877,0.0,0.0,0.0,0.0,0.0,0.0
1769450000.491403,7.572952032089233,7.476095676422119,5.34773578324416,-0.02116462890442402,-0.010190695536073154,-0.029643258985317684,0.0,0.0,0.0,0.0,0.0,0.0
1769450000.5414255,7.572952032089233,7.476095676422119,5.34773578324416,-0.02116462890442402,-0.010190695536073154,-0.029643258985317684,0.0,0.0,0.0,0.0,0.0,0.0
