t_sec,x,y,yaw,u,v,r,applied_steer_ui,applied_steer_rad,applied_thrust,bow,target_steer_ui,target_thrust
1769450045.3806133,6.749960660934448,-4.995262145996094,-2.1744382449875523,-1.5623788939248238e-16,-4.681603078043795e-15,7.428811250853212e-16,0.0,0.0,0.0,0.0,0.0,0.0
1769450045.4306366,6.749960660934448,-4.995262145996094,-2.1744382449875523,-1.5623788939248238e-16,-4.681603078043795e-15,7.428811250853212e-16,0.0,0.0,0.0,0.0,0.0,0.0
1769450045.480506,6.749960660934448,-4.995262145996094,-2.1744382449875523,-1.9527673107186157e-15,-5.011777358407523e-15,7.428811250853212e-16,0.0,0.0,0.0,0.0,0.0,0.0
1769450045.530569,6.749960660934448,-4.995262145996094,-2.1744382449875523,-1.9527673107186157e-15,-5.011777358407523e-15,7.428811250853212e-16,0.0,0.0,0.0,0.0,0.0,0.0
1769450045.5804822,6.749960660934448,-4.995262145996094,-2.1744382449875523,-3.0162996615104562e-15,-4.278475333812246e-15,7.428811250853212e-16,0.0,0.0,0.0,0.0,0.0,0.0
1769450045.6305168,6.749960660934448,-4.995262145996094,-2.1744382449875523,-3.0162996615104562e-15,-4.278475333812246e-15,7.428811250853212e-16,0.0,0.0,0.0,0.0,0.0,0.0
1769450045.6805606,6.749960660934448,-4.995262145996094,-2.1744382449875523,-3.34642454824277e-15,-2.482214670888386e-15,7.428811250853212e-16,0.0,0.0,0.0,0.0,0.0,0.0
1769450045.73055,6.749960660934448,-4.995262145996094,-2.1744382449875523,-3.34642454824277e-15,-2.482214670888386e-15,7.428811250853212e-16,0.0,0.0,0.0,0.0,0.0,0.0
1769450045.7806249,6.749960660934448,-4.995262145996094,-2.1744382449875523,-3.676547788333643e-15,-6.859629675957623e-16,7.428811250853212e-16,0.0,0.0,0.0,0.0,0.0,0.0
1769450045.8305502,6.749960660934448,-4.995262145996094,-2.1744382449875523,-3.676547788333643e-15,-6.859629675957623e-16,7.428811250853212e-16,0.0,0.0,0.0,0.0,0.0,0.0
1769450045.8805423,6.749960660934448,-4.995262145996094,-2.1744382449875523,-4.006659092787616e-15,1.1102237920470158e-15,7.428811250853212e-16,0.0,0.0,0.0,0.0,0.0,0.0
1769450045.9305418,6.749960660934448,-4.995262145996094,-2.1744382449875523,-4.006659092787616e-15,1.1102237920470158e-15,7.428811250853212e-16,0.0,0.0,0.0,0.0,0.0,0.0
1769450045.9805226,6.749960660934448,-4.995262145996094,-2.1744382449875523,-4.336904743324842e-15,2.9071415495462486e-15,7.428811250853212e-16,0.0,0.0,0.0,0.0,0.0,0.0
1769450046.0304415,6.749960660934448,-4.995262145996094,-2.1744382449875523,-4.336904743324842e-15,2.9071415495462486e-15,7.428811250853212e-16,0.0,0.0,0.0,0.0,0.0,0.0
1769450046.0804849,6.749960660934448,-4.995262145996094,-2.1744382449875523,-3.603961555354325e-15,3.9701534676292176e-15,7.428811250853212e-16,0.0,0.0,0.0,0.0,0.0,0.0
1769450046.1305099,6.749960660934448,-4.995262145996094,-2.1744382449875523,-3.603961555354325e-15,3.9701534676292176e-15,7.428811250853212e-16,0.0,0.0,0.0,0.0,0.0,0.0
1769450046.180538,6.749960660934448,-4.995262145996094,-2.1744382449875523,-1.807687482928131e-15,4.300280818820355e-15,7.428811250853212e-16,0.0,0.0,0.0,0.0,0.0,0.0
1769450046.2306929,6.749960660934448,-4.995262145996094,-2.1744382449875523,-1.807687482928131e-15,4.300280818820355e-15,7.428811250853212e-16,0.0,0.0,0.0,0.0,0.0,0.0
1769450046.2805874,6.749960660934448,-4.995262145996094,-2.1744382449875523,-1.1776824250536924e-17,4.630341380193583e-15,7.428811250853212e-16,0.0,0.0,0.0,0.0,0.0,0.0
1769450046.3305955,6.749960660934448,-4.995262145996094,-2.1744382449875523,-1.1776824250536924e-17,4.630341380193583e-15,7.428811250853212e-16,0.0,0.0,0.0,0.0,0.0,0.0
1769450046.3804111,6.749960660934448,-4.995262145996094,-2.1744382449875523,1.7844761051047107e-15,4.9604648456157754e-15,7.428811250853212e-16,0.0,0.0,0.0,0.0,0.0,0.0
1769450046.4304445,6.749960660934448,-4.995262145996094,-2.1744382449875523,1.7844761051047107e-15,4.9604648456157754e-15,7.428811250853212e-16,0.0,0.0,100.0,0.0,0.0,100.0
1769450046.4803948,6.749960660934448,-4.995262145996094,-2.1744382449875523,2.8480001029209426e-15,4.2271685803694455e-15,7.428811250853212e-16,0.0,0.0,100.0,0.0,0.0,100.0
1769450046.5305367,6.749960660934448,-4.995262145996094,-2.1744382449875523,2.8480001029209426e-15,4.2271685803694455e-15,7.428811250853212e-16,0.0,0.0,100.0,0.0,0.0,100.0
1769450046.580406,6.749960660934448,-4.995262145996094,-2.1744382449875523,3.178089438653701e-15,2.4311013559429453e-15,7.428811250853212e-16,0.0,0.0,100.0,0.0,0.0,100.0
1769450046.6305122,6.749960660934448,-4.995262145996094,-2.1744382449875523,3.178089438653701e-15,2.4311013559429453e-15,7.428811250853212e-16,0.0,0.0,100.0,0.0,0.0,100.0
1769450046.6805415,6.749960660934448,-4.995262145996094,-2.1744382449875523,3.508309644013949e-15,6.343220495944814e-16,7.428811250853212e-16,0.0,0.0,100.0,0.0,0.0,100.0
1769450046.730425,6.749960660934448,-4.995262145996094,-2.1744382449875523,3.508309644013949e-15,6.343220495944814e-16,7.428811250853212e-16,0.0,0.0,100.0,0.0,0.0,100.0
1769450046.7805035,6.749960660934448,-4.995262145996094,-2.1744382449875523,3.838315208301639e-15,-1.161289361418673e-15,7.428811250853212e-16,0.0,0.0,100.0,0.0,0.0,100.0
1769450046.8304129,6.749960660934448,-4.995262145996094,-2.1744382449875523,3.838315208301639e-15,-1.161289361418673e-15,7.428811250853212e-16,0.0,0.0,100.0,0.0,0.0,100.0
1769450046.8804336,6.749960660934448,-4.995262145996094,-2.1744382449875523,4.168479078514336e-15,-2.9577621394999476e-15,7.428811250853212e-16,0.0,0.0,100.0,0.0,0.0,100.0
1769450046.930557,6.749960660934448,-4.995262145996094,-2.1744382449875523,4.168479078514336e-15,-2.9577621394999476e-15,7.428811250853212e-16,0.0,0.0,0.0,0.0,0.0,0.0
1769450046.980421,6.749960660934448,-4.995262145996094,-2.1744382449875523,3.435358168326248e-15,-4.021031814034557e-15,7.428811250853212e-16,0.0,0.0,0.0,0.0,0.0,0.0
1769450047.0305367,6.749960660934448,-4.995262145996094,-2.1744382449875523,3.435358168326248e-15,-4.021031814034557e-15,7.428811250853212e-16,0.0,0.0,0.0,0.0,0.0,0.0
1769450047.0805173,6.749960660934448,-4.995262145996094,-2.1744382449875523,1.638776686939433e-15,-4.351215662231056e-15,7.428811250853212e-16,0.0,0.0,-100.0,0.0,0.0,-100.0
1769450047.130544,6.749960660934448,-4.995262145996094,-2.1744382449875523,1.638776686939433e-15,-4.351215662231056e-15,7.428811250853212e-16,0.0,0.0,-100.0,0.0,0.0,-100.0
1769450047.1805704,6.749960660934448,-4.995262145996094,-2.1744382449875523,-1.5709949831038559e-16,-4.681269887922234e-15,7.428811250853212e-16,0.0,0.0,-100.0,0.0,0.0,-100.0
1769450047.2305937,6.749960660934448,-4.995262145996094,-2.1744382449875523,-1.5709949831038559e-16,-4.681269887922234e-15,7.428811250853212e-16,0.0,0.0,-200.0,0.0,0.0,-200.0
1769450047.2805023,6.749960660934448,-4.995262145996094,-2.1744382449875523,-1.9535349367842274e-15,-5.011426895693455e-15,7.428811250853212e-16,0.0,0.0,-200.0,0.0,0.0,-200.0
1769450047.3305762,6.749960660934448,-4.995262145996094,-2.1744382449875523,-1.9535349367842274e-15,-5.011426895693455e-15,7.428811250853212e-16,0.0,0.0,-200.0,0.0,0.0,-200.0
1769450047.3804502,6.749960660934448,-4.995262145996094,-2.1744382449875523,-3.016761235194168e-15,-4.2783358931993035e-15,7.428811250853212e-16,0.0,0.0,-200.0,0.0,0.0,-200.0
1769450047.430444,6.749960660934448,-4.995262145996094,-2.1744382449875523,-3.016761235194168e-15,-4.2783358931993035e-15,7.428811250853212e-16,0.0,0.0,-300.0,0.0,0.0,-300.0
1769450047.4803865,6.749960660934448,-4.995262145996094,-2.1744382449875523,-3.346885506596354e-15,-2.4820785783820208e-15,7.428811250853212e-16,0.0,0.0,-300.0,0.0,0.0,-300.0
1769450047.530428,6.749960660934448,-4.995262145996094,-2.1744382449875523,-3.346885506596354e-15,-2.4820785783820208e-15,7.428811250853212e-16,0.0,0.0,-400.0,0.0,0.0,-400.0
1769450047.5805066,6.749960660934448,-4.995262145996094,-2.1744382449875523,-3.6770593331810074e-15,-6.855516261381527e-16,7.428811250853212e-16,0.0,0.0,-400.0,0.0,0.0,-400.0
1769450047.630541,6.749960660934448,-4.995262145996094,-2.1744382449875523,-3.6770593331810074e-15,-6.855516261381527e-16,7.428811250853212e-16,0.0,0.0,-400.0,0.0,0.0,-400.0
1769450047.6804779,6.749960660934448,-4.995262145996094,-2.1744382449875523,-4.007214698110574e-15,1.110874873379677e-15,7.428811250853212e-16,0.0,0.0,-400.0,0.0,0.0,-400.0
1769450047.7305295,6.749960660934448,-4.995262145996094,-2.1744382449875523,-4.007214698110574e-15,1.110874873379677e-15,7.428811250853212e-16,0.0,0.0,-500.0,0.0,0.0,-500.0
1769450047.7804933,6.749960660934448,-4.995262145996094,-2.1744382449875523,-4.337346820201027e-15,2.9071749050083187e-15,7.428811250853212e-16,0.0,0.0,-500.0,0.0,0.0,-500.0
1769450047.8305328,6.749960660934448,-4.995262145996094,-2.1744382449875523,-4.337346820201027e-15,2.9071749050083187e-15,7.428811250853212e-16,0.0,0.0,-500.0,0.0,0.0,-500.0
1769450047.8805068,6.749960660934448,-4.995262145996094,-2.1744382449875523,-3.604327717665053e-15,3.970296924514099e-15,7.428811250853212e-16,0.0,0.0,-600.0,0.0,0.0,-600.0
1769450047.9304118,6.749960660934448,-4.995262145996094,-2.1744382449875523,-3.604327717665053e-15,3.970296924514099e-15,7.428811250853212e-16,0.0,0.0,-600.0,0.0,0.0,-600.0
1769450047.9805503,6.749960660934448,-4.995262145996094,-2.1744382449875523,-1.8082164819424365e-15,4.300394348841372e-15,7.428811250853212e-16,0.0,0.0,-600.0,0.0,0.0,-600.0
1769450048.0305176,6.749960660934448,-4.995262145996094,-2.1744382449875523,-1.8082164819424365e-15,4.300394348841372e-15,7.428811250853212e-16,0.0,0.0,-700.0,0.0,0.0,-700.0
1769450048.0805314,6.749960660934448,-4.995262145996094,-2.1744382449875523,-1.167511166314156e-17,4.630570825237609e-15,7.428811250853212e-16,0.0,0.0,-700.0,0.0,0.0,-700.0
1769450048.1305203,6.749960660934448,-4.995262145996094,-2.1744382449875523,-1.167511166314156e-17,4.630570825237609e-15,7.428811250853212e-16,0.0,0.0,-700.0,0.0,0.0,-700.0
1769450048.1805782,6.749960660934448,-4.995262145996094,-2.1744382449875523,1.7842945459736125e-15,4.960642229705669e-15,7.428811250853212e-16,0.0,0.0,-800.0,0.0,0.0,-800.0
1769450048.2305539,6.749960660934448,-4.995262145996094,-2.1744382449875523,1.7842945459736125e-15,4.960642229705669e-15,7.428811250853212e-16,0.0,0.0,-800.0,0.0,0.0,-800.0
1769450048.2805808,6.749960660934448,-4.995262145996094,-2.1744382449875523,2.8477156420285914e-15,4.227416914882056e-15,7.428811250853212e-16,0.0,0.0,-800.0,0.0,0.0,-800.0
1769450048.3305624,6.749960660934448,-4.995262145996094,-2.1744382449875523,2.8477156420285914e-15,4.227416914882056e-15,7.428811250853212e-16,0.0,0.0,-800.0,0.0,0.0,-800.0
1769450048.3806143,6.749960660934448,-4.995262145996094,-2.1744382449875523,3.177855738605613e-15,2.431073492836315e-15,7.428811250853212e-16,0.0,0.0,-900.0,0.0,0.0,-900.0
1769450048.4305444,6.749960660934448,-4.995262145996094,-2.1744382449875523,3.177855738605613e-15,2.431073492836315e-15,7.428811250853212e-16,0.0,0.0,-900.0,0.0,0.0,-900.0
1769450048.48048,6.749960660934448,-4.995262145996094,-2.1744382449875523,3.5079339488494648e-15,6.35066803918893e-16,7.428811250853212e-16,0.0,0.0,-900.0,0.0,0.0,-900.0
1769450048.5305104,6.749960660934448,-4.995262145996094,-2.1744382449875523,3.5079339488494648e-15,6.35066803918893e-16,7.428811250853212e-16,0.0,0.0,-900.0,0.0,0.0,-900.0
1769450048.580427,6.749960660934448,-4.995262145996094,-2.1744382449875523,3.838060732726453e-15,-1.1612041816631078e-15,7.428811250853212e-16,0.0,0.0,-900.0,0.0,0.0,-900.0
1769450048.6304564,6.749960660934448,-4.995262145996094,-2.1744382449875523,3.838060732726453e-15,-1.1612041816631078e-15,7.428811250853212e-16,0.0,0.0,-900.0,0.0,0.0,-900.0
1769450048.680569,6.749960660934448,-4.995262145996094,-2.1744382449875523,4.168241305493468e-15,-2.9577678409305552e-15,7.428811250853212e-16,0.0,0.0,-900.0,0.0,0.0,-900.0
1769450048.7305694,6.749960660934448,-4.995262145996094,-2.1744382449875523,4.168241305493468e-15,-2.9577678409305552e-15,7.428811250853212e-16,0.0,0.0,-900.0,0.0,0.0,-900.0
1769450048.7805111,6.749960660934448,-4.995262145996094,-2.1744382449875523,3.435090011385361e-15,-4.0210815822763835e-15,7.428811250853212e-16,0.0,0.0,-1000.0,0.0,0.0,-1000.0
1769450048.8305445,6.749960660934448,-4.995262145996094,-2.1744382449875523,3.435090011385361e-15,-4.0210815822763835e-15,7.428811250853212e-16,0.0,0.0,-1000.0,0.0,0.0,-1000.0
1769450048.880556,6.749960660934448,-4.995262145996094,-2.1744382449875523,1.6391178832182165e-15,-4.3511534407896615e-15,7.428811250853212e-16,0.0,0.0,-1000.0,0.0,0.0,-1000.0
1769450048.9305086,6.749960660934448,-4.995262145996094,-2.1744382449875523,1.6391178832182165e-15,-4.3511534407896615e-15,7.428811250853212e-16,0.0,0.0,-1000.0,0.0,0.0,-1000.0
1769450048.9805753,6.749960660934448,-4.995262145996094,-2.1744382449875523,-1.570630962181287e-16,-4.681263682931225e-15,7.428811250853212e-16,0.0,0.0,-1000.0,0.0,0.0,-1000.0
1769450049.0306044,6.749960660934448,-4.995262145996094,-2.1744382449875523,-1.570630962181287e-16,-4.681263682931225e-15,7.428811250853212e-16,0.0,0.0,-1000.0,0.0,0.0,-1000.0
1769450049.080509,6.749960660934448,-4.995262145996094,-2.1744382449875523,-1.953389092932898e-15,-5.011400577002323e-15,7.428811250853212e-16,0.0,0.0,-1000.0,0.0,0.0,-1000.0
1769450049.1305015,6.749960660934448,-4.995262145996094,-2.1744382449875523,-1.953389092932898e-15,-5.011400577002323e-15,7.428811250853212e-16,0.0,0.0,-1000.0,0.0,0.0,-1000.0
1769450049.1805072,6.749960660934448,-4.995262145996094,-2.1744382449875523,-3.0167901038543545e-15,-4.278189110811584e-15,7.428811250853212e-16,0.0,0.0,-1000.0,0.0,0.0,-1000.0
1769450049.230659,6.749960660934448,-4.995262145996094,-2.1744382449875523,-3.0167901038543545e-15,-4.278189110811584e-15,7.428811250853212e-16,0.0,0.0,-1000.0,0.0,0.0,-1000.0
1769450049.280568,6.749960660934448,-4.995262145996094,-2.1744382449875523,-3.3468947045836063e-15,-2.482038827173787e-15,7.428811250853212e-16,0.0,0.0,-1000.0,0.0,0.0,-1000.0
1769450049.330561,6.749960660934448,-4.995262145996094,-2.1744382449875523,-3.3468947045836063e-15,-2.482038827173787e-15,7.428811250853212e-16,0.0,0.0,-1000.0,0.0,0.0,-1000.0
1769450049.3805707,6.749960660934448,-4.995262145996094,-2.1744382449875523,-3.6769997238934944e-15,-6.858862659738863e-16,7.428811250853212e-16,0.0,0.0,-1000.0,0.0,0.0,-1000.0
1769450049.4305851,6.749960660934448,-4.995262145996094,-2.1744382449875523,-3.6769997238934944e-15,-6.858862659738863e-16,7.428811250853212e-16,0.0,0.0,-1000.0,0.0,0.0,-1000.0
1769450049.4805887,6.749960660934448,-4.995262145996094,-2.1744382449875523,-4.007191019330292e-15,1.1107357370013697e-15,7.428811250853212e-16,0.0,0.0,-1100.0,0.0,0.0,-1100.0
1769450049.5305576,6.749960660934448,-4.995262145996094,-2.1744382449875523,-4.007191019330292e-15,1.1107357370013697e-15,7.428811250853212e-16,0.0,0.0,-1100.0,0.0,0.0,-1100.0
1769450049.5806222,6.749960660934448,-4.995262145996094,-2.1744382449875523,-4.3372821666883664e-15,2.9068128187619355e-15,7.428811250853212e-16,0.0,0.0,-1100.0,0.0,0.0,-1100.0
1769450049.630473,6.749960660934448,-4.995262145996094,-2.1744382449875523,-4.3372821666883664e-15,2.9068128187619355e-15,7.428811250853212e-16,0.0,0.0,-1100.0,0.0,0.0,-1100.0
1769450049.6804912,6.749960660934448,-4.995262145996094,-2.1744382449875523,-3.604096777017349e-15,3.970176010038294e-15,7.428811250853212e-16,0.0,0.0,-1100.0,0.0,0.0,-1100.0
1769450049.7305987,6.749960660934448,-4.995262145996094,-2.1744382449875523,-3.604096777017349e-15,3.970176010038294e-15,7.428811250853212e-16,0.0,0.0,-1100.0,0.0,0.0,-1100.0
1769450049.7804906,6.749960660934448,-4.995262145996094,-2.1744382449875523,-1.8079723016582452e-15,4.300275867605678e-15,7.428811250853212e-16,0.0,0.0,-1100.0,0.0,0.0,-1100.0
1769450049.8304615,6.749960660934448,-4.995262145996094,-2.1744382449875523,-1.8079723016582452e-15,4.300275867605678e-15,7.428811250853212e-16,0.0,0.0,-1100.0,0.0,0.0,-1100.0
1769450049.8805218,6.749960660934448,-4.995262145996094,-2.1744382449875523,-1.1468408971894994e-17,4.63044545620084e-15,7.428811250853212e-16,0.0,0.0,-1100.0,0.0,0.0,-1100.0
1769450049.930536,6.749960660934448,-4.995262145996094,-2.1744382449875523,-1.1468408971894994e-17,4.63044545620084e-15,7.428811250853212e-16,0.0,0.0,-1100.0,0.0,0.0,-1100.0
1769450049.980547,6.749960660934448,-4.995262145996094,-2.1744382449875523,1.7846141440031394e-15,4.960537609083387e-15,7.428811250853212e-16,0.0,0.0,-1100.0,0.0,0.0,-1100.0
1769450050.0305357,6.749960660934448,-4.995262145996094,-2.1744382449875523,1.7846141440031394e-15,4.960537609083387e-15,7.428811250853212e-16,0.0,0.0,-1100.0,0.0,0.0,-1100.0
1769450050.0806,6.749960660934448,-4.995262145996094,-2.1744382449875523,2.848035327238107e-15,4.227312234149461e-15,7.428811250853212e-16,0.0,0.0,-1100.0,0.0,0.0,-1100.0
1769450050.1305585,6.749960660934448,-4.995262145996094,-2.1744382449875523,2.848035327238107e-15,4.227312234149461e-15,7.428811250853212e-16,0.0,0.0,-1100.0,0.0,0.0,-1100.0
1769450050.1804464,6.749960660934448,-4.995262145996094,-2.1744382449875523,3.1781495756131653e-15,2.4311094561758886e-15,7.428811250853212e-16,0.0,0.0,-1100.0,0.0,0.0,-1100.0
1769450050.230572,6.749960660934448,-4.995262145996094,-2.1744382449875523,3.1781495756131653e-15,2.4311094561758886e-15,7.428811250853212e-16,0.0,0.0,-1100.0,0.0,0.0,-1100.0
1769450050.2805228,6.749960660934448,-4.995262145996094,-2.1744382449875523,3.508267997989599e-15,6.348839668140514e-16,7.428811250853212e-16,0.0,0.0,-1100.0,0.0,0.0,-1100.0
1769450050.3305566,6.749960660934448,-4.995262145996094,-2.1744382449875523,3.508267997989599e-15,6.348839668140514e-16,7.428811250853212e-16,0.0,0.0,-1100.0,0.0,0.0,-1100.0
1769450050.3805761,6.749960660934448,-4.995262145996094,-2.1744382449875523,3.838437509827265e-15,-1.1616195082228713e-15,7.428811250853212e-16,0.0,0.0,-1100.0,0.0,0.0,-1100.0
1769450050.4305456,6.749960660934448,-4.995262145996094,-2.1744382449875523,3.838437509827265e-15,-1.1616195082228713e-15,7.428811250853212e-16,0.0,0.0,-1100.0,0.0,0.0,-1100.0
1769450050.4805667,6.749960660934448,-4.995262145996094,-2.1744382449875523,4.16856146467996e-15,-2.9578751006453217e-15,7.428811250853212e-16,0.0,0.0,-1100.0,0.0,0.0,-1100.0
1769450050.530572,6.749960660934448,-4.995262145996094,-2.1744382449875523,4.16856146467996e-15,-2.9578751006453217e-15,7.428811250853212e-16,0.0,0.0,-1100.0,0.0,0.0,-1100.0
1769450050.5804436,6.749960660934448,-4.995262145996094,-2.1744382449875523,3.4354581381701124e-15,-4.021119272985709e-15,7.428811250853212e-16,0.0,0.0,-1100.0,0.0,0.0,-1100.0
1769450050.6306028,6.749960660934448,-4.995262145996094,-2.1744382449875523,3.4354581381701124e-15,-4.021119272985709e-15,7.428811250853212e-16,0.0,0.0,-1100.0,0.0,0.0,-1100.0
1769450050.6805296,6.749960660934448,-4.995262145996094,-2.1744382449875523,1.6391541516129203e-15,-4.35125212193077e-15,7.428811250853212e-16,0.0,0.0,-1100.0,0.0,0.0,-1100.0
1769450050.730587,6.749960660934448,-4.995262145996094,-2.1744382449875523,1.6391541516129203e-15,-4.35125212193077e-15,7.428811250853212e-16,0.0,0.0,-1100.0,0.0,0.0,-1100.0
1769450050.7805285,6.749960660934448,-4.995262145996094,-2.1744382449875523,-1.5714084145025596e-16,-4.681383318010935e-15,7.428811250853212e-16,0.0,0.0,-1100.0,0.0,0.0,-1100.0
1769450050.8305507,6.749960660934448,-4.995262145996094,-2.1744382449875523,-1.5714084145025596e-16,-4.681383318010935e-15,7.428811250853212e-16,0.0,0.0,-1100.0,0.0,0.0,-1100.0
1769450050.8805995,6.749960660934448,-4.995262145996094,-2.1744382449875523,-1.953552035606059e-15,-5.011535870052033e-15,7.428811250853212e-16,0.0,0.0,-1100.0,0.0,0.0,-1100.0
1769450050.9306781,6.749960660934448,-4.995262145996094,-2.1744382449875523,-1.953552035606059e-15,-5.011535870052033e-15,7.428811250853212e-16,0.0,0.0,-1100.0,0.0,0.0,-1100.0
1769450050.9805598,6.749960660934448,-4.995262145996094,-2.1744382449875523,-3.0167407010350293e-15,-4.2784708153733065e-15,7.428811250853212e-16,0.0,0.0,-1100.0,0.0,0.0,-1100.0
1769450051.0305612,6.749960660934448,-4.995262145996094,-2.1744382449875523,-3.0167407010350293e-15,-4.2784708153733065e-15,7.428811250853212e-16,0.0,0.0,-1100.0,0.0,0.0,-1100.0
1769450051.0805614,6.749960660934448,-4.995262145996094,-2.1744382449875523,-3.346887153185732e-15,-2.482092811666346e-15,7.428811250853212e-16,0.0,0.0,-1100.0,0.0,0.0,-1100.0
1769450051.1305716,6.749960660934448,-4.995262145996094,-2.1744382449875523,-3.346887153185732e-15,-2.482092811666346e-15,7.428811250853212e-16,0.0,0.0,-1100.0,0.0,0.0,-1100.0
1769450051.1805966,6.749960660934448,-4.995262145996094,-2.1744382449875523,-3.677014050290433e-15,-6.858212099948124e-16,7.428811250853212e-16,0.0,0.0,-1100.0,0.0,0.0,-1100.0
1769450051.2305832,6.749960660934448,-4.995262145996094,-2.1744382449875523,-3.677014050290433e-15,-6.858212099948124e-16,7.428811250853212e-16,0.0,0.0,-1100.0,0.0,0.0,-1100.0
1769450051.280542,6.749960660934448,-4.995262145996094,-2.1744382449875523,-4.007148036128797e-15,1.110488962575007e-15,7.428811250853212e-16,0.0,0.0,-1100.0,0.0,0.0,-1100.0
1769450051.3305674,6.749960660934448,-4.995262145996094,-2.1744382449875523,-4.007148036128797e-15,1.110488962575007e-15,7.428811250853212e-16,0.0,0.0,-1100.0,0.0,0.0,-1100.0
1769450051.3805919,6.749960660934448,-4.995262145996094,-2.1744382449875523,-4.33725918841487e-15,2.9066748942486607e-15,7.428811250853212e-16,0.0,0.0,-1100.0,0.0,0.0,-1100.0
1769450051.4305823,6.749960660934448,-4.995262145996094,-2.1744382449875523,-4.33725918841487e-15,2.9066748942486607e-15,7.428811250853212e-16,0.0,0.0,-1100.0,0.0,0.0,-1100.0
1769450051.4805164,6.749960660934448,-4.995262145996094,-2.1744382449875523,-3.604286033281922e-15,3.969730274705436e-15,7.428811250853212e-16,0.0,0.0,-1100.0,0.0,0.0,-1100.0
1769450051.5304973,6.749960660934448,-4.995262145996094,-2.1744382449875523,-3.604286033281922e-15,3.969730274705436e-15,7.428811250853212e-16,0.0,0.0,-1100.0,0.0,0.0,-1100.0
1769450051.580519,6.749960660934448,-4.995262145996094,-2.1744382449875523,-1.8078763512359277e-15,4.299882548844172e-15,7.428811250853212e-16,0.0,0.0,-1100.0,0.0,0.0,-1100.0
1769450051.6306088,6.749960660934448,-4.995262145996094,-2.1744382449875523,-1.8078763512359277e-15,4.299882548844172e-15,7.428811250853212e-16,0.0,0.0,-1100.0,0.0,0.0,-1100.0
1769450051.6806376,6.749960660934448,-4.995262145996094,-2.1744382449875523,-1.1669216909711352e-17,4.629997597849369e-15,7.428811250853212e-16,0.0,0.0,-1100.0,0.0,0.0,-1100.0
1769450051.7306254,6.749960660934448,-4.995262145996094,-2.1744382449875523,-1.1669216909711352e-17,4.629997597849369e-15,7.428811250853212e-16,0.0,0.0,-1100.0,0.0,0.0,-1100.0
1769450051.7805228,6.749960660934448,-4.995262145996094,-2.1744382449875523,1.7845651023592785e-15,4.960117643025967e-15,7.428811250853212e-16,0.0,0.0,-1100.0,0.0,0.0,-1100.0
1769450051.8306332,6.749960660934448,-4.995262145996094,-2.1744382449875523,1.7845651023592785e-15,4.960117643025967e-15,7.428811250853212e-16,0.0,0.0,-1100.0,0.0,0.0,-1100.0
1769450051.8804102,6.749960660934448,-4.995262145996094,-2.1744382449875523,2.8477716858358074e-15,4.2270402339129435e-15,7.428811250853212e-16,0.0,0.0,-1100.0,0.0,0.0,-1100.0
1769450051.9305704,6.749960660934448,-4.995262145996094,-2.1744382449875523,2.8477716858358074e-15,4.2270402339129435e-15,7.428811250853212e-16,0.0,0.0,-1100.0,0.0,0.0,-1100.0
1769450051.9805787,6.749960660934448,-4.995262145996094,-2.1744382449875523,3.1779329524857893e-15,2.4305816222198343e-15,7.428811250853212e-16,0.0,0.0,-1100.0,0.0,0.0,-1100.0
1769450052.0306041,6.749960660934448,-4.995262145996094,-2.1744382449875523,3.1779329524857893e-15,2.4305816222198343e-15,7.428811250853212e-16,0.0,0.0,-1100.0,0.0,0.0,-1100.0
1769450052.080539,6.749960660934448,-4.995262145996094,-2.1744382449875523,3.5080379628195227e-15,6.344291098605823e-16,7.428811250853212e-16,0.0,0.0,-1100.0,0.0,0.0,-1100.0
1769450052.130505,6.749960660934448,-4.995262145996094,-2.1744382449875523,3.5080379628195227e-15,6.344291098605823e-16,7.428811250853212e-16,0.0,0.0,-1100.0,0.0,0.0,-1100.0
1769450052.1805406,6.749960660934448,-4.995262145996094,-2.1744382449875523,3.838173752113494e-15,-1.16189087559065e-15,7.428811250853212e-16,0.0,0.0,-1100.0,0.0,0.0,-1100.0
1769450052.230439,6.749960660934448,-4.995262145996094,-2.1744382449875523,3.838173752113494e-15,-1.16189087559065e-15,7.428811250853212e-16,0.0,0.0,-1100.0,0.0,0.0,-1100.0
1769450052.280577,6.749960660934448,-4.995262145996094,-2.1744382449875523,4.1682919690153345e-15,-2.958115246933385e-15,7.428811250853212e-16,0.0,0.0,-1100.0,0.0,0.0,-1100.0
1769450052.33057,6.749960660934448,-4.995262145996094,-2.1744382449875523,4.1682919690153345e-15,-2.958115246933385e-15,7.428811250853212e-16,0.0,0.0,-1100.0,0.0,0.0,-1100.0
1769450052.3804686,6.749960660934448,-4.995262145996094,-2.1744382449875523,3.4352147486806297e-15,-4.0213215566184295e-15,7.428811250853212e-16,0.0,0.0,-1100.0,0.0,0.0,-1100.0
1769450052.4305274,6.749960660934448,-4.995262145996094,-2.1744382449875523,3.4352147486806297e-15,-4.0213215566184295e-15,7.428811250853212e-16,0.0,0.0,-1100.0,0.0,0.0,-1100.0
1769450052.4805048,6.749960660934448,-4.995262145996094,-2.1744382449875523,1.638925968739797e-15,-4.351451610822946e-15,7.428811250853212e-16,0.0,0.0,-1100.0,0.0,0.0,-1100.0
1769450052.5305493,6.749960660934448,-4.995262145996094,-2.1744382449875523,1.638925968739797e-15,-4.351451610822946e-15,7.428811250853212e-16,0.0,0.0,-1100.0,0.0,0.0,-1100.0
1769450052.5805228,6.749960660934448,-4.995262145996094,-2.1744382449875523,-1.5732797192152051e-16,-4.681575262107529e-15,7.428811250853212e-16,0.0,0.0,-1100.0,0.0,0.0,-1100.0
1769450052.6305654,6.749960660934448,-4.995262145996094,-2.1744382449875523,-1.5732797192152051e-16,-4.681575262107529e-15,7.428811250853212e-16,0.0,0.0,-1100.0,0.0,0.0,-1100.0
1769450052.6805024,6.749960660934448,-4.995262145996094,-2.1744382449875523,-1.9536560471303743e-15,-5.011712538173645e-15,7.428811250853212e-16,0.0,0.0,-1100.0,0.0,0.0,-1100.0
1769450052.7305248,6.749960660934448,-4.995262145996094,-2.1744382449875523,-1.9536560471303743e-15,-5.011712538173645e-15,7.428811250853212e-16,0.0,0.0,-1100.0,0.0,0.0,-1100.0
1769450052.780407,6.749960660934448,-4.995262145996094,-2.1744382449875523,-3.01704011621551e-15,-4.278512753322797e-15,7.428811250853212e-16,0.0,0.0,-1100.0,0.0,0.0,-1100.0
1769450052.8304427,6.749960660934448,-4.995262145996094,-2.1744382449875523,-3.01704011621551e-15,-4.278512753322797e-15,7.428811250853212e-16,0.0,0.0,-1100.0,0.0,0.0,-1100.0
1769450052.8805037,6.749960660934448,-4.995262145996094,-2.1744382449875523,-3.3471323222037453e-15,-2.482429911391487e-15,7.428811250853212e-16,0.0,0.0,-1100.0,0.0,0.0,-1100.0
1769450052.93041,6.749960660934448,-4.995262145996094,-2.1744382449875523,-3.3471323222037453e-15,-2.482429911391487e-15,7.428811250853212e-16,0.0,0.0,-1100.0,0.0,0.0,-1100.0
1769450052.9804986,6.749960660934448,-4.995262145996094,-2.1744382449875523,-3.677247113326252e-15,-6.862241802449464e-16,7.428811250853212e-16,0.0,0.0,-1100.0,0.0,0.0,-1100.0
1769450053.0304005,6.749960660934448,-4.995262145996094,-2.1744382449875523,-3.677247113326252e-15,-6.862241802449464e-16,7.428811250853212e-16,0.0,0.0,-1100.0,0.0,0.0,-1100.0
1769450053.0805144,6.749960660934448,-4.995262145996094,-2.1744382449875523,-4.0074191035277285e-15,1.1102927799535018e-15,7.428811250853212e-16,0.0,0.0,-1100.0,0.0,0.0,-1100.0
1769450053.1305141,6.749960660934448,-4.995262145996094,-2.1744382449875523,-4.0074191035277285e-15,1.1102927799535018e-15,7.428811250853212e-16,0.0,0.0,-1100.0,0.0,0.0,-1100.0
1769450053.1806583,6.749960660934448,-4.995262145996094,-2.1744382449875523,-4.337565484362074e-15,2.9066703956171143e-15,7.428811250853212e-16,0.0,0.0,-1100.0,0.0,0.0,-1100.0
1769450053.2306018,6.749960660934448,-4.995262145996094,-2.1744382449875523,-4.337565484362074e-15,2.9066703956171143e-15,7.428811250853212e-16,0.0,0.0,-1100.0,0.0,0.0,-1100.0
1769450053.280516,6.749960660934448,-4.995262145996094,-2.1744382449875523,-3.604446470559085e-15,3.969937319761251e-15,7.428811250853212e-16,0.0,0.0,-1100.0,0.0,0.0,-1100.0
1769450053.3305202,6.749960660934448,-4.995262145996094,-2.1744382449875523,-3.604446470559085e-15,3.969937319761251e-15,7.428811250853212e-16,0.0,0.0,-1100.0,0.0,0.0,-1100.0
1769450053.3805273,6.749960660934448,-4.995262145996094,-2.1744382449875523,-1.8081322715946966e-15,4.30007204558857e-15,7.428811250853212e-16,0.0,0.0,-1100.0,0.0,0.0,-1100.0
1769450053.43051,6.749960660934448,-4.995262145996094,-2.1744382449875523,-1.8081322715946966e-15,4.30007204558857e-15,7.428811250853212e-16,0.0,0.0,-1100.0,0.0,0.0,-1100.0
1769450053.4804492,6.749960660934448,-4.995262145996094,-2.1744382449875523,-1.2140300566401125e-17,4.630147550912372e-15,7.428811250853212e-16,0.0,0.0,-1100.0,0.0,0.0,-1100.0
1769450053.5305166,6.749960660934448,-4.995262145996094,-2.1744382449875523,-1.2140300566401125e-17,4.630147550912372e-15,7.428811250853212e-16,0.0,0.0,-1100.0,0.0,0.0,-1100.0
1769450053.5804334,6.749960660934448,-4.995262145996094,-2.1744382449875523,1.7844037531127624e-15,4.96032452047594e-15,7.428811250853212e-16,0.0,0.0,-1100.0,0.0,0.0,-1100.0
1769450053.6305146,6.749960660934448,-4.995262145996094,-2.1744382449875523,1.7844037531127624e-15,4.96032452047594e-15,7.428811250853212e-16,0.0,0.0,-1100.0,0.0,0.0,-1100.0
1769450053.6805048,6.749960660934448,-4.995262145996094,-2.1744382449875523,2.8473892823914248e-15,4.227399527498373e-15,7.428811250853212e-16,0.0,0.0,-1100.0,0.0,0.0,-1100.0
1769450053.7305083,6.749960660934448,-4.995262145996094,-2.1744382449875523,2.8473892823914248e-15,4.227399527498373e-15,7.428811250853212e-16,0.0,0.0,-1100.0,0.0,0.0,-1100.0
1769450053.7805104,6.749960660934448,-4.995262145996094,-2.1744382449875523,3.177590205417648e-15,2.4307251393172165e-15,7.428811250853212e-16,0.0,0.0,-1100.0,0.0,0.0,-1100.0
1769450053.8304546,6.749960660934448,-4.995262145996094,-2.1744382449875523,3.177590205417648e-15,2.4307251393172165e-15,7.428811250853212e-16,0.0,0.0,-1100.0,0.0,0.0,-1100.0
1769450053.8804967,6.749960660934448,-4.995262145996094,-2.1744382449875523,3.507736104394729e-15,6.343501455136436e-16,7.428811250853212e-16,0.0,0.0,-1100.0,0.0,0.0,-1100.0
1769450053.930424,6.749960660934448,-4.995262145996094,-2.1744382449875523,3.507736104394729e-15,6.343501455136436e-16,7.428811250853212e-16,0.0,0.0,-1100.0,0.0,0.0,-1100.0
1769450053.9804265,6.749960660934448,-4.995262145996094,-2.1744382449875523,3.837869769985489e-15,-1.1619582845393423e-15,7.428811250853212e-16,0.0,0.0,-1100.0,0.0,0.0,-1100.0
1769450054.0304158,6.749960660934448,-4.995262145996094,-2.1744382449875523,3.837869769985489e-15,-1.1619582845393423e-15,7.428811250853212e-16,0.0,0.0,-1100.0,0.0,0.0,-1100.0
1769450054.0805392,6.749960660934448,-4.995262145996094,-2.1744382449875523,4.1680116162301065e-15,-2.958311226797591e-15,7.428811250853212e-16,0.0,0.0,-1100.0,0.0,0.0,-1100.0
1769450054.1305425,6.749960660934448,-4.995262145996094,-2.1744382449875523,4.1680116162301065e-15,-2.958311226797591e-15,7.428811250853212e-16,0.0,0.0,-1100.0,0.0,0.0,-1100.0
1769450054.180499,6.749960660934448,-4.995262145996094,-2.1744382449875523,3.4349387403167635e-15,-4.021511235623632e-15,7.428811250853212e-16,0.0,0.0,-1100.0,0.0,0.0,-1100.0
1769450054.230519,6.749960660934448,-4.995262145996094,-2.1744382449875523,3.4349387403167635e-15,-4.021511235623632e-15,7.428811250853212e-16,0.0,0.0,-1100.0,0.0,0.0,-1100.0
1769450054.2804992,6.749960660934448,-4.995262145996094,-2.1744382449875523,1.6388284485730375e-15,-4.3516084864622065e-15,7.428811250853212e-16,0.0,0.0,-1100.0,0.0,0.0,-1100.0
1769450054.3305058,6.749960660934448,-4.995262145996094,-2.1744382449875523,1.6388284485730375e-15,-4.3516084864622065e-15,7.428811250853212e-16,0.0,0.0,-1100.0,0.0,0.0,-1100.0
1769450054.3804955,6.749960660934448,-4.995262145996094,-2.1744382449875523,-1.5736597666131816e-16,-4.681721199733176e-15,7.428811250853212e-16,0.0,0.0,-1100.0,0.0,0.0,-1100.0
1769450054.4305246,6.749960660934448,-4.995262145996094,-2.1744382449875523,-1.5736597666131816e-16,-4.681721199733176e-15,7.428811250853212e-16,0.0,0.0,-1100.0,0.0,0.0,-1100.0
1769450054.4805145,6.749960660934448,-4.995262145996094,-2.1744382449875523,-1.953970779721557e-15,-5.011909334092011e-15,7.428811250853212e-16,0.0,0.0,-1100.0,0.0,0.0,-1100.0
1769450054.530541,6.749960660934448,-4.995262145996094,-2.1744382449875523,-1.953970779721557e-15,-5.011909334092011e-15,7.428811250853212e-16,0.0,0.0,-1100.0,0.0,0.0,-1100.0
1769450054.580463,6.749960660934448,-4.995262145996094,-2.1744382449875523,-3.0171686772869404e-15,-4.278837913885881e-15,7.428811250853212e-16,0.0,0.0,-1000.0,0.0,0.0,-1000.0
1769450054.6305473,6.749960660934448,-4.995262145996094,-2.1744382449875523,-3.0171686772869404e-15,-4.278837913885881e-15,7.428811250853212e-16,0.0,0.0,-1000.0,0.0,0.0,-1000.0
1769450054.680517,6.749960660934448,-4.995262145996094,-2.1744382449875523,-3.347309014139321e-15,-2.4824931844646814e-15,7.428811250853212e-16,0.0,0.0,-1000.0,0.0,0.0,-1000.0
1769450054.7305336,6.749960660934448,-4.995262145996094,-2.1744382449875523,-3.347309014139321e-15,-2.4824931844646814e-15,7.428811250853212e-16,0.0,0.0,-1000.0,0.0,0.0,-1000.0
1769450054.780536,6.749960660934448,-4.995262145996094,-2.1744382449875523,-3.677431728325026e-15,-6.86244342703569e-16,7.428811250853212e-16,0.0,0.0,-1000.0,0.0,0.0,-1000.0
1769450054.8305209,6.749960660934448,-4.995262145996094,-2.1744382449875523,-3.677431728325026e-15,-6.86244342703569e-16,7.428811250853212e-16,0.0,0.0,-1000.0,0.0,0.0,-1000.0
1769450054.8804388,6.749960660934448,-4.995262145996094,-2.1744382449875523,-4.007569976863234e-15,1.1100890238766258e-15,7.428811250853212e-16,0.0,0.0,-900.0,0.0,0.0,-900.0
1769450054.9305453,6.749960660934448,-4.995262145996094,-2.1744382449875523,-4.007569976863234e-15,1.1100890238766258e-15,7.428811250853212e-16,0.0,0.0,-900.0,0.0,0.0,-900.0
1769450054.9805152,6.749960660934448,-4.995262145996094,-2.1744382449875523,-4.337700912965474e-15,2.9063826023596266e-15,7.428811250853212e-16,0.0,0.0,-900.0,0.0,0.0,-900.0
1769450055.030509,6.749960660934448,-4.995262145996094,-2.1744382449875523,-4.337700912965474e-15,2.9063826023596266e-15,7.428811250853212e-16,0.0,0.0,-900.0,0.0,0.0,-900.0
1769450055.0805054,6.749960660934448,-4.995262145996094,-2.1744382449875523,-3.604575957077228e-15,3.969658144507928e-15,7.428811250853212e-16,0.0,0.0,-900.0,0.0,0.0,-900.0
1769450055.1304333,6.749960660934448,-4.995262145996094,-2.1744382449875523,-3.604575957077228e-15,3.969658144507928e-15,7.428811250853212e-16,0.0,0.0,-900.0,0.0,0.0,-900.0
1769450055.1805155,6.749960660934448,-4.995262145996094,-2.1744382449875523,-1.8083571165595036e-15,4.299775344929801e-15,7.428811250853212e-16,0.0,0.0,-900.0,0.0,0.0,-900.0
1769450055.2305315,6.749960660934448,-4.995262145996094,-2.1744382449875523,-1.8083571165595036e-15,4.299775344929801e-15,7.428811250853212e-16,0.0,0.0,-900.0,0.0,0.0,-900.0
1769450055.2804244,6.749960660934448,-4.995262145996094,-2.1744382449875523,-1.2459819255181832e-17,4.629833450689583e-15,7.428811250853212e-16,0.0,0.0,-900.0,0.0,0.0,-900.0
1769450055.3304625,6.749960660934448,-4.995262145996094,-2.1744382449875523,-1.2459819255181832e-17,4.629833450689583e-15,7.428811250853212e-16,0.0,0.0,-900.0,0.0,0.0,-900.0
1769450055.3804226,6.749960660934448,-4.995262145996094,-2.1744382449875523,1.7842934710204723e-15,4.9600488746986236e-15,7.428811250853212e-16,0.0,0.0,-900.0,0.0,0.0,-900.0
1769450055.4305818,6.749960660934448,-4.995262145996094,-2.1744382449875523,1.7842934710204723e-15,4.9600488746986236e-15,7.428811250853212e-16,0.0,0.0,-900.0,0.0,0.0,-900.0
1769450055.4807212,6.749960660934448,-4.995262145996094,-2.1744382449875523,2.847535809628551e-15,4.226946812541115e-15,7.428811250853212e-16,0.0,0.0,-900.0,0.0,0.0,-900.0
1769450055.5305037,6.749960660934448,-4.995262145996094,-2.1744382449875523,2.847535809628551e-15,4.226946812541115e-15,7.428811250853212e-16,0.0,0.0,-1000.0,0.0,0.0,-1000.0
1769450055.5805652,6.749960660934448,-4.995262145996094,-2.1744382449875523,3.1776683328746337e-15,2.4306445981625327e-15,7.428811250853212e-16,0.0,0.0,-1000.0,0.0,0.0,-1000.0
1769450055.6304414,6.749960660934448,-4.995262145996094,-2.1744382449875523,3.1776683328746337e-15,2.4306445981625327e-15,7.428811250853212e-16,0.0,0.0,-1000.0,0.0,0.0,-1000.0
1769450055.6805475,6.749960660934448,-4.995262145996094,-2.1744382449875523,3.5077405530795347e-15,6.346705019752241e-16,7.428811250853212e-16,0.0,0.0,-1000.0,0.0,0.0,-1000.0
1769450055.7305272,6.749960660934448,-4.995262145996094,-2.1744382449875523,3.5077405530795347e-15,6.346705019752241e-16,7.428811250853212e-16,0.0,0.0,-1100.0,0.0,0.0,-1100.0
1769450055.7805724,6.749960660934448,-4.995262145996094,-2.1744382449875523,3.8379222763228435e-15,-1.161899417212008e-15,7.428811250853212e-16,0.0,0.0,-1100.0,0.0,0.0,-1100.0
1769450055.8305337,6.749960660934448,-4.995262145996094,-2.1744382449875523,3.8379222763228435e-15,-1.161899417212008e-15,7.428811250853212e-16,0.0,0.0,-1100.0,0.0,0.0,-1100.0
1769450055.880522,6.749960660934448,-4.995262145996094,-2.1744382449875523,4.168077513916165e-15,-2.958325223873601e-15,7.428811250853212e-16,0.0,0.0,-1100.0,0.0,0.0,-1100.0
1769450055.930617,6.749960660934448,-4.995262145996094,-2.1744382449875523,4.168077513916165e-15,-2.958325223873601e-15,7.428811250853212e-16,0.0,0.0,-1100.0,0.0,0.0,-1100.0
1769450055.980593,6.749960660934448,-4.995262145996094,-2.1744382449875523,3.434968732986975e-15,-4.021577306940035e-15,7.428811250853212e-16,0.0,0.0,-1100.0,0.0,0.0,-1100.0
1769450056.030634,6.749960660934448,-4.995262145996094,-2.1744382449875523,3.434968732986975e-15,-4.021577306940035e-15,7.428811250853212e-16,0.0,0.0,-1100.0,0.0,0.0,-1100.0
1769450056.0805945,6.749960660934448,-4.995262145996094,-2.1744382449875523,1.638940408052164e-15,-4.3516594935487526e-15,7.428811250853212e-16,0.0,0.0,-1100.0,0.0,0.0,-1100.0
1769450056.1306047,6.749960660934448,-4.995262145996094,-2.1744382449875523,1.638940408052164e-15,-4.3516594935487526e-15,7.428811250853212e-16,0.0,0.0,-1100.0,0.0,0.0,-1100.0
1769450056.180638,6.749960660934448,-4.995262145996094,-2.1744382449875523,-1.5747809436286731e-16,-4.681813388734696e-15,7.428811250853212e-16,0.0,0.0,-1100.0,0.0,0.0,-1100.0
1769450056.2306128,6.749960660934448,-4.995262145996094,-2.1744382449875523,-1.5747809436286731e-16,-4.681813388734696e-15,7.428811250853212e-16,0.0,0.0,-1100.0,0.0,0.0,-1100.0
1769450056.2805283,6.749960660934448,-4.995262145996094,-2.1744382449875523,-1.9538865138037817e-15,-5.011965430826176e-15,7.428811250853212e-16,0.0,0.0,-1100.0,0.0,0.0,-1100.0
1769450056.330604,6.749960660934448,-4.995262145996094,-2.1744382449875523,-1.9538865138037817e-15,-5.011965430826176e-15,7.428811250853212e-16,0.0,0.0,-1100.0,0.0,0.0,-1100.0
1769450056.3805344,6.749960660934448,-4.995262145996094,-2.1744382449875523,-3.0170777006093975e-15,-4.278898637666624e-15,7.428811250853212e-16,0.0,0.0,-1200.0,0.0,0.0,-1200.0
1769450056.4305096,6.749960660934448,-4.995262145996094,-2.1744382449875523,-3.0170777006093975e-15,-4.278898637666624e-15,7.428811250853212e-16,0.0,0.0,-1200.0,0.0,0.0,-1200.0
1769450056.480658,6.749960660934448,-4.995262145996094,-2.1744382449875523,-3.347245461614912e-15,-2.4824046891787353e-15,7.428811250853212e-16,0.0,0.0,-1200.0,0.0,0.0,-1200.0
1769450056.5306172,6.749960660934448,-4.995262145996094,-2.1744382449875523,-3.347245461614912e-15,-2.4824046891787353e-15,7.428811250853212e-16,0.0,0.0,-1200.0,0.0,0.0,-1200.0
1769450056.5805733,6.749960660934448,-4.995262145996094,-2.1744382449875523,-3.677361428782765e-15,-6.861925589872337e-16,7.428811250853212e-16,0.0,0.0,-1200.0,0.0,0.0,-1200.0
1769450056.6305864,6.749960660934448,-4.995262145996094,-2.1744382449875523,-3.677361428782765e-15,-6.861925589872337e-16,7.428811250853212e-16,0.0,0.0,-1200.0,0.0,0.0,-1200.0
1769450056.6804543,6.749960660934448,-4.995262145996094,-2.1744382449875523,-4.007497979543751e-15,1.1101315697240232e-15,7.428811250853212e-16,0.0,0.0,-1200.0,0.0,0.0,-1200.0
1769450056.7305536,6.749960660934448,-4.995262145996094,-2.1744382449875523,-4.007497979543751e-15,1.1101315697240232e-15,7.428811250853212e-16,0.0,0.0,-1200.0,0.0,0.0,-1200.0
1769450056.780568,6.749960660934448,-4.995262145996094,-2.1744382449875523,-4.337624962547149e-15,2.906403638783675e-15,7.428811250853212e-16,0.0,0.0,-1200.0,0.0,0.0,-1200.0
1769450056.8304663,6.749960660934448,-4.995262145996094,-2.1744382449875523,-4.337624962547149e-15,2.906403638783675e-15,7.428811250853212e-16,0.0,0.0,-1200.0,0.0,0.0,-1200.0
1769450056.8805687,6.749960660934448,-4.995262145996094,-2.1744382449875523,-3.604569146599756e-15,3.969578904972874e-15,7.428811250853212e-16,0.0,0.0,-1200.0,0.0,0.0,-1200.0
1769450056.9306085,6.749960660934448,-4.995262145996094,-2.1744382449875523,-3.604569146599756e-15,3.969578904972874e-15,7.428811250853212e-16,0.0,0.0,-1200.0,0.0,0.0,-1200.0
1769450056.9805584,6.749960660934448,-4.995262145996094,-2.1744382449875523,-1.8082431547155886e-15,4.2997157981561816e-15,7.428811250853212e-16,0.0,0.0,-1200.0,0.0,0.0,-1200.0
1769450057.0305746,6.749960660934448,-4.995262145996094,-2.1744382449875523,-1.8082431547155886e-15,4.2997157981561816e-15,7.428811250853212e-16,0.0,0.0,-1200.0,0.0,0.0,-1200.0
1769450057.0804806,6.749960660934448,-4.995262145996094,-2.1744382449875523,-1.205686021138772e-17,4.6298270171248894e-15,7.428811250853212e-16,0.0,0.0,-1200.0,0.0,0.0,-1200.0
1769450057.130575,6.749960660934448,-4.995262145996094,-2.1744382449875523,-1.205686021138772e-17,4.6298270171248894e-15,7.428811250853212e-16,0.0,0.0,-1200.0,0.0,0.0,-1200.0
1769450057.180423,6.749960660934448,-4.995262145996094,-2.1744382449875523,1.7842466872720842e-15,4.959959785375002e-15,7.428811250853212e-16,0.0,0.0,-1200.0,0.0,0.0,-1200.0
1769450057.2305634,6.749960660934448,-4.995262145996094,-2.1744382449875523,1.7842466872720842e-15,4.959959785375002e-15,7.428811250853212e-16,0.0,0.0,-1200.0,0.0,0.0,-1200.0
1769450057.2806084,6.749960660934448,-4.995262145996094,-2.1744382449875523,2.8475347778300806e-15,4.226826177399936e-15,7.428811250853212e-16,0.0,0.0,-1200.0,0.0,0.0,-1200.0
1769450057.3305151,6.749960660934448,-4.995262145996094,-2.1744382449875523,2.8475347778300806e-15,4.226826177399936e-15,7.428811250853212e-16,0.0,0.0,-1200.0,0.0,0.0,-1200.0
1769450057.3805633,6.749960660934448,-4.995262145996094,-2.1744382449875523,3.1776419230106614e-15,2.430662049008184e-15,7.428811250853212e-16,0.0,0.0,-1200.0,0.0,0.0,-1200.0
1769450057.4305458,6.749960660934448,-4.995262145996094,-2.1744382449875523,3.1776419230106614e-15,2.430662049008184e-15,7.428811250853212e-16,0.0,0.0,-1200.0,0.0,0.0,-1200.0
1769450057.4804497,6.749960660934448,-4.995262145996094,-2.1744382449875523,3.5077987219955627e-15,6.342277465730637e-16,7.428811250853212e-16,0.0,0.0,-1200.0,0.0,0.0,-1200.0
1769450057.5305667,6.749960660934448,-4.995262145996094,-2.1744382449875523,3.5077987219955627e-15,6.342277465730637e-16,7.428811250853212e-16,0.0,0.0,-1200.0,0.0,0.0,-1200.0
1769450057.5805237,6.749960660934448,-4.995262145996094,-2.1744382449875523,3.837939926814613e-15,-1.1621217055892832e-15,7.428811250853212e-16,0.0,0.0,-1200.0,0.0,0.0,-1200.0
1769450057.6306102,6.749960660934448,-4.995262145996094,-2.1744382449875523,3.837939926814613e-15,-1.1621217055892832e-15,7.428811250853212e-16,0.0,0.0,-1200.0,0.0,0.0,-1200.0
1769450057.6805682,6.749960660934448,-4.995262145996094,-2.1744382449875523,4.169400882941749e-15,-2.9656521291198344e-15,7.428811250853212e-16,0.0,0.0,-1200.0,0.0,0.0,-1200.0
1769450057.7304294,6.749960660934448,-4.995262145996094,-2.1744382449875523,4.169400882941749e-15,-2.9656521291198344e-15,7.428811250853212e-16,0.0,0.0,-1200.0,0.0,0.0,-1200.0
1769450057.780594,6.749960660934448,-4.995262145996094,-2.1744382449875523,3.439047972368814e-15,-4.024907281617199e-15,7.428811250853212e-16,0.0,0.0,-1200.0,0.0,0.0,-1200.0
1769450057.8306007,6.749960660934448,-4.995262145996094,-2.1744382449875523,3.439047972368814e-15,-4.024907281617199e-15,7.428811250853212e-16,0.0,0.0,-1200.0,0.0,0.0,-1200.0
1769450057.880527,6.749960660934448,-4.995262145996094,-2.1744382449875523,1.6441750748270217e-15,-4.3547771185680296e-15,7.428811250853212e-16,0.0,0.0,-1200.0,0.0,0.0,-1200.0
1769450057.9305952,6.749960660934448,-4.995262145996094,-2.1744382449875523,1.6441750748270217e-15,-4.3547771185680296e-15,7.428811250853212e-16,0.0,0.0,-1200.0,0.0,0.0,-1200.0
1769450057.9805782,6.749960660934448,-4.995262145996094,-2.1744382449875523,-1.5276165416998761e-16,-4.685026255772688e-15,7.428811250853212e-16,0.0,0.0,-1200.0,0.0,0.0,-1200.0
1769450058.030584,6.749960660934448,-4.995262145996094,-2.1744382449875523,-1.5276165416998761e-16,-4.685026255772688e-15,7.428811250853212e-16,0.0,0.0,-1200.0,0.0,0.0,-1200.0
1769450058.080575,6.749960660934448,-4.995262145996094,-2.1744382449875523,-1.9493787536037126e-15,-5.015216650014505e-15,7.428811250853212e-16,0.0,0.0,-1200.0,0.0,0.0,-1200.0
1769450058.130606,6.749960660934448,-4.995262145996094,-2.1744382449875523,-1.9493787536037126e-15,-5.015216650014505e-15,7.428811250853212e-16,0.0,0.0,-1200.0,0.0,0.0,-1200.0
1769450058.180502,6.749960660934448,-4.995262145996094,-2.1744382449875523,-3.0126404119079614e-15,-4.282101266990634e-15,7.428811250853212e-16,0.0,0.0,-1200.0,0.0,0.0,-1200.0
1769450058.2304182,6.749960660934448,-4.995262145996094,-2.1744382449875523,-3.0126404119079614e-15,-4.282101266990634e-15,7.428811250853212e-16,0.0,0.0,-1200.0,0.0,0.0,-1200.0
1769450058.2805228,6.749960660934448,-4.995262145996094,-2.1744382449875523,-3.3427914623147804e-15,-2.485698243459624e-15,7.428811250853212e-16,0.0,0.0,-1200.0,0.0,0.0,-1200.0
1769450058.330509,6.749960660934448,-4.995262145996094,-2.1744382449875523,-3.3427914623147804e-15,-2.485698243459624e-15,7.428811250853212e-16,0.0,0.0,-1200.0,0.0,0.0,-1200.0
1769450058.3805501,6.749960660934448,-4.995262145996094,-2.1744382449875523,-3.6728494642246805e-15,-6.898015112185972e-16,7.428811250853212e-16,0.0,0.0,-1200.0,0.0,0.0,-1200.0
1769450058.430499,6.749960660934448,-4.995262145996094,-2.1744382449875523,-3.6728494642246805e-15,-6.898015112185972e-16,7.428811250853212e-16,0.0,0.0,-1200.0,0.0,0.0,-1200.0
1769450058.4805233,6.749960660934448,-4.995262145996094,-2.1744382449875523,-4.002936510208059e-15,1.106253254326723e-15,7.428811250853212e-16,0.0,0.0,-1200.0,0.0,0.0,-1200.0
1769450058.530579,6.749960660934448,-4.995262145996094,-2.1744382449875523,-4.002936510208059e-15,1.106253254326723e-15,7.428811250853212e-16,0.0,0.0,-1200.0,0.0,0.0,-1200.0
1769450058.5806015,6.749960660934448,-4.995262145996094,-2.1744382449875523,-4.333065352668082e-15,2.9025354409780057e-15,7.428811250853212e-16,0.0,0.0,-1200.0,0.0,0.0,-1200.0
1769450058.6305044,6.749960660934448,-4.995262145996094,-2.1744382449875523,-4.333065352668082e-15,2.9025354409780057e-15,7.428811250853212e-16,0.0,0.0,-1200.0,0.0,0.0,-1200.0
1769450058.6805196,6.749960660934448,-4.995262145996094,-2.1744382449875523,-3.599921267091979e-15,3.9658387275497704e-15,7.428811250853212e-16,0.0,0.0,-1200.0,0.0,0.0,-1200.0
1769450058.7305245,6.749960660934448,-4.995262145996094,-2.1744382449875523,-3.599921267091979e-15,3.9658387275497704e-15,7.428811250853212e-16,0.0,0.0,-1200.0,0.0,0.0,-1200.0
1769450058.7805586,6.749960660934448,-4.995262145996094,-2.1744382449875523,-1.8039378760778083e-15,4.295912655999877e-15,7.428811250853212e-16,0.0,0.0,-1200.0,0.0,0.0,-1200.0
1769450058.83056,6.749960660934448,-4.995262145996094,-2.1744382449875523,-1.8039378760778083e-15,4.295912655999877e-15,7.428811250853212e-16,0.0,0.0,-1200.0,0.0,0.0,-1200.0
1769450058.880425,6.749960660934448,-4.995262145996094,-2.1744382449875523,-7.644860904388179e-18,4.626043488574541e-15,7.428811250853212e-16,0.0,0.0,-1200.0,0.0,0.0,-1200.0
1769450058.9305534,6.749960660934448,-4.995262145996094,-2.1744382449875523,-7.644860904388179e-18,4.626043488574541e-15,7.428811250853212e-16,0.0,0.0,-1200.0,0.0,0.0,-1200.0
1769450058.9805036,6.749960660934448,-4.995262145996094,-2.1744382449875523,1.7886738101726683e-15,4.956179036306897e-15,7.428811250853212e-16,0.0,0.0,-1200.0,0.0,0.0,-1200.0
1769450059.0305395,6.749960660934448,-4.995262145996094,-2.1744382449875523,1.7886738101726683e-15,4.956179036306897e-15,7.428811250853212e-16,0.0,0.0,-1200.0,0.0,0.0,-1200.0
1769450059.0805287,6.749960660934448,-4.995262145996094,-2.1744382449875523,2.851857879045286e-15,4.223117150938514e-15,7.428811250853212e-16,0.0,0.0,-1200.0,0.0,0.0,-1200.0
1769450059.1305299,6.749960660934448,-4.995262145996094,-2.1744382449875523,2.851857879045286e-15,4.223117150938514e-15,7.428811250853212e-16,0.0,0.0,-1200.0,0.0,0.0,-1200.0
1769450059.1805117,6.749960660934448,-4.995262145996094,-2.1744382449875523,3.1819994620808227e-15,2.4267656408416584e-15,7.428811250853212e-16,0.0,0.0,-1200.0,0.0,0.0,-1200.0
1769450059.2305965,6.749960660934448,-4.995262145996094,-2.1744382449875523,3.1819994620808227e-15,2.4267656408416584e-15,7.428811250853212e-16,0.0,0.0,-1200.0,0.0,0.0,-1200.0
1769450059.2805946,6.749960660934448,-4.995262145996094,-2.1744382449875523,3.512204612769969e-15,6.300682492914455e-16,7.428811250853212e-16,0.0,0.0,-1200.0,0.0,0.0,-1200.0
1769450059.3305469,6.749960660934448,-4.995262145996094,-2.1744382449875523,3.512204612769969e-15,6.300682492914455e-16,7.428811250853212e-16,0.0,0.0,-1200.0,0.0,0.0,-1200.0
1769450059.3808756,6.749960660934448,-4.995262145996094,-2.1744382449875523,3.842281130301596e-15,-1.1659292293164719e-15,7.428811250853212e-16,0.0,0.0,-1200.0,0.0,0.0,-1200.0
1769450059.430567,6.749960660934448,-4.995262145996094,-2.1744382449875523,3.842281130301596e-15,-1.1659292293164719e-15,7.428811250853212e-16,0.0,0.0,-1200.0,0.0,0.0,-1200.0
1769450059.480507,6.749960660934448,-4.995262145996094,-2.1744382449875523,4.1724690220130735e-15,-2.9625327120948386e-15,7.428811250853212e-16,0.0,0.0,-1200.0,0.0,0.0,-1200.0
1769450059.5305262,6.749960660934448,-4.995262145996094,-2.1744382449875523,4.1724690220130735e-15,-2.9625327120948386e-15,7.428811250853212e-16,0.0,0.0,-1200.0,0.0,0.0,-1200.0
1769450059.580594,6.749960660934448,-4.995262145996094,-2.1744382449875523,3.439495861017928e-15,-4.0255881010537544e-15,7.428811250853212e-16,0.0,0.0,-1200.0,0.0,0.0,-1200.0
1769450059.6305008,6.749960660934448,-4.995262145996094,-2.1744382449875523,3.439495861017928e-15,-4.0255881010537544e-15,7.428811250853212e-16,0.0,0.0,-1200.0,0.0,0.0,-1200.0
1769450059.6804981,6.749960660934448,-4.995262145996094,-2.1744382449875523,1.6428992846408325e-15,-4.355774723475654e-15,7.428811250853212e-16,0.0,0.0,-1200.0,0.0,0.0,-1200.0
1769450059.730488,6.749960660934448,-4.995262145996094,-2.1744382449875523,1.6428992846408325e-15,-4.355774723475654e-15,7.428811250853212e-16,0.0,0.0,-1200.0,0.0,0.0,-1200.0
1769450059.7805216,6.749960660934448,-4.995262145996094,-2.1744382449875523,-1.5326148492651857e-16,-4.685881251356337e-15,7.428811250853212e-16,0.0,0.0,-1200.0,0.0,0.0,-1200.0
1769450059.8305256,6.749960660934448,-4.995262145996094,-2.1744382449875523,-1.5326148492651857e-16,-4.685881251356337e-15,7.428811250853212e-16,0.0,0.0,-1200.0,0.0,0.0,-1200.0
1769450059.880531,6.749960660934448,-4.995262145996094,-2.1744382449875523,-1.949439521005096e-15,-5.0159909525543335e-15,7.428811250853212e-16,0.0,0.0,-1200.0,0.0,0.0,-1200.0
1769450059.9305403,6.749960660934448,-4.995262145996094,-2.1744382449875523,-1.949439521005096e-15,-5.0159909525543335e-15,7.428811250853212e-16,0.0,0.0,-1200.0,0.0,0.0,-1200.0
1769450059.980596,6.749960660934448,-4.995262145996094,-2.1744382449875523,-3.0126112960768208e-15,-4.282937543720847e-15,7.428811250853212e-16,0.0,0.0,-1200.0,0.0,0.0,-1200.0
1769450060.0304904,6.749960660934448,-4.995262145996094,-2.1744382449875523,-3.0126112960768208e-15,-4.282937543720847e-15,7.428811250853212e-16,0.0,0.0,-1200.0,0.0,0.0,-1200.0
1769450060.080522,6.749960660934448,-4.995262145996094,-2.1744382449875523,-3.342761727436761e-15,-2.4865378885198283e-15,7.428811250853212e-16,0.0,0.0,-1200.0,0.0,0.0,-1200.0
1769450060.1305196,6.749960660934448,-4.995262145996094,-2.1744382449875523,-3.342761727436761e-15,-2.4865378885198283e-15,7.428811250853212e-16,0.0,0.0,-1200.0,0.0,0.0,-1200.0
1769450060.180497,6.749960660934448,-4.995262145996094,-2.1744382449875523,-3.672892314672287e-15,-6.902462082746776e-16,7.428811250853212e-16,0.0,0.0,-1200.0,0.0,0.0,-1200.0
1769450060.2305763,6.749960660934448,-4.995262145996094,-2.1744382449875523,-3.672892314672287e-15,-6.902462082746776e-16,7.428811250853212e-16,0.0,0.0,-1200.0,0.0,0.0,-1200.0
1769450060.2805002,6.749960660934448,-4.995262145996094,-2.1744382449875523,-4.00303236660571e-15,1.1060969708583297e-15,7.428811250853212e-16,0.0,0.0,-1200.0,0.0,0.0,-1200.0
1769450060.3305347,6.749960660934448,-4.995262145996094,-2.1744382449875523,-4.00303236660571e-15,1.1060969708583297e-15,7.428811250853212e-16,0.0,0.0,-1200.0,0.0,0.0,-1200.0
1769450060.380492,6.749960660934448,-4.995262145996094,-2.1744382449875523,-4.3331162492052806e-15,2.9021345239421727e-15,7.428811250853212e-16,0.0,0.0,-1200.0,0.0,0.0,-1200.0
1769450060.4305232,6.749960660934448,-4.995262145996094,-2.1744382449875523,-4.3331162492052806e-15,2.9021345239421727e-15,7.428811250853212e-16,0.0,0.0,-1200.0,0.0,0.0,-1200.0
1769450060.4805112,6.749960660934448,-4.995262145996094,-2.1744382449875523,-3.6000668088316054e-15,3.965300543424453e-15,7.428811250853212e-16,0.0,0.0,-1200.0,0.0,0.0,-1200.0
1769450060.5305386,6.749960660934448,-4.995262145996094,-2.1744382449875523,-3.6000668088316054e-15,3.965300543424453e-15,7.428811250853212e-16,0.0,0.0,-1200.0,0.0,0.0,-1200.0
1769450060.580518,6.749960660934448,-4.995262145996094,-2.1744382449875523,-1.8034900018708456e-15,4.295483532533848e-15,7.428811250853212e-16,0.0,0.0,-1200.0,0.0,0.0,-1200.0
1769450060.6306078,6.749960660934448,-4.995262145996094,-2.1744382449875523,-1.8034900018708456e-15,4.295483532533848e-15,7.428811250853212e-16,0.0,0.0,-1200.0,0.0,0.0,-1200.0
1769450060.680507,6.749960660934448,-4.995262145996094,-2.1744382449875523,-7.134542946801498e-18,4.625625841302657e-15,7.428811250853212e-16,0.0,0.0,-1200.0,0.0,0.0,-1200.0
1769450060.7305377,6.749960660934448,-4.995262145996094,-2.1744382449875523,-7.134542946801498e-18,4.625625841302657e-15,7.428811250853212e-16,0.0,0.0,-1200.0,0.0,0.0,-1200.0
1769450060.7804956,6.749960660934448,-4.995262145996094,-2.1744382449875523,1.7891184680102187e-15,4.955749321721991e-15,7.428811250853212e-16,0.0,0.0,-1200.0,0.0,0.0,-1200.0
1769450060.8305154,6.749960660934448,-4.995262145996094,-2.1744382449875523,1.7891184680102187e-15,4.955749321721991e-15,7.428811250853212e-16,0.0,0.0,-1200.0,0.0,0.0,-1200.0
1769450060.8805244,6.749960660934448,-4.995262145996094,-2.1744382449875523,2.8523725200969772e-15,4.222639183159825e-15,7.428811250853212e-16,0.0,0.0,-1200.0,0.0,0.0,-1200.0
1769450060.9305177,6.749960660934448,-4.995262145996094,-2.1744382449875523,2.8523725200969772e-15,4.222639183159825e-15,7.428811250853212e-16,0.0,0.0,-1200.0,0.0,0.0,-1200.0
1769450060.980495,6.749960660934448,-4.995262145996094,-2.1744382449875523,3.1825245182414514e-15,2.4262310028413766e-15,7.428811250853212e-16,0.0,0.0,-1200.0,0.0,0.0,-1200.0
1769450061.0305982,6.749960660934448,-4.995262145996094,-2.1744382449875523,3.1825245182414514e-15,2.4262310028413766e-15,7.428811250853212e-16,0.0,0.0,-1200.0,0.0,0.0,-1200.0
1769450061.08053,6.749960660934448,-4.995262145996094,-2.1744382449875523,3.5126251170009265e-15,6.301024945412558e-16,7.428811250853212e-16,0.0,0.0,-1200.0,0.0,0.0,-1200.0
1769450061.1304939,6.749960660934448,-4.995262145996094,-2.1744382449875523,3.5126251170009265e-15,6.301024945412558e-16,7.428811250853212e-16,0.0,0.0,-1200.0,0.0,0.0,-1200.0
1769450061.1805942,6.749960660934448,-4.995262145996094,-2.1744382449875523,3.842756506544745e-15,-1.1661935511876394e-15,7.428811250853212e-16,0.0,0.0,-1200.0,0.0,0.0,-1200.0
1769450061.2304409,6.749960660934448,-4.995262145996094,-2.1744382449875523,3.842756506544745e-15,-1.1661935511876394e-15,7.428811250853212e-16,0.0,0.0,-1200.0,0.0,0.0,-1200.0
1769450061.2804742,6.749960660934448,-4.995262145996094,-2.1744382449875523,4.172923062311463e-15,-2.9626809417844796e-15,7.428811250853212e-16,0.0,0.0,-1200.0,0.0,0.0,-1200.0
1769450061.3305259,6.749960660934448,-4.995262145996094,-2.1744382449875523,4.172923062311463e-15,-2.9626809417844796e-15,7.428811250853212e-16,0.0,0.0,-1200.0,0.0,0.0,-1200.0
1769450061.3805068,6.749960660934448,-4.995262145996094,-2.1744382449875523,3.4398639430592428e-15,-4.0258609988666926e-15,7.428811250853212e-16,0.0,0.0,-1200.0,0.0,0.0,-1200.0
1769450061.4305093,6.749960660934448,-4.995262145996094,-2.1744382449875523,3.4398639430592428e-15,-4.0258609988666926e-15,7.428811250853212e-16,0.0,0.0,-1200.0,0.0,0.0,-1200.0
1769450061.4804916,6.749960660934448,-4.995262145996094,-2.1744382449875523,1.6434508848622986e-15,-4.356013893489679e-15,7.428811250853212e-16,0.0,0.0,-1200.0,0.0,0.0,-1200.0
1769450061.5304346,6.749960660934448,-4.995262145996094,-2.1744382449875523,1.6434508848622986e-15,-4.356013893489679e-15,7.428811250853212e-16,0.0,0.0,-1200.0,0.0,0.0,-1200.0
1769450061.580587,6.749960660934448,-4.995262145996094,-2.1744382449875523,-1.5285856762525863e-16,-4.6861477469880764e-15,7.428811250853212e-16,0.0,0.0,-1200.0,0.0,0.0,-1200.0
1769450061.6306415,6.749960660934448,-4.995262145996094,-2.1744382449875523,-1.5285856762525863e-16,-4.6861477469880764e-15,7.428811250853212e-16,0.0,0.0,-1200.0,0.0,0.0,-1200.0
1769450061.680555,6.749960660934448,-4.995262145996094,-2.1744382449875523,-1.948705011580633e-15,-5.0161965066900126e-15,7.428811250853212e-16,0.0,0.0,-1200.0,0.0,0.0,-1200.0
1769450061.7305868,6.749960660934448,-4.995262145996094,-2.1744382449875523,-1.948705011580633e-15,-5.0161965066900126e-15,7.428811250853212e-16,0.0,0.0,-1200.0,0.0,0.0,-1200.0
1769450061.780573,6.749960660934448,-4.995262145996094,-2.1744382449875523,-3.0122221208006294e-15,-4.282904991107914e-15,7.428811250853212e-16,0.0,0.0,-1200.0,0.0,0.0,-1200.0
1769450061.8306468,6.749960660934448,-4.995262145996094,-2.1744382449875523,-3.0122221208006294e-15,-4.282904991107914e-15,7.428811250853212e-16,0.0,0.0,-1100.0,0.0,0.0,-1100.0
1769450061.88064,6.749960660934448,-4.995262145996094,-2.1744382449875523,-3.342273381624116e-15,-2.4870449381626232e-15,7.428811250853212e-16,0.0,0.0,-1100.0,0.0,0.0,-1100.0
1769450061.9305022,6.749960660934448,-4.995262145996094,-2.1744382449875523,-3.342273381624116e-15,-2.4870449381626232e-15,7.428811250853212e-16,0.0,0.0,-1100.0,0.0,0.0,-1100.0
1769450061.9805834,6.749960660934448,-4.995262145996094,-2.1744382449875523,-3.6724800337924836e-15,-6.903393768313037e-16,7.428811250853212e-16,0.0,0.0,-1100.0,0.0,0.0,-1100.0
1769450062.0305815,6.749960660934448,-4.995262145996094,-2.1744382449875523,-3.6724800337924836e-15,-6.903393768313037e-16,7.428811250853212e-16,0.0,0.0,-1100.0,0.0,0.0,-1100.0
1769450062.080494,6.749960660934448,-4.995262145996094,-2.1744382449875523,-4.002602184045984e-15,1.1059063964873019e-15,7.428811250853212e-16,0.0,0.0,-1000.0,0.0,0.0,-1000.0
1769450062.1305146,6.749960660934448,-4.995262145996094,-2.1744382449875523,-4.002602184045984e-15,1.1059063964873019e-15,7.428811250853212e-16,0.0,0.0,-1000.0,0.0,0.0,-1000.0
1769450062.1805062,6.749960660934448,-4.995262145996094,-2.1744382449875523,-4.332760401030147e-15,2.9023484144761283e-15,7.428811250853212e-16,0.0,0.0,-1000.0,0.0,0.0,-1000.0
1769450062.2305088,6.749960660934448,-4.995262145996094,-2.1744382449875523,-4.332760401030147e-15,2.9023484144761283e-15,7.428811250853212e-16,0.0,0.0,-1000.0,0.0,0.0,-1000.0
1769450062.280533,6.749960660934448,-4.995262145996094,-2.1744382449875523,-3.599683573770856e-15,3.9655541540708086e-15,7.428811250853212e-16,0.0,0.0,-900.0,0.0,0.0,-900.0
1769450062.330676,6.749960660934448,-4.995262145996094,-2.1744382449875523,-3.599683573770856e-15,3.9655541540708086e-15,7.428811250853212e-16,0.0,0.0,-900.0,0.0,0.0,-900.0
1769450062.3805532,6.749960660934448,-4.995262145996094,-2.1744382449875523,-1.803600649532509e-15,4.295646375185802e-15,7.428811250853212e-16,0.0,0.0,-900.0,0.0,0.0,-900.0
1769450062.4305186,6.749960660934448,-4.995262145996094,-2.1744382449875523,-1.803600649532509e-15,4.295646375185802e-15,7.428811250853212e-16,0.0,0.0,-800.0,0.0,0.0,-800.0
1769450062.4805706,6.749960660934448,-4.995262145996094,-2.1744382449875523,-7.522660999037201e-18,4.625737689194691e-15,7.428811250853212e-16,0.0,0.0,-800.0,0.0,0.0,-800.0
1769450062.5305464,6.749960660934448,-4.995262145996094,-2.1744382449875523,-7.522660999037201e-18,4.625737689194691e-15,7.428811250853212e-16,0.0,0.0,-800.0,0.0,0.0,-800.0
1769450062.580446,6.749960660934448,-4.995262145996094,-2.1744382449875523,1.78872877211601e-15,4.95586087963111e-15,7.428811250853212e-16,0.0,0.0,-800.0,0.0,0.0,-800.0
1769450062.6305196,6.749960660934448,-4.995262145996094,-2.1744382449875523,1.78872877211601e-15,4.95586087963111e-15,7.428811250853212e-16,0.0,0.0,-800.0,0.0,0.0,-800.0
1769450062.6805387,6.749960660934448,-4.995262145996094,-2.1744382449875523,2.85199971918103e-15,4.22273909203753e-15,7.428811250853212e-16,0.0,0.0,-800.0,0.0,0.0,-800.0
1769450062.730511,6.749960660934448,-4.995262145996094,-2.1744382449875523,2.85199971918103e-15,4.22273909203753e-15,7.428811250853212e-16,0.0,0.0,-800.0,0.0,0.0,-800.0
1769450062.7804904,6.749960660934448,-4.995262145996094,-2.1744382449875523,3.182124508930374e-15,2.4264789568130395e-15,7.428811250853212e-16,0.0,0.0,-800.0,0.0,0.0,-800.0
1769450062.8305306,6.749960660934448,-4.995262145996094,-2.1744382449875523,3.182124508930374e-15,2.4264789568130395e-15,7.428811250853212e-16,0.0,0.0,-800.0,0.0,0.0,-800.0
1769450062.8804991,6.749960660934448,-4.995262145996094,-2.1744382449875523,3.5122780833111244e-15,6.300621999487704e-16,7.428811250853212e-16,0.0,0.0,-700.0,0.0,0.0,-700.0
1769450062.9304073,6.749960660934448,-4.995262145996094,-2.1744382449875523,3.5122780833111244e-15,6.300621999487704e-16,7.428811250853212e-16,0.0,0.0,-600.0,0.0,0.0,-600.0
1769450062.980426,6.749960660934448,-4.995262145996094,-2.1744382449875523,3.842399075273647e-15,-1.1661772709291401e-15,7.428811250853212e-16,0.0,0.0,-600.0,0.0,0.0,-600.0
1769450063.030469,6.749960660934448,-4.995262145996094,-2.1744382449875523,3.842399075273647e-15,-1.1661772709291401e-15,7.428811250853212e-16,0.0,0.0,-600.0,0.0,0.0,-600.0
1769450063.0805206,6.749960660934448,-4.995262145996094,-2.1744382449875523,4.172522829392167e-15,-2.962431771125847e-15,7.428811250853212e-16,0.0,0.0,-600.0,0.0,0.0,-600.0
1769450063.130482,6.749960660934448,-4.995262145996094,-2.1744382449875523,4.172522829392167e-15,-2.962431771125847e-15,7.428811250853212e-16,0.0,0.0,-500.0,0.0,0.0,-500.0
1769450063.1805823,6.749960660934448,-4.995262145996094,-2.1744382449875523,3.4394111601880607e-15,-4.025688043153594e-15,7.428811250853212e-16,0.0,0.0,-500.0,0.0,0.0,-500.0
1769450063.2304635,6.749960660934448,-4.995262145996094,-2.1744382449875523,3.4394111601880607e-15,-4.025688043153594e-15,7.428811250853212e-16,0.0,0.0,-500.0,0.0,0.0,-500.0
1769450063.2804992,6.749960660934448,-4.995262145996094,-2.1744382449875523,1.6431752289983664e-15,-4.35580838457625e-15,7.428811250853212e-16,0.0,0.0,-400.0,0.0,0.0,-400.0
1769450063.3304923,6.749960660934448,-4.995262145996094,-2.1744382449875523,1.6431752289983664e-15,-4.35580838457625e-15,7.428811250853212e-16,0.0,0.0,-400.0,0.0,0.0,-400.0
1769450063.3804882,6.749960660934448,-4.995262145996094,-2.1744382449875523,-1.5304236343587676e-16,-4.685925355619712e-15,7.428811250853212e-16,0.0,0.0,-400.0,0.0,0.0,-400.0
1769450063.430477,6.749960660934448,-4.995262145996094,-2.1744382449875523,-1.5304236343587676e-16,-4.685925355619712e-15,7.428811250853212e-16,0.0,0.0,-300.0,0.0,0.0,-300.0
1769450063.4805233,6.749960660934448,-4.995262145996094,-2.1744382449875523,-1.9493878002970124e-15,-5.0160658224885945e-15,7.428811250853212e-16,0.0,0.0,-300.0,0.0,0.0,-300.0
1769450063.5305443,6.749960660934448,-4.995262145996094,-2.1744382449875523,-1.9493878002970124e-15,-5.0160658224885945e-15,7.428811250853212e-16,0.0,0.0,-300.0,0.0,0.0,-300.0
1769450063.580427,6.749960660934448,-4.995262145996094,-2.1744382449875523,-3.0128241241509553e-15,-4.282830008148157e-15,7.428811250853212e-16,0.0,0.0,-200.0,0.0,0.0,-200.0
1769450063.6305149,6.749960660934448,-4.995262145996094,-2.1744382449875523,-3.0128241241509553e-15,-4.282830008148157e-15,7.428811250853212e-16,0.0,0.0,-200.0,0.0,0.0,-200.0
1769450063.6804817,6.749960660934448,-4.995262145996094,-2.1744382449875523,-3.342900564526383e-15,-2.4868329493590786e-15,7.428811250853212e-16,0.0,0.0,-200.0,0.0,0.0,-200.0
1769450063.730591,6.749960660934448,-4.995262145996094,-2.1744382449875523,-3.342900564526383e-15,-2.4868329493590786e-15,7.428811250853212e-16,0.0,0.0,-200.0,0.0,0.0,-200.0
1769450063.7805696,6.749960660934448,-4.995262145996094,-2.1744382449875523,-3.673089352430174e-15,-6.902245902594634e-16,7.428811250853212e-16,0.0,0.0,-100.0,0.0,0.0,-100.0
1769450063.8306768,6.749960660934448,-4.995262145996094,-2.1744382449875523,-3.673089352430174e-15,-6.902245902594634e-16,7.428811250853212e-16,0.0,0.0,-100.0,0.0,0.0,-100.0
1769450063.8805864,6.749960660934448,-4.995262145996094,-2.1744382449875523,-4.003181290221299e-15,1.1058567923698056e-15,7.428811250853212e-16,0.0,0.0,-100.0,0.0,0.0,-100.0
1769450063.9305868,6.749960660934448,-4.995262145996094,-2.1744382449875523,-4.003181290221299e-15,1.1058567923698056e-15,7.428811250853212e-16,0.0,0.0,0.0,0.0,0.0,0.0
1769450063.9805782,6.749960660934448,-4.995262145996094,-2.1744382449875523,-4.333316555049155e-15,2.9021739241196404e-15,7.428811250853212e-16,0.0,0.0,0.0,0.0,0.0,0.0
1769450064.0306041,6.749960660934448,-4.995262145996094,-2.1744382449875523,-4.333316555049155e-15,2.9021739241196404e-15,7.428811250853212e-16,0.0,0.0,0.0,0.0,0.0,0.0
1769450064.0805514,6.749960660934448,-4.995262145996094,-2.1744382449875523,-3.60018570892192e-15,3.965458009077739e-15,7.428811250853212e-16,0.0,0.0,0.0,0.0,0.0,0.0
1769450064.1305606,6.749960660934448,-4.995262145996094,-2.1744382449875523,-3.60018570892192e-15,3.965458009077739e-15,7.428811250853212e-16,0.0,0.0,100.0,0.0,0.0,100.0
1769450064.180589,6.749960660934448,-4.995262145996094,-2.1744382449875523,-1.804038266011126e-15,4.295562087725369e-15,7.428811250853212e-16,0.0,0.0,100.0,0.0,0.0,100.0
1769450064.230633,6.749960660934448,-4.995262145996094,-2.1744382449875523,-1.804038266011126e-15,4.295562087725369e-15,7.428811250853212e-16,0.0,0.0,100.0,0.0,0.0,100.0
1769450064.280606,6.749960660934448,-4.995262145996094,-2.1744382449875523,-7.886176754442938e-18,4.625667020299404e-15,7.428811250853212e-16,0.0,0.0,100.0,0.0,0.0,100.0
1769450064.3305917,6.749960660934448,-4.995262145996094,-2.1744382449875523,-7.886176754442938e-18,4.625667020299404e-15,7.428811250853212e-16,0.0,0.0,100.0,0.0,0.0,100.0
1769450064.3806293,6.749960660934448,-4.995262145996094,-2.1744382449875523,1.7889761737615334e-15,4.955902487891332e-15,7.428811250853212e-16,0.0,0.0,200.0,0.0,0.0,200.0
1769450064.4306114,6.749960660934448,-4.995262145996094,-2.1744382449875523,1.7889761737615334e-15,4.955902487891332e-15,7.428811250853212e-16,0.0,0.0,200.0,0.0,0.0,200.0
1769450064.480634,6.749960660934448,-4.995262145996094,-2.1744382449875523,2.8519760338639655e-15,4.222967613858358e-15,7.428811250853212e-16,0.0,0.0,200.0,0.0,0.0,200.0
1769450064.5306408,6.749960660934448,-4.995262145996094,-2.1744382449875523,2.8519760338639655e-15,4.222967613858358e-15,7.428811250853212e-16,0.0,0.0,200.0,0.0,0.0,200.0
1769450064.5805528,6.749960660934448,-4.995262145996094,-2.1744382449875523,3.18210694792062e-15,2.4266741553288044e-15,7.428811250853212e-16,0.0,0.0,200.0,0.0,0.0,200.0
1769450064.63054,6.749960660934448,-4.995262145996094,-2.1744382449875523,3.18210694792062e-15,2.4266741553288044e-15,7.428811250853212e-16,0.0,0.0,200.0,0.0,0.0,200.0
1769450064.6805573,6.749960660934448,-4.995262145996094,-2.1744382449875523,3.5122653933098267e-15,6.302308945527413e-16,7.428811250853212e-16,0.0,0.0,200.0,0.0,0.0,200.0
1769450064.730571,6.749960660934448,-4.995262145996094,-2.1744382449875523,3.5122653933098267e-15,6.302308945527413e-16,7.428811250853212e-16,0.0,0.0,300.0,0.0,0.0,300.0
1769450064.7805479,6.749960660934448,-4.995262145996094,-2.1744382449875523,3.842379025969421e-15,-1.1659685332175847e-15,7.428811250853212e-16,0.0,0.0,300.0,0.0,0.0,300.0
1769450064.8306124,6.749960660934448,-4.995262145996094,-2.1744382449875523,3.842379025969421e-15,-1.1659685332175847e-15,7.428811250853212e-16,0.0,0.0,300.0,0.0,0.0,300.0
1769450064.880617,6.749960660934448,-4.995262145996094,-2.1744382449875523,4.1725018480980275e-15,-2.9622179623127534e-15,7.428811250853212e-16,0.0,0.0,300.0,0.0,0.0,300.0
1769450064.9306078,6.749960660934448,-4.995262145996094,-2.1744382449875523,4.1725018480980275e-15,-2.9622179623127534e-15,7.428811250853212e-16,0.0,0.0,400.0,0.0,0.0,400.0
1769450064.9806275,6.749960660934448,-4.995262145996094,-2.1744382449875523,3.4393430762906757e-15,-4.02554254881486e-15,7.428811250853212e-16,0.0,0.0,400.0,0.0,0.0,400.0
1769450065.0306308,6.749960660934448,-4.995262145996094,-2.1744382449875523,3.4393430762906757e-15,-4.02554254881486e-15,7.428811250853212e-16,0.0,0.0,400.0,0.0,0.0,400.0
1769450065.0806239,6.749960660934448,-4.995262145996094,-2.1744382449875523,1.6430040436138031e-15,-4.355681838693872e-15,7.428811250853212e-16,0.0,0.0,400.0,0.0,0.0,400.0
1769450065.130629,6.749960660934448,-4.995262145996094,-2.1744382449875523,1.6430040436138031e-15,-4.355681838693872e-15,7.428811250853212e-16,0.0,0.0,500.0,0.0,0.0,500.0
1769450065.180625,6.749960660934448,-4.995262145996094,-2.1744382449875523,-1.5354368559154574e-16,-4.685859483762221e-15,7.428811250853212e-16,0.0,0.0,500.0,0.0,0.0,500.0
1769450065.230619,6.749960660934448,-4.995262145996094,-2.1744382449875523,-1.5354368559154574e-16,-4.685859483762221e-15,7.428811250853212e-16,0.0,0.0,500.0,0.0,0.0,500.0
1769450065.280581,6.749960660934448,-4.995262145996094,-2.1744382449875523,-1.9498552158674095e-15,-5.015993719125926e-15,7.428811250853212e-16,0.0,0.0,500.0,0.0,0.0,500.0
1769450065.3304415,6.749960660934448,-4.995262145996094,-2.1744382449875523,-1.9498552158674095e-15,-5.015993719125926e-15,7.428811250853212e-16,0.0,0.0,600.0,0.0,0.0,600.0
1769450065.380537,6.749960660934448,-4.995262145996094,-2.1744382449875523,-3.013124830091347e-15,-4.282872850521846e-15,7.428811250853212e-16,0.0,0.0,600.0,0.0,0.0,600.0
1769450065.4306023,6.749960660934448,-4.995262145996094,-2.1744382449875523,-3.013124830091347e-15,-4.282872850521846e-15,7.428811250853212e-16,0.0,0.0,600.0,0.0,0.0,600.0
1769450065.480584,6.749960660934448,-4.995262145996094,-2.1744382449875523,-3.3432379253487734e-15,-2.48667634683999e-15,7.428811250853212e-16,0.0,0.0,600.0,0.0,0.0,600.0
1769450065.5306358,6.749960660934448,-4.995262145996094,-2.1744382449875523,-3.3432379253487734e-15,-2.48667634683999e-15,7.428811250853212e-16,0.0,0.0,700.0,0.0,0.0,700.0
1769450065.5804882,6.749960660934448,-4.995262145996094,-2.1744382449875523,-3.673333285985531e-15,-6.905763399772403e-16,7.428811250853212e-16,0.0,0.0,700.0,0.0,0.0,700.0
1769450065.6305673,6.749960660934448,-4.995262145996094,-2.1744382449875523,-3.673333285985531e-15,-6.905763399772403e-16,7.428811250853212e-16,0.0,0.0,700.0,0.0,0.0,700.0
1769450065.6804564,6.749960660934448,-4.995262145996094,-2.1744382449875523,-4.004770682506082e-15,1.112825892083225e-15,7.428811250853212e-16,0.0,0.0,700.0,0.0,0.0,700.0
1769450065.7305167,6.749960660934448,-4.995262145996094,-2.1744382449875523,-4.004770682506082e-15,1.112825892083225e-15,7.428811250853212e-16,0.0,0.0,700.0,0.0,0.0,700.0
1769450065.7805977,6.749960660934448,-4.995262145996094,-2.1744382449875523,-4.3338262300125645e-15,2.903268114580808e-15,7.428811250853212e-16,0.0,0.0,800.0,0.0,0.0,800.0
1769450065.8305833,6.749960660934448,-4.995262145996094,-2.1744382449875523,-4.3338262300125645e-15,2.903268114580808e-15,7.428811250853212e-16,0.0,0.0,800.0,0.0,0.0,800.0
1769450065.880623,6.749960660934448,-4.995262145996094,-2.1744382449875523,-3.601378487197105e-15,3.965561472053313e-15,7.428811250853212e-16,0.0,0.0,800.0,0.0,0.0,800.0
1769450065.9305801,6.749960660934448,-4.995262145996094,-2.1744382449875523,-3.601378487197105e-15,3.965561472053313e-15,7.428811250853212e-16,0.0,0.0,800.0,0.0,0.0,800.0
1769450065.9805408,6.749960660934448,-4.995262145996094,-2.1744382449875523,-1.804968179016192e-15,4.295713861265949e-15,7.428811250853212e-16,0.0,0.0,900.0,0.0,0.0,900.0
1769450066.0305614,6.749960660934448,-4.995262145996094,-2.1744382449875523,-1.804968179016192e-15,4.295713861265949e-15,7.428811250853212e-16,0.0,0.0,900.0,0.0,0.0,900.0
1769450066.0806108,6.749960660934448,-4.995262145996094,-2.1744382449875523,-8.352623234061251e-18,4.625903971808513e-15,7.428811250853212e-16,0.0,0.0,900.0,0.0,0.0,900.0
1769450066.13056,6.749960660934448,-4.995262145996094,-2.1744382449875523,-8.352623234061251e-18,4.625903971808513e-15,7.428811250853212e-16,0.0,0.0,900.0,0.0,0.0,900.0
1769450066.1805823,6.749960660934448,-4.995262145996094,-2.1744382449875523,1.7879075491012274e-15,4.9560287683782475e-15,7.428811250853212e-16,0.0,0.0,900.0,0.0,0.0,900.0
1769450066.2305627,6.749960660934448,-4.995262145996094,-2.1744382449875523,1.7879075491012274e-15,4.9560287683782475e-15,7.428811250853212e-16,0.0,0.0,900.0,0.0,0.0,900.0
1769450066.2805786,6.749960660934448,-4.995262145996094,-2.1744382449875523,2.851064792627919e-15,4.2229853789968116e-15,7.428811250853212e-16,0.0,0.0,900.0,0.0,0.0,900.0
1769450066.3305688,6.749960660934448,-4.995262145996094,-2.1744382449875523,2.851064792627919e-15,4.2229853789968116e-15,7.428811250853212e-16,0.0,0.0,900.0,0.0,0.0,900.0
1769450066.3804965,6.749960660934448,-4.995262145996094,-2.1744382449875523,3.1811665487163235e-15,2.4268505734906518e-15,7.428811250853212e-16,0.0,0.0,1000.0,0.0,0.0,1000.0
1769450066.4305687,6.749960660934448,-4.995262145996094,-2.1744382449875523,3.1811665487163235e-15,2.4268505734906518e-15,7.428811250853212e-16,0.0,0.0,1000.0,0.0,0.0,1000.0
1769450066.4805717,6.749960660934448,-4.995262145996094,-2.1744382449875523,3.511293119666994e-15,6.305807464737377e-16,7.428811250853212e-16,0.0,0.0,1000.0,0.0,0.0,1000.0
1769450066.530588,6.749960660934448,-4.995262145996094,-2.1744382449875523,3.511293119666994e-15,6.305807464737377e-16,7.428811250853212e-16,0.0,0.0,1000.0,0.0,0.0,1000.0
1769450066.5805776,6.749960660934448,-4.995262145996094,-2.1744382449875523,3.84140958578156e-15,-1.1656340985641477e-15,7.428811250853212e-16,0.0,0.0,1000.0,0.0,0.0,1000.0
1769450066.630567,6.749960660934448,-4.995262145996094,-2.1744382449875523,3.84140958578156e-15,-1.1656340985641477e-15,7.428811250853212e-16,0.0,0.0,1000.0,0.0,0.0,1000.0
1769450066.6805592,6.749960660934448,-4.995262145996094,-2.1744382449875523,4.1715548221437315e-15,-2.962005486977318e-15,7.428811250853212e-16,0.0,0.0,1000.0,0.0,0.0,1000.0
1769450066.73064,6.749960660934448,-4.995262145996094,-2.1744382449875523,4.1715548221437315e-15,-2.962005486977318e-15,7.428811250853212e-16,0.0,0.0,1000.0,0.0,0.0,1000.0
1769450066.780498,6.749960660934448,-4.995262145996094,-2.1744382449875523,3.438575924243358e-15,-4.025069196360968e-15,7.428811250853212e-16,0.0,0.0,1000.0,0.0,0.0,1000.0
1769450066.8305068,6.749960660934448,-4.995262145996094,-2.1744382449875523,3.438575924243358e-15,-4.025069196360968e-15,7.428811250853212e-16,0.0,0.0,1100.0,0.0,0.0,1100.0
1769450066.8805194,6.749960660934448,-4.995262145996094,-2.1744382449875523,1.6418219814116216e-15,-4.355284740299709e-15,7.428811250853212e-16,0.0,0.0,1100.0,0.0,0.0,1100.0
1769450066.9305027,6.749960660934448,-4.995262145996094,-2.1744382449875523,1.6418219814116216e-15,-4.355284740299709e-15,7.428811250853212e-16,0.0,0.0,1100.0,0.0,0.0,1100.0
1769450066.9805284,6.749960660934448,-4.995262145996094,-2.1744382449875523,-1.546609037736012e-16,-4.685450468041558e-15,7.428811250853212e-16,0.0,0.0,1100.0,0.0,0.0,1100.0
1769450067.0304935,6.749960660934448,-4.995262145996094,-2.1744382449875523,-1.546609037736012e-16,-4.685450468041558e-15,7.428811250853212e-16,0.0,0.0,1100.0,0.0,0.0,1100.0
1769450067.080516,6.749960660934448,-4.995262145996094,-2.1744382449875523,-1.9516514744185853e-15,-5.015709500507136e-15,7.428811250853212e-16,0.0,0.0,1100.0,0.0,0.0,1100.0
1769450067.1305242,6.749960660934448,-4.995262145996094,-2.1744382449875523,-1.9516514744185853e-15,-5.015709500507136e-15,7.428811250853212e-16,0.0,0.0,1100.0,0.0,0.0,1100.0
1769450067.1804402,6.749960660934448,-4.995262145996094,-2.1744382449875523,-3.0145102438129514e-15,-4.282871908048906e-15,7.428811250853212e-16,0.0,0.0,1200.0,0.0,0.0,1200.0
1769450067.2305083,6.749960660934448,-4.995262145996094,-2.1744382449875523,-3.0145102438129514e-15,-4.282871908048906e-15,7.428811250853212e-16,0.0,0.0,1200.0,0.0,0.0,1200.0
1769450067.2804434,6.749960660934448,-4.995262145996094,-2.1744382449875523,-3.3446109072390057e-15,-2.486743047887907e-15,7.428811250853212e-16,0.0,0.0,1200.0,0.0,0.0,1200.0
1769450067.3305337,6.749960660934448,-4.995262145996094,-2.1744382449875523,-3.3446109072390057e-15,-2.486743047887907e-15,7.428811250853212e-16,0.0,0.0,1200.0,0.0,0.0,1200.0
1769450067.380424,6.749960660934448,-4.995262145996094,-2.1744382449875523,-3.674746104956803e-15,-6.904262812943073e-16,7.428811250853212e-16,0.0,0.0,1200.0,0.0,0.0,1200.0
1769450067.4304128,6.749960660934448,-4.995262145996094,-2.1744382449875523,-3.674746104956803e-15,-6.904262812943073e-16,7.428811250853212e-16,0.0,0.0,1200.0,0.0,0.0,1200.0
1769450067.4804327,6.749960660934448,-4.995262145996094,-2.1744382449875523,-4.0048358510599724e-15,1.105643176021192e-15,7.428811250853212e-16,0.0,0.0,1200.0,0.0,0.0,1200.0
1769450067.5305123,6.749960660934448,-4.995262145996094,-2.1744382449875523,-4.0048358510599724e-15,1.105643176021192e-15,7.428811250853212e-16,0.0,0.0,1200.0,0.0,0.0,1200.0
1769450067.580494,6.749960660934448,-4.995262145996094,-2.1744382449875523,-4.334952223238704e-15,2.901857509939644e-15,7.428811250853212e-16,0.0,0.0,1200.0,0.0,0.0,1200.0
1769450067.630536,6.749960660934448,-4.995262145996094,-2.1744382449875523,-4.334952223238704e-15,2.901857509939644e-15,7.428811250853212e-16,0.0,0.0,1200.0,0.0,0.0,1200.0
1769450067.6804287,6.749960660934448,-4.995262145996094,-2.1744382449875523,-3.601675517016318e-15,3.965353140651986e-15,7.428811250853212e-16,0.0,0.0,1200.0,0.0,0.0,1200.0
1769450067.7305236,6.749960660934448,-4.995262145996094,-2.1744382449875523,-3.601675517016318e-15,3.965353140651986e-15,7.428811250853212e-16,0.0,0.0,1200.0,0.0,0.0,1200.0
1769450067.7804909,6.749960660934448,-4.995262145996094,-2.1744382449875523,-1.8057654387048424e-15,4.295413595362912e-15,7.428811250853212e-16,0.0,0.0,1200.0,0.0,0.0,1200.0
1769450067.830526,6.749960660934448,-4.995262145996094,-2.1744382449875523,-1.8057654387048424e-15,4.295413595362912e-15,7.428811250853212e-16,0.0,0.0,1200.0,0.0,0.0,1200.0
1769450067.8804958,6.749960660934448,-4.995262145996094,-2.1744382449875523,-9.571847382037624e-18,4.625526155373855e-15,7.428811250853212e-16,0.0,0.0,1200.0,0.0,0.0,1200.0
1769450067.9304276,6.749960660934448,-4.995262145996094,-2.1744382449875523,-9.571847382037624e-18,4.625526155373855e-15,7.428811250853212e-16,0.0,0.0,1200.0,0.0,0.0,1200.0
1769450067.980495,6.749960660934448,-4.995262145996094,-2.1744382449875523,1.7867248773834828e-15,4.955657669714088e-15,7.428811250853212e-16,0.0,0.0,1200.0,0.0,0.0,1200.0
1769450068.0305076,6.749960660934448,-4.995262145996094,-2.1744382449875523,1.7867248773834828e-15,4.955657669714088e-15,7.428811250853212e-16,0.0,0.0,1200.0,0.0,0.0,1200.0
1769450068.0805192,6.749960660934448,-4.995262145996094,-2.1744382449875523,2.8499550863989036e-15,4.222563970870442e-15,7.428811250853212e-16,0.0,0.0,1200.0,0.0,0.0,1200.0
1769450068.1304927,6.749960660934448,-4.995262145996094,-2.1744382449875523,2.8499550863989036e-15,4.222563970870442e-15,7.428811250853212e-16,0.0,0.0,1200.0,0.0,0.0,1200.0
1769450068.1804478,6.749960660934448,-4.995262145996094,-2.1744382449875523,3.1800782860200016e-15,2.4263124877801345e-15,7.428811250853212e-16,0.0,0.0,1300.0,0.0,0.0,1300.0
1769450068.2305205,6.749960660934448,-4.995262145996094,-2.1744382449875523,3.1800782860200016e-15,2.4263124877801345e-15,7.428811250853212e-16,0.0,0.0,1300.0,0.0,0.0,1300.0
1769450068.280493,6.749960660934448,-4.995262145996094,-2.1744382449875523,3.5102130481245863e-15,6.299980914255221e-16,7.428811250853212e-16,0.0,0.0,1300.0,0.0,0.0,1300.0
1769450068.330529,6.749960660934448,-4.995262145996094,-2.1744382449875523,3.5102130481245863e-15,6.299980914255221e-16,7.428811250853212e-16,0.0,0.0,1300.0,0.0,0.0,1300.0
1769450068.38052,6.749960660934448,-4.995262145996094,-2.1744382449875523,3.840375875903184e-15,-1.1664690146102857e-15,7.428811250853212e-16,0.0,0.0,1300.0,0.0,0.0,1300.0
1769450068.4305139,6.749960660934448,-4.995262145996094,-2.1744382449875523,3.840375875903184e-15,-1.1664690146102857e-15,7.428811250853212e-16,0.0,0.0,1300.0,0.0,0.0,1300.0
1769450068.4804323,6.749960660934448,-4.995262145996094,-2.1744382449875523,4.170501587942375e-15,-2.962734168156752e-15,7.428811250853212e-16,0.0,0.0,1300.0,0.0,0.0,1300.0
1769450068.530529,6.749960660934448,-4.995262145996094,-2.1744382449875523,4.170501587942375e-15,-2.962734168156752e-15,7.428811250853212e-16,0.0,0.0,1300.0,0.0,0.0,1300.0
1769450068.5804553,6.749960660934448,-4.995262145996094,-2.1744382449875523,3.437126644706549e-15,-4.026372275281725e-15,7.428811250853212e-16,0.0,0.0,1300.0,0.0,0.0,1300.0
1769450068.6305192,6.749960660934448,-4.995262145996094,-2.1744382449875523,3.437126644706549e-15,-4.026372275281725e-15,7.428811250853212e-16,0.0,0.0,1300.0,0.0,0.0,1300.0
1769450068.6804938,6.749960660934448,-4.995262145996094,-2.1744382449875523,1.6412560811574058e-15,-4.356425467791396e-15,7.428811250853212e-16,0.0,0.0,1300.0,0.0,0.0,1300.0
1769450068.7305324,6.749960660934448,-4.995262145996094,-2.1744382449875523,1.6412560811574058e-15,-4.356425467791396e-15,7.428811250853212e-16,0.0,0.0,1300.0,0.0,0.0,1300.0
1769450068.780496,6.749960660934448,-4.995262145996094,-2.1744382449875523,-1.5507087891871843e-16,-4.686562538913389e-15,7.428811250853212e-16,0.0,0.0,1300.0,0.0,0.0,1300.0
1769450068.8305311,6.749960660934448,-4.995262145996094,-2.1744382449875523,-1.5507087891871843e-16,-4.686562538913389e-15,7.428811250853212e-16,0.0,0.0,1300.0,0.0,0.0,1300.0
1769450068.8805406,6.749960660934448,-4.995262145996094,-2.1744382449875523,-1.9514251564821493e-15,-5.016704630566416e-15,7.428811250853212e-16,0.0,0.0,1300.0,0.0,0.0,1300.0
1769450068.9305053,6.749960660934448,-4.995262145996094,-2.1744382449875523,-1.9514251564821493e-15,-5.016704630566416e-15,7.428811250853212e-16,0.0,0.0,1300.0,0.0,0.0,1300.0
1769450068.9805205,6.749960660934448,-4.995262145996094,-2.1744382449875523,-3.0146644229454027e-15,-4.283604686642563e-15,7.428811250853212e-16,0.0,0.0,1300.0,0.0,0.0,1300.0
1769450069.0305305,6.749960660934448,-4.995262145996094,-2.1744382449875523,-3.0146644229454027e-15,-4.283604686642563e-15,7.428811250853212e-16,0.0,0.0,1300.0,0.0,0.0,1300.0
1769450069.0805073,6.749960660934448,-4.995262145996094,-2.1744382449875523,-3.344886562545212e-15,-2.48681485579693e-15,7.428811250853212e-16,-1000.0,-0.05235987755982988,1300.0,0.0,-1000.0,1300.0
1769450069.130699,6.749960660934448,-4.995262145996094,-2.1744382449875523,-3.344886562545212e-15,-2.48681485579693e-15,7.428811250853212e-16,-2000.0,-0.10471975511965977,1300.0,0.0,-2000.0,1300.0
1769450069.1805286,6.749960660934448,-4.995262145996094,-2.1744382449875523,-3.67495280804105e-15,-6.908732689274374e-16,7.428811250853212e-16,-2000.0,-0.10471975511965977,1300.0,0.0,-2000.0,1300.0
1769450069.230543,6.749960660934448,-4.995262145996094,-2.1744382449875523,-3.67495280804105e-15,-6.908732689274374e-16,7.428811250853212e-16,-3000.0,-0.15707963267948963,1300.0,0.0,-3000.0,1300.0
1769450069.280519,6.749960660934448,-4.995262145996094,-2.1744382449875523,-4.00509347897535e-15,1.105473278285257e-15,7.428811250853212e-16,-3000.0,-0.15707963267948963,1300.0,0.0,-3000.0,1300.0
1769450069.3304977,6.749960660934448,-4.995262145996094,-2.1744382449875523,-4.00509347897535e-15,1.105473278285257e-15,7.428811250853212e-16,-4000.0,-0.20943951023931953,1300.0,0.0,-4000.0,1300.0
1769450069.3805003,6.749960660934448,-4.995262145996094,-2.1744382449875523,-4.3352199543618986e-15,2.9017425853229743e-15,7.428811250853212e-16,-5000.0,-0.2617993877991494,1300.0,0.0,-5000.0,1300.0
1769450069.430542,6.749960660934448,-4.995262145996094,-2.1744382449875523,-4.3352199543618986e-15,2.9017425853229743e-15,7.428811250853212e-16,-5000.0,-0.2617993877991494,1300.0,0.0,-5000.0,1300.0
1769450069.480566,6.749960660934448,-4.995262145996094,-2.1744382449875523,-3.602143834867917e-15,3.964947298422051e-15,7.428811250853212e-16,-6000.0,-0.31415926535897926,1300.0,0.0,-6000.0,1300.0
1769450069.53047,6.749960660934448,-4.995262145996094,-2.1744382449875523,-3.602143834867917e-15,3.964947298422051e-15,7.428811250853212e-16,-7000.0,-0.36651914291880916,1300.0,0.0,-7000.0,1300.0
1769450069.580429,6.749960660934448,-4.995262145996094,-2.1744382449875523,-1.8059502692074413e-15,4.295059853716656e-15,7.428811250853212e-16,-7000.0,-0.36651914291880916,1300.0,0.0,-7000.0,1300.0
1769450069.6330812,6.749960660934448,-4.995262145996094,-2.1744382449875523,-1.8059502692074413e-15,4.295059853716656e-15,7.428811250853212e-16,-8000.0,-0.41887902047863906,1300.0,0.0,-8000.0,1300.0
1769450069.6805542,6.749960660934448,-4.995262145996094,-2.1744382449875523,-9.70763824490631e-18,4.625181426453784e-15,7.428811250853212e-16,-9000.0,-0.47123889803846897,1300.0,0.0,-9000.0,1300.0
1769450069.7305298,6.749960660934448,-4.995262145996094,-2.1744382449875523,-9.70763824490631e-18,4.625181426453784e-15,7.428811250853212e-16,-9000.0,-0.47123889803846897,1300.0,0.0,-9000.0,1300.0
1769450069.780521,6.749960660934448,-4.995262145996094,-2.1744382449875523,1.7862771146374786e-15,4.955255605194173e-15,7.428811250853212e-16,-9000.0,-0.47123889803846897,1300.0,0.0,-9000.0,1300.0
1769450069.8305373,6.749960660934448,-4.995262145996094,-2.1744382449875523,1.7862771146374786e-15,4.955255605194173e-15,7.428811250853212e-16,-9000.0,-0.47123889803846897,1300.0,0.0,-9000.0,1300.0
1769450069.880502,6.749960660934448,-4.995262145996094,-2.1744382449875523,2.8494445155027955e-15,4.22220521236148e-15,7.428811250853212e-16,-9000.0,-0.47123889803846897,1300.0,0.0,-9000.0,1300.0
1769450069.9304488,6.749960660934448,-4.995262145996094,-2.1744382449875523,2.8494445155027955e-15,4.22220521236148e-15,7.428811250853212e-16,-9000.0,-0.47123889803846897,1300.0,0.0,-9000.0,1300.0
1769450069.9805267,6.749960660934448,-4.995262145996094,-2.1744382449875523,3.1796052964356666e-15,2.4257492435304363e-15,7.428811250853212e-16,-9000.0,-0.47123889803846897,1300.0,0.0,-9000.0,1300.0
1769450070.030454,6.749960660934448,-4.995262145996094,-2.1744382449875523,3.1796052964356666e-15,2.4257492435304363e-15,7.428811250853212e-16,-9000.0,-0.47123889803846897,1300.0,0.0,-9000.0,1300.0
1769450070.0804672,6.749960660934448,-4.995262145996094,-2.1744382449875523,3.509743797718132e-15,6.294145017295729e-16,7.428811250853212e-16,-9000.0,-0.47123889803846897,1300.0,0.0,-9000.0,1300.0
1769450070.1305745,6.749960660934448,-4.995262145996094,-2.1744382449875523,3.509743797718132e-15,6.294145017295729e-16,7.428811250853212e-16,-9000.0,-0.47123889803846897,1300.0,0.0,-9000.0,1300.0
1769450070.180537,6.749960660934448,-4.995262145996094,-2.1744382449875523,3.839855012900318e-15,-1.1667717721715762e-15,7.428811250853212e-16,-9000.0,-0.47123889803846897,1300.0,0.0,-9000.0,1300.0
1769450070.2305605,6.749960660934448,-4.995262145996094,-2.1744382449875523,3.839855012900318e-15,-1.1667717721715762e-15,7.428811250853212e-16,-9000.0,-0.47123889803846897,1300.0,0.0,-9000.0,1300.0
1769450070.2804577,6.749960660934448,-4.995262145996094,-2.1744382449875523,4.169989415560411e-15,-2.9630842127330122e-15,7.428811250853212e-16,-9000.0,-0.47123889803846897,1300.0,0.0,-9000.0,1300.0
1769450070.3305519,6.749960660934448,-4.995262145996094,-2.1744382449875523,4.169989415560411e-15,-2.9630842127330122e-15,7.428811250853212e-16,-9000.0,-0.47123889803846897,1300.0,0.0,-9000.0,1300.0
1769450070.380469,6.749960660934448,-4.995262145996094,-2.1744382449875523,3.4369741026502756e-15,-4.026200736018217e-15,7.428811250853212e-16,-9000.0,-0.47123889803846897,1300.0,0.0,-9000.0,1300.0
1769450070.4305556,6.749960660934448,-4.995262145996094,-2.1744382449875523,3.4369741026502756e-15,-4.026200736018217e-15,7.428811250853212e-16,-9000.0,-0.47123889803846897,1300.0,0.0,-9000.0,1300.0
1769450070.4805307,6.749960660934448,-4.995262145996094,-2.1744382449875523,1.6402020332924677e-15,-4.35641961133168e-15,7.428811250853212e-16,-9000.0,-0.47123889803846897,1300.0,0.0,-9000.0,1300.0
1769450070.530648,6.749960660934448,-4.995262145996094,-2.1744382449875523,1.6402020332924677e-15,-4.35641961133168e-15,7.428811250853212e-16,-9000.0,-0.47123889803846897,1300.0,0.0,-9000.0,1300.0
1769450070.5805266,6.749960660934448,-4.995262145996094,-2.1744382449875523,-1.5628180263188563e-16,-4.686585513804655e-15,7.428811250853212e-16,-9000.0,-0.47123889803846897,1300.0,0.0,-9000.0,1300.0
1769450070.6306052,6.749960660934448,-4.995262145996094,-2.1744382449875523,-1.5628180263188563e-16,-4.686585513804655e-15,7.428811250853212e-16,-9000.0,-0.47123889803846897,1300.0,0.0,-9000.0,1300.0
1769450070.6806245,6.749960660934448,-4.995262145996094,-2.1744382449875523,-1.952173024056779e-15,-5.016642502911909e-15,7.428811250853212e-16,-9000.0,-0.47123889803846897,1300.0,0.0,-9000.0,1300.0
1769450070.7306085,6.749960660934448,-4.995262145996094,-2.1744382449875523,-1.952173024056779e-15,-5.016642502911909e-15,7.428811250853212e-16,-9000.0,-0.47123889803846897,1300.0,0.0,-9000.0,1300.0
1769450070.7805996,6.749960660934448,-4.995262145996094,-2.1744382449875523,-3.0153180737071167e-15,-4.283607521167731e-15,7.428811250853212e-16,-9000.0,-0.47123889803846897,1300.0,0.0,-9000.0,1300.0
1769450070.830597,6.749960660934448,-4.995262145996094,-2.1744382449875523,-3.0153180737071167e-15,-4.283607521167731e-15,7.428811250853212e-16,-9000.0,-0.47123889803846897,1300.0,0.0,-9000.0,1300.0
1769450070.880553,6.749960660934448,-4.995262145996094,-2.1744382449875523,-3.345475924859885e-15,-2.4871674937242094e-15,7.428811250853212e-16,-9000.0,-0.47123889803846897,1300.0,0.0,-9000.0,1300.0
1769450070.9304914,6.749960660934448,-4.995262145996094,-2.1744382449875523,-3.345475924859885e-15,-2.4871674937242094e-15,7.428811250853212e-16,-9000.0,-0.47123889803846897,1300.0,0.0,-9000.0,1300.0
1769450070.9806283,6.749960660934448,-4.995262145996094,-2.1744382449875523,-3.675629692292803e-15,-6.907496864331809e-16,7.428811250853212e-16,-9000.0,-0.47123889803846897,1300.0,0.0,-9000.0,1300.0
1769450071.0305786,6.749960660934448,-4.995262145996094,-2.1744382449875523,-3.675629692292803e-15,-6.907496864331809e-16,7.428811250853212e-16,-9000.0,-0.47123889803846897,1300.0,0.0,-9000.0,1300.0
1769450071.0805943,6.749960660934448,-4.995262145996094,-2.1744382449875523,-4.00574217505059e-15,1.10544348454323e-15,7.428811250853212e-16,-9000.0,-0.47123889803846897,1300.0,0.0,-9000.0,1300.0
1769450071.1305692,6.749960660934448,-4.995262145996094,-2.1744382449875523,-4.00574217505059e-15,1.10544348454323e-15,7.428811250853212e-16,-9000.0,-0.47123889803846897,1300.0,0.0,-9000.0,1300.0
1769450071.180548,6.749960660934448,-4.995262145996094,-2.1744382449875523,-4.3358523231369685e-15,2.901623952210738e-15,7.428811250853212e-16,-9000.0,-0.47123889803846897,1300.0,0.0,-9000.0,1300.0
1769450071.2305465,6.749960660934448,-4.995262145996094,-2.1744382449875523,-4.3358523231369685e-15,2.901623952210738e-15,7.428811250853212e-16,-9000.0,-0.47123889803846897,1300.0,0.0,-9000.0,1300.0
1769450071.2805023,6.749960660934448,-4.995262145996094,-2.1744382449875523,-3.6027259325737455e-15,3.964901575115945e-15,7.428811250853212e-16,-9000.0,-0.47123889803846897,1300.0,0.0,-9000.0,1300.0
1769450071.3305483,6.749960660934448,-4.995262145996094,-2.1744382449875523,-3.6027259325737455e-15,3.964901575115945e-15,7.428811250853212e-16,-9000.0,-0.47123889803846897,1300.0,0.0,-9000.0,1300.0
1769450071.3805547,6.749960660934448,-4.995262145996094,-2.1744382449875523,-1.8064154008695735e-15,4.29503562695764e-15,7.428811250853212e-16,-9000.0,-0.47123889803846897,1300.0,0.0,-9000.0,1300.0
1769450071.4304833,6.749960660934448,-4.995262145996094,-2.1744382449875523,-1.8064154008695735e-15,4.29503562695764e-15,7.428811250853212e-16,-9000.0,-0.47123889803846897,1300.0,0.0,-9000.0,1300.0
1769450071.4805856,6.749960660934448,-4.995262145996094,-2.1744382449875523,-9.971708447669778e-18,4.625194151676666e-15,7.428811250853212e-16,-8000.0,-0.41887902047863906,1300.0,0.0,-8000.0,1300.0
1769450071.5306156,6.749960660934448,-4.995262145996094,-2.1744382449875523,-9.971708447669778e-18,4.625194151676666e-15,7.428811250853212e-16,-7000.0,-0.36651914291880916,1300.0,0.0,-7000.0,1300.0
1769450071.5806668,6.749960660934448,-4.995262145996094,-2.1744382449875523,1.7860160571116052e-15,4.9552688841004035e-15,7.428811250853212e-16,-6000.0,-0.31415926535897926,1300.0,0.0,-6000.0,1300.0
1769450071.630638,6.749960660934448,-4.995262145996094,-2.1744382449875523,1.7860160571116052e-15,4.9552688841004035e-15,7.428811250853212e-16,-5000.0,-0.2617993877991494,1300.0,0.0,-5000.0,1300.0
1769450071.6806056,6.749960660934448,-4.995262145996094,-2.1744382449875523,2.849376198986652e-15,4.2220855969814655e-15,7.428811250853212e-16,-4000.0,-0.20943951023931953,1300.0,0.0,-4000.0,1300.0
1769450071.7306206,6.749960660934448,-4.995262145996094,-2.1744382449875523,2.849376198986652e-15,4.2220855969814655e-15,7.428811250853212e-16,-3000.0,-0.15707963267948963,1300.0,0.0,-3000.0,1300.0
1769450071.7805822,6.749960660934448,-4.995262145996094,-2.1744382449875523,3.179516442877573e-15,2.4257413733779694e-15,7.428811250853212e-16,-2000.0,-0.10471975511965977,1300.0,0.0,-2000.0,1300.0
1769450071.8305984,6.749960660934448,-4.995262145996094,-2.1744382449875523,3.179516442877573e-15,2.4257413733779694e-15,7.428811250853212e-16,-1000.0,-0.05235987755982988,1300.0,0.0,-1000.0,1300.0
1769450071.880589,6.749960660934448,-4.995262145996094,-2.1744382449875523,3.509639775781486e-15,6.294891650752144e-16,7.428811250853212e-16,0.0,0.0,1300.0,0.0,0.0,1300.0
1769450071.9306056,6.749960660934448,-4.995262145996094,-2.1744382449875523,3.509639775781486e-15,6.294891650752144e-16,7.428811250853212e-16,0.0,0.0,1300.0,0.0,0.0,1300.0
1769450071.9805727,6.749960660934448,-4.995262145996094,-2.1744382449875523,3.839773668424615e-15,-1.1668205004048917e-15,7.428811250853212e-16,0.0,0.0,1300.0,0.0,0.0,1300.0
1769450072.030614,6.749960660934448,-4.995262145996094,-2.1744382449875523,3.839773668424615e-15,-1.1668205004048917e-15,7.428811250853212e-16,0.0,0.0,1300.0,0.0,0.0,1300.0
1769450072.080445,6.749960660934448,-4.995262145996094,-2.1744382449875523,4.169876609523339e-15,-2.9629617537358173e-15,7.428811250853212e-16,0.0,0.0,1300.0,0.0,0.0,1300.0
1769450072.1305156,6.749960660934448,-4.995262145996094,-2.1744382449875523,4.169876609523339e-15,-2.9629617537358173e-15,7.428811250853212e-16,0.0,0.0,1300.0,0.0,0.0,1300.0
1769450072.180535,6.749960660934448,-4.995262145996094,-2.1744382449875523,3.4368354461766185e-15,-4.026115768770217e-15,7.428811250853212e-16,0.0,0.0,1300.0,0.0,0.0,1300.0
1769450072.230429,6.749960660934448,-4.995262145996094,-2.1744382449875523,3.4368354461766185e-15,-4.026115768770217e-15,7.428811250853212e-16,0.0,0.0,1300.0,0.0,0.0,1300.0
1769450072.2805018,6.749960660934448,-4.995262145996094,-2.1744382449875523,1.6405073017630181e-15,-4.356253057555094e-15,7.428811250853212e-16,0.0,0.0,1300.0,0.0,0.0,1300.0
1769450072.3305125,6.749960660934448,-4.995262145996094,-2.1744382449875523,1.6405073017630181e-15,-4.356253057555094e-15,7.428811250853212e-16,0.0,0.0,1300.0,0.0,0.0,1300.0
1769450072.3805265,6.749960660934448,-4.995262145996094,-2.1744382449875523,-1.5560617519827395e-16,-4.6863508937873196e-15,7.428811250853212e-16,0.0,0.0,1300.0,0.0,0.0,1300.0
1769450072.4305284,6.749960660934448,-4.995262145996094,-2.1744382449875523,-1.5560617519827395e-16,-4.6863508937873196e-15,7.428811250853212e-16,0.0,0.0,1300.0,0.0,0.0,1300.0
1769450072.4806025,6.749960660934448,-4.995262145996094,-2.1744382449875523,-1.951994659725094e-15,-5.01649927215037e-15,7.428811250853212e-16,0.0,0.0,1300.0,0.0,0.0,1300.0
1769450072.5305185,6.749960660934448,-4.995262145996094,-2.1744382449875523,-1.951994659725094e-15,-5.01649927215037e-15,7.428811250853212e-16,0.0,0.0,1300.0,0.0,0.0,1300.0
1769450072.5805862,6.749960660934448,-4.995262145996094,-2.1744382449875523,-3.0156844949643002e-15,-4.283088662551534e-15,7.428811250853212e-16,0.0,0.0,1300.0,0.0,0.0,1300.0
1769450072.6305673,6.749960660934448,-4.995262145996094,-2.1744382449875523,-3.0156844949643002e-15,-4.283088662551534e-15,7.428811250853212e-16,0.0,0.0,1300.0,0.0,0.0,1300.0
1769450072.6805391,6.749960660934448,-4.995262145996094,-2.1744382449875523,-3.3457776557250517e-15,-2.487000625555016e-15,7.428811250853212e-16,0.0,0.0,1300.0,0.0,0.0,1300.0
1769450072.730571,6.749960660934448,-4.995262145996094,-2.1744382449875523,-3.3457776557250517e-15,-2.487000625555016e-15,7.428811250853212e-16,0.0,0.0,1300.0,0.0,0.0,1300.0
1769450072.780584,6.749960660934448,-4.995262145996094,-2.1744382449875523,-3.675901406846327e-15,-6.907461416667861e-16,7.428811250853212e-16,0.0,0.0,1300.0,0.0,0.0,1300.0
1769450072.8305953,6.749960660934448,-4.995262145996094,-2.1744382449875523,-3.675901406846327e-15,-6.907461416667861e-16,7.428811250853212e-16,0.0,0.0,1300.0,0.0,0.0,1300.0
1769450072.8804986,6.749960660934448,-4.995262145996094,-2.1744382449875523,-4.0060661100912396e-15,1.1057311690718567e-15,7.428811250853212e-16,0.0,0.0,1300.0,0.0,0.0,1300.0
1769450072.930506,6.749960660934448,-4.995262145996094,-2.1744382449875523,-4.0060661100912396e-15,1.1057311690718567e-15,7.428811250853212e-16,0.0,0.0,1300.0,0.0,0.0,1300.0
1769450072.9804943,6.749960660934448,-4.995262145996094,-2.1744382449875523,-4.336180158069033e-15,2.9019328566528554e-15,7.428811250853212e-16,0.0,0.0,1300.0,0.0,0.0,1300.0
1769450073.0305512,6.749960660934448,-4.995262145996094,-2.1744382449875523,-4.336180158069033e-15,2.9019328566528554e-15,7.428811250853212e-16,0.0,0.0,1300.0,0.0,0.0,1300.0
1769450073.0805066,6.749960660934448,-4.995262145996094,-2.1744382449875523,-3.6031536824278775e-15,3.965065569618661e-15,7.428811250853212e-16,0.0,0.0,1300.0,0.0,0.0,1300.0
1769450073.1304486,6.749960660934448,-4.995262145996094,-2.1744382449875523,-3.6031536824278775e-15,3.965065569618661e-15,7.428811250853212e-16,-1000.0,-0.05235987755982988,1300.0,0.0,-1000.0,1300.0
1769450073.1805453,6.749960660934448,-4.995262145996094,-2.1744382449875523,-1.8068098550927305e-15,4.295205740681598e-15,7.428811250853212e-16,-2000.0,-0.10471975511965977,1300.0,0.0,-2000.0,1300.0
1769450073.2305639,6.749960660934448,-4.995262145996094,-2.1744382449875523,-1.8068098550927305e-15,4.295205740681598e-15,7.428811250853212e-16,-2000.0,-0.10471975511965977,1300.0,0.0,-2000.0,1300.0
1769450073.2805264,6.749960660934448,-4.995262145996094,-2.1744382449875523,-1.044606855658168e-17,4.625349579936521e-15,7.428811250853212e-16,-3000.0,-0.15707963267948963,1300.0,0.0,-3000.0,1300.0
1769450073.3305044,6.749960660934448,-4.995262145996094,-2.1744382449875523,-1.044606855658168e-17,4.625349579936521e-15,7.428811250853212e-16,-4000.0,-0.20943951023931953,1300.0,0.0,-4000.0,1300.0
1769450073.380491,6.749960660934448,-4.995262145996094,-2.1744382449875523,1.7858261514797e-15,4.955476590687085e-15,7.428811250853212e-16,-4000.0,-0.20943951023931953,1300.0,0.0,-4000.0,1300.0
1769450073.430509,6.749960660934448,-4.995262145996094,-2.1744382449875523,1.7858261514797e-15,4.955476590687085e-15,7.428811250853212e-16,-5000.0,-0.2617993877991494,1300.0,0.0,-5000.0,1300.0
1769450073.4805367,6.749960660934448,-4.995262145996094,-2.1744382449875523,2.8491168087437578e-15,4.222341212976712e-15,7.428811250853212e-16,-6000.0,-0.31415926535897926,1300.0,0.0,-6000.0,1300.0
1769450073.5305078,6.749960660934448,-4.995262145996094,-2.1744382449875523,2.8491168087437578e-15,4.222341212976712e-15,7.428811250853212e-16,-6000.0,-0.31415926535897926,1300.0,0.0,-6000.0,1300.0
1769450073.5805023,6.749960660934448,-4.995262145996094,-2.1744382449875523,3.1792427921653414e-15,2.4260745827965994e-15,7.428811250853212e-16,-7000.0,-0.36651914291880916,1300.0,0.0,-7000.0,1300.0
1769450073.630539,6.749960660934448,-4.995262145996094,-2.1744382449875523,3.1792427921653414e-15,2.4260745827965994e-15,7.428811250853212e-16,-8000.0,-0.41887902047863906,1300.0,0.0,-8000.0,1300.0
1769450073.6804168,6.749960660934448,-4.995262145996094,-2.1744382449875523,3.5093667765256336e-15,6.298188298187382e-16,7.428811250853212e-16,-8000.0,-0.41887902047863906,1300.0,0.0,-8000.0,1300.0
1769450073.7305317,6.749960660934448,-4.995262145996094,-2.1744382449875523,3.5093667765256336e-15,6.298188298187382e-16,7.428811250853212e-16,-9000.0,-0.47123889803846897,1300.0,0.0,-9000.0,1300.0
1769450073.780422,6.749960660934448,-4.995262145996094,-2.1744382449875523,3.839526312173545e-15,-1.1666303632238735e-15,7.428811250853212e-16,-9000.0,-0.47123889803846897,1300.0,0.0,-9000.0,1300.0
1769450073.8305278,6.749960660934448,-4.995262145996094,-2.1744382449875523,3.839526312173545e-15,-1.1666303632238735e-15,7.428811250853212e-16,-9000.0,-0.47123889803846897,1300.0,0.0,-9000.0,1300.0
1769450073.880444,6.749960660934448,-4.995262145996094,-2.1744382449875523,4.169635392877851e-15,-2.962805023100133e-15,7.428811250853212e-16,-9000.0,-0.47123889803846897,1300.0,0.0,-9000.0,1300.0
1769450073.930432,6.749960660934448,-4.995262145996094,-2.1744382449875523,4.169635392877851e-15,-2.962805023100133e-15,7.428811250853212e-16,-9000.0,-0.47123889803846897,1300.0,0.0,-9000.0,1300.0
1769450073.9803877,6.749960660934448,-4.995262145996094,-2.1744382449875523,3.4365055405716326e-15,-4.026087666686508e-15,7.428811250853212e-16,-9000.0,-0.47123889803846897,1300.0,0.0,-9000.0,1300.0
1769450074.0305064,6.749960660934448,-4.995262145996094,-2.1744382449875523,3.4365055405716326e-15,-4.026087666686508e-15,7.428811250853212e-16,-9000.0,-0.47123889803846897,1300.0,0.0,-9000.0,1300.0
1769450074.080547,6.749960660934448,-4.995262145996094,-2.1744382449875523,1.6403677010850694e-15,-4.356189980373516e-15,7.428811250853212e-16,-9000.0,-0.47123889803846897,1300.0,0.0,-9000.0,1300.0
1769450074.1305227,6.749960660934448,-4.995262145996094,-2.1744382449875523,1.6403677010850694e-15,-4.356189980373516e-15,7.428811250853212e-16,-9000.0,-0.47123889803846897,1300.0,0.0,-9000.0,1300.0
1769450074.180518,6.749960660934448,-4.995262145996094,-2.1744382449875523,-1.5576537910820045e-16,-4.686291419376135e-15,7.428811250853212e-16,-9000.0,-0.47123889803846897,1300.0,0.0,-9000.0,1300.0
1769450074.23054,6.749960660934448,-4.995262145996094,-2.1744382449875523,-1.5576537910820045e-16,-4.686291419376135e-15,7.428811250853212e-16,-9000.0,-0.47123889803846897,1300.0,0.0,-9000.0,1300.0
1769450074.2805443,6.749960660934448,-4.995262145996094,-2.1744382449875523,-1.952226630704344e-15,-5.0164531711994045e-15,7.428811250853212e-16,-9000.0,-0.47123889803846897,1300.0,0.0,-9000.0,1300.0
1769450074.3305023,6.749960660934448,-4.995262145996094,-2.1744382449875523,-1.952226630704344e-15,-5.0164531711994045e-15,7.428811250853212e-16,-9000.0,-0.47123889803846897,1300.0,0.0,-9000.0,1300.0
1769450074.3805726,6.749960660934448,-4.995262145996094,-2.1744382449875523,-3.0154060046911382e-15,-4.283394522939208e-15,7.428811250853212e-16,-9000.0,-0.47123889803846897,1300.0,0.0,-9000.0,1300.0
1769450074.430514,6.749960660934448,-4.995262145996094,-2.1744382449875523,-3.0154060046911382e-15,-4.283394522939208e-15,7.428811250853212e-16,-9000.0,-0.47123889803846897,1300.0,0.0,-9000.0,1300.0
1769450074.4805064,6.749960660934448,-4.995262145996094,-2.1744382449875523,-3.3455953604130742e-15,-2.4867830742530805e-15,7.428811250853212e-16,-9000.0,-0.47123889803846897,1300.0,0.0,-9000.0,1300.0
1769450074.53052,6.749960660934448,-4.995262145996094,-2.1744382449875523,-3.3455953604130742e-15,-2.4867830742530805e-15,7.428811250853212e-16,-9000.0,-0.47123889803846897,1300.0,0.0,-9000.0,1300.0
1769450074.5806017,6.749960660934448,-4.995262145996094,-2.1744382449875523,-3.6756559528848385e-15,-6.908722463635336e-16,7.428811250853212e-16,-9000.0,-0.47123889803846897,1300.0,0.0,-9000.0,1300.0
1769450074.630463,6.749960660934448,-4.995262145996094,-2.1744382449875523,-3.6756559528848385e-15,-6.908722463635336e-16,7.428811250853212e-16,-9000.0,-0.47123889803846897,1300.0,0.0,-9000.0,1300.0
1769450074.6804645,6.749960660934448,-4.995262145996094,-2.1744382449875523,-4.005788328986256e-15,1.1054291673781238e-15,7.428811250853212e-16,-9000.0,-0.47123889803846897,1300.0,0.0,-9000.0,1300.0
1769450074.7304897,6.749960660934448,-4.995262145996094,-2.1744382449875523,-4.005788328986256e-15,1.1054291673781238e-15,7.428811250853212e-16,-9000.0,-0.47123889803846897,1300.0,0.0,-9000.0,1300.0
1769450074.7804563,6.749960660934448,-4.995262145996094,-2.1744382449875523,-4.335931449394454e-15,2.9017890425578495e-15,7.428811250853212e-16,-9000.0,-0.47123889803846897,1300.0,0.0,-9000.0,1300.0
1769450074.8305864,6.749960660934448,-4.995262145996094,-2.1744382449875523,-4.335931449394454e-15,2.9017890425578495e-15,7.428811250853212e-16,-9000.0,-0.47123889803846897,1300.0,0.0,-9000.0,1300.0
1769450074.8805869,6.749960660934448,-4.995262145996094,-2.1744382449875523,-3.602817411680913e-15,3.965048749713719e-15,7.428811250853212e-16,-9000.0,-0.47123889803846897,1300.0,0.0,-9000.0,1300.0
1769450074.930551,6.749960660934448,-4.995262145996094,-2.1744382449875523,-3.602817411680913e-15,3.965048749713719e-15,7.428811250853212e-16,-8000.0,-0.41887902047863906,1300.0,0.0,-8000.0,1300.0
1769450074.9805756,6.749960660934448,-4.995262145996094,-2.1744382449875523,-1.805848351394049e-15,4.295303828908658e-15,7.428811250853212e-16,-7000.0,-0.36651914291880916,1300.0,0.0,-7000.0,1300.0
1769450075.0305936,6.749960660934448,-4.995262145996094,-2.1744382449875523,-1.805848351394049e-15,4.295303828908658e-15,7.428811250853212e-16,-6000.0,-0.31415926535897926,1300.0,0.0,-6000.0,1300.0
1769450075.080562,6.749960660934448,-4.995262145996094,-2.1744382449875523,-1.0107923674197034e-17,4.625333104468639e-15,7.428811250853212e-16,-5000.0,-0.2617993877991494,1300.0,0.0,-5000.0,1300.0
1769450075.1305358,6.749960660934448,-4.995262145996094,-2.1744382449875523,-1.0107923674197034e-17,4.625333104468639e-15,7.428811250853212e-16,-4000.0,-0.20943951023931953,1300.0,0.0,-4000.0,1300.0
1769450075.1805415,6.749960660934448,-4.995262145996094,-2.1744382449875523,1.7859197176357457e-15,4.955415165437695e-15,7.428811250853212e-16,-3000.0,-0.15707963267948963,1300.0,0.0,-3000.0,1300.0
1769450075.2305548,6.749960660934448,-4.995262145996094,-2.1744382449875523,1.7859197176357457e-15,4.955415165437695e-15,7.428811250853212e-16,-2000.0,-0.10471975511965977,1300.0,0.0,-2000.0,1300.0
1769450075.2805007,6.749960660934448,-4.995262145996094,-2.1744382449875523,2.8493258737983054e-15,4.2222001516203e-15,7.428811250853212e-16,-1000.0,-0.05235987755982988,1300.0,0.0,-1000.0,1300.0
1769450075.330395,6.749960660934448,-4.995262145996094,-2.1744382449875523,2.8493258737983054e-15,4.2222001516203e-15,7.428811250853212e-16,0.0,0.0,1300.0,0.0,0.0,1300.0
1769450075.380496,6.749960660934448,-4.995262145996094,-2.1744382449875523,3.1794292497898907e-15,2.4260565319699238e-15,7.428811250853212e-16,0.0,0.0,1300.0,0.0,0.0,1300.0
1769450075.4305284,6.749960660934448,-4.995262145996094,-2.1744382449875523,3.1794292497898907e-15,2.4260565319699238e-15,7.428811250853212e-16,0.0,0.0,1300.0,0.0,0.0,1300.0
1769450075.4805415,6.749960660934448,-4.995262145996094,-2.1744382449875523,3.5095734461669313e-15,6.296908022769997e-16,7.428811250853212e-16,0.0,0.0,1300.0,0.0,0.0,1300.0
1769450075.5305061,6.749960660934448,-4.995262145996094,-2.1744382449875523,3.5095734461669313e-15,6.296908022769997e-16,7.428811250853212e-16,0.0,0.0,1300.0,0.0,0.0,1300.0
1769450075.580577,6.749960660934448,-4.995262145996094,-2.1744382449875523,3.8396838076835796e-15,-1.1664908266976795e-15,7.428811250853212e-16,0.0,0.0,1300.0,0.0,0.0,1300.0
1769450075.6305463,6.749960660934448,-4.995262145996094,-2.1744382449875523,3.8396838076835796e-15,-1.1664908266976795e-15,7.428811250853212e-16,0.0,0.0,1300.0,0.0,0.0,1300.0
1769450075.6806068,6.749960660934448,-4.995262145996094,-2.1744382449875523,4.1698337888540354e-15,-2.9628880323479556e-15,7.428811250853212e-16,0.0,0.0,1300.0,0.0,0.0,1300.0
1769450075.7305603,6.749960660934448,-4.995262145996094,-2.1744382449875523,4.1698337888540354e-15,-2.9628880323479556e-15,7.428811250853212e-16,0.0,0.0,1300.0,0.0,0.0,1300.0
1769450075.780478,6.749960660934448,-4.995262145996094,-2.1744382449875523,3.4368750630781842e-15,-4.025922485427527e-15,7.428811250853212e-16,0.0,0.0,1300.0,0.0,0.0,1300.0
1769450075.830596,6.749960660934448,-4.995262145996094,-2.1744382449875523,3.4368750630781842e-15,-4.025922485427527e-15,7.428811250853212e-16,0.0,0.0,1300.0,0.0,0.0,1300.0
1769450075.880558,6.749960660934448,-4.995262145996094,-2.1744382449875523,1.6404887032481172e-15,-4.356070473304225e-15,7.428811250853212e-16,0.0,0.0,1300.0,0.0,0.0,1300.0
1769450075.9305778,6.749960660934448,-4.995262145996094,-2.1744382449875523,1.6404887032481172e-15,-4.356070473304225e-15,7.428811250853212e-16,0.0,0.0,1300.0,0.0,0.0,1300.0
1769450075.9805686,6.749960660934448,-4.995262145996094,-2.1744382449875523,-1.5570004231904097e-16,-4.686182142740338e-15,7.428811250853212e-16,0.0,0.0,1300.0,0.0,0.0,1300.0
1769450076.0305715,6.749960660934448,-4.995262145996094,-2.1744382449875523,-1.5570004231904097e-16,-4.686182142740338e-15,7.428811250853212e-16,0.0,0.0,1300.0,0.0,0.0,1300.0
1769450076.0805867,6.749960660934448,-4.995262145996094,-2.1744382449875523,-1.9523943749140766e-15,-5.016386731240904e-15,7.428811250853212e-16,0.0,0.0,1300.0,0.0,0.0,1300.0
1769450076.1305954,6.749960660934448,-4.995262145996094,-2.1744382449875523,-1.9523943749140766e-15,-5.016386731240904e-15,7.428811250853212e-16,-1000.0,-0.05235987755982988,1300.0,0.0,-1000.0,1300.0
1769450076.1805575,6.749960660934448,-4.995262145996094,-2.1744382449875523,-3.015805702360691e-15,-4.2831681518403234e-15,7.428811250853212e-16,-1000.0,-0.05235987755982988,1300.0,0.0,-1000.0,1300.0
1769450076.23047,6.749960660934448,-4.995262145996094,-2.1744382449875523,-3.015805702360691e-15,-4.2831681518403234e-15,7.428811250853212e-16,-2000.0,-0.10471975511965977,1300.0,0.0,-2000.0,1300.0
1769450076.2805543,6.749960660934448,-4.995262145996094,-2.1744382449875523,-3.3459128469235614e-15,-2.4870040268096284e-15,7.428811250853212e-16,-3000.0,-0.15707963267948963,1300.0,0.0,-3000.0,1300.0
1769450076.3304558,6.749960660934448,-4.995262145996094,-2.1744382449875523,-3.3459128469235614e-15,-2.4870040268096284e-15,7.428811250853212e-16,-3000.0,-0.15707963267948963,1300.0,0.0,-3000.0,1300.0
1769450076.3804824,6.749960660934448,-4.995262145996094,-2.1744382449875523,-3.676012637807457e-15,-6.908799142857195e-16,7.428811250853212e-16,-4000.0,-0.20943951023931953,1300.0,0.0,-4000.0,1300.0
1769450076.430788,6.749960660934448,-4.995262145996094,-2.1744382449875523,-3.676012637807457e-15,-6.908799142857195e-16,7.428811250853212e-16,-5000.0,-0.2617993877991494,1300.0,0.0,-5000.0,1300.0
1769450076.480578,6.749960660934448,-4.995262145996094,-2.1744382449875523,-4.006135645836649e-15,1.1053705263233382e-15,7.428811250853212e-16,-5000.0,-0.2617993877991494,1300.0,0.0,-5000.0,1300.0
1769450076.5305648,6.749960660934448,-4.995262145996094,-2.1744382449875523,-4.006135645836649e-15,1.1053705263233382e-15,7.428811250853212e-16,-6000.0,-0.31415926535897926,1300.0,0.0,-6000.0,1300.0
1769450076.5805156,6.749960660934448,-4.995262145996094,-2.1744382449875523,-4.336282709021414e-15,2.9017518547613123e-15,7.428811250853212e-16,-6000.0,-0.31415926535897926,1300.0,0.0,-6000.0,1300.0
1769450076.630604,6.749960660934448,-4.995262145996094,-2.1744382449875523,-4.336282709021414e-15,2.9017518547613123e-15,7.428811250853212e-16,-7000.0,-0.36651914291880916,1300.0,0.0,-7000.0,1300.0
1769450076.680572,6.749960660934448,-4.995262145996094,-2.1744382449875523,-3.603213895574793e-15,3.964945971656556e-15,7.428811250853212e-16,-8000.0,-0.41887902047863906,1300.0,0.0,-8000.0,1300.0
1769450076.73062,6.749960660934448,-4.995262145996094,-2.1744382449875523,-3.603213895574793e-15,3.964945971656556e-15,7.428811250853212e-16,-8000.0,-0.41887902047863906,1300.0,0.0,-8000.0,1300.0
1769450076.7805595,6.749960660934448,-4.995262145996094,-2.1744382449875523,-1.8069351667687956e-15,4.295074178618176e-15,7.428811250853212e-16,-9000.0,-0.47123889803846897,1300.0,0.0,-9000.0,1300.0
1769450076.8304746,6.749960660934448,-4.995262145996094,-2.1744382449875523,-1.8069351667687956e-15,4.295074178618176e-15,7.428811250853212e-16,-9000.0,-0.47123889803846897,1300.0,0.0,-9000.0,1300.0
1769450076.8805897,6.749960660934448,-4.995262145996094,-2.1744382449875523,-1.1038181772284305e-17,4.625132226980619e-15,7.428811250853212e-16,-9000.0,-0.47123889803846897,1300.0,0.0,-9000.0,1300.0
1769450076.930454,6.749960660934448,-4.995262145996094,-2.1744382449875523,-1.1038181772284305e-17,4.625132226980619e-15,7.428811250853212e-16,-9000.0,-0.47123889803846897,1300.0,0.0,-9000.0,1300.0
1769450076.9804928,6.749960660934448,-4.995262145996094,-2.1744382449875523,1.7851764891570455e-15,4.95524866109673e-15,7.428811250853212e-16,-9000.0,-0.47123889803846897,1300.0,0.0,-9000.0,1300.0
1769450077.0304966,6.749960660934448,-4.995262145996094,-2.1744382449875523,1.7851764891570455e-15,4.95524866109673e-15,7.428811250853212e-16,-9000.0,-0.47123889803846897,1300.0,0.0,-9000.0,1300.0
1769450077.08057,6.749960660934448,-4.995262145996094,-2.1744382449875523,2.848436299649563e-15,4.222134552132913e-15,7.428811250853212e-16,-9000.0,-0.47123889803846897,1300.0,0.0,-9000.0,1300.0
1769450077.1305017,6.749960660934448,-4.995262145996094,-2.1744382449875523,2.848436299649563e-15,4.222134552132913e-15,7.428811250853212e-16,-9000.0,-0.47123889803846897,1300.0,0.0,-9000.0,1300.0
1769450077.1804388,6.749960660934448,-4.995262145996094,-2.1744382449875523,3.1786362683214493e-15,2.4254653567415844e-15,7.428811250853212e-16,-9000.0,-0.47123889803846897,1300.0,0.0,-9000.0,1300.0
1769450077.2305794,6.749960660934448,-4.995262145996094,-2.1744382449875523,3.1786362683214493e-15,2.4254653567415844e-15,7.428811250853212e-16,-8000.0,-0.41887902047863906,1300.0,0.0,-8000.0,1300.0
1769450077.2804813,6.749960660934448,-4.995262145996094,-2.1744382449875523,3.5087184661475597e-15,6.294369707712011e-16,7.428811250853212e-16,-7000.0,-0.36651914291880916,1300.0,0.0,-7000.0,1300.0
1769450077.3305936,6.749960660934448,-4.995262145996094,-2.1744382449875523,3.5087184661475597e-15,6.294369707712011e-16,7.428811250853212e-16,-6000.0,-0.31415926535897926,1300.0,0.0,-6000.0,1300.0
1769450077.3804698,6.749960660934448,-4.995262145996094,-2.1744382449875523,3.838840011928203e-15,-1.166805513516925e-15,7.428811250853212e-16,-5000.0,-0.2617993877991494,1300.0,0.0,-5000.0,1300.0
1769450077.4304736,6.749960660934448,-4.995262145996094,-2.1744382449875523,3.838840011928203e-15,-1.166805513516925e-15,7.428811250853212e-16,-4000.0,-0.20943951023931953,1300.0,0.0,-4000.0,1300.0
1769450077.4804673,6.749960660934448,-4.995262145996094,-2.1744382449875523,4.168934426254776e-15,-2.9629003713593198e-15,7.428811250853212e-16,-3000.0,-0.15707963267948963,1300.0,0.0,-3000.0,1300.0
1769450077.530635,6.749960660934448,-4.995262145996094,-2.1744382449875523,4.168934426254776e-15,-2.9629003713593198e-15,7.428811250853212e-16,-2000.0,-0.10471975511965977,1300.0,0.0,-2000.0,1300.0
1769450077.5804598,6.749960660934448,-4.995262145996094,-2.1744382449875523,3.43584535343784e-15,-4.026123871094122e-15,7.428811250853212e-16,-1000.0,-0.05235987755982988,1300.0,0.0,-1000.0,1300.0
1769450077.6305692,6.749960660934448,-4.995262145996094,-2.1744382449875523,3.43584535343784e-15,-4.026123871094122e-15,7.428811250853212e-16,0.0,0.0,1300.0,0.0,0.0,1300.0
1769450077.6805682,6.749960660934448,-4.995262145996094,-2.1744382449875523,1.6391087456443835e-15,-4.3563362291213375e-15,7.428811250853212e-16,0.0,0.0,1300.0,0.0,0.0,1300.0
1769450077.7305589,6.749960660934448,-4.995262145996094,-2.1744382449875523,1.6391087456443835e-15,-4.3563362291213375e-15,7.428811250853212e-16,0.0,0.0,1300.0,0.0,0.0,1300.0
1769450077.780558,6.749960660934448,-4.995262145996094,-2.1744382449875523,-1.572975096866436e-16,-4.6864878734829405e-15,7.428811250853212e-16,0.0,0.0,1300.0,0.0,0.0,1300.0
1769450077.8306043,6.749960660934448,-4.995262145996094,-2.1744382449875523,-1.572975096866436e-16,-4.6864878734829405e-15,7.428811250853212e-16,0.0,0.0,1300.0,0.0,0.0,1300.0
1769450077.8805916,6.749960660934448,-4.995262145996094,-2.1744382449875523,-1.9532292565959513e-15,-5.016552310546513e-15,7.428811250853212e-16,0.0,0.0,1300.0,0.0,0.0,1300.0
1769450077.9305716,6.749960660934448,-4.995262145996094,-2.1744382449875523,-1.9532292565959513e-15,-5.016552310546513e-15,7.428811250853212e-16,0.0,0.0,0.0,0.0,0.0,0.0
1769450077.9804733,6.749960660934448,-4.995262145996094,-2.1744382449875523,-3.016373365236206e-15,-4.283517977625662e-15,7.428811250853212e-16,0.0,0.0,0.0,0.0,0.0,0.0
1769450078.0305762,6.749960660934448,-4.995262145996094,-2.1744382449875523,-3.016373365236206e-15,-4.283517977625662e-15,7.428811250853212e-16,0.0,0.0,0.0,0.0,0.0,0.0
1769450078.0804653,6.749960660934448,-4.995262145996094,-2.1744382449875523,-3.3465843072155676e-15,-2.486789074768002e-15,7.428811250853212e-16,0.0,0.0,0.0,0.0,0.0,0.0
1769450078.130471,6.749960660934448,-4.995262145996094,-2.1744382449875523,-3.3465843072155676e-15,-2.486789074768002e-15,7.428811250853212e-16,0.0,0.0,0.0,0.0,0.0,0.0
1769450078.1804924,6.749960660934448,-4.995262145996094,-2.1744382449875523,-3.676716842406054e-15,-6.90486795398066e-16,7.428811250853212e-16,0.0,0.0,0.0,0.0,0.0,0.0
1769450078.2305865,6.749960660934448,-4.995262145996094,-2.1744382449875523,-3.676716842406054e-15,-6.90486795398066e-16,7.428811250853212e-16,0.0,0.0,0.0,0.0,0.0,0.0
1769450078.2805104,6.749960660934448,-4.995262145996094,-2.1744382449875523,-4.006807871974235e-15,1.1055896454494389e-15,7.428811250853212e-16,0.0,0.0,0.0,0.0,0.0,0.0
1769450078.330564,6.749960660934448,-4.995262145996094,-2.1744382449875523,-4.006807871974235e-15,1.1055896454494389e-15,7.428811250853212e-16,0.0,0.0,0.0,0.0,0.0,0.0
1769450078.3805563,6.749960660934448,-4.995262145996094,-2.1744382449875523,-4.3369301924001085e-15,2.901836344702296e-15,7.428811250853212e-16,0.0,0.0,0.0,0.0,0.0,0.0
1769450078.430518,6.749960660934448,-4.995262145996094,-2.1744382449875523,-4.3369301924001085e-15,2.901836344702296e-15,7.428811250853212e-16,0.0,0.0,0.0,0.0,0.0,0.0
1769450078.4805055,6.749960660934448,-4.995262145996094,-2.1744382449875523,-3.6036990135272684e-15,3.965265945583185e-15,7.428811250853212e-16,0.0,0.0,0.0,0.0,0.0,0.0
1769450078.5305152,6.749960660934448,-4.995262145996094,-2.1744382449875523,-3.6036990135272684e-15,3.965265945583185e-15,7.428811250853212e-16,0.0,0.0,0.0,0.0,0.0,0.0
1769450078.5804856,6.749960660934448,-4.995262145996094,-2.1744382449875523,-1.8074324426069236e-15,4.2953919181137415e-15,7.428811250853212e-16,0.0,0.0,0.0,0.0,0.0,0.0
1769450078.6305141,6.749960660934448,-4.995262145996094,-2.1744382449875523,-1.8074324426069236e-15,4.2953919181137415e-15,7.428811250853212e-16,0.0,0.0,0.0,0.0,0.0,0.0
1769450078.680509,6.749960660934448,-4.995262145996094,-2.1744382449875523,-1.109819485795263e-17,4.625530328597122e-15,7.428811250853212e-16,0.0,0.0,0.0,0.0,0.0,0.0
1769450078.7305546,6.749960660934448,-4.995262145996094,-2.1744382449875523,-1.109819485795263e-17,4.625530328597122e-15,7.428811250853212e-16,0.0,0.0,0.0,0.0,0.0,0.0
1769450078.7804956,6.749960660934448,-4.995262145996094,-2.1744382449875523,1.7853475920622395e-15,4.955689238252491e-15,7.428811250853212e-16,0.0,0.0,0.0,0.0,0.0,0.0
1769450078.830567,6.749960660934448,-4.995262145996094,-2.1744382449875523,1.7853475920622395e-15,4.955689238252491e-15,7.428811250853212e-16,0.0,0.0,0.0,0.0,0.0,0.0
1769450078.880529,6.749960660934448,-4.995262145996094,-2.1744382449875523,2.8482811260260868e-15,4.222800095871847e-15,7.428811250853212e-16,0.0,0.0,0.0,0.0,0.0,0.0
1769450078.930513,6.749960660934448,-4.995262145996094,-2.1744382449875523,2.8482811260260868e-15,4.222800095871847e-15,7.428811250853212e-16,0.0,0.0,0.0,0.0,0.0,0.0
1769450078.9805195,6.749960660934448,-4.995262145996094,-2.1744382449875523,3.1784050327373407e-15,2.4265447653944353e-15,7.428811250853212e-16,0.0,0.0,0.0,0.0,0.0,0.0
1769450079.0305142,6.749960660934448,-4.995262145996094,-2.1744382449875523,3.1784050327373407e-15,2.4265447653944353e-15,7.428811250853212e-16,0.0,0.0,0.0,0.0,0.0,0.0
1769450079.0805485,6.749960660934448,-4.995262145996094,-2.1744382449875523,3.508546027377065e-15,6.3019645685037e-16,7.428811250853212e-16,0.0,0.0,0.0,0.0,0.0,0.0
1769450079.1305485,6.749960660934448,-4.995262145996094,-2.1744382449875523,3.508546027377065e-15,6.3019645685037e-16,7.428811250853212e-16,0.0,0.0,0.0,0.0,0.0,0.0
1769450079.1804833,6.749960660934448,-4.995262145996094,-2.1744382449875523,3.8387447481725316e-15,-1.1664659486519962e-15,7.428811250853212e-16,0.0,0.0,0.0,0.0,0.0,0.0
1769450079.2304614,6.749960660934448,-4.995262145996094,-2.1744382449875523,3.8387447481725316e-15,-1.1664659486519962e-15,7.428811250853212e-16,0.0,0.0,0.0,0.0,0.0,0.0
1769450079.2804723,6.749960660934448,-4.995262145996094,-2.1744382449875523,4.168871431682982e-15,-2.9627363881241112e-15,7.428811250853212e-16,0.0,0.0,0.0,0.0,0.0,0.0
1769450079.3304965,6.749960660934448,-4.995262145996094,-2.1744382449875523,4.168871431682982e-15,-2.9627363881241112e-15,7.428811250853212e-16,0.0,0.0,0.0,0.0,0.0,0.0
1769450079.3805702,6.749960660934448,-4.995262145996094,-2.1744382449875523,3.435656835601372e-15,-4.026141938430546e-15,7.428811250853212e-16,0.0,0.0,0.0,0.0,0.0,0.0
1769450079.4305122,6.749960660934448,-4.995262145996094,-2.1744382449875523,3.435656835601372e-15,-4.026141938430546e-15,7.428811250853212e-16,0.0,0.0,0.0,0.0,0.0,0.0
1769450079.4804835,6.749960660934448,-4.995262145996094,-2.1744382449875523,1.6396378570723e-15,-4.35622240731466e-15,7.428811250853212e-16,0.0,0.0,0.0,0.0,0.0,0.0
1769450079.5305233,6.749960660934448,-4.995262145996094,-2.1744382449875523,1.6396378570723e-15,-4.35622240731466e-15,7.428811250853212e-16,0.0,0.0,0.0,0.0,0.0,0.0
1769450079.5804372,6.749960660934448,-4.995262145996094,-2.1744382449875523,-1.5667949905090932e-16,-4.6863577133788675e-15,7.428811250853212e-16,0.0,0.0,0.0,0.0,0.0,0.0
1769450079.6305552,6.749960660934448,-4.995262145996094,-2.1744382449875523,-1.5667949905090932e-16,-4.6863577133788675e-15,7.428811250853212e-16,0.0,0.0,0.0,0.0,0.0,0.0
1769450079.6804338,6.749960660934448,-4.995262145996094,-2.1744382449875523,-1.9527791809293814e-15,-5.016453014288549e-15,7.428811250853212e-16,0.0,0.0,0.0,0.0,0.0,0.0
1769450079.7304552,6.749960660934448,-4.995262145996094,-2.1744382449875523,-1.9527791809293814e-15,-5.016453014288549e-15,7.428811250853212e-16,0.0,0.0,0.0,0.0,0.0,0.0
1769450079.7804852,6.749960660934448,-4.995262145996094,-2.1744382449875523,-3.0160319991519736e-15,-4.283343726471629e-15,7.428811250853212e-16,0.0,0.0,0.0,0.0,0.0,0.0
1769450079.8305724,6.749960660934448,-4.995262145996094,-2.1744382449875523,-3.0160319991519736e-15,-4.283343726471629e-15,7.428811250853212e-16,0.0,0.0,0.0,0.0,0.0,0.0
1769450079.8804111,6.749960660934448,-4.995262145996094,-2.1744382449875523,-3.3461433209420034e-15,-2.4871568725006817e-15,7.428811250853212e-16,0.0,0.0,0.0,0.0,0.0,0.0
1769450079.9305463,6.749960660934448,-4.995262145996094,-2.1744382449875523,-3.3461433209420034e-15,-2.4871568725006817e-15,7.428811250853212e-16,0.0,0.0,0.0,0.0,0.0,0.0
1769450079.9805763,6.749960660934448,-4.995262145996094,-2.1744382449875523,-3.676300674133965e-15,-6.907195545390694e-16,7.428811250853212e-16,0.0,0.0,0.0,0.0,0.0,0.0
1769450080.0305479,6.749960660934448,-4.995262145996094,-2.1744382449875523,-3.676300674133965e-15,-6.907195545390694e-16,7.428811250853212e-16,0.0,0.0,0.0,0.0,0.0,0.0
1769450080.0804484,6.749960660934448,-4.995262145996094,-2.1744382449875523,-4.006400406205426e-15,1.1054042379772685e-15,7.428811250853212e-16,0.0,0.0,0.0,0.0,0.0,0.0
1769450080.1305315,6.749960660934448,-4.995262145996094,-2.1744382449875523,-4.006400406205426e-15,1.1054042379772685e-15,7.428811250853212e-16,0.0,0.0,0.0,0.0,0.0,0.0
1769450080.1805131,6.749960660934448,-4.995262145996094,-2.1744382449875523,-4.33656687235726e-15,2.90189114096564e-15,7.428811250853212e-16,0.0,0.0,0.0,0.0,0.0,0.0
1769450080.230594,6.749960660934448,-4.995262145996094,-2.1744382449875523,-4.33656687235726e-15,2.90189114096564e-15,7.428811250853212e-16,0.0,0.0,0.0,0.0,0.0,0.0
1769450080.2805614,6.749960660934448,-4.995262145996094,-2.1744382449875523,-3.603477069551398e-15,3.965115699427696e-15,7.428811250853212e-16,0.0,0.0,0.0,0.0,0.0,0.0
1769450080.3305552,6.749960660934448,-4.995262145996094,-2.1744382449875523,-3.603477069551398e-15,3.965115699427696e-15,7.428811250853212e-16,0.0,0.0,0.0,0.0,0.0,0.0
1769450080.3805637,6.749960660934448,-4.995262145996094,-2.1744382449875523,-1.807210680623022e-15,4.2952416385109474e-15,7.428811250853212e-16,0.0,0.0,0.0,0.0,0.0,0.0
1769450080.430547,6.749960660934448,-4.995262145996094,-2.1744382449875523,-1.807210680623022e-15,4.2952416385109474e-15,7.428811250853212e-16,0.0,0.0,0.0,0.0,0.0,0.0
1769450080.4805315,6.749960660934448,-4.995262145996094,-2.1744382449875523,-1.0817531883209475e-17,4.6253908740841e-15,7.428811250853212e-16,0.0,0.0,0.0,0.0,0.0,0.0
1769450080.5305758,6.749960660934448,-4.995262145996094,-2.1744382449875523,-1.0817531883209475e-17,4.6253908740841e-15,7.428811250853212e-16,0.0,0.0,0.0,0.0,0.0,0.0
1769450080.5805318,6.749960660934448,-4.995262145996094,-2.1744382449875523,1.785632313701111e-15,4.955550529659069e-15,7.428811250853212e-16,0.0,0.0,0.0,0.0,0.0,0.0
1769450080.6305976,6.749960660934448,-4.995262145996094,-2.1744382449875523,1.785632313701111e-15,4.955550529659069e-15,7.428811250853212e-16,0.0,0.0,0.0,0.0,0.0,0.0
1769450080.680558,6.749960660934448,-4.995262145996094,-2.1744382449875523,2.8487362319295282e-15,4.222543907893736e-15,7.428811250853212e-16,0.0,0.0,0.0,0.0,0.0,0.0
1769450080.7305436,6.749960660934448,-4.995262145996094,-2.1744382449875523,2.8487362319295282e-15,4.222543907893736e-15,7.428811250853212e-16,0.0,0.0,0.0,0.0,0.0,0.0
1769450080.7805445,6.749960660934448,-4.995262145996094,-2.1744382449875523,3.178843216065937e-15,2.4263806557682796e-15,7.428811250853212e-16,0.0,0.0,0.0,0.0,0.0,0.0
1769450080.8305619,6.749960660934448,-4.995262145996094,-2.1744382449875523,3.178843216065937e-15,2.4263806557682796e-15,7.428811250853212e-16,0.0,0.0,0.0,0.0,0.0,0.0
1769450080.8805182,6.749960660934448,-4.995262145996094,-2.1744382449875523,3.5089647856557328e-15,6.301380419308644e-16,7.428811250853212e-16,0.0,0.0,0.0,0.0,0.0,0.0
1769450080.9305253,6.749960660934448,-4.995262145996094,-2.1744382449875523,3.5089647856557328e-15,6.301380419308644e-16,7.428811250853212e-16,0.0,0.0,0.0,0.0,0.0,0.0
1769450080.9805493,6.749960660934448,-4.995262145996094,-2.1744382449875523,3.839142532716358e-15,-1.1664102422302604e-15,7.428811250853212e-16,0.0,0.0,0.0,0.0,0.0,0.0
1769450081.0304937,6.749960660934448,-4.995262145996094,-2.1744382449875523,3.839142532716358e-15,-1.1664102422302604e-15,7.428811250853212e-16,0.0,0.0,0.0,0.0,0.0,0.0
1769450081.0805352,6.749960660934448,-4.995262145996094,-2.1744382449875523,4.169310722449357e-15,-2.9629065234908228e-15,7.428811250853212e-16,0.0,0.0,0.0,0.0,0.0,0.0
1769450081.1305814,6.749960660934448,-4.995262145996094,-2.1744382449875523,4.169310722449357e-15,-2.9629065234908228e-15,7.428811250853212e-16,0.0,0.0,0.0,0.0,0.0,0.0
1769450081.1804633,6.749960660934448,-4.995262145996094,-2.1744382449875523,3.4362425842175604e-15,-4.0260996610995164e-15,7.428811250853212e-16,0.0,0.0,0.0,0.0,0.0,0.0
1769450081.2305481,6.749960660934448,-4.995262145996094,-2.1744382449875523,3.4362425842175604e-15,-4.0260996610995164e-15,7.428811250853212e-16,0.0,0.0,0.0,0.0,0.0,0.0
1769450081.2805817,6.749960660934448,-4.995262145996094,-2.1744382449875523,1.640064432100917e-15,-4.356209383623513e-15,7.428811250853212e-16,0.0,0.0,0.0,0.0,0.0,0.0
1769450081.3305929,6.749960660934448,-4.995262145996094,-2.1744382449875523,1.640064432100917e-15,-4.356209383623513e-15,7.428811250853212e-16,0.0,0.0,0.0,0.0,0.0,0.0
1769450081.3805387,6.749960660934448,-4.995262145996094,-2.1744382449875523,-1.5626140136627873e-16,-4.6863462476922355e-15,7.428811250853212e-16,0.0,0.0,0.0,0.0,0.0,0.0
1769450081.430554,6.749960660934448,-4.995262145996094,-2.1744382449875523,-1.5626140136627873e-16,-4.6863462476922355e-15,7.428811250853212e-16,0.0,0.0,0.0,0.0,0.0,0.0
1769450081.4805205,6.749960660934448,-4.995262145996094,-2.1744382449875523,-1.952541533800919e-15,-5.0164747126190584e-15,7.428811250853212e-16,0.0,0.0,0.0,0.0,0.0,0.0
1769450081.5305495,6.749960660934448,-4.995262145996094,-2.1744382449875523,-1.952541533800919e-15,-5.0164747126190584e-15,7.428811250853212e-16,0.0,0.0,0.0,0.0,0.0,0.0
1769450081.5806446,6.749960660934448,-4.995262145996094,-2.1744382449875523,-3.0155715489173215e-15,-4.283519046804077e-15,7.428811250853212e-16,0.0,0.0,0.0,0.0,0.0,0.0
1769450081.6306279,6.749960660934448,-4.995262145996094,-2.1744382449875523,-3.0155715489173215e-15,-4.283519046804077e-15,7.428811250853212e-16,0.0,0.0,0.0,0.0,0.0,0.0
1769450081.680516,6.749960660934448,-4.995262145996094,-2.1744382449875523,-3.345897834177284e-15,-2.4861625432837496e-15,7.428811250853212e-16,0.0,0.0,0.0,0.0,0.0,0.0
1769450081.7306335,6.749960660934448,-4.995262145996094,-2.1744382449875523,-3.345897834177284e-15,-2.4861625432837496e-15,7.428811250853212e-16,0.0,0.0,0.0,0.0,0.0,0.0
1769450081.7806032,6.749960660934448,-4.995262145996094,-2.1744382449875523,-3.675942772191987e-15,-6.903368937207976e-16,7.428811250853212e-16,0.0,0.0,0.0,0.0,0.0,0.0
1769450081.8305607,6.749960660934448,-4.995262145996094,-2.1744382449875523,-3.675942772191987e-15,-6.903368937207976e-16,7.428811250853212e-16,0.0,0.0,0.0,0.0,0.0,0.0
1769450081.8806028,6.749960660934448,-4.995262145996094,-2.1744382449875523,-4.006036693505971e-15,1.105755281563709e-15,7.428811250853212e-16,0.0,0.0,0.0,0.0,0.0,0.0
1769450081.9305782,6.749960660934448,-4.995262145996094,-2.1744382449875523,-4.006036693505971e-15,1.105755281563709e-15,7.428811250853212e-16,0.0,0.0,0.0,0.0,0.0,0.0
1769450081.9805336,6.749960660934448,-4.995262145996094,-2.1744382449875523,-4.336148078351735e-15,2.9019424786306715e-15,7.428811250853212e-16,0.0,0.0,0.0,0.0,0.0,0.0
1769450082.0305145,6.749960660934448,-4.995262145996094,-2.1744382449875523,-4.336148078351735e-15,2.9019424786306715e-15,7.428811250853212e-16,0.0,0.0,0.0,0.0,0.0,0.0
1769450082.080483,6.749960660934448,-4.995262145996094,-2.1744382449875523,-3.602988687609602e-15,3.965267962794507e-15,7.428811250853212e-16,0.0,0.0,0.0,0.0,0.0,0.0
1769450082.130582,6.749960660934448,-4.995262145996094,-2.1744382449875523,-3.602988687609602e-15,3.965267962794507e-15,7.428811250853212e-16,0.0,0.0,0.0,0.0,0.0,0.0
1769450082.1804893,6.749960660934448,-4.995262145996094,-2.1744382449875523,-1.8066233215899325e-15,4.2954120923340364e-15,7.428811250853212e-16,0.0,0.0,0.0,0.0,0.0,0.0
1769450082.2304904,6.749960660934448,-4.995262145996094,-2.1744382449875523,-1.8066233215899325e-15,4.2954120923340364e-15,7.428811250853212e-16,0.0,0.0,0.0,0.0,0.0,0.0
1769450082.2804747,6.749960660934448,-4.995262145996094,-2.1744382449875523,-1.0337787528162029e-17,4.625541549996258e-15,7.428811250853212e-16,0.0,0.0,0.0,0.0,0.0,0.0
1769450082.3305695,6.749960660934448,-4.995262145996094,-2.1744382449875523,-1.0337787528162029e-17,4.625541549996258e-15,7.428811250853212e-16,0.0,0.0,0.0,0.0,0.0,0.0
1769450082.380596,6.749960660934448,-4.995262145996094,-2.1744382449875523,1.7857581895389826e-15,4.955636170019003e-15,7.428811250853212e-16,0.0,0.0,0.0,0.0,0.0,0.0
1769450082.43058,6.749960660934448,-4.995262145996094,-2.1744382449875523,1.7857581895389826e-15,4.955636170019003e-15,7.428811250853212e-16,0.0,0.0,0.0,0.0,0.0,0.0
1769450082.4805565,6.749960660934448,-4.995262145996094,-2.1744382449875523,2.8491134738440297e-15,4.222456232178451e-15,7.428811250853212e-16,0.0,0.0,0.0,0.0,0.0,0.0
1769450082.530597,6.749960660934448,-4.995262145996094,-2.1744382449875523,2.8491134738440297e-15,4.222456232178451e-15,7.428811250853212e-16,0.0,0.0,0.0,0.0,0.0,0.0
1769450082.5804763,6.749960660934448,-4.995262145996094,-2.1744382449875523,3.1792483997506766e-15,2.426140944551435e-15,7.428811250853212e-16,0.0,0.0,0.0,0.0,0.0,0.0
1769450082.630644,6.749960660934448,-4.995262145996094,-2.1744382449875523,3.1792483997506766e-15,2.426140944551435e-15,7.428811250853212e-16,0.0,0.0,0.0,0.0,0.0,0.0
1769450082.6804938,6.749960660934448,-4.995262145996094,-2.1744382449875523,3.5093775966856777e-15,6.298568291468719e-16,7.428811250853212e-16,0.0,0.0,0.0,0.0,0.0,0.0
1769450082.730555,6.749960660934448,-4.995262145996094,-2.1744382449875523,3.5093775966856777e-15,6.298568291468719e-16,7.428811250853212e-16,0.0,0.0,0.0,0.0,0.0,0.0
1769450082.7804885,6.749960660934448,-4.995262145996094,-2.1744382449875523,3.839445153506368e-15,-1.1660918928443366e-15,7.428811250853212e-16,0.0,0.0,0.0,0.0,0.0,0.0
1769450082.830463,6.749960660934448,-4.995262145996094,-2.1744382449875523,3.839445153506368e-15,-1.1660918928443366e-15,7.428811250853212e-16,0.0,0.0,0.0,0.0,0.0,0.0
1769450082.8805125,6.749960660934448,-4.995262145996094,-2.1744382449875523,4.169604792167437e-15,-2.962541646397505e-15,7.428811250853212e-16,0.0,0.0,0.0,0.0,0.0,0.0
1769450082.9305162,6.749960660934448,-4.995262145996094,-2.1744382449875523,4.169604792167437e-15,-2.962541646397505e-15,7.428811250853212e-16,0.0,0.0,0.0,0.0,0.0,0.0
1769450082.9805217,6.749960660934448,-4.995262145996094,-2.1744382449875523,3.4355887848146237e-15,-4.027109510163642e-15,7.428811250853212e-16,0.0,0.0,0.0,0.0,0.0,0.0
1769450083.0305345,6.749960660934448,-4.995262145996094,-2.1744382449875523,3.4355887848146237e-15,-4.027109510163642e-15,7.428811250853212e-16,0.0,0.0,0.0,0.0,0.0,0.0
1769450083.0805225,6.749960660934448,-4.995262145996094,-2.1744382449875523,1.641289958602063e-15,-4.356873841696217e-15,7.428811250853212e-16,0.0,0.0,0.0,0.0,0.0,0.0
1769450083.1305788,6.749960660934448,-4.995262145996094,-2.1744382449875523,1.641289958602063e-15,-4.356873841696217e-15,7.428811250853212e-16,0.0,0.0,0.0,0.0,0.0,0.0
1769450083.1805315,6.749960660934448,-4.995262145996094,-2.1744382449875523,-1.5457643956508372e-16,-4.6869262686731964e-15,7.428811250853212e-16,0.0,0.0,0.0,0.0,0.0,0.0
1769450083.2304976,6.749960660934448,-4.995262145996094,-2.1744382449875523,-1.5457643956508372e-16,-4.6869262686731964e-15,7.428811250853212e-16,0.0,0.0,0.0,0.0,0.0,0.0
1769450083.2804406,6.749960660934448,-4.995262145996094,-2.1744382449875523,-1.9510768988975873e-15,-5.017095226271102e-15,7.428811250853212e-16,0.0,0.0,0.0,0.0,0.0,0.0
1769450083.330529,6.749960660934448,-4.995262145996094,-2.1744382449875523,-1.9510768988975873e-15,-5.017095226271102e-15,7.428811250853212e-16,0.0,0.0,0.0,0.0,0.0,0.0
1769450083.380485,6.749960660934448,-4.995262145996094,-2.1744382449875523,-3.0142858011659982e-15,-4.2840162183587745e-15,7.428811250853212e-16,0.0,0.0,0.0,0.0,0.0,0.0
1769450083.4305148,6.749960660934448,-4.995262145996094,-2.1744382449875523,-3.0142858011659982e-15,-4.2840162183587745e-15,7.428811250853212e-16,0.0,0.0,0.0,0.0,0.0,0.0
1769450083.4804852,6.749960660934448,-4.995262145996094,-2.1744382449875523,-3.3444011985773768e-15,-2.4878071883005335e-15,7.428811250853212e-16,0.0,0.0,0.0,0.0,0.0,0.0
1769450083.5305815,6.749960660934448,-4.995262145996094,-2.1744382449875523,-3.3444011985773768e-15,-2.4878071883005335e-15,7.428811250853212e-16,0.0,0.0,0.0,0.0,0.0,0.0
1769450083.5805821,6.749960660934448,-4.995262145996094,-2.1744382449875523,-3.6745703208301105e-15,-6.913058330555965e-16,7.428811250853212e-16,0.0,0.0,0.0,0.0,0.0,0.0
1769450083.6305597,6.749960660934448,-4.995262145996094,-2.1744382449875523,-3.6745703208301105e-15,-6.913058330555965e-16,7.428811250853212e-16,0.0,0.0,0.0,0.0,0.0,0.0
1769450083.6805544,6.749960660934448,-4.995262145996094,-2.1744382449875523,-4.004711085743084e-15,1.1050412255096243e-15,7.428811250853212e-16,0.0,0.0,0.0,0.0,0.0,0.0
1769450083.7305827,6.749960660934448,-4.995262145996094,-2.1744382449875523,-4.004711085743084e-15,1.1050412255096243e-15,7.428811250853212e-16,0.0,0.0,0.0,0.0,0.0,0.0
1769450083.780566,6.749960660934448,-4.995262145996094,-2.1744382449875523,-4.334742896555278e-15,2.9007954479296122e-15,7.428811250853212e-16,0.0,0.0,0.0,0.0,0.0,0.0
1769450083.8306634,6.749960660934448,-4.995262145996094,-2.1744382449875523,-4.334742896555278e-15,2.9007954479296122e-15,7.428811250853212e-16,0.0,0.0,0.0,0.0,0.0,0.0
1769450083.8805513,6.749960660934448,-4.995262145996094,-2.1744382449875523,-3.6015101873695224e-15,3.964227268274295e-15,7.428811250853212e-16,0.0,0.0,0.0,0.0,0.0,0.0
1769450083.9305797,6.749960660934448,-4.995262145996094,-2.1744382449875523,-3.6015101873695224e-15,3.964227268274295e-15,7.428811250853212e-16,0.0,0.0,0.0,0.0,0.0,0.0
1769450083.9805002,6.749960660934448,-4.995262145996094,-2.1744382449875523,-1.8050422418104435e-15,4.294390250344266e-15,7.428811250853212e-16,0.0,0.0,0.0,0.0,0.0,0.0
1769450084.030489,6.749960660934448,-4.995262145996094,-2.1744382449875523,-1.8050422418104435e-15,4.294390250344266e-15,7.428811250853212e-16,0.0,0.0,0.0,0.0,0.0,0.0
1769450084.0805125,6.749960660934448,-4.995262145996094,-2.1744382449875523,-8.72329875765971e-18,4.624525848061549e-15,7.428811250853212e-16,0.0,0.0,0.0,0.0,0.0,0.0
1769450084.1304994,6.749960660934448,-4.995262145996094,-2.1744382449875523,-8.72329875765971e-18,4.624525848061549e-15,7.428811250853212e-16,0.0,0.0,0.0,0.0,0.0,0.0
1769450084.1805098,6.749960660934448,-4.995262145996094,-2.1744382449875523,1.787047072078002e-15,4.9545606267024136e-15,7.428811250853212e-16,0.0,0.0,0.0,0.0,0.0,0.0
1769450084.230511,6.749960660934448,-4.995262145996094,-2.1744382449875523,1.787047072078002e-15,4.9545606267024136e-15,7.428811250853212e-16,0.0,0.0,0.0,0.0,0.0,0.0
1769450084.2805247,6.749960660934448,-4.995262145996094,-2.1744382449875523,2.8504351999918344e-15,4.221358043302655e-15,7.428811250853212e-16,0.0,0.0,0.0,0.0,0.0,0.0
1769450084.3305326,6.749960660934448,-4.995262145996094,-2.1744382449875523,2.8504351999918344e-15,4.221358043302655e-15,7.428811250853212e-16,0.0,0.0,0.0,0.0,0.0,0.0
1769450084.3803997,6.749960660934448,-4.995262145996094,-2.1744382449875523,3.1805989956553926e-15,2.4248856708547985e-15,7.428811250853212e-16,0.0,0.0,0.0,0.0,0.0,0.0
1769450084.4304478,6.749960660934448,-4.995262145996094,-2.1744382449875523,3.1805989956553926e-15,2.4248856708547985e-15,7.428811250853212e-16,0.0,0.0,0.0,0.0,0.0,0.0
1769450084.4805777,6.749960660934448,-4.995262145996094,-2.1744382449875523,3.510725657013664e-15,6.286153519161199e-16,7.428811250853212e-16,0.0,0.0,0.0,0.0,0.0,0.0
1769450084.5305858,6.749960660934448,-4.995262145996094,-2.1744382449875523,3.510725657013664e-15,6.286153519161199e-16,7.428811250853212e-16,0.0,0.0,0.0,0.0,0.0,0.0
1769450084.5805676,6.749960660934448,-4.995262145996094,-2.1744382449875523,3.840814434944735e-15,-1.1674488374249662e-15,7.428811250853212e-16,0.0,0.0,0.0,0.0,0.0,0.0
1769450084.630591,6.749960660934448,-4.995262145996094,-2.1744382449875523,3.840814434944735e-15,-1.1674488374249662e-15,7.428811250853212e-16,0.0,0.0,0.0,0.0,0.0,0.0
1769450084.6805465,6.749960660934448,-4.995262145996094,-2.1744382449875523,4.1709162674416336e-15,-2.9635840586815807e-15,7.428811250853212e-16,0.0,0.0,0.0,0.0,0.0,0.0
1769450084.7305913,6.749960660934448,-4.995262145996094,-2.1744382449875523,4.1709162674416336e-15,-2.9635840586815807e-15,7.428811250853212e-16,0.0,0.0,0.0,0.0,0.0,0.0
1769450084.7805214,6.749960660934448,-4.995262145996094,-2.1744382449875523,3.4377326434402672e-15,-4.026944689148434e-15,7.428811250853212e-16,0.0,0.0,0.0,0.0,0.0,0.0
1769450084.8305514,6.749960660934448,-4.995262145996094,-2.1744382449875523,3.4377326434402672e-15,-4.026944689148434e-15,7.428811250853212e-16,0.0,0.0,0.0,0.0,0.0,0.0
1769450084.880482,6.749960660934448,-4.995262145996094,-2.1744382449875523,1.6412534633761276e-15,-4.357109735946418e-15,7.428811250853212e-16,0.0,0.0,0.0,0.0,0.0,0.0
1769450084.9305162,6.749960660934448,-4.995262145996094,-2.1744382449875523,1.6412534633761276e-15,-4.357109735946418e-15,7.428811250853212e-16,0.0,0.0,0.0,0.0,0.0,0.0
1769450084.9805083,6.749960660934448,-4.995262145996094,-2.1744382449875523,-1.55011873576946e-16,-4.6872354816929034e-15,7.428811250853212e-16,0.0,0.0,0.0,0.0,0.0,0.0
1769450085.0304976,6.749960660934448,-4.995262145996094,-2.1744382449875523,-1.55011873576946e-16,-4.6872354816929034e-15,7.428811250853212e-16,0.0,0.0,0.0,0.0,0.0,0.0
1769450085.0804825,6.749960660934448,-4.995262145996094,-2.1744382449875523,-1.9513372937098886e-15,-5.017372269797193e-15,7.428811250853212e-16,0.0,0.0,0.0,0.0,0.0,0.0
1769450085.1304774,6.749960660934448,-4.995262145996094,-2.1744382449875523,-1.9513372937098886e-15,-5.017372269797193e-15,7.428811250853212e-16,0.0,0.0,0.0,0.0,0.0,0.0
1769450085.180367,6.749960660934448,-4.995262145996094,-2.1744382449875523,-3.014593178780175e-15,-4.28426086739897e-15,7.428811250853212e-16,0.0,0.0,0.0,0.0,0.0,0.0
1769450085.2305279,6.749960660934448,-4.995262145996094,-2.1744382449875523,-3.014593178780175e-15,-4.28426086739897e-15,7.428811250853212e-16,0.0,0.0,0.0,0.0,0.0,0.0
1769450085.2805252,6.749960660934448,-4.995262145996094,-2.1744382449875523,-3.344716059272297e-15,-2.48801112073887e-15,7.428811250853212e-16,0.0,0.0,0.0,0.0,0.0,0.0
1769450085.3305047,6.749960660934448,-4.995262145996094,-2.1744382449875523,-3.344716059272297e-15,-2.48801112073887e-15,7.428811250853212e-16,0.0,0.0,0.0,0.0,0.0,0.0
1769450085.380517,6.749960660934448,-4.995262145996094,-2.1744382449875523,-3.6748705723284756e-15,-6.91589256396145e-16,7.428811250853212e-16,0.0,0.0,0.0,0.0,0.0,0.0
1769450085.430506,6.749960660934448,-4.995262145996094,-2.1744382449875523,-3.6748705723284756e-15,-6.91589256396145e-16,7.428811250853212e-16,0.0,0.0,0.0,0.0,0.0,0.0
1769450085.4804733,6.749960660934448,-4.995262145996094,-2.1744382449875523,-4.004913207529594e-15,1.1042238632012631e-15,7.428811250853212e-16,0.0,0.0,0.0,0.0,0.0,0.0
1769450085.5305204,6.749960660934448,-4.995262145996094,-2.1744382449875523,-4.004913207529594e-15,1.1042238632012631e-15,7.428811250853212e-16,0.0,0.0,0.0,0.0,0.0,0.0
1769450085.5805147,6.749960660934448,-4.995262145996094,-2.1744382449875523,-4.335038781606214e-15,2.900488266071998e-15,7.428811250853212e-16,0.0,0.0,0.0,0.0,0.0,0.0
1769450085.6305008,6.749960660934448,-4.995262145996094,-2.1744382449875523,-4.335038781606214e-15,2.900488266071998e-15,7.428811250853212e-16,0.0,0.0,0.0,0.0,0.0,0.0
1769450085.680569,6.749960660934448,-4.995262145996094,-2.1744382449875523,-3.601867464813457e-15,3.96383104698428e-15,7.428811250853212e-16,0.0,0.0,0.0,0.0,0.0,0.0
1769450085.7304287,6.749960660934448,-4.995262145996094,-2.1744382449875523,-3.601867464813457e-15,3.96383104698428e-15,7.428811250853212e-16,0.0,0.0,0.0,0.0,0.0,0.0
1769450085.7804914,6.749960660934448,-4.995262145996094,-2.1744382449875523,-1.8056917862852497e-15,4.293940314901036e-15,7.428811250853212e-16,0.0,0.0,0.0,0.0,0.0,0.0
1769450085.8305547,6.749960660934448,-4.995262145996094,-2.1744382449875523,-1.8056917862852497e-15,4.293940314901036e-15,7.428811250853212e-16,0.0,0.0,0.0,0.0,0.0,0.0
1769450085.8805022,6.749960660934448,-4.995262145996094,-2.1744382449875523,-9.495786011095473e-18,4.624053317639925e-15,7.428811250853212e-16,0.0,0.0,0.0,0.0,0.0,0.0
1769450085.9305365,6.749960660934448,-4.995262145996094,-2.1744382449875523,-9.495786011095473e-18,4.624053317639925e-15,7.428811250853212e-16,0.0,0.0,0.0,0.0,0.0,0.0
1769450085.9804807,6.749960660934448,-4.995262145996094,-2.1744382449875523,1.787029891784308e-15,4.95422691000069e-15,7.428811250853212e-16,0.0,0.0,0.0,0.0,0.0,0.0
1769450086.030528,6.749960660934448,-4.995262145996094,-2.1744382449875523,1.787029891784308e-15,4.95422691000069e-15,7.428811250853212e-16,0.0,0.0,0.0,0.0,0.0,0.0
1769450086.080583,6.749960660934448,-4.995262145996094,-2.1744382449875523,2.850280695744881e-15,4.221119011010744e-15,7.428811250853212e-16,0.0,0.0,0.0,0.0,0.0,0.0
1769450086.1305108,6.749960660934448,-4.995262145996094,-2.1744382449875523,2.850280695744881e-15,4.221119011010744e-15,7.428811250853212e-16,0.0,0.0,0.0,0.0,0.0,0.0
1769450086.1805117,6.749960660934448,-4.995262145996094,-2.1744382449875523,3.1804187656539925e-15,2.424786616379141e-15,7.428811250853212e-16,0.0,0.0,0.0,0.0,0.0,0.0
1769450086.230538,6.749960660934448,-4.995262145996094,-2.1744382449875523,3.1804187656539925e-15,2.424786616379141e-15,7.428811250853212e-16,0.0,0.0,0.0,0.0,0.0,0.0
1769450086.2805529,6.749960660934448,-4.995262145996094,-2.1744382449875523,3.510541716666841e-15,6.285364860048408e-16,7.428811250853212e-16,0.0,0.0,0.0,0.0,0.0,0.0
1769450086.3305235,6.749960660934448,-4.995262145996094,-2.1744382449875523,3.510541716666841e-15,6.285364860048408e-16,7.428811250853212e-16,0.0,0.0,0.0,0.0,0.0,0.0
1769450086.3805604,6.749960660934448,-4.995262145996094,-2.1744382449875523,3.8406787717571515e-15,-1.1677903868404144e-15,7.428811250853212e-16,0.0,0.0,0.0,0.0,0.0,0.0
1769450086.4305487,6.749960660934448,-4.995262145996094,-2.1744382449875523,3.8406787717571515e-15,-1.1677903868404144e-15,7.428811250853212e-16,0.0,0.0,0.0,0.0,0.0,0.0
1769450086.4805598,6.749960660934448,-4.995262145996094,-2.1744382449875523,4.170862204428186e-15,-2.9643696072887874e-15,7.428811250853212e-16,0.0,0.0,0.0,0.0,0.0,0.0
1769450086.5304656,6.749960660934448,-4.995262145996094,-2.1744382449875523,4.170862204428186e-15,-2.9643696072887874e-15,7.428811250853212e-16,0.0,0.0,0.0,0.0,0.0,0.0
1769450086.5805697,6.749960660934448,-4.995262145996094,-2.1744382449875523,3.437803919751961e-15,-4.027548453957638e-15,7.428811250853212e-16,0.0,0.0,0.0,0.0,0.0,0.0
1769450086.6305141,6.749960660934448,-4.995262145996094,-2.1744382449875523,3.437803919751961e-15,-4.027548453957638e-15,7.428811250853212e-16,0.0,0.0,0.0,0.0,0.0,0.0
1769450086.6805704,6.749960660934448,-4.995262145996094,-2.1744382449875523,1.6416012009036038e-15,-4.357662691466397e-15,7.428811250853212e-16,0.0,0.0,0.0,0.0,0.0,0.0
1769450086.730592,6.749960660934448,-4.995262145996094,-2.1744382449875523,1.6416012009036038e-15,-4.357662691466397e-15,7.428811250853212e-16,0.0,0.0,0.0,0.0,0.0,0.0
1769450086.7805123,6.749960660934448,-4.995262145996094,-2.1744382449875523,-1.5431131764987538e-16,-4.687723594656005e-15,7.428811250853212e-16,0.0,0.0,0.0,0.0,0.0,0.0
1769450086.830533,6.749960660934448,-4.995262145996094,-2.1744382449875523,-1.5431131764987538e-16,-4.687723594656005e-15,7.428811250853212e-16,0.0,0.0,0.0,0.0,0.0,0.0
1769450086.8805888,6.749960660934448,-4.995262145996094,-2.1744382449875523,-1.9507251499064933e-15,-5.0178766315391694e-15,7.428811250853212e-16,0.0,0.0,0.0,0.0,0.0,0.0
1769450086.930469,6.749960660934448,-4.995262145996094,-2.1744382449875523,-1.9507251499064933e-15,-5.0178766315391694e-15,7.428811250853212e-16,0.0,0.0,0.0,0.0,0.0,0.0
1769450086.9805717,6.749960660934448,-4.995262145996094,-2.1744382449875523,-3.014021099340241e-15,-4.284737604895367e-15,7.428811250853212e-16,0.0,0.0,0.0,0.0,0.0,0.0
1769450087.0304687,6.749960660934448,-4.995262145996094,-2.1744382449875523,-3.014021099340241e-15,-4.284737604895367e-15,7.428811250853212e-16,0.0,0.0,0.0,0.0,0.0,0.0
1769450087.080564,6.749960660934448,-4.995262145996094,-2.1744382449875523,-3.3441593023888282e-15,-2.488404485831247e-15,7.428811250853212e-16,0.0,0.0,0.0,0.0,0.0,0.0
1769450087.1304996,6.749960660934448,-4.995262145996094,-2.1744382449875523,-3.3441593023888282e-15,-2.488404485831247e-15,7.428811250853212e-16,0.0,0.0,0.0,0.0,0.0,0.0
1769450087.1805305,6.749960660934448,-4.995262145996094,-2.1744382449875523,-3.6742827496357235e-15,-6.921516553706058e-16,7.428811250853212e-16,0.0,0.0,0.0,0.0,0.0,0.0
1769450087.2305655,6.749960660934448,-4.995262145996094,-2.1744382449875523,-3.6742827496357235e-15,-6.921516553706058e-16,7.428811250853212e-16,0.0,0.0,0.0,0.0,0.0,0.0
1769450087.2805212,6.749960660934448,-4.995262145996094,-2.1744382449875523,-4.0043667845834205e-15,1.1038867266630013e-15,7.428811250853212e-16,0.0,0.0,0.0,0.0,0.0,0.0
1769450087.33055,6.749960660934448,-4.995262145996094,-2.1744382449875523,-4.0043667845834205e-15,1.1038867266630013e-15,7.428811250853212e-16,0.0,0.0,0.0,0.0,0.0,0.0
1769450087.3804502,6.749960660934448,-4.995262145996094,-2.1744382449875523,-4.3345938714928966e-15,2.9007034765871374e-15,7.428811250853212e-16,0.0,0.0,0.0,0.0,0.0,0.0
1769450087.4304757,6.749960660934448,-4.995262145996094,-2.1744382449875523,-4.3345938714928966e-15,2.9007034765871374e-15,7.428811250853212e-16,0.0,0.0,0.0,0.0,0.0,0.0
1769450087.4804924,6.749960660934448,-4.995262145996094,-2.1744382449875523,-3.60160296173309e-15,3.96378460717061e-15,7.428811250853212e-16,0.0,0.0,0.0,0.0,0.0,0.0
1769450087.530493,6.749960660934448,-4.995262145996094,-2.1744382449875523,-3.60160296173309e-15,3.96378460717061e-15,7.428811250853212e-16,0.0,0.0,0.0,0.0,0.0,0.0
1769450087.5805001,6.749960660934448,-4.995262145996094,-2.1744382449875523,-1.805555073361111e-15,4.293870389236052e-15,7.428811250853212e-16,0.0,0.0,0.0,0.0,0.0,0.0
1769450087.6305165,6.749960660934448,-4.995262145996094,-2.1744382449875523,-1.805555073361111e-15,4.293870389236052e-15,7.428811250853212e-16,0.0,0.0,0.0,0.0,0.0,0.0
1769450087.680545,6.749960660934448,-4.995262145996094,-2.1744382449875523,-9.311793726880873e-18,4.62399208118899e-15,7.428811250853212e-16,0.0,0.0,0.0,0.0,0.0,0.0
1769450087.7305562,6.749960660934448,-4.995262145996094,-2.1744382449875523,-9.311793726880873e-18,4.62399208118899e-15,7.428811250853212e-16,0.0,0.0,0.0,0.0,0.0,0.0
1769450087.7804468,6.749960660934448,-4.995262145996094,-2.1744382449875523,1.7870918673757533e-15,4.954143248771598e-15,7.428811250853212e-16,0.0,0.0,0.0,0.0,0.0,0.0
1769450087.8305373,6.749960660934448,-4.995262145996094,-2.1744382449875523,1.7870918673757533e-15,4.954143248771598e-15,7.428811250853212e-16,0.0,0.0,0.0,0.0,0.0,0.0
1769450087.880458,6.749960660934448,-4.995262145996094,-2.1744382449875523,2.8502989502156533e-15,4.2210654953491875e-15,7.428811250853212e-16,0.0,0.0,0.0,0.0,0.0,0.0
1769450087.9305522,6.749960660934448,-4.995262145996094,-2.1744382449875523,2.8502989502156533e-15,4.2210654953491875e-15,7.428811250853212e-16,0.0,0.0,0.0,0.0,0.0,0.0
1769450087.9804602,6.749960660934448,-4.995262145996094,-2.1744382449875523,3.180510897196807e-15,2.4243311241210448e-15,7.428811250853212e-16,0.0,0.0,0.0,0.0,0.0,0.0
1769450088.0305562,6.749960660934448,-4.995262145996094,-2.1744382449875523,3.180510897196807e-15,2.4243311241210448e-15,7.428811250853212e-16,0.0,0.0,0.0,0.0,0.0,0.0
1769450088.0805306,6.749960660934448,-4.995262145996094,-2.1744382449875523,3.510663539533094e-15,6.279194386551245e-16,7.428811250853212e-16,0.0,0.0,0.0,0.0,0.0,0.0
1769450088.130557,6.749960660934448,-4.995262145996094,-2.1744382449875523,3.510663539533094e-15,6.279194386551245e-16,7.428811250853212e-16,0.0,0.0,0.0,0.0,0.0,0.0
1769450088.1804981,6.749960660934448,-4.995262145996094,-2.1744382449875523,3.8407730557783696e-15,-1.1682575910670383e-15,7.428811250853212e-16,0.0,0.0,0.0,0.0,0.0,0.0
1769450088.2305489,6.749960660934448,-4.995262145996094,-2.1744382449875523,3.8407730557783696e-15,-1.1682575910670383e-15,7.428811250853212e-16,0.0,0.0,0.0,0.0,0.0,0.0
1769450088.280544,6.749960660934448,-4.995262145996094,-2.1744382449875523,4.17085885024915e-15,-2.9643055469383845e-15,7.428811250853212e-16,0.0,0.0,0.0,0.0,0.0,0.0
1769450088.3305616,6.749960660934448,-4.995262145996094,-2.1744382449875523,4.17085885024915e-15,-2.9643055469383845e-15,7.428811250853212e-16,0.0,0.0,0.0,0.0,0.0,0.0
1769450088.3805447,6.749960660934448,-4.995262145996094,-2.1744382449875523,3.4378142827368726e-15,-4.027464499147476e-15,7.428811250853212e-16,0.0,0.0,0.0,0.0,0.0,0.0
1769450088.4305975,6.749960660934448,-4.995262145996094,-2.1744382449875523,3.4378142827368726e-15,-4.027464499147476e-15,7.428811250853212e-16,0.0,0.0,0.0,0.0,0.0,0.0
1769450088.4805424,6.749960660934448,-4.995262145996094,-2.1744382449875523,1.641564161564545e-15,-4.357587448469145e-15,7.428811250853212e-16,0.0,0.0,0.0,0.0,0.0,0.0
1769450088.5305247,6.749960660934448,-4.995262145996094,-2.1744382449875523,1.641564161564545e-15,-4.357587448469145e-15,7.428811250853212e-16,0.0,0.0,0.0,0.0,0.0,0.0
1769450088.5805151,6.749960660934448,-4.995262145996094,-2.1744382449875523,-1.5493497783874735e-16,-4.687756163484506e-15,7.428811250853212e-16,0.0,0.0,0.0,0.0,0.0,0.0
1769450088.6306202,6.749960660934448,-4.995262145996094,-2.1744382449875523,-1.5493497783874735e-16,-4.687756163484506e-15,7.428811250853212e-16,0.0,0.0,0.0,0.0,0.0,0.0
1769450088.6805558,6.749960660934448,-4.995262145996094,-2.1744382449875523,-1.9516981409606757e-15,-5.017973401969767e-15,7.428811250853212e-16,0.0,0.0,0.0,0.0,0.0,0.0
1769450088.730548,6.749960660934448,-4.995262145996094,-2.1744382449875523,-1.9516981409606757e-15,-5.017973401969767e-15,7.428811250853212e-16,0.0,0.0,0.0,0.0,0.0,0.0
1769450088.780536,6.749960660934448,-4.995262145996094,-2.1744382449875523,-3.0146591890853206e-15,-4.285065288666608e-15,7.428811250853212e-16,0.0,0.0,0.0,0.0,0.0,0.0
1769450088.8305576,6.749960660934448,-4.995262145996094,-2.1744382449875523,-3.0146591890853206e-15,-4.285065288666608e-15,7.428811250853212e-16,0.0,0.0,0.0,0.0,0.0,0.0
1769450088.8805003,6.749960660934448,-4.995262145996094,-2.1744382449875523,-3.344812054379163e-15,-2.4886523900540814e-15,7.428811250853212e-16,0.0,0.0,0.0,0.0,0.0,0.0
1769450088.9305239,6.749960660934448,-4.995262145996094,-2.1744382449875523,-3.344812054379163e-15,-2.4886523900540814e-15,7.428811250853212e-16,0.0,0.0,0.0,0.0,0.0,0.0
1769450088.980533,6.749960660934448,-4.995262145996094,-2.1744382449875523,-3.6749418482468e-15,-6.923650266465483e-16,7.428811250853212e-16,0.0,0.0,0.0,0.0,0.0,0.0
1769450089.0305266,6.749960660934448,-4.995262145996094,-2.1744382449875523,-3.6749418482468e-15,-6.923650266465483e-16,7.428811250853212e-16,0.0,0.0,0.0,0.0,0.0,0.0
1769450089.0806139,6.749960660934448,-4.995262145996094,-2.1744382449875523,-4.0051165694243734e-15,1.104166793216018e-15,7.428811250853212e-16,0.0,0.0,0.0,0.0,0.0,0.0
1769450089.130561,6.749960660934448,-4.995262145996094,-2.1744382449875523,-4.0051165694243734e-15,1.104166793216018e-15,7.428811250853212e-16,0.0,0.0,0.0,0.0,0.0,0.0
1769450089.180541,6.749960660934448,-4.995262145996094,-2.1744382449875523,-4.335226543447443e-15,2.9003463137780917e-15,7.428811250853212e-16,0.0,0.0,0.0,0.0,0.0,0.0
1769450089.2305503,6.749960660934448,-4.995262145996094,-2.1744382449875523,-4.335226543447443e-15,2.9003463137780917e-15,7.428811250853212e-16,0.0,0.0,0.0,0.0,0.0,0.0
1769450089.2806082,6.749960660934448,-4.995262145996094,-2.1744382449875523,-3.60211390397263e-15,3.963603993021761e-15,7.428811250853212e-16,0.0,0.0,0.0,0.0,0.0,0.0
1769450089.3305368,6.749960660934448,-4.995262145996094,-2.1744382449875523,-3.60211390397263e-15,3.963603993021761e-15,7.428811250853212e-16,0.0,0.0,0.0,0.0,0.0,0.0
1769450089.380525,6.749960660934448,-4.995262145996094,-2.1744382449875523,-1.8059516069271515e-15,4.293710801629263e-15,7.428811250853212e-16,0.0,0.0,0.0,0.0,0.0,0.0
1769450089.4305737,6.749960660934448,-4.995262145996094,-2.1744382449875523,-1.8059516069271515e-15,4.293710801629263e-15,7.428811250853212e-16,0.0,0.0,0.0,0.0,0.0,0.0
1769450089.4805367,6.749960660934448,-4.995262145996094,-2.1744382449875523,-9.591863969894665e-18,4.623853897737019e-15,7.428811250853212e-16,0.0,0.0,0.0,0.0,0.0,0.0
1769450089.530573,6.749960660934448,-4.995262145996094,-2.1744382449875523,-9.591863969894665e-18,4.623853897737019e-15,7.428811250853212e-16,0.0,0.0,0.0,0.0,0.0,0.0
1769450089.5805693,6.749960660934448,-4.995262145996094,-2.1744382449875523,1.7867988466908093e-15,4.954002685228995e-15,7.428811250853212e-16,0.0,0.0,0.0,0.0,0.0,0.0
1769450089.6305583,6.749960660934448,-4.995262145996094,-2.1744382449875523,1.7867988466908093e-15,4.954002685228995e-15,7.428811250853212e-16,0.0,0.0,0.0,0.0,0.0,0.0
1769450089.6805396,6.749960660934448,-4.995262145996094,-2.1744382449875523,2.855365454464841e-15,4.217229557159879e-15,7.428811250853212e-16,0.0,0.0,0.0,0.0,0.0,0.0
1769450089.7305684,6.749960660934448,-4.995262145996094,-2.1744382449875523,2.855365454464841e-15,4.217229557159879e-15,7.428811250853212e-16,0.0,0.0,0.0,0.0,0.0,0.0
1769450089.7804909,6.749960660934448,-4.995262145996094,-2.1744382449875523,3.1840148965208956e-15,2.4289970173457875e-15,7.428811250853212e-16,0.0,0.0,0.0,0.0,0.0,0.0
1769450089.8305166,6.749960660934448,-4.995262145996094,-2.1744382449875523,3.1840148965208956e-15,2.4289970173457875e-15,7.428811250853212e-16,0.0,0.0,0.0,0.0,0.0,0.0
1769450089.880505,6.749960660934448,-4.995262145996094,-2.1744382449875523,3.513848738982164e-15,6.343199713991987e-16,7.428811250853212e-16,0.0,0.0,0.0,0.0,0.0,0.0
1769450089.9306197,6.749960660934448,-4.995262145996094,-2.1744382449875523,3.513848738982164e-15,6.343199713991987e-16,7.428811250853212e-16,0.0,0.0,0.0,0.0,0.0,0.0
1769450089.9805927,6.749960660934448,-4.995262145996094,-2.1744382449875523,3.844061514388061e-15,-1.1624189074163364e-15,7.428811250853212e-16,0.0,0.0,0.0,0.0,0.0,0.0
1769450090.0304828,6.749960660934448,-4.995262145996094,-2.1744382449875523,3.844061514388061e-15,-1.1624189074163364e-15,7.428811250853212e-16,0.0,0.0,0.0,0.0,0.0,0.0
1769450090.0804584,6.749960660934448,-4.995262145996094,-2.1744382449875523,4.174260295429678e-15,-2.959081640727341e-15,7.428811250853212e-16,0.0,0.0,0.0,0.0,0.0,0.0
1769450090.1304288,6.749960660934448,-4.995262145996094,-2.1744382449875523,4.174260295429678e-15,-2.959081640727341e-15,7.428811250853212e-16,0.0,0.0,0.0,0.0,0.0,0.0
1769450090.1805003,6.749960660934448,-4.995262145996094,-2.1744382449875523,3.441225386607884e-15,-4.022226584615917e-15,7.428811250853212e-16,0.0,0.0,0.0,0.0,0.0,0.0
1769450090.2305648,6.749960660934448,-4.995262145996094,-2.1744382449875523,3.441225386607884e-15,-4.022226584615917e-15,7.428811250853212e-16,0.0,0.0,0.0,0.0,0.0,0.0
1769450090.2805018,6.749960660934448,-4.995262145996094,-2.1744382449875523,1.6452130504684323e-15,-4.352305832731705e-15,7.428811250853212e-16,0.0,0.0,0.0,0.0,0.0,0.0
1769450090.3305254,6.749960660934448,-4.995262145996094,-2.1744382449875523,1.6452130504684323e-15,-4.352305832731705e-15,7.428811250853212e-16,0.0,0.0,0.0,0.0,0.0,0.0
1769450090.3806055,6.749960660934448,-4.995262145996094,-2.1744382449875523,-1.5090051512663313e-16,-4.682403685253446e-15,7.428811250853212e-16,0.0,0.0,0.0,0.0,0.0,0.0
1769450090.4306037,6.749960660934448,-4.995262145996094,-2.1744382449875523,-1.5090051512663313e-16,-4.682403685253446e-15,7.428811250853212e-16,0.0,0.0,0.0,0.0,0.0,0.0
1769450090.4805667,6.749960660934448,-4.995262145996094,-2.1744382449875523,-1.9470900892766077e-15,-5.012515506970247e-15,7.428811250853212e-16,0.0,0.0,0.0,0.0,0.0,0.0
1769450090.5306249,6.749960660934448,-4.995262145996094,-2.1744382449875523,-1.9470900892766077e-15,-5.012515506970247e-15,7.428811250853212e-16,0.0,0.0,0.0,0.0,0.0,0.0
1769450090.5804672,6.749960660934448,-4.995262145996094,-2.1744382449875523,-3.010221442978999e-15,-4.279489968536703e-15,7.428811250853212e-16,0.0,0.0,0.0,0.0,0.0,0.0
1769450090.6305223,6.749960660934448,-4.995262145996094,-2.1744382449875523,-3.010221442978999e-15,-4.279489968536703e-15,7.428811250853212e-16,0.0,0.0,0.0,0.0,0.0,0.0
1769450090.6805027,6.749960660934448,-4.995262145996094,-2.1744382449875523,-3.3403415046869373e-15,-2.4832555593181308e-15,7.428811250853212e-16,0.0,0.0,0.0,0.0,0.0,0.0
1769450090.7304978,6.749960660934448,-4.995262145996094,-2.1744382449875523,-3.3403415046869373e-15,-2.4832555593181308e-15,7.428811250853212e-16,0.0,0.0,0.0,0.0,0.0,0.0
1769450090.7805114,6.749960660934448,-4.995262145996094,-2.1744382449875523,-3.670470180481339e-15,-6.869742795203223e-16,7.428811250853212e-16,0.0,0.0,0.0,0.0,0.0,0.0
1769450090.8305414,6.749960660934448,-4.995262145996094,-2.1744382449875523,-3.670470180481339e-15,-6.869742795203223e-16,7.428811250853212e-16,0.0,0.0,0.0,0.0,0.0,0.0
1769450090.880439,6.749960660934448,-4.995262145996094,-2.1744382449875523,-4.000591403743648e-15,1.1092664498955677e-15,7.428811250853212e-16,0.0,0.0,0.0,0.0,0.0,0.0
1769450090.9305286,6.749960660934448,-4.995262145996094,-2.1744382449875523,-4.000591403743648e-15,1.1092664498955677e-15,7.428811250853212e-16,0.0,0.0,0.0,0.0,0.0,0.0
1769450090.9805129,6.749960660934448,-4.995262145996094,-2.1744382449875523,-4.330737001750445e-15,2.9056398060731854e-15,7.428811250853212e-16,0.0,0.0,0.0,0.0,0.0,0.0
1769450091.0304503,6.749960660934448,-4.995262145996094,-2.1744382449875523,-4.330737001750445e-15,2.9056398060731854e-15,7.428811250853212e-16,0.0,0.0,0.0,0.0,0.0,0.0
1769450091.0804641,6.749960660934448,-4.995262145996094,-2.1744382449875523,-3.597600592454134e-15,3.968931959480687e-15,7.428811250853212e-16,0.0,0.0,0.0,0.0,0.0,0.0
1769450091.130529,6.749960660934448,-4.995262145996094,-2.1744382449875523,-3.597600592454134e-15,3.968931959480687e-15,7.428811250853212e-16,0.0,0.0,0.0,0.0,0.0,0.0
1769450091.180516,6.749960660934448,-4.995262145996094,-2.1744382449875523,-1.801411542051402e-15,4.299043684940858e-15,7.428811250853212e-16,0.0,0.0,0.0,0.0,0.0,0.0
1769450091.2305546,6.749960660934448,-4.995262145996094,-2.1744382449875523,-1.801411542051402e-15,4.299043684940858e-15,7.428811250853212e-16,0.0,0.0,0.0,0.0,0.0,0.0
1769450091.2804694,6.749960660934448,-4.995262145996094,-2.1744382449875523,-5.054719636273879e-18,4.6291862442982085e-15,7.428811250853212e-16,0.0,0.0,0.0,0.0,0.0,0.0
1769450091.3305519,6.749960660934448,-4.995262145996094,-2.1744382449875523,-5.054719636273879e-18,4.6291862442982085e-15,7.428811250853212e-16,0.0,0.0,0.0,0.0,0.0,0.0
1769450091.3804796,6.749960660934448,-4.995262145996094,-2.1744382449875523,1.7912938708400908e-15,4.959327290752722e-15,7.428811250853212e-16,0.0,0.0,0.0,0.0,0.0,0.0
1769450091.430534,6.749960660934448,-4.995262145996094,-2.1744382449875523,1.7912938708400908e-15,4.959327290752722e-15,7.428811250853212e-16,0.0,0.0,0.0,0.0,0.0,0.0
1769450091.4804683,6.749960660934448,-4.995262145996094,-2.1744382449875523,2.854475353294761e-15,4.226267188710926e-15,7.428811250853212e-16,0.0,0.0,0.0,0.0,0.0,0.0
1769450091.530454,6.749960660934448,-4.995262145996094,-2.1744382449875523,2.854475353294761e-15,4.226267188710926e-15,7.428811250853212e-16,0.0,0.0,0.0,0.0,0.0,0.0
1769450091.5805082,6.749960660934448,-4.995262145996094,-2.1744382449875523,3.184621867858532e-15,2.4298888454047905e-15,7.428811250853212e-16,0.0,0.0,0.0,0.0,0.0,0.0
1769450091.6304948,6.749960660934448,-4.995262145996094,-2.1744382449875523,3.184621867858532e-15,2.4298888454047905e-15,7.428811250853212e-16,0.0,0.0,0.0,0.0,0.0,0.0
1769450091.6804473,6.749960660934448,-4.995262145996094,-2.1744382449875523,3.5147465894285085e-15,6.336290811548018e-16,7.428811250853212e-16,0.0,0.0,0.0,0.0,0.0,0.0
1769450091.7304842,6.749960660934448,-4.995262145996094,-2.1744382449875523,3.5147465894285085e-15,6.336290811548018e-16,7.428811250853212e-16,0.0,0.0,0.0,0.0,0.0,0.0
1769450091.7804585,6.749960660934448,-4.995262145996094,-2.1744382449875523,3.844880787416431e-15,-1.1626822457536424e-15,7.428811250853212e-16,0.0,0.0,0.0,0.0,0.0,0.0
1769450091.8304594,6.749960660934448,-4.995262145996094,-2.1744382449875523,3.844880787416431e-15,-1.1626822457536424e-15,7.428811250853212e-16,0.0,0.0,0.0,0.0,0.0,0.0
1769450091.8805268,6.749960660934448,-4.995262145996094,-2.1744382449875523,4.17501641118836e-15,-2.959001330573798e-15,7.428811250853212e-16,0.0,0.0,0.0,0.0,0.0,0.0
1769450091.930528,6.749960660934448,-4.995262145996094,-2.1744382449875523,4.17501641118836e-15,-2.959001330573798e-15,7.428811250853212e-16,0.0,0.0,0.0,0.0,0.0,0.0
1769450091.9805713,6.749960660934448,-4.995262145996094,-2.1744382449875523,3.4419385647268356e-15,-4.022208548351424e-15,7.428811250853212e-16,0.0,0.0,0.0,0.0,0.0,0.0
1769450092.0304983,6.749960660934448,-4.995262145996094,-2.1744382449875523,3.4419385647268356e-15,-4.022208548351424e-15,7.428811250853212e-16,0.0,0.0,0.0,0.0,0.0,0.0
1769450092.0804358,6.749960660934448,-4.995262145996094,-2.1744382449875523,1.645733054784308e-15,-4.35232329882006e-15,7.428811250853212e-16,0.0,0.0,0.0,0.0,0.0,0.0
1769450092.130503,6.749960660934448,-4.995262145996094,-2.1744382449875523,1.645733054784308e-15,-4.35232329882006e-15,7.428811250853212e-16,0.0,0.0,0.0,0.0,0.0,0.0
1769450092.1805398,6.749960660934448,-4.995262145996094,-2.1744382449875523,-1.5072290471690236e-16,-4.6824840780382516e-15,7.428811250853212e-16,0.0,0.0,0.0,0.0,0.0,0.0
1769450092.2305164,6.749960660934448,-4.995262145996094,-2.1744382449875523,-1.5072290471690236e-16,-4.6824840780382516e-15,7.428811250853212e-16,0.0,0.0,0.0,0.0,0.0,0.0
1769450092.2804732,6.749960660934448,-4.995262145996094,-2.1744382449875523,-1.9470062561637374e-15,-5.012613134569655e-15,7.428811250853212e-16,0.0,0.0,0.0,0.0,0.0,0.0
1769450092.3305047,6.749960660934448,-4.995262145996094,-2.1744382449875523,-1.9470062561637374e-15,-5.012613134569655e-15,7.428811250853212e-16,0.0,0.0,0.0,0.0,0.0,0.0
1769450092.3805103,6.749960660934448,-4.995262145996094,-2.1744382449875523,-3.010180359699696e-15,-4.2795581202678104e-15,7.428811250853212e-16,0.0,0.0,0.0,0.0,0.0,0.0
1769450092.430522,6.749960660934448,-4.995262145996094,-2.1744382449875523,-3.010180359699696e-15,-4.2795581202678104e-15,7.428811250853212e-16,0.0,0.0,0.0,0.0,0.0,0.0
1769450092.4805002,6.749960660934448,-4.995262145996094,-2.1744382449875523,-3.3402991930266376e-15,-2.4833303948605814e-15,7.428811250853212e-16,0.0,0.0,0.0,0.0,0.0,0.0
1769450092.530524,6.749960660934448,-4.995262145996094,-2.1744382449875523,-3.3402991930266376e-15,-2.4833303948605814e-15,7.428811250853212e-16,0.0,0.0,0.0,0.0,0.0,0.0
1769450092.5804996,6.749960660934448,-4.995262145996094,-2.1744382449875523,-3.670556499897109e-15,-6.863492134459609e-16,7.428811250853212e-16,0.0,0.0,0.0,0.0,0.0,0.0
1769450092.6305714,6.749960660934448,-4.995262145996094,-2.1744382449875523,-3.670556499897109e-15,-6.863492134459609e-16,7.428811250853212e-16,0.0,0.0,0.0,0.0,0.0,0.0
1769450092.6804743,6.749960660934448,-4.995262145996094,-2.1744382449875523,-4.0006445824299056e-15,1.1097111921253623e-15,7.428811250853212e-16,0.0,0.0,0.0,0.0,0.0,0.0
1769450092.7305787,6.749960660934448,-4.995262145996094,-2.1744382449875523,-4.0006445824299056e-15,1.1097111921253623e-15,7.428811250853212e-16,0.0,0.0,0.0,0.0,0.0,0.0
1769450092.7804422,6.749960660934448,-4.995262145996094,-2.1744382449875523,-4.33072710377213e-15,2.905741338397054e-15,7.428811250853212e-16,0.0,0.0,0.0,0.0,0.0,0.0
1769450092.8305085,6.749960660934448,-4.995262145996094,-2.1744382449875523,-4.33072710377213e-15,2.905741338397054e-15,7.428811250853212e-16,0.0,0.0,0.0,0.0,0.0,0.0
1769450092.8805013,6.749960660934448,-4.995262145996094,-2.1744382449875523,-3.597632902225298e-15,3.968972276499649e-15,7.428811250853212e-16,0.0,0.0,0.0,0.0,0.0,0.0
1769450092.9305139,6.749960660934448,-4.995262145996094,-2.1744382449875523,-3.597632902225298e-15,3.968972276499649e-15,7.428811250853212e-16,0.0,0.0,0.0,0.0,0.0,0.0
1769450092.980454,6.749960660934448,-4.995262145996094,-2.1744382449875523,-1.801297544551717e-15,4.2991108909699806e-15,7.428811250853212e-16,0.0,0.0,0.0,0.0,0.0,0.0
1769450093.030471,6.749960660934448,-4.995262145996094,-2.1744382449875523,-1.801297544551717e-15,4.2991108909699806e-15,7.428811250853212e-16,0.0,0.0,0.0,0.0,0.0,0.0
1769450093.0804927,6.749960660934448,-4.995262145996094,-2.1744382449875523,-5.041886676685826e-18,4.629234857851845e-15,7.428811250853212e-16,0.0,0.0,0.0,0.0,0.0,0.0
1769450093.1305547,6.749960660934448,-4.995262145996094,-2.1744382449875523,-5.041886676685826e-18,4.629234857851845e-15,7.428811250853212e-16,0.0,0.0,0.0,0.0,0.0,0.0
1769450093.180514,6.749960660934448,-4.995262145996094,-2.1744382449875523,1.7911998625246263e-15,4.959356268534919e-15,7.428811250853212e-16,0.0,0.0,0.0,0.0,0.0,0.0
1769450093.23046,6.749960660934448,-4.995262145996094,-2.1744382449875523,1.7911998625246263e-15,4.959356268534919e-15,7.428811250853212e-16,0.0,0.0,0.0,0.0,0.0,0.0
1769450093.280508,6.749960660934448,-4.995262145996094,-2.1744382449875523,2.8545013518386998e-15,4.226213422162026e-15,7.428811250853212e-16,0.0,0.0,0.0,0.0,0.0,0.0
1769450093.3305657,6.749960660934448,-4.995262145996094,-2.1744382449875523,2.8545013518386998e-15,4.226213422162026e-15,7.428811250853212e-16,0.0,0.0,0.0,0.0,0.0,0.0
1769450093.380475,6.749960660934448,-4.995262145996094,-2.1744382449875523,3.1846274061255317e-15,2.4299464063931168e-15,7.428811250853212e-16,0.0,0.0,0.0,0.0,0.0,0.0
1769450093.4305246,6.749960660934448,-4.995262145996094,-2.1744382449875523,3.1846274061255317e-15,2.4299464063931168e-15,7.428811250853212e-16,0.0,0.0,0.0,0.0,0.0,0.0
1769450093.4804993,6.749960660934448,-4.995262145996094,-2.1744382449875523,3.5147436263450123e-15,6.337328993084964e-16,7.428811250853212e-16,0.0,0.0,0.0,0.0,0.0,0.0
1769450093.5305839,6.749960660934448,-4.995262145996094,-2.1744382449875523,3.5147436263450123e-15,6.337328993084964e-16,7.428811250853212e-16,0.0,0.0,0.0,0.0,0.0,0.0
1769450093.580486,6.749960660934448,-4.995262145996094,-2.1744382449875523,3.844883300991137e-15,-1.1626082269458541e-15,7.428811250853212e-16,0.0,0.0,0.0,0.0,0.0,0.0
1769450093.630545,6.749960660934448,-4.995262145996094,-2.1744382449875523,3.844883300991137e-15,-1.1626082269458541e-15,7.428811250853212e-16,0.0,0.0,0.0,0.0,0.0,0.0
1769450093.6805162,6.749960660934448,-4.995262145996094,-2.1744382449875523,4.175016856677825e-15,-2.9589160589937514e-15,7.428811250853212e-16,0.0,0.0,0.0,0.0,0.0,0.0
1769450093.730563,6.749960660934448,-4.995262145996094,-2.1744382449875523,4.175016856677825e-15,-2.9589160589937514e-15,7.428811250853212e-16,0.0,0.0,0.0,0.0,0.0,0.0
1769450093.7804787,6.749960660934448,-4.995262145996094,-2.1744382449875523,3.4418795444366487e-15,-4.022209521972268e-15,7.428811250853212e-16,0.0,0.0,0.0,0.0,0.0,0.0
1769450093.8305373,6.749960660934448,-4.995262145996094,-2.1744382449875523,3.4418795444366487e-15,-4.022209521972268e-15,7.428811250853212e-16,0.0,0.0,0.0,0.0,0.0,0.0
1769450093.8805628,6.749960660934448,-4.995262145996094,-2.1744382449875523,1.6455802392562731e-15,-4.352341510552782e-15,7.428811250853212e-16,0.0,0.0,0.0,0.0,0.0,0.0
1769450093.9305816,6.749960660934448,-4.995262145996094,-2.1744382449875523,1.6455802392562731e-15,-4.352341510552782e-15,7.428811250853212e-16,0.0,0.0,0.0,0.0,0.0,0.0
1769450093.9805615,6.749960660934448,-4.995262145996094,-2.1744382449875523,-1.5112323668784856e-16,-4.682547779459285e-15,7.428811250853212e-16,0.0,0.0,0.0,0.0,0.0,0.0
1769450094.0305877,6.749960660934448,-4.995262145996094,-2.1744382449875523,-1.5112323668784856e-16,-4.682547779459285e-15,7.428811250853212e-16,0.0,0.0,0.0,0.0,0.0,0.0
1769450094.0805485,6.749960660934448,-4.995262145996094,-2.1744382449875523,-1.9470225911376464e-15,-5.012606263290541e-15,7.428811250853212e-16,0.0,0.0,0.0,0.0,0.0,0.0
1769450094.1305132,6.749960660934448,-4.995262145996094,-2.1744382449875523,-1.9470225911376464e-15,-5.012606263290541e-15,7.428811250853212e-16,0.0,0.0,0.0,0.0,0.0,0.0
1769450094.1804948,6.749960660934448,-4.995262145996094,-2.1744382449875523,-3.0102107281394088e-15,-4.27954157296062e-15,7.428811250853212e-16,0.0,0.0,0.0,0.0,0.0,0.0
1769450094.230545,6.749960660934448,-4.995262145996094,-2.1744382449875523,-3.0102107281394088e-15,-4.27954157296062e-15,7.428811250853212e-16,0.0,0.0,0.0,0.0,0.0,0.0
1769450094.2805157,6.749960660934448,-4.995262145996094,-2.1744382449875523,-3.3403548139605963e-15,-2.4831764448192228e-15,7.428811250853212e-16,0.0,0.0,0.0,0.0,0.0,0.0
1769450094.330622,6.749960660934448,-4.995262145996094,-2.1744382449875523,-3.3403548139605963e-15,-2.4831764448192228e-15,7.428811250853212e-16,0.0,0.0,0.0,0.0,0.0,0.0
1769450094.3805628,6.749960660934448,-4.995262145996094,-2.1744382449875523,-3.670478168458691e-15,-6.8692411901917825e-16,7.428811250853212e-16,0.0,0.0,0.0,0.0,0.0,0.0
1769450094.4304707,6.749960660934448,-4.995262145996094,-2.1744382449875523,-3.670478168458691e-15,-6.8692411901917825e-16,7.428811250853212e-16,0.0,0.0,0.0,0.0,0.0,0.0
1769450094.480593,6.749960660934448,-4.995262145996094,-2.1744382449875523,-4.0005951593667084e-15,1.1092935815011894e-15,7.428811250853212e-16,0.0,0.0,0.0,0.0,0.0,0.0
1769450094.53049,6.749960660934448,-4.995262145996094,-2.1744382449875523,-4.0005951593667084e-15,1.1092935815011894e-15,7.428811250853212e-16,0.0,0.0,0.0,0.0,0.0,0.0
1769450094.5804317,6.749960660934448,-4.995262145996094,-2.1744382449875523,-4.330732820515839e-15,2.9056237520063953e-15,7.428811250853212e-16,0.0,0.0,0.0,0.0,0.0,0.0
1769450094.630581,6.749960660934448,-4.995262145996094,-2.1744382449875523,-4.330732820515839e-15,2.9056237520063953e-15,7.428811250853212e-16,0.0,0.0,0.0,0.0,0.0,0.0
1769450094.6805756,6.749960660934448,-4.995262145996094,-2.1744382449875523,-3.597677567075806e-15,3.9687982023724326e-15,7.428811250853212e-16,0.0,0.0,0.0,0.0,0.0,0.0
1769450094.7304997,6.749960660934448,-4.995262145996094,-2.1744382449875523,-3.597677567075806e-15,3.9687982023724326e-15,7.428811250853212e-16,0.0,0.0,0.0,0.0,0.0,0.0
1769450094.780502,6.749960660934448,-4.995262145996094,-2.1744382449875523,-1.801265942691634e-15,4.29895083348284e-15,7.428811250853212e-16,0.0,0.0,0.0,0.0,0.0,0.0
1769450094.8305416,6.749960660934448,-4.995262145996094,-2.1744382449875523,-1.801265942691634e-15,4.29895083348284e-15,7.428811250853212e-16,0.0,0.0,0.0,0.0,0.0,0.0
1769450094.8805208,6.749960660934448,-4.995262145996094,-2.1744382449875523,-4.9295619456405645e-18,4.6290896359780334e-15,7.428811250853212e-16,0.0,0.0,0.0,0.0,0.0,0.0
1769450094.930479,6.749960660934448,-4.995262145996094,-2.1744382449875523,-4.9295619456405645e-18,4.6290896359780334e-15,7.428811250853212e-16,0.0,0.0,0.0,0.0,0.0,0.0
1769450094.9805055,6.749960660934448,-4.995262145996094,-2.1744382449875523,1.791235233428465e-15,4.95919690373964e-15,7.428811250853212e-16,0.0,0.0,0.0,0.0,0.0,0.0
1769450095.0305853,6.749960660934448,-4.995262145996094,-2.1744382449875523,1.791235233428465e-15,4.95919690373964e-15,7.428811250853212e-16,0.0,0.0,0.0,0.0,0.0,0.0
1769450095.080519,6.749960660934448,-4.995262145996094,-2.1744382449875523,2.8545174492048828e-15,4.226067346406967e-15,7.428811250853212e-16,0.0,0.0,0.0,0.0,0.0,0.0
1769450095.13061,6.749960660934448,-4.995262145996094,-2.1744382449875523,2.8545174492048828e-15,4.226067346406967e-15,7.428811250853212e-16,0.0,0.0,0.0,0.0,0.0,0.0
1769450095.1805413,6.749960660934448,-4.995262145996094,-2.1744382449875523,3.1846338497612417e-15,2.4298528580814494e-15,7.428811250853212e-16,0.0,0.0,0.0,0.0,0.0,0.0
1769450095.2305982,6.749960660934448,-4.995262145996094,-2.1744382449875523,3.1846338497612417e-15,2.4298528580814494e-15,7.428811250853212e-16,0.0,0.0,0.0,0.0,0.0,0.0
1769450095.28043,6.749960660934448,-4.995262145996094,-2.1744382449875523,3.5147480717391603e-15,6.336502237388038e-16,7.428811250853212e-16,0.0,0.0,0.0,0.0,0.0,0.0
1769450095.3304074,6.749960660934448,-4.995262145996094,-2.1744382449875523,3.5147480717391603e-15,6.336502237388038e-16,7.428811250853212e-16,0.0,0.0,0.0,0.0,0.0,0.0
1769450095.3804085,6.749960660934448,-4.995262145996094,-2.1744382449875523,3.844928214128932e-15,-1.1629110937793742e-15,7.428811250853212e-16,0.0,0.0,0.0,0.0,0.0,0.0
1769450095.4305263,6.749960660934448,-4.995262145996094,-2.1744382449875523,3.844928214128932e-15,-1.1629110937793742e-15,7.428811250853212e-16,0.0,0.0,0.0,0.0,0.0,0.0
1769450095.4805763,6.749960660934448,-4.995262145996094,-2.1744382449875523,4.1750325500592465e-15,-2.959059936605122e-15,7.428811250853212e-16,0.0,0.0,0.0,0.0,0.0,0.0
1769450095.5305822,6.749960660934448,-4.995262145996094,-2.1744382449875523,4.1750325500592465e-15,-2.959059936605122e-15,7.428811250853212e-16,0.0,0.0,0.0,0.0,0.0,0.0
1769450095.5805573,6.749960660934448,-4.995262145996094,-2.1744382449875523,3.441952942009251e-15,-4.022269709273182e-15,7.428811250853212e-16,0.0,0.0,0.0,0.0,0.0,0.0
1769450095.6305795,6.749960660934448,-4.995262145996094,-2.1744382449875523,3.441952942009251e-15,-4.022269709273182e-15,7.428811250853212e-16,0.0,0.0,0.0,0.0,0.0,0.0
1769450095.6805522,6.749960660934448,-4.995262145996094,-2.1744382449875523,1.6456127788438686e-15,-4.352409206918472e-15,7.428811250853212e-16,0.0,0.0,0.0,0.0,0.0,0.0
1769450095.7305832,6.749960660934448,-4.995262145996094,-2.1744382449875523,1.6456127788438686e-15,-4.352409206918472e-15,7.428811250853212e-16,0.0,0.0,0.0,0.0,0.0,0.0
1769450095.7805743,6.749960660934448,-4.995262145996094,-2.1744382449875523,-1.5066721688918761e-16,-4.6825376467216615e-15,7.428811250853212e-16,0.0,0.0,0.0,0.0,0.0,0.0
1769450095.8305988,6.749960660934448,-4.995262145996094,-2.1744382449875523,-1.5066721688918761e-16,-4.6825376467216615e-15,7.428811250853212e-16,0.0,0.0,0.0,0.0,0.0,0.0
1769450095.880542,6.749960660934448,-4.995262145996094,-2.1744382449875523,-1.9469879397332748e-15,-5.012673571537018e-15,7.428811250853212e-16,0.0,0.0,0.0,0.0,0.0,0.0
1769450095.9305782,6.749960660934448,-4.995262145996094,-2.1744382449875523,-1.9469879397332748e-15,-5.012673571537018e-15,7.428811250853212e-16,0.0,0.0,0.0,0.0,0.0,0.0
1769450095.9805713,6.749960660934448,-4.995262145996094,-2.1744382449875523,-3.0101895980698713e-15,-4.2795995582916235e-15,7.428811250853212e-16,0.0,0.0,0.0,0.0,0.0,0.0
1769450096.0305498,6.749960660934448,-4.995262145996094,-2.1744382449875523,-3.0101895980698713e-15,-4.2795995582916235e-15,7.428811250853212e-16,0.0,0.0,0.0,0.0,0.0,0.0
1769450096.0805826,6.749960660934448,-4.995262145996094,-2.1744382449875523,-3.340378777594096e-15,-2.4829890683245465e-15,7.428811250853212e-16,0.0,0.0,0.0,0.0,0.0,0.0
1769450096.1305041,6.749960660934448,-4.995262145996094,-2.1744382449875523,-3.340378777594096e-15,-2.4829890683245465e-15,7.428811250853212e-16,0.0,0.0,0.0,0.0,0.0,0.0
1769450096.1806064,6.749960660934448,-4.995262145996094,-2.1744382449875523,-3.670486523186447e-15,-6.868216729993175e-16,7.428811250853212e-16,0.0,0.0,0.0,0.0,0.0,0.0
1769450096.230598,6.749960660934448,-4.995262145996094,-2.1744382449875523,-3.670486523186447e-15,-6.868216729993175e-16,7.428811250853212e-16,0.0,0.0,0.0,0.0,0.0,0.0
1769450096.2805867,6.749960660934448,-4.995262145996094,-2.1744382449875523,-4.000610352339779e-15,1.1094332354734264e-15,7.428811250853212e-16,0.0,0.0,0.0,0.0,0.0,0.0
1769450096.3305757,6.749960660934448,-4.995262145996094,-2.1744382449875523,-4.000610352339779e-15,1.1094332354734264e-15,7.428811250853212e-16,0.0,0.0,0.0,0.0,0.0,0.0
1769450096.3805304,6.749960660934448,-4.995262145996094,-2.1744382449875523,-4.3307239651172835e-15,2.9056325550622204e-15,7.428811250853212e-16,0.0,0.0,0.0,0.0,0.0,0.0
1769450096.4305177,6.749960660934448,-4.995262145996094,-2.1744382449875523,-4.3307239651172835e-15,2.9056325550622204e-15,7.428811250853212e-16,0.0,0.0,0.0,0.0,0.0,0.0
1769450096.4804845,6.749960660934448,-4.995262145996094,-2.1744382449875523,-3.597452509912895e-15,3.969120570048262e-15,7.428811250853212e-16,0.0,0.0,0.0,0.0,0.0,0.0
1769450096.5305133,6.749960660934448,-4.995262145996094,-2.1744382449875523,-3.597452509912895e-15,3.969120570048262e-15,7.428811250853212e-16,0.0,0.0,0.0,0.0,0.0,0.0
1769450096.5805619,6.749960660934448,-4.995262145996094,-2.1744382449875523,-1.8013189518439703e-15,4.299222096877025e-15,7.428811250853212e-16,0.0,0.0,0.0,0.0,0.0,0.0
1769450096.6305141,6.749960660934448,-4.995262145996094,-2.1744382449875523,-1.8013189518439703e-15,4.299222096877025e-15,7.428811250853212e-16,0.0,0.0,0.0,0.0,0.0,0.0
1769450096.680552,6.749960660934448,-4.995262145996094,-2.1744382449875523,-5.395053606154322e-18,4.6292850914763485e-15,7.428811250853212e-16,0.0,0.0,0.0,0.0,0.0,0.0
1769450096.7305844,6.749960660934448,-4.995262145996094,-2.1744382449875523,-5.395053606154322e-18,4.6292850914763485e-15,7.428811250853212e-16,0.0,0.0,0.0,0.0,0.0,0.0
1769450096.78058,6.749960660934448,-4.995262145996094,-2.1744382449875523,1.7908939638531385e-15,4.9594151893330786e-15,7.428811250853212e-16,0.0,0.0,0.0,0.0,0.0,0.0
1769450096.8305836,6.749960660934448,-4.995262145996094,-2.1744382449875523,1.7908939638531385e-15,4.9594151893330786e-15,7.428811250853212e-16,0.0,0.0,0.0,0.0,0.0,0.0
1769450096.8805811,6.749960660934448,-4.995262145996094,-2.1744382449875523,2.8541568100827326e-15,4.2262989872386266e-15,7.428811250853212e-16,0.0,0.0,0.0,0.0,0.0,0.0
1769450096.9306219,6.749960660934448,-4.995262145996094,-2.1744382449875523,2.8541568100827326e-15,4.2262989872386266e-15,7.428811250853212e-16,0.0,0.0,0.0,0.0,0.0,0.0
1769450096.9807012,6.749960660934448,-4.995262145996094,-2.1744382449875523,3.184295975142638e-15,2.4299606337218572e-15,7.428811250853212e-16,0.0,0.0,0.0,0.0,0.0,0.0
1769450097.03069,6.749960660934448,-4.995262145996094,-2.1744382449875523,3.184295975142638e-15,2.4299606337218572e-15,7.428811250853212e-16,0.0,0.0,0.0,0.0,0.0,0.0
1769450097.0804687,6.749960660934448,-4.995262145996094,-2.1744382449875523,3.51444191003563e-15,6.335854444942476e-16,7.428811250853212e-16,0.0,0.0,0.0,0.0,0.0,0.0
1769450097.1304972,6.749960660934448,-4.995262145996094,-2.1744382449875523,3.51444191003563e-15,6.335854444942476e-16,7.428811250853212e-16,0.0,0.0,0.0,0.0,0.0,0.0
1769450097.1804209,6.749960660934448,-4.995262145996094,-2.1744382449875523,3.844564024839812e-15,-1.162660135939125e-15,7.428811250853212e-16,0.0,0.0,0.0,0.0,0.0,0.0
1769450097.2305553,6.749960660934448,-4.995262145996094,-2.1744382449875523,3.844564024839812e-15,-1.162660135939125e-15,7.428811250853212e-16,0.0,0.0,0.0,0.0,0.0,0.0
1769450097.2806783,6.749960660934448,-4.995262145996094,-2.1744382449875523,4.174756236066636e-15,-2.9592871218698206e-15,7.428811250853212e-16,0.0,0.0,0.0,0.0,0.0,0.0
1769450097.3305447,6.749960660934448,-4.995262145996094,-2.1744382449875523,4.174756236066636e-15,-2.9592871218698206e-15,7.428811250853212e-16,0.0,0.0,0.0,0.0,0.0,0.0
1769450097.3806462,6.749960660934448,-4.995262145996094,-2.1744382449875523,3.441714325695674e-15,-4.0224422203383586e-15,7.428811250853212e-16,0.0,0.0,0.0,0.0,0.0,0.0
1769450097.430426,6.749960660934448,-4.995262145996094,-2.1744382449875523,3.441714325695674e-15,-4.0224422203383586e-15,7.428811250853212e-16,0.0,0.0,0.0,0.0,0.0,0.0
1769450097.4804912,6.749960660934448,-4.995262145996094,-2.1744382449875523,1.6452845378623429e-15,-4.352598189609379e-15,7.428811250853212e-16,0.0,0.0,0.0,0.0,0.0,0.0
1769450097.5305343,6.749960660934448,-4.995262145996094,-2.1744382449875523,1.6452845378623429e-15,-4.352598189609379e-15,7.428811250853212e-16,0.0,0.0,0.0,0.0,0.0,0.0
1769450097.5803933,6.749960660934448,-4.995262145996094,-2.1744382449875523,-1.5082737843358553e-16,-4.682695739015485e-15,7.428811250853212e-16,0.0,0.0,0.0,0.0,0.0,0.0
1769450097.6305616,6.749960660934448,-4.995262145996094,-2.1744382449875523,-1.5082737843358553e-16,-4.682695739015485e-15,7.428811250853212e-16,0.0,0.0,0.0,0.0,0.0,0.0
1769450097.680435,6.749960660934448,-4.995262145996094,-2.1744382449875523,-1.947275433702607e-15,-5.0128550655582335e-15,7.428811250853212e-16,0.0,0.0,0.0,0.0,0.0,0.0
1769450097.7304337,6.749960660934448,-4.995262145996094,-2.1744382449875523,-1.947275433702607e-15,-5.0128550655582335e-15,7.428811250853212e-16,0.0,0.0,0.0,0.0,0.0,0.0
1769450097.7805767,6.749960660934448,-4.995262145996094,-2.1744382449875523,-3.0104173010997047e-15,-4.279822277967098e-15,7.428811250853212e-16,0.0,0.0,0.0,0.0,0.0,0.0
1769450097.8305933,6.749960660934448,-4.995262145996094,-2.1744382449875523,-3.0104173010997047e-15,-4.279822277967098e-15,7.428811250853212e-16,0.0,0.0,0.0,0.0,0.0,0.0
1769450097.8805654,6.749960660934448,-4.995262145996094,-2.1744382449875523,-3.3405304289200658e-15,-2.483625597105267e-15,7.428811250853212e-16,0.0,0.0,0.0,0.0,0.0,0.0
1769450097.9305825,6.749960660934448,-4.995262145996094,-2.1744382449875523,-3.3405304289200658e-15,-2.483625597105267e-15,7.428811250853212e-16,0.0,0.0,0.0,0.0,0.0,0.0
1769450097.9805539,6.749960660934448,-4.995262145996094,-2.1744382449875523,-3.670674809826776e-15,-6.872588633578186e-16,7.428811250853212e-16,0.0,0.0,0.0,0.0,0.0,0.0
1769450098.0305498,6.749960660934448,-4.995262145996094,-2.1744382449875523,-3.670674809826776e-15,-6.872588633578186e-16,7.428811250853212e-16,0.0,0.0,0.0,0.0,0.0,0.0
1769450098.080519,6.749960660934448,-4.995262145996094,-2.1744382449875523,-4.000803620028415e-15,1.1090231477705973e-15,7.428811250853212e-16,0.0,0.0,0.0,0.0,0.0,0.0
1769450098.1305585,6.749960660934448,-4.995262145996094,-2.1744382449875523,-4.000803620028415e-15,1.1090231477705973e-15,7.428811250853212e-16,0.0,0.0,0.0,0.0,0.0,0.0
1769450098.1805923,6.749960660934448,-4.995262145996094,-2.1744382449875523,-4.330919041132773e-15,2.9052323067460127e-15,7.428811250853212e-16,0.0,0.0,0.0,0.0,0.0,0.0
1769450098.2305658,6.749960660934448,-4.995262145996094,-2.1744382449875523,-4.330919041132773e-15,2.9052323067460127e-15,7.428811250853212e-16,0.0,0.0,0.0,0.0,0.0,0.0
1769450098.2805545,6.749960660934448,-4.995262145996094,-2.1744382449875523,-3.597836723954535e-15,3.9684460085529956e-15,7.428811250853212e-16,0.0,0.0,0.0,0.0,0.0,0.0
1769450098.3305857,6.749960660934448,-4.995262145996094,-2.1744382449875523,-3.597836723954535e-15,3.9684460085529956e-15,7.428811250853212e-16,0.0,0.0,0.0,0.0,0.0,0.0
1769450098.3804464,6.749960660934448,-4.995262145996094,-2.1744382449875523,-1.8015467357024582e-15,4.298576284826403e-15,7.428811250853212e-16,0.0,0.0,0.0,0.0,0.0,0.0
1769450098.4304879,6.749960660934448,-4.995262145996094,-2.1744382449875523,-1.8015467357024582e-15,4.298576284826403e-15,7.428811250853212e-16,0.0,0.0,0.0,0.0,0.0,0.0
1769450098.4804296,6.749960660934448,-4.995262145996094,-2.1744382449875523,-4.840463602164716e-18,4.628783067623099e-15,7.428811250853212e-16,0.0,0.0,0.0,0.0,0.0,0.0
1769450098.5305874,6.749960660934448,-4.995262145996094,-2.1744382449875523,-4.840463602164716e-18,4.628783067623099e-15,7.428811250853212e-16,0.0,0.0,0.0,0.0,0.0,0.0
1769450098.580562,6.749960660934448,-4.995262145996094,-2.1744382449875523,1.7913286842997606e-15,4.9588911353119e-15,7.428811250853212e-16,0.0,0.0,0.0,0.0,0.0,0.0
1769450098.6305852,6.749960660934448,-4.995262145996094,-2.1744382449875523,1.7913286842997606e-15,4.9588911353119e-15,7.428811250853212e-16,0.0,0.0,0.0,0.0,0.0,0.0
1769450098.680492,6.749960660934448,-4.995262145996094,-2.1744382449875523,2.8544206551627588e-15,4.225892751215354e-15,7.428811250853212e-16,0.0,0.0,0.0,0.0,0.0,0.0
1769450098.730484,6.749960660934448,-4.995262145996094,-2.1744382449875523,2.8544206551627588e-15,4.225892751215354e-15,7.428811250853212e-16,0.0,0.0,0.0,0.0,0.0,0.0
1769450098.7804306,6.749960660934448,-4.995262145996094,-2.1744382449875523,3.184577787217458e-15,2.4294566364958527e-15,7.428811250853212e-16,0.0,0.0,0.0,0.0,0.0,0.0
1769450098.8305311,6.749960660934448,-4.995262145996094,-2.1744382449875523,3.184577787217458e-15,2.4294566364958527e-15,7.428811250853212e-16,0.0,0.0,0.0,0.0,0.0,0.0
1769450098.8805418,6.749960660934448,-4.995262145996094,-2.1744382449875523,3.5147122515721267e-15,6.331438602446699e-16,7.428811250853212e-16,0.0,0.0,0.0,0.0,0.0,0.0
1769450098.930478,6.749960660934448,-4.995262145996094,-2.1744382449875523,3.5147122515721267e-15,6.331438602446699e-16,7.428811250853212e-16,0.0,0.0,0.0,0.0,0.0,0.0
1769450098.980523,6.749960660934448,-4.995262145996094,-2.1744382449875523,3.844855112873723e-15,-1.163214605095889e-15,7.428811250853212e-16,0.0,0.0,0.0,0.0,0.0,0.0
1769450099.0305452,6.749960660934448,-4.995262145996094,-2.1744382449875523,3.844855112873723e-15,-1.163214605095889e-15,7.428811250853212e-16,0.0,0.0,0.0,0.0,0.0,0.0
1769450099.0804944,6.749960660934448,-4.995262145996094,-2.1744382449875523,4.174986973228067e-15,-2.9595132125778046e-15,7.428811250853212e-16,0.0,0.0,0.0,0.0,0.0,0.0
1769450099.1304343,6.749960660934448,-4.995262145996094,-2.1744382449875523,4.174986973228067e-15,-2.9595132125778046e-15,7.428811250853212e-16,0.0,0.0,0.0,0.0,0.0,0.0
1769450099.1805182,6.749960660934448,-4.995262145996094,-2.1744382449875523,3.441936747645377e-15,-4.022680370874872e-15,7.428811250853212e-16,0.0,0.0,0.0,0.0,0.0,0.0
1769450099.2304714,6.749960660934448,-4.995262145996094,-2.1744382449875523,3.441936747645377e-15,-4.022680370874872e-15,7.428811250853212e-16,0.0,0.0,0.0,0.0,0.0,0.0
1769450099.280595,6.749960660934448,-4.995262145996094,-2.1744382449875523,1.644899128825258e-15,-4.352948050066289e-15,7.428811250853212e-16,0.0,0.0,0.0,0.0,0.0,0.0
1769450099.330602,6.749960660934448,-4.995262145996094,-2.1744382449875523,1.644899128825258e-15,-4.352948050066289e-15,7.428811250853212e-16,0.0,0.0,0.0,0.0,0.0,0.0
1769450099.3805904,6.749960660934448,-4.995262145996094,-2.1744382449875523,-1.5072222313276368e-16,-4.682955441345666e-15,7.428811250853212e-16,0.0,0.0,0.0,0.0,0.0,0.0
1769450099.4305837,6.749960660934448,-4.995262145996094,-2.1744382449875523,-1.5072222313276368e-16,-4.682955441345666e-15,7.428811250853212e-16,0.0,0.0,0.0,0.0,0.0,0.0
1769450099.4804647,6.749960660934448,-4.995262145996094,-2.1744382449875523,-1.946880390731725e-15,-5.013061491024861e-15,7.428811250853212e-16,0.0,0.0,0.0,0.0,0.0,0.0
1769450099.5305734,6.749960660934448,-4.995262145996094,-2.1744382449875523,-1.946880390731725e-15,-5.013061491024861e-15,7.428811250853212e-16,0.0,0.0,0.0,0.0,0.0,0.0
1769450099.5804856,6.749960660934448,-4.995262145996094,-2.1744382449875523,-3.0100804760217702e-15,-4.279988562389841e-15,7.428811250853212e-16,0.0,0.0,0.0,0.0,0.0,0.0
1769450099.630574,6.749960660934448,-4.995262145996094,-2.1744382449875523,-3.0100804760217702e-15,-4.279988562389841e-15,7.428811250853212e-16,0.0,0.0,0.0,0.0,0.0,0.0
1769450099.680495,6.749960660934448,-4.995262145996094,-2.1744382449875523,-3.340233994414941e-15,-2.483572110162666e-15,7.428811250853212e-16,0.0,0.0,0.0,0.0,0.0,0.0
1769450099.7305233,6.749960660934448,-4.995262145996094,-2.1744382449875523,-3.340233994414941e-15,-2.483572110162666e-15,7.428811250853212e-16,0.0,0.0,0.0,0.0,0.0,0.0
1769450099.7804627,6.749960660934448,-4.995262145996094,-2.1744382449875523,-3.670400054968312e-15,-6.870874140983797e-16,7.428811250853212e-16,0.0,0.0,0.0,0.0,0.0,0.0
1769450099.8305755,6.749960660934448,-4.995262145996094,-2.1744382449875523,-3.670400054968312e-15,-6.870874140983797e-16,7.428811250853212e-16,0.0,0.0,0.0,0.0,0.0,0.0
1769450099.880579,6.749960660934448,-4.995262145996094,-2.1744382449875523,-4.000481817616559e-15,1.1089386040018177e-15,7.428811250853212e-16,0.0,0.0,0.0,0.0,0.0,0.0
1769450099.9306073,6.749960660934448,-4.995262145996094,-2.1744382449875523,-4.000481817616559e-15,1.1089386040018177e-15,7.428811250853212e-16,0.0,0.0,0.0,0.0,0.0,0.0
1769450099.9805462,6.749960660934448,-4.995262145996094,-2.1744382449875523,-4.330671833841735e-15,2.9055536465884213e-15,7.428811250853212e-16,0.0,0.0,0.0,0.0,0.0,0.0
1769450100.030473,6.749960660934448,-4.995262145996094,-2.1744382449875523,-4.330671833841735e-15,2.9055536465884213e-15,7.428811250853212e-16,0.0,0.0,0.0,0.0,0.0,0.0
1769450100.0804427,6.749960660934448,-4.995262145996094,-2.1744382449875523,-3.5976539830360555e-15,3.968673850668064e-15,7.428811250853212e-16,0.0,0.0,0.0,0.0,0.0,0.0
1769450100.130456,6.749960660934448,-4.995262145996094,-2.1744382449875523,-3.5976539830360555e-15,3.968673850668064e-15,7.428811250853212e-16,0.0,0.0,0.0,0.0,0.0,0.0
1769450100.1804585,6.749960660934448,-4.995262145996094,-2.1744382449875523,-1.801511821545828e-15,4.2987769586724e-15,7.428811250853212e-16,0.0,0.0,0.0,0.0,0.0,0.0
1769450100.230503,6.749960660934448,-4.995262145996094,-2.1744382449875523,-1.801511821545828e-15,4.2987769586724e-15,7.428811250853212e-16,0.0,0.0,0.0,0.0,0.0,0.0
1769450100.2805653,6.749960660934448,-4.995262145996094,-2.1744382449875523,-5.276841877683543e-18,4.628897125220133e-15,7.428811250853212e-16,0.0,0.0,0.0,0.0,0.0,0.0
1769450100.3304162,6.749960660934448,-4.995262145996094,-2.1744382449875523,-5.276841877683543e-18,4.628897125220133e-15,7.428811250853212e-16,0.0,0.0,0.0,0.0,0.0,0.0
1769450100.3805385,6.749960660934448,-4.995262145996094,-2.1744382449875523,1.791015642155048e-15,4.959027860179366e-15,7.428811250853212e-16,0.0,0.0,0.0,0.0,0.0,0.0
1769450100.4305198,6.749960660934448,-4.995262145996094,-2.1744382449875523,1.791015642155048e-15,4.959027860179366e-15,7.428811250853212e-16,0.0,0.0,0.0,0.0,0.0,0.0
1769450100.480465,6.749960660934448,-4.995262145996094,-2.1744382449875523,2.8543553959744587e-15,4.2258586305570934e-15,7.428811250853212e-16,0.0,0.0,0.0,0.0,0.0,0.0
1769450100.530513,6.749960660934448,-4.995262145996094,-2.1744382449875523,2.8543553959744587e-15,4.2258586305570934e-15,7.428811250853212e-16,0.0,0.0,0.0,0.0,0.0,0.0
1769450100.5805144,6.749960660934448,-4.995262145996094,-2.1744382449875523,3.1844709085949457e-15,2.4296489736282416e-15,7.428811250853212e-16,0.0,0.0,0.0,0.0,0.0,0.0
1769450100.630579,6.749960660934448,-4.995262145996094,-2.1744382449875523,3.1844709085949457e-15,2.4296489736282416e-15,7.428811250853212e-16,0.0,0.0,0.0,0.0,0.0,0.0
1769450100.6804647,6.749960660934448,-4.995262145996094,-2.1744382449875523,3.5146751885897236e-15,6.329563196610038e-16,7.428811250853212e-16,0.0,0.0,0.0,0.0,0.0,0.0
1769450100.730556,6.749960660934448,-4.995262145996094,-2.1744382449875523,3.5146751885897236e-15,6.329563196610038e-16,7.428811250853212e-16,0.0,0.0,0.0,0.0,0.0,0.0
1769450100.7804577,6.749960660934448,-4.995262145996094,-2.1744382449875523,3.84474199978612e-15,-1.1629883452728846e-15,7.428811250853212e-16,0.0,0.0,0.0,0.0,0.0,0.0
1769450100.8304784,6.749960660934448,-4.995262145996094,-2.1744382449875523,3.84474199978612e-15,-1.1629883452728846e-15,7.428811250853212e-16,0.0,0.0,0.0,0.0,0.0,0.0
1769450100.8805878,6.749960660934448,-4.995262145996094,-2.1744382449875523,4.174935604071691e-15,-2.9596229110520876e-15,7.428811250853212e-16,0.0,0.0,0.0,0.0,0.0,0.0
1769450100.9305243,6.749960660934448,-4.995262145996094,-2.1744382449875523,4.174935604071691e-15,-2.9596229110520876e-15,7.428811250853212e-16,0.0,0.0,0.0,0.0,0.0,0.0
1769450100.980453,6.749960660934448,-4.995262145996094,-2.1744382449875523,3.442003083249053e-15,-4.02261935821519e-15,7.428811250853212e-16,0.0,0.0,0.0,0.0,0.0,0.0
1769450101.0306249,6.749960660934448,-4.995262145996094,-2.1744382449875523,3.442003083249053e-15,-4.02261935821519e-15,7.428811250853212e-16,0.0,0.0,0.0,0.0,0.0,0.0
1769450101.0804935,6.749960660934448,-4.995262145996094,-2.1744382449875523,1.6456850000757127e-15,-4.352754797899951e-15,7.428811250853212e-16,0.0,0.0,0.0,0.0,0.0,0.0
1769450101.1305795,6.749960660934448,-4.995262145996094,-2.1744382449875523,1.6456850000757127e-15,-4.352754797899951e-15,7.428811250853212e-16,0.0,0.0,0.0,0.0,0.0,0.0
1769450101.1805441,6.749960660934448,-4.995262145996094,-2.1744382449875523,-1.5058755667753204e-16,-4.682881870533877e-15,7.428811250853212e-16,0.0,0.0,0.0,0.0,0.0,0.0
1769450101.2305288,6.749960660934448,-4.995262145996094,-2.1744382449875523,-1.5058755667753204e-16,-4.682881870533877e-15,7.428811250853212e-16,0.0,0.0,0.0,0.0,0.0,0.0
1769450101.2805684,6.749960660934448,-4.995262145996094,-2.1744382449875523,-1.946967244697948e-15,-5.013028632235303e-15,7.428811250853212e-16,0.0,0.0,0.0,0.0,0.0,0.0
1769450101.3305,6.749960660934448,-4.995262145996094,-2.1744382449875523,-1.946967244697948e-15,-5.013028632235303e-15,7.428811250853212e-16,0.0,0.0,0.0,0.0,0.0,0.0
1769450101.3805888,6.749960660934448,-4.995262145996094,-2.1744382449875523,-3.0103412316164514e-15,-4.279835799004872e-15,7.428811250853212e-16,0.0,0.0,0.0,0.0,0.0,0.0
1769450101.430609,6.749960660934448,-4.995262145996094,-2.1744382449875523,-3.0103412316164514e-15,-4.279835799004872e-15,7.428811250853212e-16,0.0,0.0,0.0,0.0,0.0,0.0
1769450101.480541,6.749960660934448,-4.995262145996094,-2.1744382449875523,-3.3404869039737524e-15,-2.4834620382746413e-15,7.428811250853212e-16,0.0,0.0,0.0,0.0,0.0,0.0
1769450101.5305214,6.749960660934448,-4.995262145996094,-2.1744382449875523,-3.3404869039737524e-15,-2.4834620382746413e-15,7.428811250853212e-16,0.0,0.0,0.0,0.0,0.0,0.0
1769450101.580532,6.749960660934448,-4.995262145996094,-2.1744382449875523,-3.6705697071037264e-15,-6.874303587521421e-16,7.428811250853212e-16,0.0,0.0,0.0,0.0,0.0,0.0
1769450101.630458,6.749960660934448,-4.995262145996094,-2.1744382449875523,-3.6705697071037264e-15,-6.874303587521421e-16,7.428811250853212e-16,0.0,0.0,0.0,0.0,0.0,0.0
1769450101.680463,6.749960660934448,-4.995262145996094,-2.1744382449875523,-4.002244374413635e-15,1.1172629004393038e-15,7.428811250853212e-16,0.0,0.0,0.0,0.0,0.0,0.0
1769450101.7304597,6.749960660934448,-4.995262145996094,-2.1744382449875523,-4.002244374413635e-15,1.1172629004393038e-15,7.428811250853212e-16,0.0,0.0,0.0,0.0,0.0,0.0
1769450101.7805464,6.749960660934448,-4.995262145996094,-2.1744382449875523,-4.331006553796466e-15,2.906108861517497e-15,7.428811250853212e-16,0.0,0.0,0.0,0.0,0.0,0.0
1769450101.8305535,6.749960660934448,-4.995262145996094,-2.1744382449875523,-4.331006553796466e-15,2.906108861517497e-15,7.428811250853212e-16,0.0,0.0,0.0,0.0,0.0,0.0
1769450101.880419,6.749960660934448,-4.995262145996094,-2.1744382449875523,-3.598507751814495e-15,3.968476271799851e-15,7.428811250853212e-16,0.0,0.0,0.0,0.0,0.0,0.0
1769450101.9304488,6.749960660934448,-4.995262145996094,-2.1744382449875523,-3.598507751814495e-15,3.968476271799851e-15,7.428811250853212e-16,0.0,0.0,0.0,0.0,0.0,0.0
1769450101.9805856,6.749960660934448,-4.995262145996094,-2.1744382449875523,-1.801767174854798e-15,4.298689359298341e-15,7.428811250853212e-16,0.0,0.0,0.0,0.0,0.0,0.0
1769450102.0305324,6.749960660934448,-4.995262145996094,-2.1744382449875523,-1.801767174854798e-15,4.298689359298341e-15,7.428811250853212e-16,0.0,0.0,0.0,0.0,0.0,0.0
1769450102.0805783,6.749960660934448,-4.995262145996094,-2.1744382449875523,-4.854218766932406e-18,4.628934127410529e-15,7.428811250853212e-16,0.0,0.0,0.0,0.0,0.0,0.0
1769450102.1306257,6.749960660934448,-4.995262145996094,-2.1744382449875523,-4.854218766932406e-18,4.628934127410529e-15,7.428811250853212e-16,0.0,0.0,0.0,0.0,0.0,0.0
1769450102.1806324,6.749960660934448,-4.995262145996094,-2.1744382449875523,1.7912553445527394e-15,4.959031244376045e-15,7.428811250853212e-16,0.0,0.0,0.0,0.0,0.0,0.0
1769450102.230598,6.749960660934448,-4.995262145996094,-2.1744382449875523,1.7912553445527394e-15,4.959031244376045e-15,7.428811250853212e-16,0.0,0.0,0.0,0.0,0.0,0.0
1769450102.28058,6.749960660934448,-4.995262145996094,-2.1744382449875523,2.854403549922873e-15,4.225994086773546e-15,7.428811250853212e-16,0.0,0.0,0.0,0.0,0.0,0.0
1769450102.3305829,6.749960660934448,-4.995262145996094,-2.1744382449875523,2.854403549922873e-15,4.225994086773546e-15,7.428811250853212e-16,0.0,0.0,0.0,0.0,0.0,0.0
1769450102.3805091,6.749960660934448,-4.995262145996094,-2.1744382449875523,3.1844971781224322e-15,2.4299035063700444e-15,7.428811250853212e-16,0.0,0.0,0.0,0.0,0.0,0.0
1769450102.430544,6.749960660934448,-4.995262145996094,-2.1744382449875523,3.1844971781224322e-15,2.4299035063700444e-15,7.428811250853212e-16,0.0,0.0,0.0,0.0,0.0,0.0
1769450102.48058,6.749960660934448,-4.995262145996094,-2.1744382449875523,3.5146753843791915e-15,6.333527236515987e-16,7.428811250853212e-16,0.0,0.0,0.0,0.0,0.0,0.0
1769450102.530625,6.749960660934448,-4.995262145996094,-2.1744382449875523,3.5146753843791915e-15,6.333527236515987e-16,7.428811250853212e-16,0.0,0.0,0.0,0.0,0.0,0.0
1769450102.5805287,6.749960660934448,-4.995262145996094,-2.1744382449875523,3.8447646425792925e-15,-1.162714078907701e-15,7.428811250853212e-16,0.0,0.0,0.0,0.0,0.0,0.0
1769450102.6305842,6.749960660934448,-4.995262145996094,-2.1744382449875523,3.8447646425792925e-15,-1.162714078907701e-15,7.428811250853212e-16,0.0,0.0,0.0,0.0,0.0,0.0
1769450102.6806118,6.749960660934448,-4.995262145996094,-2.1744382449875523,4.174958355749645e-15,-2.9593492371458653e-15,7.428811250853212e-16,0.0,0.0,0.0,0.0,0.0,0.0
1769450102.7305782,6.749960660934448,-4.995262145996094,-2.1744382449875523,4.174958355749645e-15,-2.9593492371458653e-15,7.428811250853212e-16,0.0,0.0,0.0,0.0,0.0,0.0
1769450102.780549,6.749960660934448,-4.995262145996094,-2.1744382449875523,3.4419872725948643e-15,-4.022401612543692e-15,7.428811250853212e-16,0.0,0.0,0.0,0.0,0.0,0.0
1769450102.8305821,6.749960660934448,-4.995262145996094,-2.1744382449875523,3.4419872725948643e-15,-4.022401612543692e-15,7.428811250853212e-16,0.0,0.0,0.0,0.0,0.0,0.0
1769450102.880447,6.749960660934448,-4.995262145996094,-2.1744382449875523,1.645415930956244e-15,-4.3525835972115325e-15,7.428811250853212e-16,0.0,0.0,0.0,0.0,0.0,0.0
1769450102.9305353,6.749960660934448,-4.995262145996094,-2.1744382449875523,1.645415930956244e-15,-4.3525835972115325e-15,7.428811250853212e-16,0.0,0.0,0.0,0.0,0.0,0.0
1769450102.980581,6.749960660934448,-4.995262145996094,-2.1744382449875523,-1.5084591651860302e-16,-4.68270870164597e-15,7.428811250853212e-16,0.0,0.0,0.0,0.0,0.0,0.0
1769450103.030568,6.749960660934448,-4.995262145996094,-2.1744382449875523,-1.5084591651860302e-16,-4.68270870164597e-15,7.428811250853212e-16,0.0,0.0,0.0,0.0,0.0,0.0
1769450103.0805361,6.749960660934448,-4.995262145996094,-2.1744382449875523,-1.9472413779116898e-15,-5.0128583622489725e-15,7.428811250853212e-16,0.0,0.0,0.0,0.0,0.0,0.0
1769450103.1305594,6.749960660934448,-4.995262145996094,-2.1744382449875523,-1.9472413779116898e-15,-5.0128583622489725e-15,7.428811250853212e-16,0.0,0.0,0.0,0.0,0.0,0.0
1769450103.1806035,6.749960660934448,-4.995262145996094,-2.1744382449875523,-3.010256112558214e-15,-4.279913232267236e-15,7.428811250853212e-16,0.0,0.0,0.0,0.0,0.0,0.0
1769450103.2305703,6.749960660934448,-4.995262145996094,-2.1744382449875523,-3.010256112558214e-15,-4.279913232267236e-15,7.428811250853212e-16,0.0,0.0,0.0,0.0,0.0,0.0
1769450103.2806363,6.749960660934448,-4.995262145996094,-2.1744382449875523,-3.340464198017601e-15,-2.483199872177386e-15,7.428811250853212e-16,0.0,0.0,0.0,0.0,0.0,0.0
1769450103.3305705,6.749960660934448,-4.995262145996094,-2.1744382449875523,-3.340464198017601e-15,-2.483199872177386e-15,7.428811250853212e-16,0.0,0.0,0.0,0.0,0.0,0.0
1769450103.3806458,6.749960660934448,-4.995262145996094,-2.1744382449875523,-3.67049129549246e-15,-6.874712957561913e-16,7.428811250853212e-16,0.0,0.0,0.0,0.0,0.0,0.0
1769450103.4306276,6.749960660934448,-4.995262145996094,-2.1744382449875523,-3.67049129549246e-15,-6.874712957561913e-16,7.428811250853212e-16,0.0,0.0,0.0,0.0,0.0,0.0
1769450103.4805331,6.749960660934448,-4.995262145996094,-2.1744382449875523,-4.000632162990111e-15,1.1088763209881507e-15,7.428811250853212e-16,0.0,0.0,0.0,0.0,0.0,0.0
1769450103.5305758,6.749960660934448,-4.995262145996094,-2.1744382449875523,-4.000632162990111e-15,1.1088763209881507e-15,7.428811250853212e-16,0.0,0.0,0.0,0.0,0.0,0.0
1769450103.5806491,6.749960660934448,-4.995262145996094,-2.1744382449875523,-4.330804052695276e-15,2.9053927343705923e-15,7.428811250853212e-16,0.0,0.0,0.0,0.0,0.0,0.0
1769450103.6306515,6.749960660934448,-4.995262145996094,-2.1744382449875523,-4.330804052695276e-15,2.9053927343705923e-15,7.428811250853212e-16,0.0,0.0,0.0,0.0,0.0,0.0
1769450103.6805308,6.749960660934448,-4.995262145996094,-2.1744382449875523,-3.594431752519383e-15,3.973378008100472e-15,7.428811250853212e-16,0.0,0.0,0.0,0.0,0.0,0.0
1769450103.7305965,6.749960660934448,-4.995262145996094,-2.1744382449875523,-3.594431752519383e-15,3.973378008100472e-15,7.428811250853212e-16,0.0,0.0,0.0,0.0,0.0,0.0
1769450103.7805016,6.749960660934448,-4.995262145996094,-2.1744382449875523,-1.8052250384742172e-15,4.3022064882907624e-15,7.428811250853212e-16,0.0,0.0,0.0,0.0,0.0,0.0
1769450103.830505,6.749960660934448,-4.995262145996094,-2.1744382449875523,-1.8052250384742172e-15,4.3022064882907624e-15,7.428811250853212e-16,0.0,0.0,0.0,0.0,0.0,0.0
1769450103.880503,6.749960660934448,-4.995262145996094,-2.1744382449875523,-1.038652447096778e-17,4.6320700060797916e-15,7.428811250853212e-16,0.0,0.0,0.0,0.0,0.0,0.0
1769450103.9305818,6.749960660934448,-4.995262145996094,-2.1744382449875523,-1.038652447096778e-17,4.6320700060797916e-15,7.428811250853212e-16,0.0,0.0,0.0,0.0,0.0,0.0
1769450103.9805763,6.749960660934448,-4.995262145996094,-2.1744382449875523,1.786021720584439e-15,4.9622220161219164e-15,7.428811250853212e-16,0.0,0.0,0.0,0.0,0.0,0.0
1769450104.0306313,6.749960660934448,-4.995262145996094,-2.1744382449875523,1.786021720584439e-15,4.9622220161219164e-15,7.428811250853212e-16,0.0,0.0,0.0,0.0,0.0,0.0
1769450104.0805397,6.749960660934448,-4.995262145996094,-2.1744382449875523,2.849447772752063e-15,4.22899328407509e-15,7.428811250853212e-16,0.0,0.0,0.0,0.0,0.0,0.0
1769450104.1304703,6.749960660934448,-4.995262145996094,-2.1744382449875523,2.849447772752063e-15,4.22899328407509e-15,7.428811250853212e-16,0.0,0.0,0.0,0.0,0.0,0.0
1769450104.180462,6.749960660934448,-4.995262145996094,-2.1744382449875523,3.179592656626451e-15,2.4326238136025662e-15,7.428811250853212e-16,0.0,0.0,0.0,0.0,0.0,0.0
1769450104.2305386,6.749960660934448,-4.995262145996094,-2.1744382449875523,3.179592656626451e-15,2.4326238136025662e-15,7.428811250853212e-16,0.0,0.0,0.0,0.0,0.0,0.0
1769450104.2804275,6.749960660934448,-4.995262145996094,-2.1744382449875523,3.5097772504172346e-15,6.360382753217187e-16,7.428811250853212e-16,0.0,0.0,0.0,0.0,0.0,0.0
1769450104.330533,6.749960660934448,-4.995262145996094,-2.1744382449875523,3.5097772504172346e-15,6.360382753217187e-16,7.428811250853212e-16,0.0,0.0,0.0,0.0,0.0,0.0
1769450104.3805099,6.749960660934448,-4.995262145996094,-2.1744382449875523,3.8398182079062445e-15,-1.1597657155841415e-15,7.428811250853212e-16,0.0,0.0,0.0,0.0,0.0,0.0
1769450104.430539,6.749960660934448,-4.995262145996094,-2.1744382449875523,3.8398182079062445e-15,-1.1597657155841415e-15,7.428811250853212e-16,0.0,0.0,0.0,0.0,0.0,0.0
1769450104.480489,6.749960660934448,-4.995262145996094,-2.1744382449875523,4.169908419253411e-15,-2.9558377043643173e-15,7.428811250853212e-16,0.0,0.0,0.0,0.0,0.0,0.0
1769450104.5305288,6.749960660934448,-4.995262145996094,-2.1744382449875523,4.169908419253411e-15,-2.9558377043643173e-15,7.428811250853212e-16,0.0,0.0,0.0,0.0,0.0,0.0
1769450104.5805264,6.749960660934448,-4.995262145996094,-2.1744382449875523,3.436872109014698e-15,-4.0189846807745285e-15,7.428811250853212e-16,0.0,0.0,0.0,0.0,0.0,0.0
1769450104.6305215,6.749960660934448,-4.995262145996094,-2.1744382449875523,3.436872109014698e-15,-4.0189846807745285e-15,7.428811250853212e-16,0.0,0.0,0.0,0.0,0.0,0.0
1769450104.6805372,6.749960660934448,-4.995262145996094,-2.1744382449875523,1.6401567192826146e-15,-4.34919313925072e-15,7.428811250853212e-16,0.0,0.0,0.0,0.0,0.0,0.0
1769450104.7305844,6.749960660934448,-4.995262145996094,-2.1744382449875523,1.6401567192826146e-15,-4.34919313925072e-15,7.428811250853212e-16,0.0,0.0,0.0,0.0,0.0,0.0
1769450104.7805777,6.749960660934448,-4.995262145996094,-2.1744382449875523,-1.5570937107626466e-16,-4.679245509657308e-15,7.428811250853212e-16,0.0,0.0,0.0,0.0,0.0,0.0
1769450104.8305016,6.749960660934448,-4.995262145996094,-2.1744382449875523,-1.5570937107626466e-16,-4.679245509657308e-15,7.428811250853212e-16,0.0,0.0,0.0,0.0,0.0,0.0
1769450104.8805547,6.749960660934448,-4.995262145996094,-2.1744382449875523,-1.9522613067524975e-15,-5.00942392780985e-15,7.428811250853212e-16,0.0,0.0,0.0,0.0,0.0,0.0
1769450104.930646,6.749960660934448,-4.995262145996094,-2.1744382449875523,-1.9522613067524975e-15,-5.00942392780985e-15,7.428811250853212e-16,0.0,0.0,0.0,0.0,0.0,0.0
1769450104.9804263,6.749960660934448,-4.995262145996094,-2.1744382449875523,-3.0153810095777672e-15,-4.2764064226173966e-15,7.428811250853212e-16,0.0,0.0,0.0,0.0,0.0,0.0
1769450105.0305161,6.749960660934448,-4.995262145996094,-2.1744382449875523,-3.0153810095777672e-15,-4.2764064226173966e-15,7.428811250853212e-16,0.0,0.0,0.0,0.0,0.0,0.0
1769450105.0803866,6.749960660934448,-4.995262145996094,-2.1744382449875523,-3.345565758431957e-15,-2.4798200406125273e-15,7.428811250853212e-16,0.0,0.0,0.0,0.0,0.0,0.0
1769450105.130508,6.749960660934448,-4.995262145996094,-2.1744382449875523,-3.345565758431957e-15,-2.4798200406125273e-15,7.428811250853212e-16,0.0,0.0,0.0,0.0,0.0,0.0
1769450105.1804008,6.749960660934448,-4.995262145996094,-2.1744382449875523,-3.675640199649057e-15,-6.838338595536877e-16,7.428811250853212e-16,0.0,0.0,0.0,0.0,0.0,0.0
1769450105.230519,6.749960660934448,-4.995262145996094,-2.1744382449875523,-3.675640199649057e-15,-6.838338595536877e-16,7.428811250853212e-16,0.0,0.0,0.0,0.0,0.0,0.0
1769450105.2806044,6.749960660934448,-4.995262145996094,-2.1744382449875523,-4.0058469363857004e-15,1.112872161926724e-15,7.428811250853212e-16,0.0,0.0,0.0,0.0,0.0,0.0
1769450105.330525,6.749960660934448,-4.995262145996094,-2.1744382449875523,-4.0058469363857004e-15,1.112872161926724e-15,7.428811250853212e-16,0.0,0.0,0.0,0.0,0.0,0.0
1769450105.3805425,6.749960660934448,-4.995262145996094,-2.1744382449875523,-4.335923605891526e-15,2.9088704674498e-15,7.428811250853212e-16,0.0,0.0,0.0,0.0,0.0,0.0
1769450105.4305112,6.749960660934448,-4.995262145996094,-2.1744382449875523,-4.335923605891526e-15,2.9088704674498e-15,7.428811250853212e-16,0.0,0.0,0.0,0.0,0.0,0.0
1769450105.4804096,6.749960660934448,-4.995262145996094,-2.1744382449875523,-3.6027208716359075e-15,3.972258814154911e-15,7.428811250853212e-16,0.0,0.0,0.0,0.0,0.0,0.0
1769450105.5304916,6.749960660934448,-4.995262145996094,-2.1744382449875523,-3.6027208716359075e-15,3.972258814154911e-15,7.428811250853212e-16,0.0,0.0,0.0,0.0,0.0,0.0
1769450105.5805101,6.749960660934448,-4.995262145996094,-2.1744382449875523,-1.8067872941937053e-15,4.302323587642075e-15,7.428811250853212e-16,0.0,0.0,0.0,0.0,0.0,0.0
1769450105.6305456,6.749960660934448,-4.995262145996094,-2.1744382449875523,-1.8067872941937053e-15,4.302323587642075e-15,7.428811250853212e-16,0.0,0.0,0.0,0.0,0.0,0.0
1769450105.680503,6.749960660934448,-4.995262145996094,-2.1744382449875523,-1.0596255991571434e-17,4.632435678428986e-15,7.428811250853212e-16,0.0,0.0,0.0,0.0,0.0,0.0
1769450105.7305052,6.749960660934448,-4.995262145996094,-2.1744382449875523,-1.0596255991571434e-17,4.632435678428986e-15,7.428811250853212e-16,0.0,0.0,0.0,0.0,0.0,0.0
1769450105.7804887,6.749960660934448,-4.995262145996094,-2.1744382449875523,1.7857306020489915e-15,4.9625727307984235e-15,7.428811250853212e-16,0.0,0.0,0.0,0.0,0.0,0.0
1769450105.8305411,6.749960660934448,-4.995262145996094,-2.1744382449875523,1.7857306020489915e-15,4.9625727307984235e-15,7.428811250853212e-16,0.0,0.0,0.0,0.0,0.0,0.0
1769450105.880489,6.749960660934448,-4.995262145996094,-2.1744382449875523,2.8489178223423136e-15,4.229508672535929e-15,7.428811250853212e-16,0.0,0.0,0.0,0.0,0.0,0.0
1769450105.9305406,6.749960660934448,-4.995262145996094,-2.1744382449875523,2.8489178223423136e-15,4.229508672535929e-15,7.428811250853212e-16,0.0,0.0,0.0,0.0,0.0,0.0
1769450105.9804955,6.749960660934448,-4.995262145996094,-2.1744382449875523,3.1790467786826836e-15,2.4332258662440363e-15,7.428811250853212e-16,0.0,0.0,0.0,0.0,0.0,0.0
1769450106.0305703,6.749960660934448,-4.995262145996094,-2.1744382449875523,3.1790467786826836e-15,2.4332258662440363e-15,7.428811250853212e-16,0.0,0.0,0.0,0.0,0.0,0.0
1769450106.0805073,6.749960660934448,-4.995262145996094,-2.1744382449875523,3.509185713692304e-15,6.368887644665168e-16,7.428811250853212e-16,0.0,0.0,0.0,0.0,0.0,0.0
1769450106.1305032,6.749960660934448,-4.995262145996094,-2.1744382449875523,3.509185713692304e-15,6.368887644665168e-16,7.428811250853212e-16,0.0,0.0,0.0,0.0,0.0,0.0
1769450106.1804996,6.749960660934448,-4.995262145996094,-2.1744382449875523,3.8393293380252036e-15,-1.1594738526455945e-15,7.428811250853212e-16,0.0,0.0,0.0,0.0,0.0,0.0
1769450106.2305079,6.749960660934448,-4.995262145996094,-2.1744382449875523,3.8393293380252036e-15,-1.1594738526455945e-15,7.428811250853212e-16,0.0,0.0,0.0,0.0,0.0,0.0
1769450106.2805128,6.749960660934448,-4.995262145996094,-2.1744382449875523,4.169460713350704e-15,-2.9557698210104132e-15,7.428811250853212e-16,0.0,0.0,0.0,0.0,0.0,0.0
1769450106.3305178,6.749960660934448,-4.995262145996094,-2.1744382449875523,4.169460713350704e-15,-2.9557698210104132e-15,7.428811250853212e-16,0.0,0.0,0.0,0.0,0.0,0.0
1769450106.380514,6.749960660934448,-4.995262145996094,-2.1744382449875523,3.436246207266073e-15,-4.019175240791232e-15,7.428811250853212e-16,0.0,0.0,0.0,0.0,0.0,0.0
1769450106.430522,6.749960660934448,-4.995262145996094,-2.1744382449875523,3.436246207266073e-15,-4.019175240791232e-15,7.428811250853212e-16,0.0,0.0,0.0,0.0,0.0,0.0
1769450106.48043,6.749960660934448,-4.995262145996094,-2.1744382449875523,1.6402277219869902e-15,-4.349255619023638e-15,7.428811250853212e-16,0.0,0.0,0.0,0.0,0.0,0.0
1769450106.5304987,6.749960660934448,-4.995262145996094,-2.1744382449875523,1.6402277219869902e-15,-4.349255619023638e-15,7.428811250853212e-16,0.0,0.0,0.0,0.0,0.0,0.0
1769450106.5806699,6.749960660934448,-4.995262145996094,-2.1744382449875523,-1.5605187841598258e-16,-4.679383986171282e-15,7.428811250853212e-16,0.0,0.0,0.0,0.0,0.0,0.0
1769450106.6303923,6.749960660934448,-4.995262145996094,-2.1744382449875523,-1.5605187841598258e-16,-4.679383986171282e-15,7.428811250853212e-16,0.0,0.0,0.0,0.0,0.0,0.0
1769450106.6805034,6.749960660934448,-4.995262145996094,-2.1744382449875523,-1.952254742853896e-15,-5.009498250437147e-15,7.428811250853212e-16,0.0,0.0,0.0,0.0,0.0,0.0
1769450106.7305143,6.749960660934448,-4.995262145996094,-2.1744382449875523,-1.952254742853896e-15,-5.009498250437147e-15,7.428811250853212e-16,0.0,0.0,0.0,0.0,0.0,0.0
1769450106.7804906,6.749960660934448,-4.995262145996094,-2.1744382449875523,-3.015455150566074e-15,-4.276425099493137e-15,7.428811250853212e-16,0.0,0.0,0.0,0.0,0.0,0.0
1769450106.8305242,6.749960660934448,-4.995262145996094,-2.1744382449875523,-3.015455150566074e-15,-4.276425099493137e-15,7.428811250853212e-16,0.0,0.0,0.0,0.0,0.0,0.0
1769450106.8805099,6.749960660934448,-4.995262145996094,-2.1744382449875523,-3.3455993603034297e-15,-2.4800592971046648e-15,7.428811250853212e-16,0.0,0.0,0.0,0.0,0.0,0.0
1769450106.9305153,6.749960660934448,-4.995262145996094,-2.1744382449875523,-3.3455993603034297e-15,-2.4800592971046648e-15,7.428811250853212e-16,0.0,0.0,0.0,0.0,0.0,0.0
1769450106.9804702,6.749960660934448,-4.995262145996094,-2.1744382449875523,-3.675739943856059e-15,-6.837132253491858e-16,7.428811250853212e-16,0.0,0.0,0.0,0.0,0.0,0.0
1769450107.0305443,6.749960660934448,-4.995262145996094,-2.1744382449875523,-3.675739943856059e-15,-6.837132253491858e-16,7.428811250853212e-16,0.0,0.0,0.0,0.0,0.0,0.0
1769450107.0805354,6.749960660934448,-4.995262145996094,-2.1744382449875523,-4.0058704933982176e-15,1.1125782498005144e-15,7.428811250853212e-16,0.0,0.0,0.0,0.0,0.0,0.0
1769450107.1304088,6.749960660934448,-4.995262145996094,-2.1744382449875523,-4.0058704933982176e-15,1.1125782498005144e-15,7.428811250853212e-16,0.0,0.0,0.0,0.0,0.0,0.0
1769450107.1804821,6.749960660934448,-4.995262145996094,-2.1744382449875523,-4.3360022038737045e-15,2.9088760417683433e-15,7.428811250853212e-16,0.0,0.0,0.0,0.0,0.0,0.0
1769450107.2304475,6.749960660934448,-4.995262145996094,-2.1744382449875523,-4.3360022038737045e-15,2.9088760417683433e-15,7.428811250853212e-16,0.0,0.0,0.0,0.0,0.0,0.0
1769450107.2805295,6.749960660934448,-4.995262145996094,-2.1744382449875523,-3.602919446572978e-15,3.972090381899632e-15,7.428811250853212e-16,0.0,0.0,0.0,0.0,0.0,0.0
1769450107.3305392,6.749960660934448,-4.995262145996094,-2.1744382449875523,-3.602919446572978e-15,3.972090381899632e-15,7.428811250853212e-16,0.0,0.0,0.0,0.0,0.0,0.0
1769450107.3805108,6.749960660934448,-4.995262145996094,-2.1744382449875523,-1.8065548229534038e-15,4.302234374997523e-15,7.428811250853212e-16,0.0,0.0,0.0,0.0,0.0,0.0
1769450107.4304917,6.749960660934448,-4.995262145996094,-2.1744382449875523,-1.8065548229534038e-15,4.302234374997523e-15,7.428811250853212e-16,0.0,0.0,0.0,0.0,0.0,0.0
1769450107.4805136,6.749960660934448,-4.995262145996094,-2.1744382449875523,-1.0232994708373135e-17,4.63237050296845e-15,7.428811250853212e-16,0.0,0.0,0.0,0.0,0.0,0.0
1769450107.5305169,6.749960660934448,-4.995262145996094,-2.1744382449875523,-1.0232994708373135e-17,4.63237050296845e-15,7.428811250853212e-16,0.0,0.0,0.0,0.0,0.0,0.0
1769450107.5805237,6.749960660934448,-4.995262145996094,-2.1744382449875523,1.7859996704541195e-15,4.9624902441458954e-15,7.428811250853212e-16,0.0,0.0,0.0,0.0,0.0,0.0
1769450107.6311486,6.749960660934448,-4.995262145996094,-2.1744382449875523,1.7859996704541195e-15,4.9624902441458954e-15,7.428811250853212e-16,0.0,0.0,0.0,0.0,0.0,0.0
1769450107.680479,6.749960660934448,-4.995262145996094,-2.1744382449875523,2.849174639965285e-15,4.2294346327570205e-15,7.428811250853212e-16,0.0,0.0,0.0,0.0,0.0,0.0
1769450107.73044,6.749960660934448,-4.995262145996094,-2.1744382449875523,2.849174639965285e-15,4.2294346327570205e-15,7.428811250853212e-16,0.0,0.0,0.0,0.0,0.0,0.0
1769450107.7805045,6.749960660934448,-4.995262145996094,-2.1744382449875523,3.1793654371983706e-15,2.4328153405853596e-15,7.428811250853212e-16,0.0,0.0,0.0,0.0,0.0,0.0
1769450107.8305364,6.749960660934448,-4.995262145996094,-2.1744382449875523,3.1793654371983706e-15,2.4328153405853596e-15,7.428811250853212e-16,0.0,0.0,0.0,0.0,0.0,0.0
1769450107.880516,6.749960660934448,-4.995262145996094,-2.1744382449875523,3.5094962649459605e-15,6.365223516768015e-16,7.428811250853212e-16,0.0,0.0,0.0,0.0,0.0,0.0
1769450107.930509,6.749960660934448,-4.995262145996094,-2.1744382449875523,3.5094962649459605e-15,6.365223516768015e-16,7.428811250853212e-16,0.0,0.0,0.0,0.0,0.0,0.0
1769450107.980524,6.749960660934448,-4.995262145996094,-2.1744382449875523,3.839629740719708e-15,-1.1597850455524065e-15,7.428811250853212e-16,0.0,0.0,0.0,0.0,0.0,0.0
1769450108.0305278,6.749960660934448,-4.995262145996094,-2.1744382449875523,3.839629740719708e-15,-1.1597850455524065e-15,7.428811250853212e-16,0.0,0.0,0.0,0.0,0.0,0.0
1769450108.0805159,6.749960660934448,-4.995262145996094,-2.1744382449875523,4.16974450761595e-15,-2.9559906448800853e-15,7.428811250853212e-16,0.0,0.0,0.0,0.0,0.0,0.0
1769450108.1305385,6.749960660934448,-4.995262145996094,-2.1744382449875523,4.16974450761595e-15,-2.9559906448800853e-15,7.428811250853212e-16,0.0,0.0,0.0,0.0,0.0,0.0
1769450108.180582,6.749960660934448,-4.995262145996094,-2.1744382449875523,3.4366915977713914e-15,-4.019161696251547e-15,7.428811250853212e-16,0.0,0.0,0.0,0.0,0.0,0.0
1769450108.2305624,6.749960660934448,-4.995262145996094,-2.1744382449875523,3.4366915977713914e-15,-4.019161696251547e-15,7.428811250853212e-16,0.0,0.0,0.0,0.0,0.0,0.0
1769450108.2805195,6.749960660934448,-4.995262145996094,-2.1744382449875523,1.6403612074963187e-15,-4.349299397790975e-15,7.428811250853212e-16,0.0,0.0,0.0,0.0,0.0,0.0
1769450108.330557,6.749960660934448,-4.995262145996094,-2.1744382449875523,1.6403612074963187e-15,-4.349299397790975e-15,7.428811250853212e-16,0.0,0.0,0.0,0.0,0.0,0.0
1769450108.380514,6.749960660934448,-4.995262145996094,-2.1744382449875523,-1.5594159764130277e-16,-4.679432029609418e-15,7.428811250853212e-16,0.0,0.0,0.0,0.0,0.0,0.0
1769450108.4305482,6.749960660934448,-4.995262145996094,-2.1744382449875523,-1.5594159764130277e-16,-4.679432029609418e-15,7.428811250853212e-16,0.0,0.0,0.0,0.0,0.0,0.0
1769450108.4805453,6.749960660934448,-4.995262145996094,-2.1744382449875523,-1.9524063995346296e-15,-5.009594433922317e-15,7.428811250853212e-16,0.0,0.0,0.0,0.0,0.0,0.0
1769450108.5305443,6.749960660934448,-4.995262145996094,-2.1744382449875523,-1.9524063995346296e-15,-5.009594433922317e-15,7.428811250853212e-16,0.0,0.0,0.0,0.0,0.0,0.0
1769450108.5805874,6.749960660934448,-4.995262145996094,-2.1744382449875523,-3.0155248144865514e-15,-4.27657781671426e-15,7.428811250853212e-16,0.0,0.0,0.0,0.0,0.0,0.0
1769450108.630554,6.749960660934448,-4.995262145996094,-2.1744382449875523,-3.0155248144865514e-15,-4.27657781671426e-15,7.428811250853212e-16,0.0,0.0,0.0,0.0,0.0,0.0
1769450108.6805196,6.749960660934448,-4.995262145996094,-2.1744382449875523,-3.3456609606633538e-15,-2.4802558894082436e-15,7.428811250853212e-16,0.0,0.0,0.0,0.0,0.0,0.0
1769450108.7305658,6.749960660934448,-4.995262145996094,-2.1744382449875523,-3.3456609606633538e-15,-2.4802558894082436e-15,7.428811250853212e-16,0.0,0.0,0.0,0.0,0.0,0.0
1769450108.7805226,6.749960660934448,-4.995262145996094,-2.1744382449875523,-3.6758239509393566e-15,-6.837878991988731e-16,7.428811250853212e-16,0.0,0.0,0.0,0.0,0.0,0.0
1769450108.8305311,6.749960660934448,-4.995262145996094,-2.1744382449875523,-3.6758239509393566e-15,-6.837878991988731e-16,7.428811250853212e-16,0.0,0.0,0.0,0.0,0.0,0.0
1769450108.8804474,6.749960660934448,-4.995262145996094,-2.1744382449875523,-4.006013144908854e-15,1.11282266936717e-15,7.428811250853212e-16,0.0,0.0,0.0,0.0,0.0,0.0
1769450108.930566,6.749960660934448,-4.995262145996094,-2.1744382449875523,-4.006013144908854e-15,1.11282266936717e-15,7.428811250853212e-16,0.0,0.0,0.0,0.0,0.0,0.0
1769450108.980435,6.749960660934448,-4.995262145996094,-2.1744382449875523,-4.336041254567697e-15,2.908556753238264e-15,7.428811250853212e-16,0.0,0.0,0.0,0.0,0.0,0.0
1769450109.0305574,6.749960660934448,-4.995262145996094,-2.1744382449875523,-4.336041254567697e-15,2.908556753238264e-15,7.428811250853212e-16,0.0,0.0,0.0,0.0,0.0,0.0
1769450109.0805204,6.749960660934448,-4.995262145996094,-2.1744382449875523,-3.602902236195524e-15,3.9718526906753915e-15,7.428811250853212e-16,0.0,0.0,0.0,0.0,0.0,0.0
1769450109.1305504,6.749960660934448,-4.995262145996094,-2.1744382449875523,-3.602902236195524e-15,3.9718526906753915e-15,7.428811250853212e-16,0.0,0.0,0.0,0.0,0.0,0.0
1769450109.180564,6.749960660934448,-4.995262145996094,-2.1744382449875523,-1.806730018839899e-15,4.301961322482238e-15,7.428811250853212e-16,0.0,0.0,0.0,0.0,0.0,0.0
1769450109.230539,6.749960660934448,-4.995262145996094,-2.1744382449875523,-1.806730018839899e-15,4.301961322482238e-15,7.428811250853212e-16,0.0,0.0,0.0,0.0,0.0,0.0
1769450109.2805178,6.749960660934448,-4.995262145996094,-2.1744382449875523,-9.905267161219998e-18,4.632189879990257e-15,7.428811250853212e-16,0.0,0.0,0.0,0.0,0.0,0.0
1769450109.3305888,6.749960660934448,-4.995262145996094,-2.1744382449875523,-9.905267161219998e-18,4.632189879990257e-15,7.428811250853212e-16,0.0,0.0,0.0,0.0,0.0,0.0
1769450109.38042,6.749960660934448,-4.995262145996094,-2.1744382449875523,1.7862125698765427e-15,4.9622885175370026e-15,7.428811250853212e-16,0.0,0.0,0.0,0.0,0.0,0.0
1769450109.4305594,6.749960660934448,-4.995262145996094,-2.1744382449875523,1.7862125698765427e-15,4.9622885175370026e-15,7.428811250853212e-16,0.0,0.0,0.0,0.0,0.0,0.0
1769450109.4805675,6.749960660934448,-4.995262145996094,-2.1744382449875523,2.849395237681097e-15,4.229227598200397e-15,7.428811250853212e-16,0.0,0.0,0.0,0.0,0.0,0.0
1769450109.5304544,6.749960660934448,-4.995262145996094,-2.1744382449875523,2.849395237681097e-15,4.229227598200397e-15,7.428811250853212e-16,0.0,0.0,0.0,0.0,0.0,0.0
1769450109.5805366,6.749960660934448,-4.995262145996094,-2.1744382449875523,3.1794922644663335e-15,2.433118525565599e-15,7.428811250853212e-16,0.0,0.0,0.0,0.0,0.0,0.0
1769450109.630585,6.749960660934448,-4.995262145996094,-2.1744382449875523,3.1794922644663335e-15,2.433118525565599e-15,7.428811250853212e-16,0.0,0.0,0.0,0.0,0.0,0.0
1769450109.6805892,6.749960660934448,-4.995262145996094,-2.1744382449875523,3.5096500976952243e-15,6.366785956486714e-16,7.428811250853212e-16,0.0,0.0,0.0,0.0,0.0,0.0
1769450109.7305217,6.749960660934448,-4.995262145996094,-2.1744382449875523,3.5096500976952243e-15,6.366785956486714e-16,7.428811250853212e-16,0.0,0.0,0.0,0.0,0.0,0.0
1769450109.7804434,6.749960660934448,-4.995262145996094,-2.1744382449875523,3.839771719029944e-15,-1.1595642997408898e-15,7.428811250853212e-16,0.0,0.0,0.0,0.0,0.0,0.0
1769450109.8305695,6.749960660934448,-4.995262145996094,-2.1744382449875523,3.839771719029944e-15,-1.1595642997408898e-15,7.428811250853212e-16,0.0,0.0,0.0,0.0,0.0,0.0
1769450109.8805094,6.749960660934448,-4.995262145996094,-2.1744382449875523,4.1698828216421474e-15,-2.955749961131319e-15,7.428811250853212e-16,0.0,0.0,0.0,0.0,0.0,0.0
1769450109.9305365,6.749960660934448,-4.995262145996094,-2.1744382449875523,4.1698828216421474e-15,-2.955749961131319e-15,7.428811250853212e-16,0.0,0.0,0.0,0.0,0.0,0.0
1769450109.9804916,6.749960660934448,-4.995262145996094,-2.1744382449875523,3.4367157403018694e-15,-4.0190865992257995e-15,7.428811250853212e-16,0.0,0.0,0.0,0.0,0.0,0.0
1769450110.030548,6.749960660934448,-4.995262145996094,-2.1744382449875523,3.4367157403018694e-15,-4.0190865992257995e-15,7.428811250853212e-16,0.0,0.0,0.0,0.0,0.0,0.0
1769450110.0805032,6.749960660934448,-4.995262145996094,-2.1744382449875523,1.6405473525043142e-15,-4.349194527219191e-15,7.428811250853212e-16,0.0,0.0,0.0,0.0,0.0,0.0
1769450110.1305296,6.749960660934448,-4.995262145996094,-2.1744382449875523,1.6405473525043142e-15,-4.349194527219191e-15,7.428811250853212e-16,0.0,0.0,0.0,0.0,0.0,0.0
1769450110.180374,6.749960660934448,-4.995262145996094,-2.1744382449875523,-1.557130331996902e-16,-4.679319363002789e-15,7.428811250853212e-16,0.0,0.0,0.0,0.0,0.0,0.0
1769450110.2305276,6.749960660934448,-4.995262145996094,-2.1744382449875523,-1.557130331996902e-16,-4.679319363002789e-15,7.428811250853212e-16,0.0,0.0,0.0,0.0,0.0,0.0
1769450110.280494,6.749960660934448,-4.995262145996094,-2.1744382449875523,-1.9520994784933597e-15,-5.0094673665863735e-15,7.428811250853212e-16,0.0,0.0,0.0,0.0,0.0,0.0
1769450110.3304517,6.749960660934448,-4.995262145996094,-2.1744382449875523,-1.9520994784933597e-15,-5.0094673665863735e-15,7.428811250853212e-16,0.0,0.0,0.0,0.0,0.0,0.0
1769450110.3805013,6.749960660934448,-4.995262145996094,-2.1744382449875523,-3.0152768540538175e-15,-4.2764100962345e-15,7.428811250853212e-16,0.0,0.0,0.0,0.0,0.0,0.0
1769450110.4304378,6.749960660934448,-4.995262145996094,-2.1744382449875523,-3.0152768540538175e-15,-4.2764100962345e-15,7.428811250853212e-16,0.0,0.0,0.0,0.0,0.0,0.0
1769450110.480487,6.749960660934448,-4.995262145996094,-2.1744382449875523,-3.34548672001276e-15,-2.479687048170675e-15,7.428811250853212e-16,0.0,0.0,0.0,0.0,0.0,0.0
1769450110.5305035,6.749960660934448,-4.995262145996094,-2.1744382449875523,-3.34548672001276e-15,-2.479687048170675e-15,7.428811250853212e-16,0.0,0.0,0.0,0.0,0.0,0.0
1769450110.5805478,6.749960660934448,-4.995262145996094,-2.1744382449875523,-3.675574170773302e-15,-6.836300801700836e-16,7.428811250853212e-16,0.0,0.0,0.0,0.0,0.0,0.0
1769450110.630512,6.749960660934448,-4.995262145996094,-2.1744382449875523,-3.675574170773302e-15,-6.836300801700836e-16,7.428811250853212e-16,0.0,0.0,0.0,0.0,0.0,0.0
1769450110.6804173,6.749960660934448,-4.995262145996094,-2.1744382449875523,-4.005715673108867e-15,1.1127209908257168e-15,7.428811250853212e-16,0.0,0.0,0.0,0.0,0.0,0.0
1769450110.7304974,6.749960660934448,-4.995262145996094,-2.1744382449875523,-4.005715673108867e-15,1.1127209908257168e-15,7.428811250853212e-16,0.0,0.0,0.0,0.0,0.0,0.0
1769450110.7805164,6.749960660934448,-4.995262145996094,-2.1744382449875523,-4.335827510443737e-15,2.908910649956025e-15,7.428811250853212e-16,0.0,0.0,0.0,0.0,0.0,0.0
1769450110.830501,6.749960660934448,-4.995262145996094,-2.1744382449875523,-4.335827510443737e-15,2.908910649956025e-15,7.428811250853212e-16,0.0,0.0,0.0,0.0,0.0,0.0
1769450110.8805268,6.749960660934448,-4.995262145996094,-2.1744382449875523,-3.60272774117902e-15,3.972149663105317e-15,7.428811250853212e-16,0.0,0.0,0.0,0.0,0.0,0.0
1769450110.9305122,6.749960660934448,-4.995262145996094,-2.1744382449875523,-3.60272774117902e-15,3.972149663105317e-15,7.428811250853212e-16,0.0,0.0,0.0,0.0,0.0,0.0
1769450110.9805725,6.749960660934448,-4.995262145996094,-2.1744382449875523,-1.806224781483256e-15,4.3023190802312595e-15,7.428811250853212e-16,0.0,0.0,0.0,0.0,0.0,0.0
1769450111.0305202,6.749960660934448,-4.995262145996094,-2.1744382449875523,-1.806224781483256e-15,4.3023190802312595e-15,7.428811250853212e-16,0.0,0.0,0.0,0.0,0.0,0.0
1769450111.0805128,6.749960660934448,-4.995262145996094,-2.1744382449875523,-1.0228127575410875e-17,4.632395446195788e-15,7.428811250853212e-16,0.0,0.0,0.0,0.0,0.0,0.0
1769450111.1305172,6.749960660934448,-4.995262145996094,-2.1744382449875523,-1.0228127575410875e-17,4.632395446195788e-15,7.428811250853212e-16,0.0,0.0,0.0,0.0,0.0,0.0
1769450111.1804948,6.749960660934448,-4.995262145996094,-2.1744382449875523,1.78601093972698e-15,4.96251636398738e-15,7.428811250853212e-16,0.0,0.0,0.0,0.0,0.0,0.0
1769450111.2305129,6.749960660934448,-4.995262145996094,-2.1744382449875523,1.78601093972698e-15,4.96251636398738e-15,7.428811250853212e-16,0.0,0.0,0.0,0.0,0.0,0.0
1769450111.280532,6.749960660934448,-4.995262145996094,-2.1744382449875523,2.8492449454727628e-15,4.229420047310756e-15,7.428811250853212e-16,0.0,0.0,0.0,0.0,0.0,0.0
1769450111.3305209,6.749960660934448,-4.995262145996094,-2.1744382449875523,2.8492449454727628e-15,4.229420047310756e-15,7.428811250853212e-16,0.0,0.0,0.0,0.0,0.0,0.0
1769450111.380512,6.749960660934448,-4.995262145996094,-2.1744382449875523,3.179406878195795e-15,2.432957811410972e-15,7.428811250853212e-16,0.0,0.0,0.0,0.0,0.0,0.0
1769450111.4304996,6.749960660934448,-4.995262145996094,-2.1744382449875523,3.179406878195795e-15,2.432957811410972e-15,7.428811250853212e-16,0.0,0.0,0.0,0.0,0.0,0.0
1769450111.4804864,6.749960660934448,-4.995262145996094,-2.1744382449875523,3.5095173938281573e-15,6.367753438688107e-16,7.428811250853212e-16,0.0,0.0,0.0,0.0,0.0,0.0
1769450111.5305307,6.749960660934448,-4.995262145996094,-2.1744382449875523,3.5095173938281573e-15,6.367753438688107e-16,7.428811250853212e-16,0.0,0.0,0.0,0.0,0.0,0.0
1769450111.5804977,6.749960660934448,-4.995262145996094,-2.1744382449875523,3.839642463952321e-15,-1.1594863169185177e-15,7.428811250853212e-16,0.0,0.0,0.0,0.0,0.0,0.0
1769450111.6305153,6.749960660934448,-4.995262145996094,-2.1744382449875523,3.839642463952321e-15,-1.1594863169185177e-15,7.428811250853212e-16,0.0,0.0,0.0,0.0,0.0,0.0
1769450111.6804936,6.749960660934448,-4.995262145996094,-2.1744382449875523,4.1697944095394065e-15,-2.9558942112640727e-15,7.428811250853212e-16,0.0,0.0,0.0,0.0,0.0,0.0
1769450111.7305388,6.749960660934448,-4.995262145996094,-2.1744382449875523,4.1697944095394065e-15,-2.9558942112640727e-15,7.428811250853212e-16,0.0,0.0,0.0,0.0,0.0,0.0
1769450111.780447,6.749960660934448,-4.995262145996094,-2.1744382449875523,3.436728562949438e-15,-4.019084025228294e-15,7.428811250853212e-16,0.0,0.0,0.0,0.0,0.0,0.0
1769450111.8305213,6.749960660934448,-4.995262145996094,-2.1744382449875523,3.436728562949438e-15,-4.019084025228294e-15,7.428811250853212e-16,0.0,0.0,0.0,0.0,0.0,0.0
1769450111.880447,6.749960660934448,-4.995262145996094,-2.1744382449875523,1.640336232679081e-15,-4.3492331103794375e-15,7.428811250853212e-16,0.0,0.0,0.0,0.0,0.0,0.0
1769450111.9305427,6.749960660934448,-4.995262145996094,-2.1744382449875523,1.640336232679081e-15,-4.3492331103794375e-15,7.428811250853212e-16,0.0,0.0,0.0,0.0,0.0,0.0
1769450111.9805136,6.749960660934448,-4.995262145996094,-2.1744382449875523,-1.5581806667268428e-16,-4.679338449134715e-15,7.428811250853212e-16,0.0,0.0,0.0,0.0,0.0,0.0
1769450112.0304892,6.749960660934448,-4.995262145996094,-2.1744382449875523,-1.5581806667268428e-16,-4.679338449134715e-15,7.428811250853212e-16,0.0,0.0,0.0,0.0,0.0,0.0
1769450112.0805695,6.749960660934448,-4.995262145996094,-2.1744382449875523,-1.952218645952158e-15,-5.0094890503259615e-15,7.428811250853212e-16,0.0,0.0,0.0,0.0,0.0,0.0
1769450112.1305554,6.749960660934448,-4.995262145996094,-2.1744382449875523,-1.952218645952158e-15,-5.0094890503259615e-15,7.428811250853212e-16,0.0,0.0,0.0,0.0,0.0,0.0
1769450112.1805537,6.749960660934448,-4.995262145996094,-2.1744382449875523,-3.0154300678291788e-15,-4.2764083051518635e-15,7.428811250853212e-16,0.0,0.0,0.0,0.0,0.0,0.0
1769450112.230518,6.749960660934448,-4.995262145996094,-2.1744382449875523,-3.0154300678291788e-15,-4.2764083051518635e-15,7.428811250853212e-16,0.0,0.0,0.0,0.0,0.0,0.0
1769450112.280496,6.749960660934448,-4.995262145996094,-2.1744382449875523,-3.3455636989391517e-15,-2.480100062714185e-15,7.428811250853212e-16,0.0,0.0,0.0,0.0,0.0,0.0
1769450112.330526,6.749960660934448,-4.995262145996094,-2.1744382449875523,-3.3455636989391517e-15,-2.480100062714185e-15,7.428811250853212e-16,0.0,0.0,0.0,0.0,0.0,0.0
1769450112.3804936,6.749960660934448,-4.995262145996094,-2.1744382449875523,-3.6756969239816665e-15,-6.837940297524709e-16,7.428811250853212e-16,0.0,0.0,0.0,0.0,0.0,0.0
1769450112.4305701,6.749960660934448,-4.995262145996094,-2.1744382449875523,-3.6756969239816665e-15,-6.837940297524709e-16,7.428811250853212e-16,0.0,0.0,0.0,0.0,0.0,0.0
1769450112.480487,6.749960660934448,-4.995262145996094,-2.1744382449875523,-4.005825557937242e-15,1.1124870223938026e-15,7.428811250853212e-16,0.0,0.0,0.0,0.0,0.0,0.0
1769450112.5305166,6.749960660934448,-4.995262145996094,-2.1744382449875523,-4.005825557937242e-15,1.1124870223938026e-15,7.428811250853212e-16,0.0,0.0,0.0,0.0,0.0,0.0
1769450112.5805328,6.749960660934448,-4.995262145996094,-2.1744382449875523,-4.335967320202055e-15,2.9088395077049195e-15,7.428811250853212e-16,0.0,0.0,0.0,0.0,0.0,0.0
1769450112.6305358,6.749960660934448,-4.995262145996094,-2.1744382449875523,-4.335967320202055e-15,2.9088395077049195e-15,7.428811250853212e-16,0.0,0.0,0.0,0.0,0.0,0.0
1769450112.6806815,6.749960660934448,-4.995262145996094,-2.1744382449875523,-3.602893869057417e-15,3.972040350808067e-15,7.428811250853212e-16,0.0,0.0,0.0,0.0,0.0,0.0
1769450112.7305598,6.749960660934448,-4.995262145996094,-2.1744382449875523,-3.602893869057417e-15,3.972040350808067e-15,7.428811250853212e-16,0.0,0.0,0.0,0.0,0.0,0.0
1769450112.7805128,6.749960660934448,-4.995262145996094,-2.1744382449875523,-1.8066527661503006e-15,4.3021616427122775e-15,7.428811250853212e-16,0.0,0.0,0.0,0.0,0.0,0.0
1769450112.8305259,6.749960660934448,-4.995262145996094,-2.1744382449875523,-1.8066527661503006e-15,4.3021616427122775e-15,7.428811250853212e-16,0.0,0.0,0.0,0.0,0.0,0.0
1769450112.8804898,6.749960660934448,-4.995262145996094,-2.1744382449875523,-1.025006517756954e-17,4.632312633837881e-15,7.428811250853212e-16,0.0,0.0,0.0,0.0,0.0,0.0
1769450112.930523,6.749960660934448,-4.995262145996094,-2.1744382449875523,-1.025006517756954e-17,4.632312633837881e-15,7.428811250853212e-16,0.0,0.0,0.0,0.0,0.0,0.0
1769450112.980533,6.749960660934448,-4.995262145996094,-2.1744382449875523,1.7860655083751223e-15,4.962447612293238e-15,7.428811250853212e-16,0.0,0.0,0.0,0.0,0.0,0.0
1769450113.030512,6.749960660934448,-4.995262145996094,-2.1744382449875523,1.7860655083751223e-15,4.962447612293238e-15,7.428811250853212e-16,0.0,0.0,0.0,0.0,0.0,0.0
1769450113.0805144,6.749960660934448,-4.995262145996094,-2.1744382449875523,2.849359251815111e-15,4.229310106674808e-15,7.428811250853212e-16,0.0,0.0,0.0,0.0,0.0,0.0
1769450113.1305168,6.749960660934448,-4.995262145996094,-2.1744382449875523,2.849359251815111e-15,4.229310106674808e-15,7.428811250853212e-16,0.0,0.0,0.0,0.0,0.0,0.0
1769450113.1805387,6.749960660934448,-4.995262145996094,-2.1744382449875523,3.1794413381224156e-15,2.4332823274955255e-15,7.428811250853212e-16,0.0,0.0,0.0,0.0,0.0,0.0
1769450113.2305317,6.749960660934448,-4.995262145996094,-2.1744382449875523,3.1794413381224156e-15,2.4332823274955255e-15,7.428811250853212e-16,0.0,0.0,0.0,0.0,0.0,0.0
1769450113.2806008,6.749960660934448,-4.995262145996094,-2.1744382449875523,3.509559896271628e-15,6.370560993729613e-16,7.428811250853212e-16,0.0,0.0,0.0,0.0,0.0,0.0
1769450113.3305151,6.749960660934448,-4.995262145996094,-2.1744382449875523,3.509559896271628e-15,6.370560993729613e-16,7.428811250853212e-16,0.0,0.0,0.0,0.0,0.0,0.0
1769450113.3805773,6.749960660934448,-4.995262145996094,-2.1744382449875523,3.839689003723422e-15,-1.1592275291396073e-15,7.428811250853212e-16,0.0,0.0,0.0,0.0,0.0,0.0
1769450113.4305832,6.749960660934448,-4.995262145996094,-2.1744382449875523,3.839689003723422e-15,-1.1592275291396073e-15,7.428811250853212e-16,0.0,0.0,0.0,0.0,0.0,0.0
1769450113.4805965,6.749960660934448,-4.995262145996094,-2.1744382449875523,4.1698363055888435e-15,-2.9556101562760215e-15,7.428811250853212e-16,0.0,0.0,0.0,0.0,0.0,0.0
1769450113.530581,6.749960660934448,-4.995262145996094,-2.1744382449875523,4.1698363055888435e-15,-2.9556101562760215e-15,7.428811250853212e-16,0.0,0.0,0.0,0.0,0.0,0.0
1769450113.5805838,6.749960660934448,-4.995262145996094,-2.1744382449875523,3.4367496586606465e-15,-4.018830137663584e-15,7.428811250853212e-16,0.0,0.0,0.0,0.0,0.0,0.0
1769450113.6306193,6.749960660934448,-4.995262145996094,-2.1744382449875523,3.4367496586606465e-15,-4.018830137663584e-15,7.428811250853212e-16,0.0,0.0,0.0,0.0,0.0,0.0
1769450113.6804922,6.749960660934448,-4.995262145996094,-2.1744382449875523,1.6403172804751399e-15,-4.348986583001211e-15,7.428811250853212e-16,0.0,0.0,0.0,0.0,0.0,0.0
1769450113.7305193,6.749960660934448,-4.995262145996094,-2.1744382449875523,1.6403172804751399e-15,-4.348986583001211e-15,7.428811250853212e-16,0.0,0.0,0.0,0.0,0.0,0.0
1769450113.7805245,6.749960660934448,-4.995262145996094,-2.1744382449875523,-1.557891360559963e-16,-4.679083121635737e-15,7.428811250853212e-16,0.0,0.0,0.0,0.0,0.0,0.0
1769450113.8305178,6.749960660934448,-4.995262145996094,-2.1744382449875523,-1.557891360559963e-16,-4.679083121635737e-15,7.428811250853212e-16,0.0,0.0,0.0,0.0,0.0,0.0
1769450113.8804302,6.749960660934448,-4.995262145996094,-2.1744382449875523,-1.952513232842716e-15,-5.009293180333703e-15,7.428811250853212e-16,0.0,0.0,0.0,0.0,0.0,0.0
1769450113.9305782,6.749960660934448,-4.995262145996094,-2.1744382449875523,-1.952513232842716e-15,-5.009293180333703e-15,7.428811250853212e-16,0.0,0.0,0.0,0.0,0.0,0.0
1769450113.9805949,6.749960660934448,-4.995262145996094,-2.1744382449875523,-3.015706417312695e-15,-4.276225009791206e-15,7.428811250853212e-16,0.0,0.0,0.0,0.0,0.0,0.0
1769450114.0305753,6.749960660934448,-4.995262145996094,-2.1744382449875523,-3.015706417312695e-15,-4.276225009791206e-15,7.428811250853212e-16,0.0,0.0,0.0,0.0,0.0,0.0
1769450114.080589,6.749960660934448,-4.995262145996094,-2.1744382449875523,-3.3457995630205675e-15,-2.4801370546997357e-15,7.428811250853212e-16,0.0,0.0,0.0,0.0,0.0,0.0
1769450114.1304607,6.749960660934448,-4.995262145996094,-2.1744382449875523,-3.3457995630205675e-15,-2.4801370546997357e-15,7.428811250853212e-16,0.0,0.0,0.0,0.0,0.0,0.0
1769450114.1805177,6.749960660934448,-4.995262145996094,-2.1744382449875523,-3.675927575573112e-15,-6.838593837036417e-16,7.428811250853212e-16,0.0,0.0,0.0,0.0,0.0,0.0
1769450114.2305717,6.749960660934448,-4.995262145996094,-2.1744382449875523,-3.675927575573112e-15,-6.838593837036417e-16,7.428811250853212e-16,0.0,0.0,0.0,0.0,0.0,0.0
1769450114.2805743,6.749960660934448,-4.995262145996094,-2.1744382449875523,-4.006091783879541e-15,1.112615233998016e-15,7.428811250853212e-16,0.0,0.0,0.0,0.0,0.0,0.0
1769450114.330563,6.749960660934448,-4.995262145996094,-2.1744382449875523,-4.006091783879541e-15,1.112615233998016e-15,7.428811250853212e-16,0.0,0.0,0.0,0.0,0.0,0.0
1769450114.3805869,6.749960660934448,-4.995262145996094,-2.1744382449875523,-4.3362530072882856e-15,2.909073610408854e-15,7.428811250853212e-16,0.0,0.0,0.0,0.0,0.0,0.0
1769450114.430554,6.749960660934448,-4.995262145996094,-2.1744382449875523,-4.3362530072882856e-15,2.909073610408854e-15,7.428811250853212e-16,0.0,0.0,0.0,0.0,0.0,0.0
1769450114.4805856,6.749960660934448,-4.995262145996094,-2.1744382449875523,-3.6033305554201055e-15,3.972055454231934e-15,7.428811250853212e-16,0.0,0.0,0.0,0.0,0.0,0.0
1769450114.5305738,6.749960660934448,-4.995262145996094,-2.1744382449875523,-3.6033305554201055e-15,3.972055454231934e-15,7.428811250853212e-16,0.0,0.0,0.0,0.0,0.0,0.0
1769450114.5805244,6.749960660934448,-4.995262145996094,-2.1744382449875523,-1.8070095890576112e-15,4.302191423802202e-15,7.428811250853212e-16,0.0,0.0,0.0,0.0,0.0,0.0
1769450114.6305168,6.749960660934448,-4.995262145996094,-2.1744382449875523,-1.8070095890576112e-15,4.302191423802202e-15,7.428811250853212e-16,0.0,0.0,0.0,0.0,0.0,0.0
1769450114.6804035,6.749960660934448,-4.995262145996094,-2.1744382449875523,-1.0760092912410747e-17,4.632314258253566e-15,7.428811250853212e-16,0.0,0.0,0.0,0.0,0.0,0.0
1769450114.7305448,6.749960660934448,-4.995262145996094,-2.1744382449875523,-1.0760092912410747e-17,4.632314258253566e-15,7.428811250853212e-16,0.0,0.0,0.0,0.0,0.0,0.0
1769450114.7805119,6.749960660934448,-4.995262145996094,-2.1744382449875523,1.7855562437708944e-15,4.9624493769605096e-15,7.428811250853212e-16,0.0,0.0,0.0,0.0,0.0,0.0
1769450114.8305607,6.749960660934448,-4.995262145996094,-2.1744382449875523,1.7855562437708944e-15,4.9624493769605096e-15,7.428811250853212e-16,0.0,0.0,0.0,0.0,0.0,0.0
1769450114.8804836,6.749960660934448,-4.995262145996094,-2.1744382449875523,2.8490913051193326e-15,4.229145483445458e-15,7.428811250853212e-16,0.0,0.0,0.0,0.0,0.0,0.0
1769450114.9304442,6.749960660934448,-4.995262145996094,-2.1744382449875523,2.8490913051193326e-15,4.229145483445458e-15,7.428811250853212e-16,0.0,0.0,0.0,0.0,0.0,0.0
1769450114.9804862,6.749960660934448,-4.995262145996094,-2.1744382449875523,3.1792562477517797e-15,2.432666870162148e-15,7.428811250853212e-16,0.0,0.0,0.0,0.0,0.0,0.0
1769450115.0305624,6.749960660934448,-4.995262145996094,-2.1744382449875523,3.1792562477517797e-15,2.432666870162148e-15,7.428811250853212e-16,0.0,0.0,0.0,0.0,0.0,0.0
1769450115.0804875,6.749960660934448,-4.995262145996094,-2.1744382449875523,3.509350542104236e-15,6.365726651175102e-16,7.428811250853212e-16,0.0,0.0,0.0,0.0,0.0,0.0
1769450115.1304226,6.749960660934448,-4.995262145996094,-2.1744382449875523,3.509350542104236e-15,6.365726651175102e-16,7.428811250853212e-16,0.0,0.0,0.0,0.0,0.0,0.0
1769450115.1804519,6.749960660934448,-4.995262145996094,-2.1744382449875523,3.839420745327483e-15,-1.159390456360083e-15,7.428811250853212e-16,0.0,0.0,0.0,0.0,0.0,0.0
1769450115.2305424,6.749960660934448,-4.995262145996094,-2.1744382449875523,3.839420745327483e-15,-1.159390456360083e-15,7.428811250853212e-16,0.0,0.0,0.0,0.0,0.0,0.0
1769450115.280498,6.749960660934448,-4.995262145996094,-2.1744382449875523,4.169540656661278e-15,-2.95562404736964e-15,7.428811250853212e-16,0.0,0.0,0.0,0.0,0.0,0.0
1769450115.3304863,6.749960660934448,-4.995262145996094,-2.1744382449875523,4.169540656661278e-15,-2.95562404736964e-15,7.428811250853212e-16,0.0,0.0,0.0,0.0,0.0,0.0
1769450115.3805332,6.749960660934448,-4.995262145996094,-2.1744382449875523,3.436445441552277e-15,-4.018856455475209e-15,7.428811250853212e-16,0.0,0.0,0.0,0.0,0.0,0.0
1769450115.430517,6.749960660934448,-4.995262145996094,-2.1744382449875523,3.436445441552277e-15,-4.018856455475209e-15,7.428811250853212e-16,0.0,0.0,0.0,0.0,0.0,0.0
1769450115.4805071,6.749960660934448,-4.995262145996094,-2.1744382449875523,1.640162790752885e-15,-4.3489853832384654e-15,7.428811250853212e-16,0.0,0.0,0.0,0.0,0.0,0.0
1769450115.530513,6.749960660934448,-4.995262145996094,-2.1744382449875523,1.640162790752885e-15,-4.3489853832384654e-15,7.428811250853212e-16,0.0,0.0,0.0,0.0,0.0,0.0
1769450115.5804112,6.749960660934448,-4.995262145996094,-2.1744382449875523,-1.5646508289015172e-16,-4.679177757613067e-15,7.428811250853212e-16,0.0,0.0,0.0,0.0,0.0,0.0
1769450115.6309586,6.749960660934448,-4.995262145996094,-2.1744382449875523,-1.5646508289015172e-16,-4.679177757613067e-15,7.428811250853212e-16,0.0,0.0,0.0,0.0,0.0,0.0
1769450115.6804264,6.749960660934448,-4.995262145996094,-2.1744382449875523,-1.95317455012921e-15,-5.009385127626777e-15,7.428811250853212e-16,0.0,0.0,0.0,0.0,0.0,0.0
1769450115.7304044,6.749960660934448,-4.995262145996094,-2.1744382449875523,-1.95317455012921e-15,-5.009385127626777e-15,7.428811250853212e-16,0.0,0.0,0.0,0.0,0.0,0.0
1769450115.7805676,6.749960660934448,-4.995262145996094,-2.1744382449875523,-3.015983877443973e-15,-4.276581625318269e-15,7.428811250853212e-16,0.0,0.0,0.0,0.0,0.0,0.0
1769450115.8306026,6.749960660934448,-4.995262145996094,-2.1744382449875523,-3.015983877443973e-15,-4.276581625318269e-15,7.428811250853212e-16,0.0,0.0,0.0,0.0,0.0,0.0
1769450115.8805807,6.749960660934448,-4.995262145996094,-2.1744382449875523,-3.3461343452382993e-15,-2.4801817718721094e-15,7.428811250853212e-16,0.0,0.0,0.0,0.0,0.0,0.0
1769450115.9305985,6.749960660934448,-4.995262145996094,-2.1744382449875523,-3.3461343452382993e-15,-2.4801817718721094e-15,7.428811250853212e-16,0.0,0.0,0.0,0.0,0.0,0.0
1769450115.980474,6.749960660934448,-4.995262145996094,-2.1744382449875523,-3.6762668299640404e-15,-6.838797670886722e-16,7.428811250853212e-16,0.0,0.0,0.0,0.0,0.0,0.0
1769450116.030537,6.749960660934448,-4.995262145996094,-2.1744382449875523,-3.6762668299640404e-15,-6.838797670886722e-16,7.428811250853212e-16,0.0,0.0,0.0,0.0,0.0,0.0
1769450116.0805395,6.749960660934448,-4.995262145996094,-2.1744382449875523,-4.006432601673752e-15,1.1126033573325013e-15,7.428811250853212e-16,0.0,0.0,0.0,0.0,0.0,0.0
1769450116.1305685,6.749960660934448,-4.995262145996094,-2.1744382449875523,-4.006432601673752e-15,1.1126033573325013e-15,7.428811250853212e-16,0.0,0.0,0.0,0.0,0.0,0.0
1769450116.1805038,6.749960660934448,-4.995262145996094,-2.1744382449875523,-4.33653359775901e-15,2.9087340275437738e-15,7.428811250853212e-16,0.0,0.0,0.0,0.0,0.0,0.0
1769450116.2305481,6.749960660934448,-4.995262145996094,-2.1744382449875523,-4.33653359775901e-15,2.9087340275437738e-15,7.428811250853212e-16,0.0,0.0,0.0,0.0,0.0,0.0
1769450116.2805343,6.749960660934448,-4.995262145996094,-2.1744382449875523,-3.603405424209626e-15,3.972014236373196e-15,7.428811250853212e-16,0.0,0.0,0.0,0.0,0.0,0.0
1769450116.3304994,6.749960660934448,-4.995262145996094,-2.1744382449875523,-3.603405424209626e-15,3.972014236373196e-15,7.428811250853212e-16,0.0,0.0,0.0,0.0,0.0,0.0
1769450116.3805056,6.749960660934448,-4.995262145996094,-2.1744382449875523,-1.8070210613878656e-15,4.302161857230699e-15,7.428811250853212e-16,0.0,0.0,0.0,0.0,0.0,0.0
1769450116.4305367,6.749960660934448,-4.995262145996094,-2.1744382449875523,-1.8070210613878656e-15,4.302161857230699e-15,7.428811250853212e-16,0.0,0.0,0.0,0.0,0.0,0.0
1769450116.480485,6.749960660934448,-4.995262145996094,-2.1744382449875523,-1.0938866014085766e-17,4.632253944391675e-15,7.428811250853212e-16,0.0,0.0,0.0,0.0,0.0,0.0
1769450116.5305173,6.749960660934448,-4.995262145996094,-2.1744382449875523,-1.0938866014085766e-17,4.632253944391675e-15,7.428811250853212e-16,0.0,0.0,0.0,0.0,0.0,0.0
1769450116.5805945,6.749960660934448,-4.995262145996094,-2.1744382449875523,1.78534882908162e-15,4.9623837992184606e-15,7.428811250853212e-16,0.0,0.0,0.0,0.0,0.0,0.0
1769450116.6305125,6.749960660934448,-4.995262145996094,-2.1744382449875523,1.78534882908162e-15,4.9623837992184606e-15,7.428811250853212e-16,0.0,0.0,0.0,0.0,0.0,0.0
1769450116.680613,6.749960660934448,-4.995262145996094,-2.1744382449875523,2.848547751740421e-15,4.2293116722138235e-15,7.428811250853212e-16,0.0,0.0,0.0,0.0,0.0,0.0
1769450116.7306015,6.749960660934448,-4.995262145996094,-2.1744382449875523,2.848547751740421e-15,4.2293116722138235e-15,7.428811250853212e-16,0.0,0.0,0.0,0.0,0.0,0.0
1769450116.780568,6.749960660934448,-4.995262145996094,-2.1744382449875523,3.1786950228278974e-15,2.432929212544977e-15,7.428811250853212e-16,0.0,0.0,0.0,0.0,0.0,0.0
1769450116.8305402,6.749960660934448,-4.995262145996094,-2.1744382449875523,3.1786950228278974e-15,2.432929212544977e-15,7.428811250853212e-16,0.0,0.0,0.0,0.0,0.0,0.0
1769450116.8805203,6.749960660934448,-4.995262145996094,-2.1744382449875523,3.508889864259483e-15,6.362879152626109e-16,7.428811250853212e-16,0.0,0.0,0.0,0.0,0.0,0.0
1769450116.9305484,6.749960660934448,-4.995262145996094,-2.1744382449875523,3.508889864259483e-15,6.362879152626109e-16,7.428811250853212e-16,0.0,0.0,0.0,0.0,0.0,0.0
1769450116.9805276,6.749960660934448,-4.995262145996094,-2.1744382449875523,3.839042145831315e-15,-1.1601218072280064e-15,7.428811250853212e-16,0.0,0.0,0.0,0.0,0.0,0.0
1769450117.030521,6.749960660934448,-4.995262145996094,-2.1744382449875523,3.839042145831315e-15,-1.1601218072280064e-15,7.428811250853212e-16,0.0,0.0,0.0,0.0,0.0,0.0
1769450117.0805879,6.749960660934448,-4.995262145996094,-2.1744382449875523,4.169128630275445e-15,-2.9561735173512637e-15,7.428811250853212e-16,0.0,0.0,0.0,0.0,0.0,0.0
1769450117.1305492,6.749960660934448,-4.995262145996094,-2.1744382449875523,4.169128630275445e-15,-2.9561735173512637e-15,7.428811250853212e-16,0.0,0.0,0.0,0.0,0.0,0.0
1769450117.1806922,6.749960660934448,-4.995262145996094,-2.1744382449875523,3.436116885291582e-15,-4.019284865954156e-15,7.428811250853212e-16,0.0,0.0,0.0,0.0,0.0,0.0
1769450117.2305617,6.749960660934448,-4.995262145996094,-2.1744382449875523,3.436116885291582e-15,-4.019284865954156e-15,7.428811250853212e-16,0.0,0.0,0.0,0.0,0.0,0.0
1769450117.2805166,6.749960660934448,-4.995262145996094,-2.1744382449875523,1.6393804817673933e-15,-4.349497186439844e-15,7.428811250853212e-16,0.0,0.0,0.0,0.0,0.0,0.0
1769450117.33056,6.749960660934448,-4.995262145996094,-2.1744382449875523,1.6393804817673933e-15,-4.349497186439844e-15,7.428811250853212e-16,0.0,0.0,0.0,0.0,0.0,0.0
1769450117.3805482,6.749960660934448,-4.995262145996094,-2.1744382449875523,-1.5701925324069668e-16,-4.6796476324670874e-15,7.428811250853212e-16,0.0,0.0,0.0,0.0,0.0,0.0
1769450117.4305794,6.749960660934448,-4.995262145996094,-2.1744382449875523,-1.5701925324069668e-16,-4.6796476324670874e-15,7.428811250853212e-16,0.0,0.0,0.0,0.0,0.0,0.0
1769450117.4805412,6.749960660934448,-4.995262145996094,-2.1744382449875523,-1.953367027694143e-15,-5.0097885289492286e-15,7.428811250853212e-16,0.0,0.0,0.0,0.0,0.0,0.0
1769450117.5305665,6.749960660934448,-4.995262145996094,-2.1744382449875523,-1.953367027694143e-15,-5.0097885289492286e-15,7.428811250853212e-16,0.0,0.0,0.0,0.0,0.0,0.0
1769450117.5804772,6.749960660934448,-4.995262145996094,-2.1744382449875523,-3.0163312374325043e-15,-4.2768782357239105e-15,7.428811250853212e-16,0.0,0.0,0.0,0.0,0.0,0.0
1769450117.6305463,6.749960660934448,-4.995262145996094,-2.1744382449875523,-3.0163312374325043e-15,-4.2768782357239105e-15,7.428811250853212e-16,0.0,0.0,0.0,0.0,0.0,0.0
1769450117.6805823,6.749960660934448,-4.995262145996094,-2.1744382449875523,-3.3479693466275667e-15,-2.472383894900172e-15,7.428811250853212e-16,0.0,0.0,0.0,0.0,0.0,0.0
1769450117.730552,6.749960660934448,-4.995262145996094,-2.1744382449875523,-3.3479693466275667e-15,-2.472383894900172e-15,7.428811250853212e-16,0.0,0.0,0.0,0.0,0.0,0.0
1769450117.7805045,6.749960660934448,-4.995262145996094,-2.1744382449875523,-3.67684498892201e-15,-6.829205645383519e-16,7.428811250853212e-16,0.0,0.0,0.0,0.0,0.0,0.0
1769450117.8305173,6.749960660934448,-4.995262145996094,-2.1744382449875523,-3.67684498892201e-15,-6.829205645383519e-16,7.428811250853212e-16,0.0,0.0,0.0,0.0,0.0,0.0
1769450117.8804905,6.749960660934448,-4.995262145996094,-2.1744382449875523,-4.006714132549894e-15,1.111948560525858e-15,7.428811250853212e-16,0.0,0.0,0.0,0.0,0.0,0.0
1769450117.9305358,6.749960660934448,-4.995262145996094,-2.1744382449875523,-4.006714132549894e-15,1.111948560525858e-15,7.428811250853212e-16,0.0,0.0,0.0,0.0,0.0,0.0
1769450117.9804957,6.749960660934448,-4.995262145996094,-2.1744382449875523,-4.336908741823493e-15,2.90858859460064e-15,7.428811250853212e-16,0.0,0.0,0.0,0.0,0.0,0.0
1769450118.0305324,6.749960660934448,-4.995262145996094,-2.1744382449875523,-4.336908741823493e-15,2.90858859460064e-15,7.428811250853212e-16,0.0,0.0,0.0,0.0,0.0,0.0
1769450118.0805168,6.749960660934448,-4.995262145996094,-2.1744382449875523,-3.603818629970293e-15,3.971813601284344e-15,7.428811250853212e-16,0.0,0.0,0.0,0.0,0.0,0.0
1769450118.1305242,6.749960660934448,-4.995262145996094,-2.1744382449875523,-3.603818629970293e-15,3.971813601284344e-15,7.428811250853212e-16,0.0,0.0,0.0,0.0,0.0,0.0
1769450118.1804972,6.749960660934448,-4.995262145996094,-2.1744382449875523,-1.807176705498806e-15,4.3020085579835754e-15,7.428811250853212e-16,0.0,0.0,0.0,0.0,0.0,0.0
1769450118.2304878,6.749960660934448,-4.995262145996094,-2.1744382449875523,-1.807176705498806e-15,4.3020085579835754e-15,7.428811250853212e-16,0.0,0.0,0.0,0.0,0.0,0.0
1769450118.2805023,6.749960660934448,-4.995262145996094,-2.1744382449875523,-1.0960066259987248e-17,4.632125353844483e-15,7.428811250853212e-16,0.0,0.0,0.0,0.0,0.0,0.0
1769450118.330503,6.749960660934448,-4.995262145996094,-2.1744382449875523,-1.0960066259987248e-17,4.632125353844483e-15,7.428811250853212e-16,0.0,0.0,0.0,0.0,0.0,0.0
1769450118.3805583,6.749960660934448,-4.995262145996094,-2.1744382449875523,1.7849092871542862e-15,4.962178323950109e-15,7.428811250853212e-16,0.0,0.0,0.0,0.0,0.0,0.0
1769450118.4305096,6.749960660934448,-4.995262145996094,-2.1744382449875523,1.7849092871542862e-15,4.962178323950109e-15,7.428811250853212e-16,0.0,0.0,0.0,0.0,0.0,0.0
1769450118.4805129,6.749960660934448,-4.995262145996094,-2.1744382449875523,2.848091285053314e-15,4.2291178665111396e-15,7.428811250853212e-16,0.0,0.0,0.0,0.0,0.0,0.0
1769450118.5305126,6.749960660934448,-4.995262145996094,-2.1744382449875523,2.848091285053314e-15,4.2291178665111396e-15,7.428811250853212e-16,0.0,0.0,0.0,0.0,0.0,0.0
1769450118.580538,6.749960660934448,-4.995262145996094,-2.1744382449875523,3.1782273046674802e-15,2.4327966278520353e-15,7.428811250853212e-16,0.0,0.0,0.0,0.0,0.0,0.0
1769450118.6305532,6.749960660934448,-4.995262145996094,-2.1744382449875523,3.1782273046674802e-15,2.4327966278520353e-15,7.428811250853212e-16,0.0,0.0,0.0,0.0,0.0,0.0
1769450118.6805134,6.749960660934448,-4.995262145996094,-2.1744382449875523,3.50831521099258e-15,6.367371810540948e-16,7.428811250853212e-16,0.0,0.0,0.0,0.0,0.0,0.0
1769450118.7305512,6.749960660934448,-4.995262145996094,-2.1744382449875523,3.50831521099258e-15,6.367371810540948e-16,7.428811250853212e-16,0.0,0.0,0.0,0.0,0.0,0.0
1769450118.780468,6.749960660934448,-4.995262145996094,-2.1744382449875523,3.838453246897151e-15,-1.1595950285535291e-15,7.428811250853212e-16,0.0,0.0,0.0,0.0,0.0,0.0
1769450118.8305233,6.749960660934448,-4.995262145996094,-2.1744382449875523,3.838453246897151e-15,-1.1595950285535291e-15,7.428811250853212e-16,0.0,0.0,0.0,0.0,0.0,0.0
1769450118.8804722,6.749960660934448,-4.995262145996094,-2.1744382449875523,4.168612594518304e-15,-2.9560431985134212e-15,7.428811250853212e-16,0.0,0.0,0.0,0.0,0.0,0.0
1769450118.9305153,6.749960660934448,-4.995262145996094,-2.1744382449875523,4.168612594518304e-15,-2.9560431985134212e-15,7.428811250853212e-16,0.0,0.0,0.0,0.0,0.0,0.0
1769450118.980479,6.749960660934448,-4.995262145996094,-2.1744382449875523,3.4356197628754292e-15,-4.019127116467921e-15,7.428811250853212e-16,0.0,0.0,0.0,0.0,0.0,0.0
1769450119.0305092,6.749960660934448,-4.995262145996094,-2.1744382449875523,3.4356197628754292e-15,-4.019127116467921e-15,7.428811250853212e-16,0.0,0.0,0.0,0.0,0.0,0.0
1769450119.0804904,6.749960660934448,-4.995262145996094,-2.1744382449875523,1.6394341089134498e-15,-4.349238217714891e-15,7.428811250853212e-16,0.0,0.0,0.0,0.0,0.0,0.0
1769450119.1305711,6.749960660934448,-4.995262145996094,-2.1744382449875523,1.6394341089134498e-15,-4.349238217714891e-15,7.428811250853212e-16,0.0,0.0,0.0,0.0,0.0,0.0
1769450119.1805053,6.749960660934448,-4.995262145996094,-2.1744382449875523,-1.5714202930021022e-16,-4.679421083918927e-15,7.428811250853212e-16,0.0,0.0,0.0,0.0,0.0,0.0
1769450119.2305331,6.749960660934448,-4.995262145996094,-2.1744382449875523,-1.5714202930021022e-16,-4.679421083918927e-15,7.428811250853212e-16,0.0,0.0,0.0,0.0,0.0,0.0
1769450119.2804897,6.749960660934448,-4.995262145996094,-2.1744382449875523,-1.953560019404276e-15,-5.00957488495005e-15,7.428811250853212e-16,0.0,0.0,0.0,0.0,0.0,0.0
1769450119.3305404,6.749960660934448,-4.995262145996094,-2.1744382449875523,-1.953560019404276e-15,-5.00957488495005e-15,7.428811250853212e-16,0.0,0.0,0.0,0.0,0.0,0.0
1769450119.3804972,6.749960660934448,-4.995262145996094,-2.1744382449875523,-3.0167542589391178e-15,-4.276505986943833e-15,7.428811250853212e-16,0.0,0.0,0.0,0.0,0.0,0.0
1769450119.430508,6.749960660934448,-4.995262145996094,-2.1744382449875523,-3.0167542589391178e-15,-4.276505986943833e-15,7.428811250853212e-16,0.0,0.0,0.0,0.0,0.0,0.0
1769450119.4805088,6.749960660934448,-4.995262145996094,-2.1744382449875523,-3.346895021943008e-15,-2.480158938766233e-15,7.428811250853212e-16,0.0,0.0,0.0,0.0,0.0,0.0
1769450119.5305548,6.749960660934448,-4.995262145996094,-2.1744382449875523,-3.346895021943008e-15,-2.480158938766233e-15,7.428811250853212e-16,0.0,0.0,0.0,0.0,0.0,0.0
1769450119.5805006,6.749960660934448,-4.995262145996094,-2.1744382449875523,-3.6769816904601526e-15,-6.841062270731827e-16,7.428811250853212e-16,0.0,0.0,0.0,0.0,0.0,0.0
1769450119.6305077,6.749960660934448,-4.995262145996094,-2.1744382449875523,-3.6769816904601526e-15,-6.841062270731827e-16,7.428811250853212e-16,0.0,0.0,0.0,0.0,0.0,0.0
1769450119.6805332,6.749960660934448,-4.995262145996094,-2.1744382449875523,-4.007078143193303e-15,1.111999722055265e-15,7.428811250853212e-16,0.0,0.0,0.0,0.0,0.0,0.0
1769450119.7305133,6.749960660934448,-4.995262145996094,-2.1744382449875523,-4.007078143193303e-15,1.111999722055265e-15,7.428811250853212e-16,0.0,0.0,0.0,0.0,0.0,0.0
1769450119.7805789,6.749960660934448,-4.995262145996094,-2.1744382449875523,-4.33720906980677e-15,2.9082932489083837e-15,7.428811250853212e-16,0.0,0.0,0.0,0.0,0.0,0.0
1769450119.8305438,6.749960660934448,-4.995262145996094,-2.1744382449875523,-4.33720906980677e-15,2.9082932489083837e-15,7.428811250853212e-16,0.0,0.0,0.0,0.0,0.0,0.0
1769450119.8805196,6.749960660934448,-4.995262145996094,-2.1744382449875523,-3.6040957339411305e-15,3.9715519381508636e-15,7.428811250853212e-16,0.0,0.0,0.0,0.0,0.0,0.0
1769450119.9305022,6.749960660934448,-4.995262145996094,-2.1744382449875523,-3.6040957339411305e-15,3.9715519381508636e-15,7.428811250853212e-16,0.0,0.0,0.0,0.0,0.0,0.0
1769450119.9804728,6.749960660934448,-4.995262145996094,-2.1744382449875523,-1.807530929448013e-15,4.301732721392618e-15,7.428811250853212e-16,0.0,0.0,0.0,0.0,0.0,0.0
1769450120.0304232,6.749960660934448,-4.995262145996094,-2.1744382449875523,-1.807530929448013e-15,4.301732721392618e-15,7.428811250853212e-16,0.0,0.0,0.0,0.0,0.0,0.0
1769450120.0804462,6.749960660934448,-4.995262145996094,-2.1744382449875523,-1.1001717653237481e-17,4.631906963247729e-15,7.428811250853212e-16,0.0,0.0,0.0,0.0,0.0,0.0
1769450120.1305196,6.749960660934448,-4.995262145996094,-2.1744382449875523,-1.1001717653237481e-17,4.631906963247729e-15,7.428811250853212e-16,0.0,0.0,0.0,0.0,0.0,0.0
1769450120.1804688,6.749960660934448,-4.995262145996094,-2.1744382449875523,1.785104797702225e-15,4.962003520044635e-15,7.428811250853212e-16,0.0,0.0,0.0,0.0,0.0,0.0
1769450120.2305124,6.749960660934448,-4.995262145996094,-2.1744382449875523,1.785104797702225e-15,4.962003520044635e-15,7.428811250853212e-16,0.0,0.0,0.0,0.0,0.0,0.0
1769450120.280466,6.749960660934448,-4.995262145996094,-2.1744382449875523,2.8483425761643133e-15,4.228904602092646e-15,7.428811250853212e-16,0.0,0.0,0.0,0.0,0.0,0.0
1769450120.3305292,6.749960660934448,-4.995262145996094,-2.1744382449875523,2.8483425761643133e-15,4.228904602092646e-15,7.428811250853212e-16,0.0,0.0,0.0,0.0,0.0,0.0
1769450120.3805084,6.749960660934448,-4.995262145996094,-2.1744382449875523,3.1784303590542668e-15,2.4328458269244645e-15,7.428811250853212e-16,0.0,0.0,0.0,0.0,0.0,0.0
1769450120.4305856,6.749960660934448,-4.995262145996094,-2.1744382449875523,3.1784303590542668e-15,2.4328458269244645e-15,7.428811250853212e-16,0.0,0.0,0.0,0.0,0.0,0.0
1769450120.480494,6.749960660934448,-4.995262145996094,-2.1744382449875523,3.508637099686432e-15,6.361397842479159e-16,7.428811250853212e-16,0.0,0.0,0.0,0.0,0.0,0.0
1769450120.5305638,6.749960660934448,-4.995262145996094,-2.1744382449875523,3.508637099686432e-15,6.361397842479159e-16,7.428811250853212e-16,0.0,0.0,0.0,0.0,0.0,0.0
1769450120.5805597,6.749960660934448,-4.995262145996094,-2.1744382449875523,3.83871656625832e-15,-1.1598737405450246e-15,7.428811250853212e-16,0.0,0.0,0.0,0.0,0.0,0.0
1769450120.6304667,6.749960660934448,-4.995262145996094,-2.1744382449875523,3.83871656625832e-15,-1.1598737405450246e-15,7.428811250853212e-16,0.0,0.0,0.0,0.0,0.0,0.0
1769450120.6804726,6.749960660934448,-4.995262145996094,-2.1744382449875523,4.168827604623194e-15,-2.9560590523557847e-15,7.428811250853212e-16,0.0,0.0,0.0,0.0,0.0,0.0
1769450120.7305737,6.749960660934448,-4.995262145996094,-2.1744382449875523,4.168827604623194e-15,-2.9560590523557847e-15,7.428811250853212e-16,0.0,0.0,0.0,0.0,0.0,0.0
1769450120.7805028,6.749960660934448,-4.995262145996094,-2.1744382449875523,3.4357533614900995e-15,-4.019261044106171e-15,7.428811250853212e-16,0.0,0.0,0.0,0.0,0.0,0.0
1769450120.830505,6.749960660934448,-4.995262145996094,-2.1744382449875523,3.4357533614900995e-15,-4.019261044106171e-15,7.428811250853212e-16,0.0,0.0,0.0,0.0,0.0,0.0
1769450120.8805013,6.749960660934448,-4.995262145996094,-2.1744382449875523,1.6394092726945123e-15,-4.349401263221487e-15,7.428811250853212e-16,0.0,0.0,0.0,0.0,0.0,0.0
1769450120.9305215,6.749960660934448,-4.995262145996094,-2.1744382449875523,1.6394092726945123e-15,-4.349401263221487e-15,7.428811250853212e-16,0.0,0.0,0.0,0.0,0.0,0.0
1769450120.9805763,6.749960660934448,-4.995262145996094,-2.1744382449875523,-1.5680242563903853e-16,-4.679517151020537e-15,7.428811250853212e-16,0.0,0.0,0.0,0.0,0.0,0.0
1769450121.0305183,6.749960660934448,-4.995262145996094,-2.1744382449875523,-1.5680242563903853e-16,-4.679517151020537e-15,7.428811250853212e-16,0.0,0.0,0.0,0.0,0.0,0.0
1769450121.0805514,6.749960660934448,-4.995262145996094,-2.1744382449875523,-1.952949345503341e-15,-5.0096211335403235e-15,7.428811250853212e-16,0.0,0.0,0.0,0.0,0.0,0.0
1769450121.130504,6.749960660934448,-4.995262145996094,-2.1744382449875523,-1.952949345503341e-15,-5.0096211335403235e-15,7.428811250853212e-16,0.0,0.0,0.0,0.0,0.0,0.0
1769450121.1804836,6.749960660934448,-4.995262145996094,-2.1744382449875523,-3.01620728430721e-15,-4.276508315099615e-15,7.428811250853212e-16,0.0,0.0,0.0,0.0,0.0,0.0
1769450121.2305226,6.749960660934448,-4.995262145996094,-2.1744382449875523,-3.01620728430721e-15,-4.276508315099615e-15,7.428811250853212e-16,0.0,0.0,0.0,0.0,0.0,0.0
1769450121.2804785,6.749960660934448,-4.995262145996094,-2.1744382449875523,-3.346344424377133e-15,-2.4801809798671217e-15,7.428811250853212e-16,0.0,0.0,0.0,0.0,0.0,0.0
1769450121.3305447,6.749960660934448,-4.995262145996094,-2.1744382449875523,-3.346344424377133e-15,-2.4801809798671217e-15,7.428811250853212e-16,0.0,0.0,0.0,0.0,0.0,0.0
1769450121.3804872,6.749960660934448,-4.995262145996094,-2.1744382449875523,-3.676506873426267e-15,-6.837159345570112e-16,7.428811250853212e-16,0.0,0.0,0.0,0.0,0.0,0.0
1769450121.4305205,6.749960660934448,-4.995262145996094,-2.1744382449875523,-3.676506873426267e-15,-6.837159345570112e-16,7.428811250853212e-16,0.0,0.0,0.0,0.0,0.0,0.0
1769450121.4804711,6.749960660934448,-4.995262145996094,-2.1744382449875523,-4.006609911998833e-15,1.1124258491441993e-15,7.428811250853212e-16,0.0,0.0,0.0,0.0,0.0,0.0
1769450121.5306711,6.749960660934448,-4.995262145996094,-2.1744382449875523,-4.006609911998833e-15,1.1124258491441993e-15,7.428811250853212e-16,0.0,0.0,0.0,0.0,0.0,0.0
1769450121.5804884,6.749960660934448,-4.995262145996094,-2.1744382449875523,-4.336769999278859e-15,2.908878043702634e-15,7.428811250853212e-16,0.0,0.0,0.0,0.0,0.0,0.0
1769450121.6305315,6.749960660934448,-4.995262145996094,-2.1744382449875523,-4.336769999278859e-15,2.908878043702634e-15,7.428811250853212e-16,0.0,0.0,0.0,0.0,0.0,0.0
1769450121.680495,6.749960660934448,-4.995262145996094,-2.1744382449875523,-3.603727733208747e-15,3.972033658053497e-15,7.428811250853212e-16,0.0,0.0,0.0,0.0,0.0,0.0
1769450121.7304876,6.749960660934448,-4.995262145996094,-2.1744382449875523,-3.603727733208747e-15,3.972033658053497e-15,7.428811250853212e-16,0.0,0.0,0.0,0.0,0.0,0.0
1769450121.7805445,6.749960660934448,-4.995262145996094,-2.1744382449875523,-1.8074781081354806e-15,4.302156516199843e-15,7.428811250853212e-16,0.0,0.0,0.0,0.0,0.0,0.0
1769450121.8305054,6.749960660934448,-4.995262145996094,-2.1744382449875523,-1.8074781081354806e-15,4.302156516199843e-15,7.428811250853212e-16,0.0,0.0,0.0,0.0,0.0,0.0
1769450121.880516,6.749960660934448,-4.995262145996094,-2.1744382449875523,-1.1318748353449073e-17,4.63226278498382e-15,7.428811250853212e-16,0.0,0.0,0.0,0.0,0.0,0.0
1769450121.930505,6.749960660934448,-4.995262145996094,-2.1744382449875523,-1.1318748353449073e-17,4.63226278498382e-15,7.428811250853212e-16,0.0,0.0,0.0,0.0,0.0,0.0
1769450121.9805138,6.749960660934448,-4.995262145996094,-2.1744382449875523,1.7851630565699368e-15,4.962428314190276e-15,7.428811250853212e-16,0.0,0.0,0.0,0.0,0.0,0.0
1769450122.0304835,6.749960660934448,-4.995262145996094,-2.1744382449875523,1.7851630565699368e-15,4.962428314190276e-15,7.428811250853212e-16,0.0,0.0,0.0,0.0,0.0,0.0
1769450122.0805254,6.749960660934448,-4.995262145996094,-2.1744382449875523,2.8483957437207085e-15,4.229332906680534e-15,7.428811250853212e-16,0.0,0.0,0.0,0.0,0.0,0.0
1769450122.1304858,6.749960660934448,-4.995262145996094,-2.1744382449875523,2.8483957437207085e-15,4.229332906680534e-15,7.428811250853212e-16,0.0,0.0,0.0,0.0,0.0,0.0
1769450122.1805499,6.749960660934448,-4.995262145996094,-2.1744382449875523,3.178532684484632e-15,2.4330066559028658e-15,7.428811250853212e-16,0.0,0.0,0.0,0.0,0.0,0.0
1769450122.230511,6.749960660934448,-4.995262145996094,-2.1744382449875523,3.178532684484632e-15,2.4330066559028658e-15,7.428811250853212e-16,0.0,0.0,0.0,0.0,0.0,0.0
1769450122.2804909,6.749960660934448,-4.995262145996094,-2.1744382449875523,3.5086247329794244e-15,6.369246709177821e-16,7.428811250853212e-16,0.0,0.0,0.0,0.0,0.0,0.0
1769450122.3305092,6.749960660934448,-4.995262145996094,-2.1744382449875523,3.5086247329794244e-15,6.369246709177821e-16,7.428811250853212e-16,0.0,0.0,0.0,0.0,0.0,0.0
1769450122.380469,6.749960660934448,-4.995262145996094,-2.1744382449875523,3.838780682602741e-15,-1.1595050100093471e-15,7.428811250853212e-16,0.0,0.0,0.0,0.0,0.0,0.0
1769450122.4304972,6.749960660934448,-4.995262145996094,-2.1744382449875523,3.838780682602741e-15,-1.1595050100093471e-15,7.428811250853212e-16,0.0,0.0,0.0,0.0,0.0,0.0
1769450122.4804718,6.749960660934448,-4.995262145996094,-2.1744382449875523,4.168931827387785e-15,-2.9559085470669037e-15,7.428811250853212e-16,0.0,0.0,0.0,0.0,0.0,0.0
1769450122.5305054,6.749960660934448,-4.995262145996094,-2.1744382449875523,4.168931827387785e-15,-2.9559085470669037e-15,7.428811250853212e-16,0.0,0.0,0.0,0.0,0.0,0.0
1769450122.5804775,6.749960660934448,-4.995262145996094,-2.1744382449875523,3.4358450464899402e-15,-4.01912872275511e-15,7.428811250853212e-16,0.0,0.0,0.0,0.0,0.0,0.0
1769450122.630526,6.749960660934448,-4.995262145996094,-2.1744382449875523,3.4358450464899402e-15,-4.01912872275511e-15,7.428811250853212e-16,0.0,0.0,0.0,0.0,0.0,0.0
1769450122.6804292,6.749960660934448,-4.995262145996094,-2.1744382449875523,1.6396229861324637e-15,-4.349246514933655e-15,7.428811250853212e-16,0.0,0.0,0.0,0.0,0.0,0.0
1769450122.7305515,6.749960660934448,-4.995262145996094,-2.1744382449875523,1.6396229861324637e-15,-4.349246514933655e-15,7.428811250853212e-16,0.0,0.0,0.0,0.0,0.0,0.0
1769450122.7805488,6.749960660934448,-4.995262145996094,-2.1744382449875523,-1.5675475914796156e-16,-4.6793929195895635e-15,7.428811250853212e-16,0.0,0.0,0.0,0.0,0.0,0.0
1769450122.8306184,6.749960660934448,-4.995262145996094,-2.1744382449875523,-1.5675475914796156e-16,-4.6793929195895635e-15,7.428811250853212e-16,0.0,0.0,0.0,0.0,0.0,0.0
1769450122.8805702,6.749960660934448,-4.995262145996094,-2.1744382449875523,-1.9530833445605323e-15,-5.0095302894232195e-15,7.428811250853212e-16,0.0,0.0,0.0,0.0,0.0,0.0
1769450122.9305694,6.749960660934448,-4.995262145996094,-2.1744382449875523,-1.9530833445605323e-15,-5.0095302894232195e-15,7.428811250853212e-16,0.0,0.0,0.0,0.0,0.0,0.0
1769450122.9805627,6.749960660934448,-4.995262145996094,-2.1744382449875523,-3.016346355821949e-15,-4.276413973539874e-15,7.428811250853212e-16,0.0,0.0,0.0,0.0,0.0,0.0
1769450123.0305357,6.749960660934448,-4.995262145996094,-2.1744382449875523,-3.016346355821949e-15,-4.276413973539874e-15,7.428811250853212e-16,0.0,0.0,0.0,0.0,0.0,0.0
1769450123.0805593,6.749960660934448,-4.995262145996094,-2.1744382449875523,-3.3464709663988554e-15,-2.48015481322038e-15,7.428811250853212e-16,0.0,0.0,0.0,0.0,0.0,0.0
1769450123.1305587,6.749960660934448,-4.995262145996094,-2.1744382449875523,-3.3464709663988554e-15,-2.48015481322038e-15,7.428811250853212e-16,0.0,0.0,0.0,0.0,0.0,0.0
1769450123.1805794,6.749960660934448,-4.995262145996094,-2.1744382449875523,-3.67660051293689e-15,-6.838687955715372e-16,7.428811250853212e-16,0.0,0.0,0.0,0.0,0.0,0.0
1769450123.2305467,6.749960660934448,-4.995262145996094,-2.1744382449875523,-3.67660051293689e-15,-6.838687955715372e-16,7.428811250853212e-16,0.0,0.0,0.0,0.0,0.0,0.0
1769450123.2806509,6.749960660934448,-4.995262145996094,-2.1744382449875523,-4.006732543190057e-15,1.1124307363561995e-15,7.428811250853212e-16,0.0,0.0,0.0,0.0,0.0,0.0
1769450123.3305118,6.749960660934448,-4.995262145996094,-2.1744382449875523,-4.006732543190057e-15,1.1124307363561995e-15,7.428811250853212e-16,0.0,0.0,0.0,0.0,0.0,0.0
1769450123.3806365,6.749960660934448,-4.995262145996094,-2.1744382449875523,-4.336829548717626e-15,2.9085396933247334e-15,7.428811250853212e-16,0.0,0.0,0.0,0.0,0.0,0.0
1769450123.4305649,6.749960660934448,-4.995262145996094,-2.1744382449875523,-4.336829548717626e-15,2.9085396933247334e-15,7.428811250853212e-16,0.0,0.0,0.0,0.0,0.0,0.0
1769450123.480467,6.749960660934448,-4.995262145996094,-2.1744382449875523,-3.603690414722061e-15,3.971835798454317e-15,7.428811250853212e-16,0.0,0.0,0.0,0.0,0.0,0.0
1769450123.5305157,6.749960660934448,-4.995262145996094,-2.1744382449875523,-3.603690414722061e-15,3.971835798454317e-15,7.428811250853212e-16,0.0,0.0,0.0,0.0,0.0,0.0
1769450123.580559,6.749960660934448,-4.995262145996094,-2.1744382449875523,-1.807385348364976e-15,4.301968845849872e-15,7.428811250853212e-16,0.0,0.0,0.0,0.0,0.0,0.0
1769450123.630628,6.749960660934448,-4.995262145996094,-2.1744382449875523,-1.807385348364976e-15,4.301968845849872e-15,7.428811250853212e-16,0.0,0.0,0.0,0.0,0.0,0.0
1769450123.680511,6.749960660934448,-4.995262145996094,-2.1744382449875523,-1.0292954846917869e-17,4.6322465917823406e-15,7.428811250853212e-16,0.0,0.0,0.0,0.0,0.0,0.0
1769450123.7305274,6.749960660934448,-4.995262145996094,-2.1744382449875523,-1.0292954846917869e-17,4.6322465917823406e-15,7.428811250853212e-16,0.0,0.0,0.0,0.0,0.0,0.0
1769450123.7804978,6.749960660934448,-4.995262145996094,-2.1744382449875523,1.7853833385352533e-15,4.962264080444463e-15,7.428811250853212e-16,0.0,0.0,0.0,0.0,0.0,0.0
1769450123.8305662,6.749960660934448,-4.995262145996094,-2.1744382449875523,1.7853833385352533e-15,4.962264080444463e-15,7.428811250853212e-16,0.0,0.0,0.0,0.0,0.0,0.0
1769450123.880452,6.749960660934448,-4.995262145996094,-2.1744382449875523,2.848719941764104e-15,4.2290970231439205e-15,7.428811250853212e-16,0.0,0.0,0.0,0.0,0.0,0.0
1769450123.9305763,6.749960660934448,-4.995262145996094,-2.1744382449875523,2.848719941764104e-15,4.2290970231439205e-15,7.428811250853212e-16,0.0,0.0,0.0,0.0,0.0,0.0
1769450123.9805288,6.749960660934448,-4.995262145996094,-2.1744382449875523,3.178805633485268e-15,2.433049626349156e-15,7.428811250853212e-16,0.0,0.0,0.0,0.0,0.0,0.0
1769450124.030532,6.749960660934448,-4.995262145996094,-2.1744382449875523,3.178805633485268e-15,2.433049626349156e-15,7.428811250853212e-16,0.0,0.0,0.0,0.0,0.0,0.0
1769450124.080491,6.749960660934448,-4.995262145996094,-2.1744382449875523,3.508961587803535e-15,6.366199198760756e-16,7.428811250853212e-16,0.0,0.0,0.0,0.0,0.0,0.0
1769450124.1305344,6.749960660934448,-4.995262145996094,-2.1744382449875523,3.508961587803535e-15,6.366199198760756e-16,7.428811250853212e-16,0.0,0.0,0.0,0.0,0.0,0.0
1769450124.1805177,6.749960660934448,-4.995262145996094,-2.1744382449875523,3.839073166170011e-15,-1.159568330167076e-15,7.428811250853212e-16,0.0,0.0,0.0,0.0,0.0,0.0
1769450124.2305386,6.749960660934448,-4.995262145996094,-2.1744382449875523,3.839073166170011e-15,-1.159568330167076e-15,7.428811250853212e-16,0.0,0.0,0.0,0.0,0.0,0.0
1769450124.2805316,6.749960660934448,-4.995262145996094,-2.1744382449875523,4.169267175656257e-15,-2.956205100705933e-15,7.428811250853212e-16,0.0,0.0,0.0,0.0,0.0,0.0
1769450124.33052,6.749960660934448,-4.995262145996094,-2.1744382449875523,4.169267175656257e-15,-2.956205100705933e-15,7.428811250853212e-16,0.0,0.0,0.0,0.0,0.0,0.0
1769450124.3805459,6.749960660934448,-4.995262145996094,-2.1744382449875523,3.4360847280767373e-15,-4.019564024968999e-15,7.428811250853212e-16,0.0,0.0,0.0,0.0,0.0,0.0
1769450124.4305434,6.749960660934448,-4.995262145996094,-2.1744382449875523,3.4360847280767373e-15,-4.019564024968999e-15,7.428811250853212e-16,0.0,0.0,0.0,0.0,0.0,0.0
1769450124.4804852,6.749960660934448,-4.995262145996094,-2.1744382449875523,1.6398334904035755e-15,-4.349687179486227e-15,7.428811250853212e-16,0.0,0.0,0.0,0.0,0.0,0.0
1769450124.530525,6.749960660934448,-4.995262145996094,-2.1744382449875523,1.6398334904035755e-15,-4.349687179486227e-15,7.428811250853212e-16,0.0,0.0,0.0,0.0,0.0,0.0
1769450124.5805035,6.749960660934448,-4.995262145996094,-2.1744382449875523,-1.5591813644916107e-16,-4.679718513273364e-15,7.428811250853212e-16,0.0,0.0,0.0,0.0,0.0,0.0
1769450124.6305642,6.749960660934448,-4.995262145996094,-2.1744382449875523,-1.5591813644916107e-16,-4.679718513273364e-15,7.428811250853212e-16,0.0,0.0,0.0,0.0,0.0,0.0
1769450124.6805384,6.749960660934448,-4.995262145996094,-2.1744382449875523,-1.9523281873286364e-15,-5.009870855197981e-15,7.428811250853212e-16,0.0,0.0,0.0,0.0,0.0,0.0
1769450124.730533,6.749960660934448,-4.995262145996094,-2.1744382449875523,-1.9523281873286364e-15,-5.009870855197981e-15,7.428811250853212e-16,0.0,0.0,0.0,0.0,0.0,0.0
1769450124.7805264,6.749960660934448,-4.995262145996094,-2.1744382449875523,-3.015573482939479e-15,-4.2767667541968844e-15,7.428811250853212e-16,0.0,0.0,0.0,0.0,0.0,0.0
1769450124.8305457,6.749960660934448,-4.995262145996094,-2.1744382449875523,-3.015573482939479e-15,-4.2767667541968844e-15,7.428811250853212e-16,0.0,0.0,0.0,0.0,0.0,0.0
1769450124.8804262,6.749960660934448,-4.995262145996094,-2.1744382449875523,-3.3457216285393017e-15,-2.4803795361708538e-15,7.428811250853212e-16,0.0,0.0,0.0,0.0,0.0,0.0
1769450124.9305506,6.749960660934448,-4.995262145996094,-2.1744382449875523,-3.3457216285393017e-15,-2.4803795361708538e-15,7.428811250853212e-16,0.0,0.0,0.0,0.0,0.0,0.0
1769450124.980534,6.749960660934448,-4.995262145996094,-2.1744382449875523,-3.675850437952741e-15,-6.840975293311559e-16,7.428811250853212e-16,0.0,0.0,0.0,0.0,0.0,0.0
1769450125.0305595,6.749960660934448,-4.995262145996094,-2.1744382449875523,-3.675850437952741e-15,-6.840975293311559e-16,7.428811250853212e-16,0.0,0.0,0.0,0.0,0.0,0.0
1769450125.0805662,6.749960660934448,-4.995262145996094,-2.1744382449875523,-4.005965819886576e-15,1.1121114165113715e-15,7.428811250853212e-16,0.0,0.0,0.0,0.0,0.0,0.0
1769450125.1305428,6.749960660934448,-4.995262145996094,-2.1744382449875523,-4.005965819886576e-15,1.1121114165113715e-15,7.428811250853212e-16,0.0,0.0,0.0,0.0,0.0,0.0
1769450125.1805508,6.749960660934448,-4.995262145996094,-2.1744382449875523,-4.336102991721826e-15,2.908438924583931e-15,7.428811250853212e-16,0.0,0.0,0.0,0.0,0.0,0.0
1769450125.230562,6.749960660934448,-4.995262145996094,-2.1744382449875523,-4.336102991721826e-15,2.908438924583931e-15,7.428811250853212e-16,0.0,0.0,0.0,0.0,0.0,0.0
1769450125.280521,6.749960660934448,-4.995262145996094,-2.1744382449875523,-3.6029684862114755e-15,3.9717283168672455e-15,7.428811250853212e-16,0.0,0.0,0.0,0.0,0.0,0.0
1769450125.3305068,6.749960660934448,-4.995262145996094,-2.1744382449875523,-3.6029684862114755e-15,3.9717283168672455e-15,7.428811250853212e-16,0.0,0.0,0.0,0.0,0.0,0.0
1769450125.3805773,6.749960660934448,-4.995262145996094,-2.1744382449875523,-1.8067464984302463e-15,4.301846095707402e-15,7.428811250853212e-16,0.0,0.0,0.0,0.0,0.0,0.0
1769450125.4305735,6.749960660934448,-4.995262145996094,-2.1744382449875523,-1.8067464984302463e-15,4.301846095707402e-15,7.428811250853212e-16,0.0,0.0,0.0,0.0,0.0,0.0
1769450125.4805226,6.749960660934448,-4.995262145996094,-2.1744382449875523,-1.0511091724243305e-17,4.63196634073808e-15,7.428811250853212e-16,0.0,0.0,0.0,0.0,0.0,0.0
1769450125.5305653,6.749960660934448,-4.995262145996094,-2.1744382449875523,-1.0511091724243305e-17,4.63196634073808e-15,7.428811250853212e-16,0.0,0.0,0.0,0.0,0.0,0.0
1769450125.5805204,6.749960660934448,-4.995262145996094,-2.1744382449875523,1.7862278920837858e-15,4.9621791354399705e-15,7.428811250853212e-16,0.0,0.0,0.0,0.0,0.0,0.0
1769450125.6305737,6.749960660934448,-4.995262145996094,-2.1744382449875523,1.7862278920837858e-15,4.9621791354399705e-15,7.428811250853212e-16,0.0,0.0,0.0,0.0,0.0,0.0
1769450125.6810546,6.749960660934448,-4.995262145996094,-2.1744382449875523,2.8531174918943605e-15,4.226562298793442e-15,7.428811250853212e-16,0.0,0.0,0.0,0.0,0.0,0.0
1769450125.7305553,6.749960660934448,-4.995262145996094,-2.1744382449875523,2.8531174918943605e-15,4.226562298793442e-15,7.428811250853212e-16,0.0,0.0,0.0,0.0,0.0,0.0
1769450125.7805119,6.749960660934448,-4.995262145996094,-2.1744382449875523,3.1821936562627003e-15,2.4360078967558264e-15,7.428811250853212e-16,0.0,0.0,0.0,0.0,0.0,0.0
1769450125.8305445,6.749960660934448,-4.995262145996094,-2.1744382449875523,3.1821936562627003e-15,2.4360078967558264e-15,7.428811250853212e-16,0.0,0.0,0.0,0.0,0.0,0.0
1769450125.880495,6.749960660934448,-4.995262145996094,-2.1744382449875523,3.512126533713e-15,6.407919860880407e-16,7.428811250853212e-16,0.0,0.0,0.0,0.0,0.0,0.0
1769450125.9305253,6.749960660934448,-4.995262145996094,-2.1744382449875523,3.512126533713e-15,6.407919860880407e-16,7.428811250853212e-16,0.0,0.0,0.0,0.0,0.0,0.0
1769450125.9805255,6.749960660934448,-4.995262145996094,-2.1744382449875523,3.8422927406348136e-15,-1.1556935063896209e-15,7.428811250853212e-16,0.0,0.0,0.0,0.0,0.0,0.0
1769450126.0305216,6.749960660934448,-4.995262145996094,-2.1744382449875523,3.8422927406348136e-15,-1.1556935063896209e-15,7.428811250853212e-16,0.0,0.0,0.0,0.0,0.0,0.0
1769450126.0805697,6.749960660934448,-4.995262145996094,-2.1744382449875523,4.172471610699958e-15,-2.9522479009923513e-15,7.428811250853212e-16,0.0,0.0,0.0,0.0,0.0,0.0
1769450126.1305351,6.749960660934448,-4.995262145996094,-2.1744382449875523,4.172471610699958e-15,-2.9522479009923513e-15,7.428811250853212e-16,0.0,0.0,0.0,0.0,0.0,0.0
1769450126.1805158,6.749960660934448,-4.995262145996094,-2.1744382449875523,3.4393982169741806e-15,-4.015448660819013e-15,7.428811250853212e-16,0.0,0.0,0.0,0.0,0.0,0.0
1769450126.2305622,6.749960660934448,-4.995262145996094,-2.1744382449875523,3.4393982169741806e-15,-4.015448660819013e-15,7.428811250853212e-16,0.0,0.0,0.0,0.0,0.0,0.0
1769450126.2805455,6.749960660934448,-4.995262145996094,-2.1744382449875523,1.6432271759624282e-15,-4.345557076432077e-15,7.428811250853212e-16,0.0,0.0,0.0,0.0,0.0,0.0
1769450126.3305175,6.749960660934448,-4.995262145996094,-2.1744382449875523,1.6432271759624282e-15,-4.345557076432077e-15,7.428811250853212e-16,0.0,0.0,0.0,0.0,0.0,0.0
1769450126.3805501,6.749960660934448,-4.995262145996094,-2.1744382449875523,-1.529395619426932e-16,-4.675664701200795e-15,7.428811250853212e-16,0.0,0.0,0.0,0.0,0.0,0.0
1769450126.4304936,6.749960660934448,-4.995262145996094,-2.1744382449875523,-1.529395619426932e-16,-4.675664701200795e-15,7.428811250853212e-16,0.0,0.0,0.0,0.0,0.0,0.0
1769450126.4804611,6.749960660934448,-4.995262145996094,-2.1744382449875523,-1.9490794272174795e-15,-5.0057673871963005e-15,7.428811250853212e-16,0.0,0.0,0.0,0.0,0.0,0.0
1769450126.5306058,6.749960660934448,-4.995262145996094,-2.1744382449875523,-1.9490794272174795e-15,-5.0057673871963005e-15,7.428811250853212e-16,0.0,0.0,0.0,0.0,0.0,0.0
1769450126.5804794,6.749960660934448,-4.995262145996094,-2.1744382449875523,-3.0122761222171492e-15,-4.272696796155238e-15,7.428811250853212e-16,0.0,0.0,0.0,0.0,0.0,0.0
1769450126.6305656,6.749960660934448,-4.995262145996094,-2.1744382449875523,-3.0122761222171492e-15,-4.272696796155238e-15,7.428811250853212e-16,0.0,0.0,0.0,0.0,0.0,0.0
1769450126.6805835,6.749960660934448,-4.995262145996094,-2.1744382449875523,-3.342407649844459e-15,-2.476399999092673e-15,7.428811250853212e-16,0.0,0.0,0.0,0.0,0.0,0.0
1769450126.7305608,6.749960660934448,-4.995262145996094,-2.1744382449875523,-3.342407649844459e-15,-2.476399999092673e-15,7.428811250853212e-16,0.0,0.0,0.0,0.0,0.0,0.0
1769450126.7805004,6.749960660934448,-4.995262145996094,-2.1744382449875523,-3.672548673203077e-15,-6.800515342846588e-16,7.428811250853212e-16,0.0,0.0,0.0,0.0,0.0,0.0
1769450126.8304892,6.749960660934448,-4.995262145996094,-2.1744382449875523,-3.672548673203077e-15,-6.800515342846588e-16,7.428811250853212e-16,0.0,0.0,0.0,0.0,0.0,0.0
1769450126.8804781,6.749960660934448,-4.995262145996094,-2.1744382449875523,-4.0027236642464144e-15,1.116481753959349e-15,7.428811250853212e-16,0.0,0.0,0.0,0.0,0.0,0.0
1769450126.930566,6.749960660934448,-4.995262145996094,-2.1744382449875523,-4.0027236642464144e-15,1.116481753959349e-15,7.428811250853212e-16,0.0,0.0,0.0,0.0,0.0,0.0
1769450126.9804852,6.749960660934448,-4.995262145996094,-2.1744382449875523,-4.332816648564506e-15,2.9125688309040107e-15,7.428811250853212e-16,0.0,0.0,0.0,0.0,0.0,0.0
1769450127.0304914,6.749960660934448,-4.995262145996094,-2.1744382449875523,-4.332816648564506e-15,2.9125688309040107e-15,7.428811250853212e-16,0.0,0.0,0.0,0.0,0.0,0.0
1769450127.0804834,6.749960660934448,-4.995262145996094,-2.1744382449875523,-3.599657394480582e-15,3.975894116867894e-15,7.428811250853212e-16,0.0,0.0,0.0,0.0,0.0,0.0
1769450127.1305332,6.749960660934448,-4.995262145996094,-2.1744382449875523,-3.599657394480582e-15,3.975894116867894e-15,7.428811250853212e-16,0.0,0.0,0.0,0.0,0.0,0.0
1769450127.180483,6.749960660934448,-4.995262145996094,-2.1744382449875523,-1.8034994731769826e-15,4.306000121281817e-15,7.428811250853212e-16,0.0,0.0,0.0,0.0,0.0,0.0
1769450127.230501,6.749960660934448,-4.995262145996094,-2.1744382449875523,-1.8034994731769826e-15,4.306000121281817e-15,7.428811250853212e-16,0.0,0.0,0.0,0.0,0.0,0.0
1769450127.2804306,6.749960660934448,-4.995262145996094,-2.1744382449875523,-6.751349968265028e-18,4.63621459566399e-15,7.428811250853212e-16,0.0,0.0,0.0,0.0,0.0,0.0
1769450127.330485,6.749960660934448,-4.995262145996094,-2.1744382449875523,-6.751349968265028e-18,4.63621459566399e-15,7.428811250853212e-16,0.0,0.0,0.0,0.0,0.0,0.0
1769450127.3805246,6.749960660934448,-4.995262145996094,-2.1744382449875523,1.789041846582438e-15,4.966253569317721e-15,7.428811250853212e-16,0.0,0.0,0.0,0.0,0.0,0.0
1769450127.4305184,6.749960660934448,-4.995262145996094,-2.1744382449875523,1.789041846582438e-15,4.966253569317721e-15,7.428811250853212e-16,0.0,0.0,0.0,0.0,0.0,0.0
1769450127.4804611,6.749960660934448,-4.995262145996094,-2.1744382449875523,2.8522247723029543e-15,4.233192472148916e-15,7.428811250853212e-16,0.0,0.0,0.0,0.0,0.0,0.0
1769450127.5305347,6.749960660934448,-4.995262145996094,-2.1744382449875523,2.8522247723029543e-15,4.233192472148916e-15,7.428811250853212e-16,0.0,0.0,0.0,0.0,0.0,0.0
1769450127.580523,6.749960660934448,-4.995262145996094,-2.1744382449875523,3.182361643816385e-15,2.4368665981739104e-15,7.428811250853212e-16,0.0,0.0,0.0,0.0,0.0,0.0
1769450127.6305604,6.749960660934448,-4.995262145996094,-2.1744382449875523,3.182361643816385e-15,2.4368665981739104e-15,7.428811250853212e-16,0.0,0.0,0.0,0.0,0.0,0.0
1769450127.6805205,6.749960660934448,-4.995262145996094,-2.1744382449875523,3.5125667254353443e-15,6.401695824452854e-16,7.428811250853212e-16,0.0,0.0,0.0,0.0,0.0,0.0
1769450127.7304218,6.749960660934448,-4.995262145996094,-2.1744382449875523,3.5125667254353443e-15,6.401695824452854e-16,7.428811250853212e-16,0.0,0.0,0.0,0.0,0.0,0.0
1769450127.7804763,6.749960660934448,-4.995262145996094,-2.1744382449875523,3.842651643115473e-15,-1.1558736026722625e-15,7.428811250853212e-16,0.0,0.0,0.0,0.0,0.0,0.0
1769450127.8304114,6.749960660934448,-4.995262145996094,-2.1744382449875523,3.842651643115473e-15,-1.1558736026722625e-15,7.428811250853212e-16,0.0,0.0,0.0,0.0,0.0,0.0
1769450127.8803723,6.749960660934448,-4.995262145996094,-2.1744382449875523,4.172779221969269e-15,-2.9521489138462612e-15,7.428811250853212e-16,0.0,0.0,0.0,0.0,0.0,0.0
1769450127.9305258,6.749960660934448,-4.995262145996094,-2.1744382449875523,4.172779221969269e-15,-2.9521489138462612e-15,7.428811250853212e-16,0.0,0.0,0.0,0.0,0.0,0.0
1769450127.9805026,6.749960660934448,-4.995262145996094,-2.1744382449875523,3.4397274657796325e-15,-4.015318292033564e-15,7.428811250853212e-16,0.0,0.0,0.0,0.0,0.0,0.0
1769450128.030464,6.749960660934448,-4.995262145996094,-2.1744382449875523,3.4397274657796325e-15,-4.015318292033564e-15,7.428811250853212e-16,0.0,0.0,0.0,0.0,0.0,0.0
1769450128.080479,6.749960660934448,-4.995262145996094,-2.1744382449875523,1.643349513777331e-15,-4.345464734681751e-15,7.428811250853212e-16,0.0,0.0,0.0,0.0,0.0,0.0
1769450128.1304998,6.749960660934448,-4.995262145996094,-2.1744382449875523,1.643349513777331e-15,-4.345464734681751e-15,7.428811250853212e-16,0.0,0.0,0.0,0.0,0.0,0.0
1769450128.1804717,6.749960660934448,-4.995262145996094,-2.1744382449875523,-1.5328710432145804e-16,-4.675658716151873e-15,7.428811250853212e-16,0.0,0.0,0.0,0.0,0.0,0.0
1769450128.2304697,6.749960660934448,-4.995262145996094,-2.1744382449875523,-1.5328710432145804e-16,-4.675658716151873e-15,7.428811250853212e-16,0.0,0.0,0.0,0.0,0.0,0.0
1769450128.2804806,6.749960660934448,-4.995262145996094,-2.1744382449875523,-1.94932046743174e-15,-5.0057418286992035e-15,7.428811250853212e-16,0.0,0.0,0.0,0.0,0.0,0.0
1769450128.3304546,6.749960660934448,-4.995262145996094,-2.1744382449875523,-1.94932046743174e-15,-5.0057418286992035e-15,7.428811250853212e-16,0.0,0.0,0.0,0.0,0.0,0.0
1769450128.3805778,6.749960660934448,-4.995262145996094,-2.1744382449875523,-3.012540048875344e-15,-4.2726554575310384e-15,7.428811250853212e-16,0.0,0.0,0.0,0.0,0.0,0.0
1769450128.4304676,6.749960660934448,-4.995262145996094,-2.1744382449875523,-3.012540048875344e-15,-4.2726554575310384e-15,7.428811250853212e-16,0.0,0.0,0.0,0.0,0.0,0.0
1769450128.480466,6.749960660934448,-4.995262145996094,-2.1744382449875523,-3.3426879065653196e-15,-2.4762698060670984e-15,7.428811250853212e-16,0.0,0.0,0.0,0.0,0.0,0.0
1769450128.53047,6.749960660934448,-4.995262145996094,-2.1744382449875523,-3.3426879065653196e-15,-2.4762698060670984e-15,7.428811250853212e-16,0.0,0.0,0.0,0.0,0.0,0.0
1769450128.5805736,6.749960660934448,-4.995262145996094,-2.1744382449875523,-3.672781407744131e-15,-6.801799168031703e-16,7.428811250853212e-16,0.0,0.0,0.0,0.0,0.0,0.0
1769450128.6304743,6.749960660934448,-4.995262145996094,-2.1744382449875523,-3.672781407744131e-15,-6.801799168031703e-16,7.428811250853212e-16,0.0,0.0,0.0,0.0,0.0,0.0
1769450128.680476,6.749960660934448,-4.995262145996094,-2.1744382449875523,-4.002920615907187e-15,1.1161586712445194e-15,7.428811250853212e-16,0.0,0.0,0.0,0.0,0.0,0.0
1769450128.7305765,6.749960660934448,-4.995262145996094,-2.1744382449875523,-4.002920615907187e-15,1.1161586712445194e-15,7.428811250853212e-16,0.0,0.0,0.0,0.0,0.0,0.0
1769450128.7804704,6.749960660934448,-4.995262145996094,-2.1744382449875523,-4.3330458342113265e-15,2.9124211383020612e-15,7.428811250853212e-16,0.0,0.0,0.0,0.0,0.0,0.0
1769450128.8305805,6.749960660934448,-4.995262145996094,-2.1744382449875523,-4.3330458342113265e-15,2.9124211383020612e-15,7.428811250853212e-16,0.0,0.0,0.0,0.0,0.0,0.0
1769450128.8804183,6.749960660934448,-4.995262145996094,-2.1744382449875523,-3.599935421317381e-15,3.975675588261337e-15,7.428811250853212e-16,0.0,0.0,0.0,0.0,0.0,0.0
1769450128.930441,6.749960660934448,-4.995262145996094,-2.1744382449875523,-3.599935421317381e-15,3.975675588261337e-15,7.428811250853212e-16,0.0,0.0,0.0,0.0,0.0,0.0
1769450128.9804933,6.749960660934448,-4.995262145996094,-2.1744382449875523,-1.8037296871148555e-15,4.3057903799454866e-15,7.428811250853212e-16,0.0,0.0,0.0,0.0,0.0,0.0
1769450129.0304515,6.749960660934448,-4.995262145996094,-2.1744382449875523,-1.8037296871148555e-15,4.3057903799454866e-15,7.428811250853212e-16,0.0,0.0,0.0,0.0,0.0,0.0
1769450129.0803926,6.749960660934448,-4.995262145996094,-2.1744382449875523,-7.338633831893116e-18,4.635939230406127e-15,7.428811250853212e-16,0.0,0.0,0.0,0.0,0.0,0.0
1769450129.1304462,6.749960660934448,-4.995262145996094,-2.1744382449875523,-7.338633831893116e-18,4.635939230406127e-15,7.428811250853212e-16,0.0,0.0,0.0,0.0,0.0,0.0
1769450129.180496,6.749960660934448,-4.995262145996094,-2.1744382449875523,1.788897887424371e-15,4.9660596802738784e-15,7.428811250853212e-16,0.0,0.0,0.0,0.0,0.0,0.0
1769450129.230405,6.749960660934448,-4.995262145996094,-2.1744382449875523,1.788897887424371e-15,4.9660596802738784e-15,7.428811250853212e-16,0.0,0.0,0.0,0.0,0.0,0.0
1769450129.2804866,6.749960660934448,-4.995262145996094,-2.1744382449875523,2.852116092260639e-15,4.232974258271901e-15,7.428811250853212e-16,0.0,0.0,0.0,0.0,0.0,0.0
1769450129.3305202,6.749960660934448,-4.995262145996094,-2.1744382449875523,2.852116092260639e-15,4.232974258271901e-15,7.428811250853212e-16,0.0,0.0,0.0,0.0,0.0,0.0
1769450129.380511,6.749960660934448,-4.995262145996094,-2.1744382449875523,3.1822579072009923e-15,2.4366214863450034e-15,7.428811250853212e-16,0.0,0.0,0.0,0.0,0.0,0.0
1769450129.4305215,6.749960660934448,-4.995262145996094,-2.1744382449875523,3.1822579072009923e-15,2.4366214863450034e-15,7.428811250853212e-16,0.0,0.0,0.0,0.0,0.0,0.0
1769450129.4804897,6.749960660934448,-4.995262145996094,-2.1744382449875523,3.512361526452797e-15,6.404765430780815e-16,7.428811250853212e-16,0.0,0.0,0.0,0.0,0.0,0.0
1769450129.5304973,6.749960660934448,-4.995262145996094,-2.1744382449875523,3.512361526452797e-15,6.404765430780815e-16,7.428811250853212e-16,0.0,0.0,0.0,0.0,0.0,0.0
1769450129.5804842,6.749960660934448,-4.995262145996094,-2.1744382449875523,3.842528848394538e-15,-1.156015016395778e-15,7.428811250853212e-16,0.0,0.0,0.0,0.0,0.0,0.0
1769450129.6305113,6.749960660934448,-4.995262145996094,-2.1744382449875523,3.842528848394538e-15,-1.156015016395778e-15,7.428811250853212e-16,0.0,0.0,0.0,0.0,0.0,0.0
1769450129.6805227,6.749960660934448,-4.995262145996094,-2.1744382449875523,4.1726497323278896e-15,-2.952253899470232e-15,7.428811250853212e-16,0.0,0.0,0.0,0.0,0.0,0.0
1769450129.7305088,6.749960660934448,-4.995262145996094,-2.1744382449875523,4.1726497323278896e-15,-2.952253899470232e-15,7.428811250853212e-16,0.0,0.0,0.0,0.0,0.0,0.0
1769450129.780436,6.749960660934448,-4.995262145996094,-2.1744382449875523,3.4395731927829516e-15,-4.015459221783201e-15,7.428811250853212e-16,0.0,0.0,0.0,0.0,0.0,0.0
1769450129.8305287,6.749960660934448,-4.995262145996094,-2.1744382449875523,3.4395731927829516e-15,-4.015459221783201e-15,7.428811250853212e-16,0.0,0.0,0.0,0.0,0.0,0.0
1769450129.8804147,6.749960660934448,-4.995262145996094,-2.1744382449875523,1.6432532606780763e-15,-4.345595001272938e-15,7.428811250853212e-16,0.0,0.0,0.0,0.0,0.0,0.0
1769450129.9304957,6.749960660934448,-4.995262145996094,-2.1744382449875523,1.6432532606780763e-15,-4.345595001272938e-15,7.428811250853212e-16,0.0,0.0,0.0,0.0,0.0,0.0
1769450129.9804585,6.749960660934448,-4.995262145996094,-2.1744382449875523,-1.5336488541286505e-16,-4.675785587874139e-15,7.428811250853212e-16,0.0,0.0,0.0,0.0,0.0,0.0
1769450130.030521,6.749960660934448,-4.995262145996094,-2.1744382449875523,-1.5336488541286505e-16,-4.675785587874139e-15,7.428811250853212e-16,0.0,0.0,0.0,0.0,0.0,0.0
1769450130.0804918,6.749960660934448,-4.995262145996094,-2.1744382449875523,-1.9493997526343605e-15,-5.005868976853813e-15,7.428811250853212e-16,0.0,0.0,0.0,0.0,0.0,0.0
1769450130.1305022,6.749960660934448,-4.995262145996094,-2.1744382449875523,-1.9493997526343605e-15,-5.005868976853813e-15,7.428811250853212e-16,0.0,0.0,0.0,0.0,0.0,0.0
1769450130.1804779,6.749960660934448,-4.995262145996094,-2.1744382449875523,-3.0126073621827532e-15,-4.272790860267646e-15,7.428811250853212e-16,0.0,0.0,0.0,0.0,0.0,0.0
1769450130.230503,6.749960660934448,-4.995262145996094,-2.1744382449875523,-3.0126073621827532e-15,-4.272790860267646e-15,7.428811250853212e-16,0.0,0.0,0.0,0.0,0.0,0.0
1769450130.2805119,6.749960660934448,-4.995262145996094,-2.1744382449875523,-3.342734503815136e-15,-2.4765179280831073e-15,7.428811250853212e-16,0.0,0.0,0.0,0.0,0.0,0.0
1769450130.3305297,6.749960660934448,-4.995262145996094,-2.1744382449875523,-3.342734503815136e-15,-2.4765179280831073e-15,7.428811250853212e-16,0.0,0.0,0.0,0.0,0.0,0.0
1769450130.3804657,6.749960660934448,-4.995262145996094,-2.1744382449875523,-3.6728744887311875e-15,-6.80175113602006e-16,7.428811250853212e-16,0.0,0.0,0.0,0.0,0.0,0.0
1769450130.4305215,6.749960660934448,-4.995262145996094,-2.1744382449875523,-3.6728744887311875e-15,-6.80175113602006e-16,7.428811250853212e-16,0.0,0.0,0.0,0.0,0.0,0.0
1769450130.4805017,6.749960660934448,-4.995262145996094,-2.1744382449875523,-4.0030274714566115e-15,1.1162384239739555e-15,7.428811250853212e-16,0.0,0.0,0.0,0.0,0.0,0.0
1769450130.530409,6.749960660934448,-4.995262145996094,-2.1744382449875523,-4.0030274714566115e-15,1.1162384239739555e-15,7.428811250853212e-16,0.0,0.0,0.0,0.0,0.0,0.0
1769450130.5804937,6.749960660934448,-4.995262145996094,-2.1744382449875523,-4.333195955978668e-15,2.912736309227462e-15,7.428811250853212e-16,0.0,0.0,0.0,0.0,0.0,0.0
1769450130.6304433,6.749960660934448,-4.995262145996094,-2.1744382449875523,-4.333195955978668e-15,2.912736309227462e-15,7.428811250853212e-16,0.0,0.0,0.0,0.0,0.0,0.0
1769450130.6805112,6.749960660934448,-4.995262145996094,-2.1744382449875523,-3.6001594318713104e-15,3.975883595818492e-15,7.428811250853212e-16,0.0,0.0,0.0,0.0,0.0,0.0
1769450130.7305138,6.749960660934448,-4.995262145996094,-2.1744382449875523,-3.6001594318713104e-15,3.975883595818492e-15,7.428811250853212e-16,0.0,0.0,0.0,0.0,0.0,0.0
1769450130.7805116,6.749960660934448,-4.995262145996094,-2.1744382449875523,-1.803673753583437e-15,4.306049836889345e-15,7.428811250853212e-16,0.0,0.0,0.0,0.0,0.0,0.0
1769450130.830498,6.749960660934448,-4.995262145996094,-2.1744382449875523,-1.803673753583437e-15,4.306049836889345e-15,7.428811250853212e-16,0.0,0.0,0.0,0.0,0.0,0.0
1769450130.8805177,6.749960660934448,-4.995262145996094,-2.1744382449875523,-7.300117485725876e-18,4.636195486341119e-15,7.428811250853212e-16,0.0,0.0,0.0,0.0,0.0,0.0
1769450130.9305217,6.749960660934448,-4.995262145996094,-2.1744382449875523,-7.300117485725876e-18,4.636195486341119e-15,7.428811250853212e-16,0.0,0.0,0.0,0.0,0.0,0.0
1769450130.9805965,6.749960660934448,-4.995262145996094,-2.1744382449875523,1.7888869790556017e-15,4.966306852711827e-15,7.428811250853212e-16,0.0,0.0,0.0,0.0,0.0,0.0
1769450131.0304995,6.749960660934448,-4.995262145996094,-2.1744382449875523,1.7888869790556017e-15,4.966306852711827e-15,7.428811250853212e-16,0.0,0.0,0.0,0.0,0.0,0.0
1769450131.080482,6.749960660934448,-4.995262145996094,-2.1744382449875523,2.8521547250533762e-15,4.2331872722434835e-15,7.428811250853212e-16,0.0,0.0,0.0,0.0,0.0,0.0
1769450131.1304936,6.749960660934448,-4.995262145996094,-2.1744382449875523,2.8521547250533762e-15,4.2331872722434835e-15,7.428811250853212e-16,0.0,0.0,0.0,0.0,0.0,0.0
1769450131.180452,6.749960660934448,-4.995262145996094,-2.1744382449875523,3.1822960212248253e-15,2.4368373230185814e-15,7.428811250853212e-16,0.0,0.0,0.0,0.0,0.0,0.0
1769450131.2305176,6.749960660934448,-4.995262145996094,-2.1744382449875523,3.1822960212248253e-15,2.4368373230185814e-15,7.428811250853212e-16,0.0,0.0,0.0,0.0,0.0,0.0
1769450131.2804897,6.749960660934448,-4.995262145996094,-2.1744382449875523,3.512427906486153e-15,6.405385800139074e-16,7.428811250853212e-16,0.0,0.0,0.0,0.0,0.0,0.0
1769450131.3305118,6.749960660934448,-4.995262145996094,-2.1744382449875523,3.512427906486153e-15,6.405385800139074e-16,7.428811250853212e-16,0.0,0.0,0.0,0.0,0.0,0.0
1769450131.3804693,6.749960660934448,-4.995262145996094,-2.1744382449875523,3.8425756858734514e-15,-1.1558466453930328e-15,7.428811250853212e-16,0.0,0.0,0.0,0.0,0.0,0.0
1769450131.4305277,6.749960660934448,-4.995262145996094,-2.1744382449875523,3.8425756858734514e-15,-1.1558466453930328e-15,7.428811250853212e-16,0.0,0.0,0.0,0.0,0.0,0.0
1769450131.4804387,6.749960660934448,-4.995262145996094,-2.1744382449875523,4.1727029370951645e-15,-2.952120173870099e-15,7.428811250853212e-16,0.0,0.0,0.0,0.0,0.0,0.0
1769450131.530599,6.749960660934448,-4.995262145996094,-2.1744382449875523,4.1727029370951645e-15,-2.952120173870099e-15,7.428811250853212e-16,0.0,0.0,0.0,0.0,0.0,0.0
1769450131.5804548,6.749960660934448,-4.995262145996094,-2.1744382449875523,3.4395849659659484e-15,-4.015385585789734e-15,7.428811250853212e-16,0.0,0.0,0.0,0.0,0.0,0.0
1769450131.6305912,6.749960660934448,-4.995262145996094,-2.1744382449875523,3.4395849659659484e-15,-4.015385585789734e-15,7.428811250853212e-16,0.0,0.0,0.0,0.0,0.0,0.0
1769450131.6804738,6.749960660934448,-4.995262145996094,-2.1744382449875523,1.6431769280233948e-15,-4.3455375577677245e-15,7.428811250853212e-16,0.0,0.0,0.0,0.0,0.0,0.0
1769450131.7304702,6.749960660934448,-4.995262145996094,-2.1744382449875523,1.6431769280233948e-15,-4.3455375577677245e-15,7.428811250853212e-16,0.0,0.0,0.0,0.0,0.0,0.0
1769450131.7805808,6.749960660934448,-4.995262145996094,-2.1744382449875523,-1.5289816622200285e-16,-4.675628339851297e-15,7.428811250853212e-16,0.0,0.0,0.0,0.0,0.0,0.0
1769450131.8304741,6.749960660934448,-4.995262145996094,-2.1744382449875523,-1.5289816622200285e-16,-4.675628339851297e-15,7.428811250853212e-16,0.0,0.0,0.0,0.0,0.0,0.0
1769450131.8805401,6.749960660934448,-4.995262145996094,-2.1744382449875523,-1.948936566670119e-15,-5.005712378183295e-15,7.428811250853212e-16,0.0,0.0,0.0,0.0,0.0,0.0
1769450131.9305208,6.749960660934448,-4.995262145996094,-2.1744382449875523,-1.948936566670119e-15,-5.005712378183295e-15,7.428811250853212e-16,0.0,0.0,0.0,0.0,0.0,0.0
1769450131.9804728,6.749960660934448,-4.995262145996094,-2.1744382449875523,-3.0122895696994298e-15,-4.272534013274789e-15,7.428811250853212e-16,0.0,0.0,0.0,0.0,0.0,0.0
1769450132.030538,6.749960660934448,-4.995262145996094,-2.1744382449875523,-3.0122895696994298e-15,-4.272534013274789e-15,7.428811250853212e-16,0.0,0.0,0.0,0.0,0.0,0.0
1769450132.0804937,6.749960660934448,-4.995262145996094,-2.1744382449875523,-3.3424005749736204e-15,-2.4763488815155697e-15,7.428811250853212e-16,0.0,0.0,0.0,0.0,0.0,0.0
1769450132.1305544,6.749960660934448,-4.995262145996094,-2.1744382449875523,-3.3424005749736204e-15,-2.4763488815155697e-15,7.428811250853212e-16,0.0,0.0,0.0,0.0,0.0,0.0
1769450132.1805475,6.749960660934448,-4.995262145996094,-2.1744382449875523,-3.672573406785188e-15,-6.798273419862042e-16,7.428811250853212e-16,0.0,0.0,0.0,0.0,0.0,0.0
1769450132.2305229,6.749960660934448,-4.995262145996094,-2.1744382449875523,-3.672573406785188e-15,-6.798273419862042e-16,7.428811250853212e-16,0.0,0.0,0.0,0.0,0.0,0.0
1769450132.280556,6.749960660934448,-4.995262145996094,-2.1744382449875523,-4.00270872686358e-15,1.1164900903903553e-15,7.428811250853212e-16,0.0,0.0,0.0,0.0,0.0,0.0
1769450132.330545,6.749960660934448,-4.995262145996094,-2.1744382449875523,-4.00270872686358e-15,1.1164900903903553e-15,7.428811250853212e-16,0.0,0.0,0.0,0.0,0.0,0.0
1769450132.3805254,6.749960660934448,-4.995262145996094,-2.1744382449875523,-4.3328265633144934e-15,2.912712391640644e-15,7.428811250853212e-16,0.0,0.0,0.0,0.0,0.0,0.0
1769450132.4305587,6.749960660934448,-4.995262145996094,-2.1744382449875523,-4.3328265633144934e-15,2.912712391640644e-15,7.428811250853212e-16,0.0,0.0,0.0,0.0,0.0,0.0
1769450132.4805882,6.749960660934448,-4.995262145996094,-2.1744382449875523,-3.599833330987335e-15,3.975796890720906e-15,7.428811250853212e-16,0.0,0.0,0.0,0.0,0.0,0.0
1769450132.5304637,6.749960660934448,-4.995262145996094,-2.1744382449875523,-3.599833330987335e-15,3.975796890720906e-15,7.428811250853212e-16,0.0,0.0,0.0,0.0,0.0,0.0
1769450132.580553,6.749960660934448,-4.995262145996094,-2.1744382449875523,-1.8035867907624707e-15,4.305919181919898e-15,7.428811250853212e-16,0.0,0.0,0.0,0.0,0.0,0.0
1769450132.6305332,6.749960660934448,-4.995262145996094,-2.1744382449875523,-1.8035867907624707e-15,4.305919181919898e-15,7.428811250853212e-16,0.0,0.0,0.0,0.0,0.0,0.0
1769450132.6805093,6.749960660934448,-4.995262145996094,-2.1744382449875523,-7.421178768145788e-18,4.636026599763651e-15,7.428811250853212e-16,0.0,0.0,0.0,0.0,0.0,0.0
1769450132.730605,6.749960660934448,-4.995262145996094,-2.1744382449875523,-7.421178768145788e-18,4.636026599763651e-15,7.428811250853212e-16,0.0,0.0,0.0,0.0,0.0,0.0
1769450132.7805758,6.749960660934448,-4.995262145996094,-2.1744382449875523,1.78899040260444e-15,4.966179222969195e-15,7.428811250853212e-16,0.0,0.0,0.0,0.0,0.0,0.0
1769450132.8306234,6.749960660934448,-4.995262145996094,-2.1744382449875523,1.78899040260444e-15,4.966179222969195e-15,7.428811250853212e-16,0.0,0.0,0.0,0.0,0.0,0.0
1769450132.8805149,6.749960660934448,-4.995262145996094,-2.1744382449875523,2.852230067884785e-15,4.233079004062282e-15,7.428811250853212e-16,0.0,0.0,0.0,0.0,0.0,0.0
1769450132.9305398,6.749960660934448,-4.995262145996094,-2.1744382449875523,2.852230067884785e-15,4.233079004062282e-15,7.428811250853212e-16,0.0,0.0,0.0,0.0,0.0,0.0
1769450132.9805682,6.749960660934448,-4.995262145996094,-2.1744382449875523,3.1823205373901372e-15,2.437005610603412e-15,7.428811250853212e-16,0.0,0.0,0.0,0.0,0.0,0.0
1769450133.030569,6.749960660934448,-4.995262145996094,-2.1744382449875523,3.1823205373901372e-15,2.437005610603412e-15,7.428811250853212e-16,0.0,0.0,0.0,0.0,0.0,0.0
1769450133.0805569,6.749960660934448,-4.995262145996094,-2.1744382449875523,3.512536003419309e-15,6.4025209168971375e-16,7.428811250853212e-16,0.0,0.0,0.0,0.0,0.0,0.0
1769450133.1304622,6.749960660934448,-4.995262145996094,-2.1744382449875523,3.512536003419309e-15,6.4025209168971375e-16,7.428811250853212e-16,0.0,0.0,0.0,0.0,0.0,0.0
1769450133.1805344,6.749960660934448,-4.995262145996094,-2.1744382449875523,3.842683511986628e-15,-1.1561316601437563e-15,7.428811250853212e-16,0.0,0.0,0.0,0.0,0.0,0.0
1769450133.2305398,6.749960660934448,-4.995262145996094,-2.1744382449875523,3.842683511986628e-15,-1.1561316601437563e-15,7.428811250853212e-16,0.0,0.0,0.0,0.0,0.0,0.0
1769450133.2804854,6.749960660934448,-4.995262145996094,-2.1744382449875523,4.172826677297491e-15,-2.95249177964584e-15,7.428811250853212e-16,0.0,0.0,0.0,0.0,0.0,0.0
1769450133.3305585,6.749960660934448,-4.995262145996094,-2.1744382449875523,4.172826677297491e-15,-2.95249177964584e-15,7.428811250853212e-16,0.0,0.0,0.0,0.0,0.0,0.0
1769450133.3804865,6.749960660934448,-4.995262145996094,-2.1744382449875523,3.4397357742198246e-15,-4.015717933868741e-15,7.428811250853212e-16,0.0,0.0,0.0,0.0,0.0,0.0
1769450133.4304945,6.749960660934448,-4.995262145996094,-2.1744382449875523,3.4397357742198246e-15,-4.015717933868741e-15,7.428811250853212e-16,0.0,0.0,0.0,0.0,0.0,0.0
1769450133.480529,6.749960660934448,-4.995262145996094,-2.1744382449875523,1.6434128793626508e-15,-4.34585425786646e-15,7.428811250853212e-16,0.0,0.0,0.0,0.0,0.0,0.0
1769450133.5305414,6.749960660934448,-4.995262145996094,-2.1744382449875523,1.6434128793626508e-15,-4.34585425786646e-15,7.428811250853212e-16,0.0,0.0,0.0,0.0,0.0,0.0
1769450133.5804796,6.749960660934448,-4.995262145996094,-2.1744382449875523,-1.529076933383694e-16,-4.675990155087846e-15,7.428811250853212e-16,0.0,0.0,0.0,0.0,0.0,0.0
1769450133.630566,6.749960660934448,-4.995262145996094,-2.1744382449875523,-1.529076933383694e-16,-4.675990155087846e-15,7.428811250853212e-16,0.0,0.0,0.0,0.0,0.0,0.0
1769450133.6804347,6.749960660934448,-4.995262145996094,-2.1744382449875523,-1.9489274935957124e-15,-5.006070774992887e-15,7.428811250853212e-16,0.0,0.0,0.0,0.0,0.0,0.0
1769450133.7305698,6.749960660934448,-4.995262145996094,-2.1744382449875523,-1.9489274935957124e-15,-5.006070774992887e-15,7.428811250853212e-16,0.0,0.0,0.0,0.0,0.0,0.0
1769450133.7804708,6.749960660934448,-4.995262145996094,-2.1744382449875523,-3.0121653785479298e-15,-4.272971783616307e-15,7.428811250853212e-16,0.0,0.0,0.0,0.0,0.0,0.0
1769450133.8305027,6.749960660934448,-4.995262145996094,-2.1744382449875523,-3.0121653785479298e-15,-4.272971783616307e-15,7.428811250853212e-16,0.0,0.0,0.0,0.0,0.0,0.0
1769450133.8805397,6.749960660934448,-4.995262145996094,-2.1744382449875523,-3.3423224046591086e-15,-2.476536245351917e-15,7.428811250853212e-16,0.0,0.0,0.0,0.0,0.0,0.0
1769450133.9305327,6.749960660934448,-4.995262145996094,-2.1744382449875523,-3.3423224046591086e-15,-2.476536245351917e-15,7.428811250853212e-16,0.0,0.0,0.0,0.0,0.0,0.0
1769450133.9805868,6.749960660934448,-4.995262145996094,-2.1744382449875523,-3.672453932600498e-15,-6.802394465803955e-16,7.428811250853212e-16,0.0,0.0,0.0,0.0,0.0,0.0
1769450134.0305064,6.749960660934448,-4.995262145996094,-2.1744382449875523,-3.672453932600498e-15,-6.802394465803955e-16,7.428811250853212e-16,0.0,0.0,0.0,0.0,0.0,0.0
1769450134.080375,6.749960660934448,-4.995262145996094,-2.1744382449875523,-4.0025947150379404e-15,1.116107707338171e-15,7.428811250853212e-16,0.0,0.0,0.0,0.0,0.0,0.0
1769450134.130564,6.749960660934448,-4.995262145996094,-2.1744382449875523,-4.0025947150379404e-15,1.116107707338171e-15,7.428811250853212e-16,0.0,0.0,0.0,0.0,0.0,0.0
1769450134.1804814,6.749960660934448,-4.995262145996094,-2.1744382449875523,-4.332700102363091e-15,2.912262270966138e-15,7.428811250853212e-16,0.0,0.0,0.0,0.0,0.0,0.0
1769450134.2305202,6.749960660934448,-4.995262145996094,-2.1744382449875523,-4.332700102363091e-15,2.912262270966138e-15,7.428811250853212e-16,0.0,0.0,0.0,0.0,0.0,0.0
1769450134.280485,6.749960660934448,-4.995262145996094,-2.1744382449875523,-3.599579941753474e-15,3.975530858362125e-15,7.428811250853212e-16,0.0,0.0,0.0,0.0,0.0,0.0
1769450134.3305056,6.749960660934448,-4.995262145996094,-2.1744382449875523,-3.599579941753474e-15,3.975530858362125e-15,7.428811250853212e-16,0.0,0.0,0.0,0.0,0.0,0.0
1769450134.3805115,6.749960660934448,-4.995262145996094,-2.1744382449875523,-1.8032957560190524e-15,4.305660068222665e-15,7.428811250853212e-16,0.0,0.0,0.0,0.0,0.0,0.0
1769450134.430552,6.749960660934448,-4.995262145996094,-2.1744382449875523,-1.8032957560190524e-15,4.305660068222665e-15,7.428811250853212e-16,0.0,0.0,0.0,0.0,0.0,0.0
1769450134.480494,6.749960660934448,-4.995262145996094,-2.1744382449875523,-6.980949872100595e-18,4.6357949056407336e-15,7.428811250853212e-16,0.0,0.0,0.0,0.0,0.0,0.0
1769450134.5305982,6.749960660934448,-4.995262145996094,-2.1744382449875523,-6.980949872100595e-18,4.6357949056407336e-15,7.428811250853212e-16,0.0,0.0,0.0,0.0,0.0,0.0
1769450134.5804899,6.749960660934448,-4.995262145996094,-2.1744382449875523,1.7893467650352557e-15,4.965932115489015e-15,7.428811250853212e-16,0.0,0.0,0.0,0.0,0.0,0.0
1769450134.6305296,6.749960660934448,-4.995262145996094,-2.1744382449875523,1.7893467650352557e-15,4.965932115489015e-15,7.428811250853212e-16,0.0,0.0,0.0,0.0,0.0,0.0
1769450134.6804833,6.749960660934448,-4.995262145996094,-2.1744382449875523,2.8525058165228587e-15,4.2328874795245335e-15,7.428811250853212e-16,0.0,0.0,0.0,0.0,0.0,0.0
1769450134.7305105,6.749960660934448,-4.995262145996094,-2.1744382449875523,2.8525058165228587e-15,4.2328874795245335e-15,7.428811250853212e-16,0.0,0.0,0.0,0.0,0.0,0.0
1769450134.780516,6.749960660934448,-4.995262145996094,-2.1744382449875523,3.182663703565887e-15,2.4364472567965424e-15,7.428811250853212e-16,0.0,0.0,0.0,0.0,0.0,0.0
1769450134.8304946,6.749960660934448,-4.995262145996094,-2.1744382449875523,3.182663703565887e-15,2.4364472567965424e-15,7.428811250853212e-16,0.0,0.0,0.0,0.0,0.0,0.0
1769450134.8805068,6.749960660934448,-4.995262145996094,-2.1744382449875523,3.5128044165583204e-15,6.401004807390303e-16,7.428811250853212e-16,0.0,0.0,0.0,0.0,0.0,0.0
1769450134.9305491,6.749960660934448,-4.995262145996094,-2.1744382449875523,3.5128044165583204e-15,6.401004807390303e-16,7.428811250853212e-16,0.0,0.0,0.0,0.0,0.0,0.0
1769450134.9805048,6.749960660934448,-4.995262145996094,-2.1744382449875523,3.842924070668215e-15,-1.156131710675428e-15,7.428811250853212e-16,0.0,0.0,0.0,0.0,0.0,0.0
1769450135.0305476,6.749960660934448,-4.995262145996094,-2.1744382449875523,3.842924070668215e-15,-1.156131710675428e-15,7.428811250853212e-16,0.0,0.0,0.0,0.0,0.0,0.0
1769450135.0805361,6.749960660934448,-4.995262145996094,-2.1744382449875523,4.173056746312192e-15,-2.9524347542745726e-15,7.428811250853212e-16,0.0,0.0,0.0,0.0,0.0,0.0
1769450135.1304486,6.749960660934448,-4.995262145996094,-2.1744382449875523,4.173056746312192e-15,-2.9524347542745726e-15,7.428811250853212e-16,0.0,0.0,0.0,0.0,0.0,0.0
1769450135.1804774,6.749960660934448,-4.995262145996094,-2.1744382449875523,3.439997043412531e-15,-4.015615657840109e-15,7.428811250853212e-16,0.0,0.0,0.0,0.0,0.0,0.0
1769450135.2305055,6.749960660934448,-4.995262145996094,-2.1744382449875523,3.439997043412531e-15,-4.015615657840109e-15,7.428811250853212e-16,0.0,0.0,0.0,0.0,0.0,0.0
1769450135.280468,6.749960660934448,-4.995262145996094,-2.1744382449875523,1.6440103370613511e-15,-4.345690195597805e-15,7.428811250853212e-16,0.0,0.0,0.0,0.0,0.0,0.0
1769450135.3305233,6.749960660934448,-4.995262145996094,-2.1744382449875523,1.6440103370613511e-15,-4.345690195597805e-15,7.428811250853212e-16,0.0,0.0,0.0,0.0,0.0,0.0
1769450135.3805025,6.749960660934448,-4.995262145996094,-2.1744382449875523,-1.5260047067390146e-16,-4.675879433522898e-15,7.428811250853212e-16,0.0,0.0,0.0,0.0,0.0,0.0
1769450135.4305227,6.749960660934448,-4.995262145996094,-2.1744382449875523,-1.5260047067390146e-16,-4.675879433522898e-15,7.428811250853212e-16,0.0,0.0,0.0,0.0,0.0,0.0
1769450135.4804933,6.749960660934448,-4.995262145996094,-2.1744382449875523,-1.949066139075972e-15,-5.006041997086682e-15,7.428811250853212e-16,0.0,0.0,0.0,0.0,0.0,0.0
1769450135.530464,6.749960660934448,-4.995262145996094,-2.1744382449875523,-1.949066139075972e-15,-5.006041997086682e-15,7.428811250853212e-16,0.0,0.0,0.0,0.0,0.0,0.0
1769450135.5804892,6.749960660934448,-4.995262145996094,-2.1744382449875523,-3.012218413958381e-15,-4.273002033568981e-15,7.428811250853212e-16,0.0,0.0,0.0,0.0,0.0,0.0
1769450135.63041,6.749960660934448,-4.995262145996094,-2.1744382449875523,-3.012218413958381e-15,-4.273002033568981e-15,7.428811250853212e-16,0.0,0.0,0.0,0.0,0.0,0.0
1769450135.6804843,6.749960660934448,-4.995262145996094,-2.1744382449875523,-3.3424519052011767e-15,-2.4761504366748757e-15,7.428811250853212e-16,0.0,0.0,0.0,0.0,0.0,0.0
1769450135.7305465,6.749960660934448,-4.995262145996094,-2.1744382449875523,-3.3424519052011767e-15,-2.4761504366748757e-15,7.428811250853212e-16,0.0,0.0,0.0,0.0,0.0,0.0
1769450135.7803745,6.749960660934448,-4.995262145996094,-2.1744382449875523,-3.672458679031164e-15,-6.805324443546573e-16,7.428811250853212e-16,0.0,0.0,0.0,0.0,0.0,0.0
1769450135.8304896,6.749960660934448,-4.995262145996094,-2.1744382449875523,-3.672458679031164e-15,-6.805324443546573e-16,7.428811250853212e-16,0.0,0.0,0.0,0.0,0.0,0.0
1769450135.8805068,6.749960660934448,-4.995262145996094,-2.1744382449875523,-4.002536144118891e-15,1.1154701900528209e-15,7.428811250853212e-16,0.0,0.0,0.0,0.0,0.0,0.0
1769450135.930421,6.749960660934448,-4.995262145996094,-2.1744382449875523,-4.002536144118891e-15,1.1154701900528209e-15,7.428811250853212e-16,0.0,0.0,0.0,0.0,0.0,0.0
1769450135.9805107,6.749960660934448,-4.995262145996094,-2.1744382449875523,-4.332664466307198e-15,2.9117495458250745e-15,7.428811250853212e-16,0.0,0.0,0.0,0.0,0.0,0.0
1769450136.0304139,6.749960660934448,-4.995262145996094,-2.1744382449875523,-4.332664466307198e-15,2.9117495458250745e-15,7.428811250853212e-16,0.0,0.0,0.0,0.0,0.0,0.0
1769450136.080551,6.749960660934448,-4.995262145996094,-2.1744382449875523,-3.599429246666973e-15,3.97518500716549e-15,7.428811250853212e-16,0.0,0.0,0.0,0.0,0.0,0.0
1769450136.130493,6.749960660934448,-4.995262145996094,-2.1744382449875523,-3.599429246666973e-15,3.97518500716549e-15,7.428811250853212e-16,0.0,0.0,0.0,0.0,0.0,0.0
1769450136.1805007,6.749960660934448,-4.995262145996094,-2.1744382449875523,-1.802681931508886e-15,4.305399333040474e-15,7.428811250853212e-16,0.0,0.0,0.0,0.0,0.0,0.0
1769450136.230495,6.749960660934448,-4.995262145996094,-2.1744382449875523,-1.802681931508886e-15,4.305399333040474e-15,7.428811250853212e-16,0.0,0.0,0.0,0.0,0.0,0.0
1769450136.2804632,6.749960660934448,-4.995262145996094,-2.1744382449875523,-7.057587786029724e-18,4.635407274159887e-15,7.428811250853212e-16,0.0,0.0,0.0,0.0,0.0,0.0
1769450136.3305016,6.749960660934448,-4.995262145996094,-2.1744382449875523,-7.057587786029724e-18,4.635407274159887e-15,7.428811250853212e-16,0.0,0.0,0.0,0.0,0.0,0.0
1769450136.3804917,6.749960660934448,-4.995262145996094,-2.1744382449875523,1.7891110515243516e-15,4.96551524837744e-15,7.428811250853212e-16,0.0,0.0,0.0,0.0,0.0,0.0
1769450136.430547,6.749960660934448,-4.995262145996094,-2.1744382449875523,1.7891110515243516e-15,4.96551524837744e-15,7.428811250853212e-16,0.0,0.0,0.0,0.0,0.0,0.0
1769450136.4804728,6.749960660934448,-4.995262145996094,-2.1744382449875523,2.8523439836576256e-15,4.2324196719530755e-15,7.428811250853212e-16,0.0,0.0,0.0,0.0,0.0,0.0
1769450136.5305197,6.749960660934448,-4.995262145996094,-2.1744382449875523,2.8523439836576256e-15,4.2324196719530755e-15,7.428811250853212e-16,0.0,0.0,0.0,0.0,0.0,0.0
1769450136.5803552,6.749960660934448,-4.995262145996094,-2.1744382449875523,3.182502145271737e-15,2.435977955241276e-15,7.428811250853212e-16,0.0,0.0,0.0,0.0,0.0,0.0
1769450136.630495,6.749960660934448,-4.995262145996094,-2.1744382449875523,3.182502145271737e-15,2.435977955241276e-15,7.428811250853212e-16,0.0,0.0,0.0,0.0,0.0,0.0
1769450136.6803572,6.749960660934448,-4.995262145996094,-2.1744382449875523,3.51261349616458e-15,6.39790942917415e-16,7.428811250853212e-16,0.0,0.0,0.0,0.0,0.0,0.0
1769450136.730548,6.749960660934448,-4.995262145996094,-2.1744382449875523,3.51261349616458e-15,6.39790942917415e-16,7.428811250853212e-16,0.0,0.0,0.0,0.0,0.0,0.0
1769450136.7804933,6.749960660934448,-4.995262145996094,-2.1744382449875523,3.842733794412013e-15,-1.1564447533492047e-15,7.428811250853212e-16,0.0,0.0,0.0,0.0,0.0,0.0
1769450136.830472,6.749960660934448,-4.995262145996094,-2.1744382449875523,3.842733794412013e-15,-1.1564447533492047e-15,7.428811250853212e-16,0.0,0.0,0.0,0.0,0.0,0.0
1769450136.8804846,6.749960660934448,-4.995262145996094,-2.1744382449875523,4.172878494149072e-15,-2.9528132219019836e-15,7.428811250853212e-16,0.0,0.0,0.0,0.0,0.0,0.0
1769450136.9305353,6.749960660934448,-4.995262145996094,-2.1744382449875523,4.172878494149072e-15,-2.9528132219019836e-15,7.428811250853212e-16,0.0,0.0,0.0,0.0,0.0,0.0
1769450136.9805088,6.749960660934448,-4.995262145996094,-2.1744382449875523,3.4397713651104804e-15,-4.016062909176462e-15,7.428811250853212e-16,0.0,0.0,0.0,0.0,0.0,0.0
1769450137.030486,6.749960660934448,-4.995262145996094,-2.1744382449875523,3.4397713651104804e-15,-4.016062909176462e-15,7.428811250853212e-16,0.0,0.0,0.0,0.0,0.0,0.0
1769450137.0803819,6.749960660934448,-4.995262145996094,-2.1744382449875523,1.6434633394697079e-15,-4.346196500442521e-15,7.428811250853212e-16,0.0,0.0,0.0,0.0,0.0,0.0
1769450137.1305158,6.749960660934448,-4.995262145996094,-2.1744382449875523,1.6434633394697079e-15,-4.346196500442521e-15,7.428811250853212e-16,0.0,0.0,0.0,0.0,0.0,0.0
1769450137.1805232,6.749960660934448,-4.995262145996094,-2.1744382449875523,-1.5274156667765935e-16,-4.6763111399429585e-15,7.428811250853212e-16,0.0,0.0,0.0,0.0,0.0,0.0
1769450137.230395,6.749960660934448,-4.995262145996094,-2.1744382449875523,-1.5274156667765935e-16,-4.6763111399429585e-15,7.428811250853212e-16,0.0,0.0,0.0,0.0,0.0,0.0
1769450137.280512,6.749960660934448,-4.995262145996094,-2.1744382449875523,-1.9493148427042992e-15,-5.0064934801213544e-15,7.428811250853212e-16,0.0,0.0,0.0,0.0,0.0,0.0
1769450137.3305132,6.749960660934448,-4.995262145996094,-2.1744382449875523,-1.9493148427042992e-15,-5.0064934801213544e-15,7.428811250853212e-16,0.0,0.0,0.0,0.0,0.0,0.0
1769450137.3805754,6.749960660934448,-4.995262145996094,-2.1744382449875523,-3.0124361612100404e-15,-4.273474860922581e-15,7.428811250853212e-16,0.0,0.0,0.0,0.0,0.0,0.0
1769450137.430501,6.749960660934448,-4.995262145996094,-2.1744382449875523,-3.0124361612100404e-15,-4.273474860922581e-15,7.428811250853212e-16,0.0,0.0,0.0,0.0,0.0,0.0
1769450137.4803863,6.749960660934448,-4.995262145996094,-2.1744382449875523,-3.342542334589214e-15,-2.4773160202528703e-15,7.428811250853212e-16,0.0,0.0,0.0,0.0,0.0,0.0
1769450137.5305624,6.749960660934448,-4.995262145996094,-2.1744382449875523,-3.342542334589214e-15,-2.4773160202528703e-15,7.428811250853212e-16,0.0,0.0,0.0,0.0,0.0,0.0
1769450137.5804837,6.749960660934448,-4.995262145996094,-2.1744382449875523,-3.672693907510127e-15,-6.809101536417103e-16,7.428811250853212e-16,0.0,0.0,0.0,0.0,0.0,0.0
1769450137.6304157,6.749960660934448,-4.995262145996094,-2.1744382449875523,-3.672693907510127e-15,-6.809101536417103e-16,7.428811250853212e-16,0.0,0.0,0.0,0.0,0.0,0.0
1769450137.680536,6.749960660934448,-4.995262145996094,-2.1744382449875523,-4.004220436605346e-15,1.1229770625689824e-15,7.428811250853212e-16,0.0,0.0,0.0,0.0,0.0,0.0
1769450137.7305052,6.749960660934448,-4.995262145996094,-2.1744382449875523,-4.004220436605346e-15,1.1229770625689824e-15,7.428811250853212e-16,0.0,0.0,0.0,0.0,0.0,0.0
1769450137.7804625,6.749960660934448,-4.995262145996094,-2.1744382449875523,-4.333166313819328e-15,2.912822552011205e-15,7.428811250853212e-16,0.0,0.0,0.0,0.0,0.0,0.0
1769450137.8305178,6.749960660934448,-4.995262145996094,-2.1744382449875523,-4.333166313819328e-15,2.912822552011205e-15,7.428811250853212e-16,0.0,0.0,0.0,0.0,0.0,0.0
1769450137.8806837,6.749960660934448,-4.995262145996094,-2.1744382449875523,-3.600619622919899e-15,3.975259417185613e-15,7.428811250853212e-16,0.0,0.0,0.0,0.0,0.0,0.0
1769450137.9305024,6.749960660934448,-4.995262145996094,-2.1744382449875523,-3.600619622919899e-15,3.975259417185613e-15,7.428811250853212e-16,0.0,0.0,0.0,0.0,0.0,0.0
1769450137.9805472,6.749960660934448,-4.995262145996094,-2.1744382449875523,-1.804122871853686e-15,4.305427693261613e-15,7.428811250853212e-16,0.0,0.0,0.0,0.0,0.0,0.0
1769450138.0305395,6.749960660934448,-4.995262145996094,-2.1744382449875523,-1.804122871853686e-15,4.305427693261613e-15,7.428811250853212e-16,0.0,0.0,0.0,0.0,0.0,0.0
1769450138.0805016,6.749960660934448,-4.995262145996094,-2.1744382449875523,-7.498156658001976e-18,4.635619487162514e-15,7.428811250853212e-16,0.0,0.0,0.0,0.0,0.0,0.0
1769450138.1305685,6.749960660934448,-4.995262145996094,-2.1744382449875523,-7.498156658001976e-18,4.635619487162514e-15,7.428811250853212e-16,0.0,0.0,0.0,0.0,0.0,0.0
1769450138.1805048,6.749960660934448,-4.995262145996094,-2.1744382449875523,1.7889731240104436e-15,4.965783082173927e-15,7.428811250853212e-16,0.0,0.0,0.0,0.0,0.0,0.0
1769450138.2305686,6.749960660934448,-4.995262145996094,-2.1744382449875523,1.7889731240104436e-15,4.965783082173927e-15,7.428811250853212e-16,0.0,0.0,0.0,0.0,0.0,0.0
1769450138.2805674,6.749960660934448,-4.995262145996094,-2.1744382449875523,2.852165404346286e-15,4.2327155350289156e-15,7.428811250853212e-16,0.0,0.0,0.0,0.0,0.0,0.0
1769450138.3305337,6.749960660934448,-4.995262145996094,-2.1744382449875523,2.852165404346286e-15,4.2327155350289156e-15,7.428811250853212e-16,0.0,0.0,0.0,0.0,0.0,0.0
1769450138.3805249,6.749960660934448,-4.995262145996094,-2.1744382449875523,3.1822532773720832e-15,2.43665626941764e-15,7.428811250853212e-16,0.0,0.0,0.0,0.0,0.0,0.0
1769450138.430469,6.749960660934448,-4.995262145996094,-2.1744382449875523,3.1822532773720832e-15,2.43665626941764e-15,7.428811250853212e-16,0.0,0.0,0.0,0.0,0.0,0.0
1769450138.4805431,6.749960660934448,-4.995262145996094,-2.1744382449875523,3.512385392148459e-15,6.40356277586026e-16,7.428811250853212e-16,0.0,0.0,0.0,0.0,0.0,0.0
1769450138.5305562,6.749960660934448,-4.995262145996094,-2.1744382449875523,3.512385392148459e-15,6.40356277586026e-16,7.428811250853212e-16,0.0,0.0,0.0,0.0,0.0,0.0
1769450138.5805304,6.749960660934448,-4.995262145996094,-2.1744382449875523,3.8425173654245204e-15,-1.1559429443204514e-15,7.428811250853212e-16,0.0,0.0,0.0,0.0,0.0,0.0
1769450138.6305335,6.749960660934448,-4.995262145996094,-2.1744382449875523,3.8425173654245204e-15,-1.1559429443204514e-15,7.428811250853212e-16,0.0,0.0,0.0,0.0,0.0,0.0
1769450138.6805449,6.749960660934448,-4.995262145996094,-2.1744382449875523,4.172627249758138e-15,-2.9521219768683224e-15,7.428811250853212e-16,0.0,0.0,0.0,0.0,0.0,0.0
1769450138.730566,6.749960660934448,-4.995262145996094,-2.1744382449875523,4.172627249758138e-15,-2.9521219768683224e-15,7.428811250853212e-16,0.0,0.0,0.0,0.0,0.0,0.0
1769450138.7805083,6.749960660934448,-4.995262145996094,-2.1744382449875523,3.4395839002281337e-15,-4.015279162597155e-15,7.428811250853212e-16,0.0,0.0,0.0,0.0,0.0,0.0
1769450138.8304462,6.749960660934448,-4.995262145996094,-2.1744382449875523,3.4395839002281337e-15,-4.015279162597155e-15,7.428811250853212e-16,0.0,0.0,0.0,0.0,0.0,0.0
1769450138.8805604,6.749960660934448,-4.995262145996094,-2.1744382449875523,1.6431930535998697e-15,-4.345427975077863e-15,7.428811250853212e-16,0.0,0.0,0.0,0.0,0.0,0.0
1769450138.9307032,6.749960660934448,-4.995262145996094,-2.1744382449875523,1.6431930535998697e-15,-4.345427975077863e-15,7.428811250853212e-16,0.0,0.0,0.0,0.0,0.0,0.0
1769450138.9805233,6.749960660934448,-4.995262145996094,-2.1744382449875523,-1.5308353701126267e-16,-4.675555789072387e-15,7.428811250853212e-16,0.0,0.0,0.0,0.0,0.0,0.0
1769450139.0305579,6.749960660934448,-4.995262145996094,-2.1744382449875523,-1.5308353701126267e-16,-4.675555789072387e-15,7.428811250853212e-16,0.0,0.0,0.0,0.0,0.0,0.0
1769450139.0805085,6.749960660934448,-4.995262145996094,-2.1744382449875523,-1.949447637832706e-15,-5.005699686088079e-15,7.428811250853212e-16,0.0,0.0,0.0,0.0,0.0,0.0
1769450139.1305227,6.749960660934448,-4.995262145996094,-2.1744382449875523,-1.949447637832706e-15,-5.005699686088079e-15,7.428811250853212e-16,0.0,0.0,0.0,0.0,0.0,0.0
1769450139.1804721,6.749960660934448,-4.995262145996094,-2.1744382449875523,-3.012669222824918e-15,-4.2726119334798014e-15,7.428811250853212e-16,0.0,0.0,0.0,0.0,0.0,0.0
1769450139.2305274,6.749960660934448,-4.995262145996094,-2.1744382449875523,-3.012669222824918e-15,-4.2726119334798014e-15,7.428811250853212e-16,0.0,0.0,0.0,0.0,0.0,0.0
1769450139.2805245,6.749960660934448,-4.995262145996094,-2.1744382449875523,-3.3427813006487285e-15,-2.4764209658119023e-15,7.428811250853212e-16,0.0,0.0,0.0,0.0,0.0,0.0
1769450139.330455,6.749960660934448,-4.995262145996094,-2.1744382449875523,-3.3427813006487285e-15,-2.4764209658119023e-15,7.428811250853212e-16,0.0,0.0,0.0,0.0,0.0,0.0
1769450139.380512,6.749960660934448,-4.995262145996094,-2.1744382449875523,-3.67290130931574e-15,-6.801868451972333e-16,7.428811250853212e-16,0.0,0.0,0.0,0.0,0.0,0.0
1769450139.4305506,6.749960660934448,-4.995262145996094,-2.1744382449875523,-3.67290130931574e-15,-6.801868451972333e-16,7.428811250853212e-16,0.0,0.0,0.0,0.0,0.0,0.0
1769450139.4804847,6.749960660934448,-4.995262145996094,-2.1744382449875523,-4.003046081387932e-15,1.1161820169422217e-15,7.428811250853212e-16,0.0,0.0,0.0,0.0,0.0,0.0
1769450139.5305681,6.749960660934448,-4.995262145996094,-2.1744382449875523,-4.003046081387932e-15,1.1161820169422217e-15,7.428811250853212e-16,0.0,0.0,0.0,0.0,0.0,0.0
1769450139.5804067,6.749960660934448,-4.995262145996094,-2.1744382449875523,-4.333180674441309e-15,2.912495493463015e-15,7.428811250853212e-16,0.0,0.0,0.0,0.0,0.0,0.0
1769450139.6305618,6.749960660934448,-4.995262145996094,-2.1744382449875523,-4.333180674441309e-15,2.912495493463015e-15,7.428811250853212e-16,0.0,0.0,0.0,0.0,0.0,0.0
1769450139.680538,6.749960660934448,-4.995262145996094,-2.1744382449875523,-3.60012525726776e-15,3.975670181297224e-15,7.428811250853212e-16,0.0,0.0,0.0,0.0,0.0,0.0
1769450139.7306285,6.749960660934448,-4.995262145996094,-2.1744382449875523,-3.60012525726776e-15,3.975670181297224e-15,7.428811250853212e-16,0.0,0.0,0.0,0.0,0.0,0.0
1769450139.780557,6.749960660934448,-4.995262145996094,-2.1744382449875523,-1.803714673798904e-15,4.30582262110352e-15,7.428811250853212e-16,0.0,0.0,0.0,0.0,0.0,0.0
1769450139.830541,6.749960660934448,-4.995262145996094,-2.1744382449875523,-1.803714673798904e-15,4.30582262110352e-15,7.428811250853212e-16,0.0,0.0,0.0,0.0,0.0,0.0
1769450139.8804922,6.749960660934448,-4.995262145996094,-2.1744382449875523,-7.291339883069043e-18,4.635977404244473e-15,7.428811250853212e-16,0.0,0.0,0.0,0.0,0.0,0.0
1769450139.9305422,6.749960660934448,-4.995262145996094,-2.1744382449875523,-7.291339883069043e-18,4.635977404244473e-15,7.428811250853212e-16,0.0,0.0,0.0,0.0,0.0,0.0
1769450139.980487,6.749960660934448,-4.995262145996094,-2.1744382449875523,1.7890213076278375e-15,4.9661118449386726e-15,7.428811250853212e-16,0.0,0.0,0.0,0.0,0.0,0.0
1769450140.0305164,6.749960660934448,-4.995262145996094,-2.1744382449875523,1.7890213076278375e-15,4.9661118449386726e-15,7.428811250853212e-16,0.0,0.0,0.0,0.0,0.0,0.0
1769450140.0804915,6.749960660934448,-4.995262145996094,-2.1744382449875523,2.8522787932921486e-15,4.232999338936184e-15,7.428811250853212e-16,0.0,0.0,0.0,0.0,0.0,0.0
1769450140.130454,6.749960660934448,-4.995262145996094,-2.1744382449875523,2.8522787932921486e-15,4.232999338936184e-15,7.428811250853212e-16,0.0,0.0,0.0,0.0,0.0,0.0
1769450140.180501,6.749960660934448,-4.995262145996094,-2.1744382449875523,3.182422071998578e-15,2.436638602431251e-15,7.428811250853212e-16,0.0,0.0,0.0,0.0,0.0,0.0
1769450140.2304556,6.749960660934448,-4.995262145996094,-2.1744382449875523,3.182422071998578e-15,2.436638602431251e-15,7.428811250853212e-16,0.0,0.0,0.0,0.0,0.0,0.0
1769450140.28047,6.749960660934448,-4.995262145996094,-2.1744382449875523,3.5125041778616515e-15,6.406107168460002e-16,7.428811250853212e-16,0.0,0.0,0.0,0.0,0.0,0.0
1769450140.330536,6.749960660934448,-4.995262145996094,-2.1744382449875523,3.5125041778616515e-15,6.406107168460002e-16,7.428811250853212e-16,0.0,0.0,0.0,0.0,0.0,0.0
1769450140.3804152,6.749960660934448,-4.995262145996094,-2.1744382449875523,3.842684944352178e-15,-1.1559539965010949e-15,7.428811250853212e-16,0.0,0.0,0.0,0.0,0.0,0.0
1769450140.4305646,6.749960660934448,-4.995262145996094,-2.1744382449875523,3.842684944352178e-15,-1.1559539965010949e-15,7.428811250853212e-16,0.0,0.0,0.0,0.0,0.0,0.0
1769450140.4805267,6.749960660934448,-4.995262145996094,-2.1744382449875523,4.172830602877075e-15,-2.95232768196707e-15,7.428811250853212e-16,0.0,0.0,0.0,0.0,0.0,0.0
1769450140.5305593,6.749960660934448,-4.995262145996094,-2.1744382449875523,4.172830602877075e-15,-2.95232768196707e-15,7.428811250853212e-16,0.0,0.0,0.0,0.0,0.0,0.0
1769450140.5805073,6.749960660934448,-4.995262145996094,-2.1744382449875523,3.4398405217130085e-15,-4.015407610810542e-15,7.428811250853212e-16,0.0,0.0,0.0,0.0,0.0,0.0
1769450140.6304293,6.749960660934448,-4.995262145996094,-2.1744382449875523,3.4398405217130085e-15,-4.015407610810542e-15,7.428811250853212e-16,0.0,0.0,0.0,0.0,0.0,0.0
1769450140.6804554,6.749960660934448,-4.995262145996094,-2.1744382449875523,1.643731447629391e-15,-4.345504637862049e-15,7.428811250853212e-16,0.0,0.0,0.0,0.0,0.0,0.0
1769450140.730551,6.749960660934448,-4.995262145996094,-2.1744382449875523,1.643731447629391e-15,-4.345504637862049e-15,7.428811250853212e-16,0.0,0.0,0.0,0.0,0.0,0.0
1769450140.780457,6.749960660934448,-4.995262145996094,-2.1744382449875523,-1.530316597003959e-16,-4.675721866093579e-15,7.428811250853212e-16,0.0,0.0,0.0,0.0,0.0,0.0
1769450140.830503,6.749960660934448,-4.995262145996094,-2.1744382449875523,-1.530316597003959e-16,-4.675721866093579e-15,7.428811250853212e-16,0.0,0.0,0.0,0.0,0.0,0.0
1769450140.880586,6.749960660934448,-4.995262145996094,-2.1744382449875523,-1.9492602102312372e-15,-5.00584085106546e-15,7.428811250853212e-16,0.0,0.0,0.0,0.0,0.0,0.0
1769450140.9305353,6.749960660934448,-4.995262145996094,-2.1744382449875523,-1.9492602102312372e-15,-5.00584085106546e-15,7.428811250853212e-16,0.0,0.0,0.0,0.0,0.0,0.0
1769450140.9805286,6.749960660934448,-4.995262145996094,-2.1744382449875523,-3.0125044261470266e-15,-4.272737494510518e-15,7.428811250853212e-16,0.0,0.0,0.0,0.0,0.0,0.0
1769450141.0305264,6.749960660934448,-4.995262145996094,-2.1744382449875523,-3.0125044261470266e-15,-4.272737494510518e-15,7.428811250853212e-16,0.0,0.0,0.0,0.0,0.0,0.0
1769450141.0804489,6.749960660934448,-4.995262145996094,-2.1744382449875523,-3.342565770163098e-15,-2.4768225773519425e-15,7.428811250853212e-16,0.0,0.0,0.0,0.0,0.0,0.0
1769450141.1304805,6.749960660934448,-4.995262145996094,-2.1744382449875523,-3.342565770163098e-15,-2.4768225773519425e-15,7.428811250853212e-16,0.0,0.0,0.0,0.0,0.0,0.0
1769450141.1804564,6.749960660934448,-4.995262145996094,-2.1744382449875523,-3.672699394721309e-15,-6.805143705634168e-16,7.428811250853212e-16,0.0,0.0,0.0,0.0,0.0,0.0
1769450141.2305887,6.749960660934448,-4.995262145996094,-2.1744382449875523,-3.672699394721309e-15,-6.805143705634168e-16,7.428811250853212e-16,0.0,0.0,0.0,0.0,0.0,0.0
1769450141.2804897,6.749960660934448,-4.995262145996094,-2.1744382449875523,-4.002832904887151e-15,1.1157932137985038e-15,7.428811250853212e-16,0.0,0.0,0.0,0.0,0.0,0.0
1769450141.3304563,6.749960660934448,-4.995262145996094,-2.1744382449875523,-4.002832904887151e-15,1.1157932137985038e-15,7.428811250853212e-16,0.0,0.0,0.0,0.0,0.0,0.0
1769450141.380497,6.749960660934448,-4.995262145996094,-2.1744382449875523,-4.332952395592524e-15,2.9120245161036404e-15,7.428811250853212e-16,0.0,0.0,0.0,0.0,0.0,0.0
1769450141.4305866,6.749960660934448,-4.995262145996094,-2.1744382449875523,-4.332952395592524e-15,2.9120245161036404e-15,7.428811250853212e-16,0.0,0.0,0.0,0.0,0.0,0.0
1769450141.480452,6.749960660934448,-4.995262145996094,-2.1744382449875523,-3.599860288633942e-15,3.975252416355132e-15,7.428811250853212e-16,0.0,0.0,0.0,0.0,0.0,0.0
1769450141.5304844,6.749960660934448,-4.995262145996094,-2.1744382449875523,-3.599860288633942e-15,3.975252416355132e-15,7.428811250853212e-16,0.0,0.0,0.0,0.0,0.0,0.0
1769450141.580484,6.749960660934448,-4.995262145996094,-2.1744382449875523,-1.803452763012381e-15,4.3054042941764585e-15,7.428811250853212e-16,0.0,0.0,0.0,0.0,0.0,0.0
1769450141.630546,6.749960660934448,-4.995262145996094,-2.1744382449875523,-1.803452763012381e-15,4.3054042941764585e-15,7.428811250853212e-16,0.0,0.0,0.0,0.0,0.0,0.0
1769450141.6805465,6.749960660934448,-4.995262145996094,-2.1744382449875523,-7.13606586148923e-18,4.635539479131761e-15,7.428811250853212e-16,0.0,0.0,0.0,0.0,0.0,0.0
1769450141.730539,6.749960660934448,-4.995262145996094,-2.1744382449875523,-7.13606586148923e-18,4.635539479131761e-15,7.428811250853212e-16,0.0,0.0,0.0,0.0,0.0,0.0
1769450141.7804644,6.749960660934448,-4.995262145996094,-2.1744382449875523,1.7893764341136984e-15,4.965710649613289e-15,7.428811250853212e-16,0.0,0.0,0.0,0.0,0.0,0.0
1769450141.8304207,6.749960660934448,-4.995262145996094,-2.1744382449875523,1.7893764341136984e-15,4.965710649613289e-15,7.428811250853212e-16,0.0,0.0,0.0,0.0,0.0,0.0
1769450141.880454,6.749960660934448,-4.995262145996094,-2.1744382449875523,2.852629075070708e-15,4.2326014840203995e-15,7.428811250853212e-16,0.0,0.0,0.0,0.0,0.0,0.0
1769450141.9305198,6.749960660934448,-4.995262145996094,-2.1744382449875523,2.852629075070708e-15,4.2326014840203995e-15,7.428811250853212e-16,0.0,0.0,0.0,0.0,0.0,0.0
1769450141.9804313,6.749960660934448,-4.995262145996094,-2.1744382449875523,3.1826843697975557e-15,2.436719481981853e-15,7.428811250853212e-16,0.0,0.0,0.0,0.0,0.0,0.0
1769450142.0305681,6.749960660934448,-4.995262145996094,-2.1744382449875523,3.1826843697975557e-15,2.436719481981853e-15,7.428811250853212e-16,0.0,0.0,0.0,0.0,0.0,0.0
1769450142.080563,6.749960660934448,-4.995262145996094,-2.1744382449875523,3.512837882367585e-15,6.403030614392929e-16,7.428811250853212e-16,0.0,0.0,0.0,0.0,0.0,0.0
1769450142.1305933,6.749960660934448,-4.995262145996094,-2.1744382449875523,3.512837882367585e-15,6.403030614392929e-16,7.428811250853212e-16,0.0,0.0,0.0,0.0,0.0,0.0
1769450142.1805162,6.749960660934448,-4.995262145996094,-2.1744382449875523,3.842951978800875e-15,-1.1558988897955757e-15,7.428811250853212e-16,0.0,0.0,0.0,0.0,0.0,0.0
1769450142.230525,6.749960660934448,-4.995262145996094,-2.1744382449875523,3.842951978800875e-15,-1.1558988897955757e-15,7.428811250853212e-16,0.0,0.0,0.0,0.0,0.0,0.0
1769450142.280577,6.749960660934448,-4.995262145996094,-2.1744382449875523,4.1731551836812946e-15,-2.9525856938989976e-15,7.428811250853212e-16,0.0,0.0,0.0,0.0,0.0,0.0
1769450142.3305123,6.749960660934448,-4.995262145996094,-2.1744382449875523,4.1731551836812946e-15,-2.9525856938989976e-15,7.428811250853212e-16,0.0,0.0,0.0,0.0,0.0,0.0
1769450142.380454,6.749960660934448,-4.995262145996094,-2.1744382449875523,3.4400766692929936e-15,-4.015793880393074e-15,7.428811250853212e-16,0.0,0.0,0.0,0.0,0.0,0.0
1769450142.430517,6.749960660934448,-4.995262145996094,-2.1744382449875523,3.4400766692929936e-15,-4.015793880393074e-15,7.428811250853212e-16,0.0,0.0,0.0,0.0,0.0,0.0
1769450142.4805884,6.749960660934448,-4.995262145996094,-2.1744382449875523,1.6440604641789793e-15,-4.345873839566459e-15,7.428811250853212e-16,0.0,0.0,0.0,0.0,0.0,0.0
1769450142.5305607,6.749960660934448,-4.995262145996094,-2.1744382449875523,1.6440604641789793e-15,-4.345873839566459e-15,7.428811250853212e-16,0.0,0.0,0.0,0.0,0.0,0.0
1769450142.5805001,6.749960660934448,-4.995262145996094,-2.1744382449875523,-1.5231320633348862e-16,-4.676019495343133e-15,7.428811250853212e-16,0.0,0.0,0.0,0.0,0.0,0.0
1769450142.6305637,6.749960660934448,-4.995262145996094,-2.1744382449875523,-1.5231320633348862e-16,-4.676019495343133e-15,7.428811250853212e-16,0.0,0.0,0.0,0.0,0.0,0.0
1769450142.6804636,6.749960660934448,-4.995262145996094,-2.1744382449875523,-1.9487278247998013e-15,-5.006172676719461e-15,7.428811250853212e-16,0.0,0.0,0.0,0.0,0.0,0.0
1769450142.730579,6.749960660934448,-4.995262145996094,-2.1744382449875523,-1.9487278247998013e-15,-5.006172676719461e-15,7.428811250853212e-16,0.0,0.0,0.0,0.0,0.0,0.0
1769450142.780539,6.749960660934448,-4.995262145996094,-2.1744382449875523,-3.0119344028445843e-15,-4.273095271351608e-15,7.428811250853212e-16,0.0,0.0,0.0,0.0,0.0,0.0
1769450142.8305724,6.749960660934448,-4.995262145996094,-2.1744382449875523,-3.0119344028445843e-15,-4.273095271351608e-15,7.428811250853212e-16,0.0,0.0,0.0,0.0,0.0,0.0
1769450142.8804715,6.749960660934448,-4.995262145996094,-2.1744382449875523,-3.3420281385631572e-15,-2.4770041059204925e-15,7.428811250853212e-16,0.0,0.0,0.0,0.0,0.0,0.0
1769450142.9305615,6.749960660934448,-4.995262145996094,-2.1744382449875523,-3.3420281385631572e-15,-2.4770041059204925e-15,7.428811250853212e-16,0.0,0.0,0.0,0.0,0.0,0.0
1769450142.9805605,6.749960660934448,-4.995262145996094,-2.1744382449875523,-3.672195779599647e-15,-6.805108102026571e-16,7.428811250853212e-16,0.0,0.0,0.0,0.0,0.0,0.0
1769450143.030538,6.749960660934448,-4.995262145996094,-2.1744382449875523,-3.672195779599647e-15,-6.805108102026571e-16,7.428811250853212e-16,0.0,0.0,0.0,0.0,0.0,0.0
1769450143.0805418,6.749960660934448,-4.995262145996094,-2.1744382449875523,-4.0023510674703825e-15,1.1159152700261352e-15,7.428811250853212e-16,0.0,0.0,0.0,0.0,0.0,0.0
1769450143.130522,6.749960660934448,-4.995262145996094,-2.1744382449875523,-4.0023510674703825e-15,1.1159152700261352e-15,7.428811250853212e-16,0.0,0.0,0.0,0.0,0.0,0.0
1769450143.180607,6.749960660934448,-4.995262145996094,-2.1744382449875523,-4.332536844446925e-15,2.9125072462040346e-15,7.428811250853212e-16,0.0,0.0,0.0,0.0,0.0,0.0
1769450143.2305155,6.749960660934448,-4.995262145996094,-2.1744382449875523,-4.332536844446925e-15,2.9125072462040346e-15,7.428811250853212e-16,0.0,0.0,0.0,0.0,0.0,0.0
1769450143.2805278,6.749960660934448,-4.995262145996094,-2.1744382449875523,-3.599562151368145e-15,3.9755648571948755e-15,7.428811250853212e-16,0.0,0.0,0.0,0.0,0.0,0.0
1769450143.3305817,6.749960660934448,-4.995262145996094,-2.1744382449875523,-3.599562151368145e-15,3.9755648571948755e-15,7.428811250853212e-16,0.0,0.0,0.0,0.0,0.0,0.0
1769450143.3805203,6.749960660934448,-4.995262145996094,-2.1744382449875523,-1.803259697482689e-15,4.305697424458611e-15,7.428811250853212e-16,0.0,0.0,0.0,0.0,0.0,0.0
1769450143.4305356,6.749960660934448,-4.995262145996094,-2.1744382449875523,-1.803259697482689e-15,4.305697424458611e-15,7.428811250853212e-16,0.0,0.0,0.0,0.0,0.0,0.0
1769450143.4805539,6.749960660934448,-4.995262145996094,-2.1744382449875523,-6.986054402979083e-18,4.635824696742515e-15,7.428811250853212e-16,0.0,0.0,0.0,0.0,0.0,0.0
1769450143.5306,6.749960660934448,-4.995262145996094,-2.1744382449875523,-6.986054402979083e-18,4.635824696742515e-15,7.428811250853212e-16,0.0,0.0,0.0,0.0,0.0,0.0
1769450143.580465,6.749960660934448,-4.995262145996094,-2.1744382449875523,1.7893746697346754e-15,4.9659679731760306e-15,7.428811250853212e-16,0.0,0.0,0.0,0.0,0.0,0.0
1769450143.6305356,6.749960660934448,-4.995262145996094,-2.1744382449875523,1.7893746697346754e-15,4.9659679731760306e-15,7.428811250853212e-16,0.0,0.0,0.0,0.0,0.0,0.0
1769450143.6805165,6.749960660934448,-4.995262145996094,-2.1744382449875523,2.852628502145586e-15,4.232857986079632e-15,7.428811250853212e-16,0.0,0.0,0.0,0.0,0.0,0.0
1769450143.730462,6.749960660934448,-4.995262145996094,-2.1744382449875523,2.852628502145586e-15,4.232857986079632e-15,7.428811250853212e-16,0.0,0.0,0.0,0.0,0.0,0.0
1769450143.780505,6.749960660934448,-4.995262145996094,-2.1744382449875523,3.18276432045291e-15,2.4365378427622512e-15,7.428811250853212e-16,0.0,0.0,0.0,0.0,0.0,0.0
1769450143.8305519,6.749960660934448,-4.995262145996094,-2.1744382449875523,3.18276432045291e-15,2.4365378427622512e-15,7.428811250853212e-16,0.0,0.0,0.0,0.0,0.0,0.0
1769450143.8804913,6.749960660934448,-4.995262145996094,-2.1744382449875523,3.512903486260397e-15,6.401994851777731e-16,7.428811250853212e-16,0.0,0.0,0.0,0.0,0.0,0.0
1769450143.9304953,6.749960660934448,-4.995262145996094,-2.1744382449875523,3.512903486260397e-15,6.401994851777731e-16,7.428811250853212e-16,0.0,0.0,0.0,0.0,0.0,0.0
1769450143.980631,6.749960660934448,-4.995262145996094,-2.1744382449875523,3.84300292729354e-15,-1.1559227237539823e-15,7.428811250853212e-16,0.0,0.0,0.0,0.0,0.0,0.0
1769450144.0305655,6.749960660934448,-4.995262145996094,-2.1744382449875523,3.84300292729354e-15,-1.1559227237539823e-15,7.428811250853212e-16,0.0,0.0,0.0,0.0,0.0,0.0
1769450144.0806801,6.749960660934448,-4.995262145996094,-2.1744382449875523,4.173121178677646e-15,-2.9521472827200663e-15,7.428811250853212e-16,0.0,0.0,0.0,0.0,0.0,0.0
1769450144.1306317,6.749960660934448,-4.995262145996094,-2.1744382449875523,4.173121178677646e-15,-2.9521472827200663e-15,7.428811250853212e-16,0.0,0.0,0.0,0.0,0.0,0.0
1769450144.180565,6.749960660934448,-4.995262145996094,-2.1744382449875523,3.440018534033464e-15,-4.015390466127968e-15,7.428811250853212e-16,0.0,0.0,0.0,0.0,0.0,0.0
1769450144.230561,6.749960660934448,-4.995262145996094,-2.1744382449875523,3.440018534033464e-15,-4.015390466127968e-15,7.428811250853212e-16,0.0,0.0,0.0,0.0,0.0,0.0
1769450144.2805476,6.749960660934448,-4.995262145996094,-2.1744382449875523,1.643849761938261e-15,-4.345498464749314e-15,7.428811250853212e-16,0.0,0.0,0.0,0.0,0.0,0.0
1769450144.3305578,6.749960660934448,-4.995262145996094,-2.1744382449875523,1.643849761938261e-15,-4.345498464749314e-15,7.428811250853212e-16,0.0,0.0,0.0,0.0,0.0,0.0
1769450144.3804884,6.749960660934448,-4.995262145996094,-2.1744382449875523,-1.5252776372194056e-16,-4.6756448290424265e-15,7.428811250853212e-16,0.0,0.0,0.0,0.0,0.0,0.0
1769450144.4305108,6.749960660934448,-4.995262145996094,-2.1744382449875523,-1.5252776372194056e-16,-4.6756448290424265e-15,7.428811250853212e-16,0.0,0.0,0.0,0.0,0.0,0.0
1769450144.480516,6.749960660934448,-4.995262145996094,-2.1744382449875523,-1.9487260558258695e-15,-5.005758252984127e-15,7.428811250853212e-16,0.0,0.0,0.0,0.0,0.0,0.0
1769450144.5305676,6.749960660934448,-4.995262145996094,-2.1744382449875523,-1.9487260558258695e-15,-5.005758252984127e-15,7.428811250853212e-16,0.0,0.0,0.0,0.0,0.0,0.0
1769450144.5805562,6.749960660934448,-4.995262145996094,-2.1744382449875523,-3.0119402127297847e-15,-4.272675622018066e-15,7.428811250853212e-16,0.0,0.0,0.0,0.0,0.0,0.0
1769450144.6306107,6.749960660934448,-4.995262145996094,-2.1744382449875523,-3.0119402127297847e-15,-4.272675622018066e-15,7.428811250853212e-16,0.0,0.0,0.0,0.0,0.0,0.0
1769450144.6806178,6.749960660934448,-4.995262145996094,-2.1744382449875523,-3.3420807837625844e-15,-2.476329618384917e-15,7.428811250853212e-16,0.0,0.0,0.0,0.0,0.0,0.0
1769450144.7306287,6.749960660934448,-4.995262145996094,-2.1744382449875523,-3.3420807837625844e-15,-2.476329618384917e-15,7.428811250853212e-16,0.0,0.0,0.0,0.0,0.0,0.0
1769450144.7806356,6.749960660934448,-4.995262145996094,-2.1744382449875523,-3.672259729943054e-15,-6.797748096269097e-16,7.428811250853212e-16,0.0,0.0,0.0,0.0,0.0,0.0
1769450144.8305175,6.749960660934448,-4.995262145996094,-2.1744382449875523,-3.672259729943054e-15,-6.797748096269097e-16,7.428811250853212e-16,0.0,0.0,0.0,0.0,0.0,0.0
1769450144.8805988,6.749960660934448,-4.995262145996094,-2.1744382449875523,-4.0024161232399984e-15,1.1166572853971776e-15,7.428811250853212e-16,0.0,0.0,0.0,0.0,0.0,0.0
1769450144.9306014,6.749960660934448,-4.995262145996094,-2.1744382449875523,-4.0024161232399984e-15,1.1166572853971776e-15,7.428811250853212e-16,0.0,0.0,0.0,0.0,0.0,0.0
1769450144.9805007,6.749960660934448,-4.995262145996094,-2.1744382449875523,-4.332529662315803e-15,2.9128562039636052e-15,7.428811250853212e-16,0.0,0.0,0.0,0.0,0.0,0.0
1769450145.0305977,6.749960660934448,-4.995262145996094,-2.1744382449875523,-4.332529662315803e-15,2.9128562039636052e-15,7.428811250853212e-16,0.0,0.0,0.0,0.0,0.0,0.0
1769450145.0805461,6.749960660934448,-4.995262145996094,-2.1744382449875523,-3.59943619161238e-15,3.976086082099662e-15,7.428811250853212e-16,0.0,0.0,0.0,0.0,0.0,0.0
1769450145.1305087,6.749960660934448,-4.995262145996094,-2.1744382449875523,-3.59943619161238e-15,3.976086082099662e-15,7.428811250853212e-16,0.0,0.0,0.0,0.0,0.0,0.0
1769450145.1805801,6.749960660934448,-4.995262145996094,-2.1744382449875523,-1.8031329674475652e-15,4.306218790928814e-15,7.428811250853212e-16,0.0,0.0,0.0,0.0,0.0,0.0
1769450145.230563,6.749960660934448,-4.995262145996094,-2.1744382449875523,-1.8031329674475652e-15,4.306218790928814e-15,7.428811250853212e-16,0.0,0.0,0.0,0.0,0.0,0.0
1769450145.2804534,6.749960660934448,-4.995262145996094,-2.1744382449875523,-6.812928821501437e-18,4.636354589995495e-15,7.428811250853212e-16,0.0,0.0,0.0,0.0,0.0,0.0
1769450145.33054,6.749960660934448,-4.995262145996094,-2.1744382449875523,-6.812928821501437e-18,4.636354589995495e-15,7.428811250853212e-16,0.0,0.0,0.0,0.0,0.0,0.0
1769450145.3805416,6.749960660934448,-4.995262145996094,-2.1744382449875523,1.7895879044687735e-15,4.966505237869993e-15,7.428811250853212e-16,0.0,0.0,0.0,0.0,0.0,0.0
1769450145.4304736,6.749960660934448,-4.995262145996094,-2.1744382449875523,1.7895879044687735e-15,4.966505237869993e-15,7.428811250853212e-16,0.0,0.0,0.0,0.0,0.0,0.0
1769450145.480448,6.749960660934448,-4.995262145996094,-2.1744382449875523,2.85273965393867e-15,4.233465636622475e-15,7.428811250853212e-16,0.0,0.0,0.0,0.0,0.0,0.0
1769450145.5305107,6.749960660934448,-4.995262145996094,-2.1744382449875523,2.85273965393867e-15,4.233465636622475e-15,7.428811250853212e-16,0.0,0.0,0.0,0.0,0.0,0.0
1769450145.5804935,6.749960660934448,-4.995262145996094,-2.1744382449875523,3.1828677404392003e-15,2.4371875632639346e-15,7.428811250853212e-16,0.0,0.0,0.0,0.0,0.0,0.0
1769450145.630525,6.749960660934448,-4.995262145996094,-2.1744382449875523,3.1828677404392003e-15,2.4371875632639346e-15,7.428811250853212e-16,0.0,0.0,0.0,0.0,0.0,0.0
1769450145.6804361,6.749960660934448,-4.995262145996094,-2.1744382449875523,3.514211321750736e-15,6.342957942927768e-16,7.428811250853212e-16,0.0,0.0,0.0,0.0,0.0,0.0
1769450145.730541,6.749960660934448,-4.995262145996094,-2.1744382449875523,3.514211321750736e-15,6.342957942927768e-16,7.428811250853212e-16,0.0,0.0,0.0,0.0,0.0,0.0
1769450145.78045,6.749960660934448,-4.995262145996094,-2.1744382449875523,3.8432980031574295e-15,-1.1563158325801784e-15,7.428811250853212e-16,0.0,0.0,0.0,0.0,0.0,0.0
1769450145.8306112,6.749960660934448,-4.995262145996094,-2.1744382449875523,3.8432980031574295e-15,-1.1563158325801784e-15,7.428811250853212e-16,0.0,0.0,0.0,0.0,0.0,0.0
1769450145.8805392,6.749960660934448,-4.995262145996094,-2.1744382449875523,4.173212331955745e-15,-2.951430817158331e-15,7.428811250853212e-16,0.0,0.0,0.0,0.0,0.0,0.0
1769450145.9305286,6.749960660934448,-4.995262145996094,-2.1744382449875523,4.173212331955745e-15,-2.951430817158331e-15,7.428811250853212e-16,0.0,0.0,0.0,0.0,0.0,0.0
1769450145.9804451,6.749960660934448,-4.995262145996094,-2.1744382449875523,3.4400698007729945e-15,-4.014731849341643e-15,7.428811250853212e-16,0.0,0.0,0.0,0.0,0.0,0.0
1769450146.030459,6.749960660934448,-4.995262145996094,-2.1744382449875523,3.4400698007729945e-15,-4.014731849341643e-15,7.428811250853212e-16,0.0,0.0,0.0,0.0,0.0,0.0
1769450146.0805676,6.749960660934448,-4.995262145996094,-2.1744382449875523,1.6433805474852296e-15,-4.344935504344208e-15,7.428811250853212e-16,0.0,0.0,0.0,0.0,0.0,0.0
1769450146.1305692,6.749960660934448,-4.995262145996094,-2.1744382449875523,1.6433805474852296e-15,-4.344935504344208e-15,7.428811250853212e-16,0.0,0.0,0.0,0.0,0.0,0.0
1769450146.1804392,6.749960660934448,-4.995262145996094,-2.1744382449875523,-1.5301829853010658e-16,-4.675085786988354e-15,7.428811250853212e-16,0.0,0.0,0.0,0.0,0.0,0.0
1769450146.2305512,6.749960660934448,-4.995262145996094,-2.1744382449875523,-1.5301829853010658e-16,-4.675085786988354e-15,7.428811250853212e-16,0.0,0.0,0.0,0.0,0.0,0.0
1769450146.2805688,6.749960660934448,-4.995262145996094,-2.1744382449875523,-1.948830242460394e-15,-5.0051282061200654e-15,7.428811250853212e-16,0.0,0.0,0.0,0.0,0.0,0.0
1769450146.3305385,6.749960660934448,-4.995262145996094,-2.1744382449875523,-1.948830242460394e-15,-5.0051282061200654e-15,7.428811250853212e-16,0.0,0.0,0.0,0.0,0.0,0.0
1769450146.3805363,6.749960660934448,-4.995262145996094,-2.1744382449875523,-3.012090641157647e-15,-4.272013691591036e-15,7.428811250853212e-16,0.0,0.0,0.0,0.0,0.0,0.0
1769450146.4305847,6.749960660934448,-4.995262145996094,-2.1744382449875523,-3.012090641157647e-15,-4.272013691591036e-15,7.428811250853212e-16,0.0,0.0,0.0,0.0,0.0,0.0
1769450146.4804976,6.749960660934448,-4.995262145996094,-2.1744382449875523,-3.3422184384735214e-15,-2.4757371917310164e-15,7.428811250853212e-16,0.0,0.0,0.0,0.0,0.0,0.0
1769450146.530561,6.749960660934448,-4.995262145996094,-2.1744382449875523,-3.3422184384735214e-15,-2.4757371917310164e-15,7.428811250853212e-16,0.0,0.0,0.0,0.0,0.0,0.0
1769450146.5805335,6.749960660934448,-4.995262145996094,-2.1744382449875523,-3.672313362232702e-15,-6.796395619868616e-16,7.428811250853212e-16,0.0,0.0,0.0,0.0,0.0,0.0
1769450146.6305323,6.749960660934448,-4.995262145996094,-2.1744382449875523,-3.672313362232702e-15,-6.796395619868616e-16,7.428811250853212e-16,0.0,0.0,0.0,0.0,0.0,0.0
1769450146.6805384,6.749960660934448,-4.995262145996094,-2.1744382449875523,-4.002429630244416e-15,1.1165742051427033e-15,7.428811250853212e-16,0.0,0.0,0.0,0.0,0.0,0.0
1769450146.7304645,6.749960660934448,-4.995262145996094,-2.1744382449875523,-4.002429630244416e-15,1.1165742051427033e-15,7.428811250853212e-16,0.0,0.0,0.0,0.0,0.0,0.0
1769450146.780577,6.749960660934448,-4.995262145996094,-2.1744382449875523,-4.332553944122288e-15,2.912831751076778e-15,7.428811250853212e-16,0.0,0.0,0.0,0.0,0.0,0.0
1769450146.8305404,6.749960660934448,-4.995262145996094,-2.1744382449875523,-4.332553944122288e-15,2.912831751076778e-15,7.428811250853212e-16,0.0,0.0,0.0,0.0,0.0,0.0
1769450146.8805444,6.749960660934448,-4.995262145996094,-2.1744382449875523,-3.599497250139723e-15,3.976008290709631e-15,7.428811250853212e-16,0.0,0.0,0.0,0.0,0.0,0.0
1769450146.9305558,6.749960660934448,-4.995262145996094,-2.1744382449875523,-3.599497250139723e-15,3.976008290709631e-15,7.428811250853212e-16,0.0,0.0,0.0,0.0,0.0,0.0
1769450146.980499,6.749960660934448,-4.995262145996094,-2.1744382449875523,-1.8030554371798883e-15,4.306166470012641e-15,7.428811250853212e-16,0.0,0.0,0.0,0.0,0.0,0.0
1769450147.0305634,6.749960660934448,-4.995262145996094,-2.1744382449875523,-1.8030554371798883e-15,4.306166470012641e-15,7.428811250853212e-16,0.0,0.0,0.0,0.0,0.0,0.0
1769450147.080554,6.749960660934448,-4.995262145996094,-2.1744382449875523,-6.645295221067105e-18,4.636318828676231e-15,7.428811250853212e-16,0.0,0.0,0.0,0.0,0.0,0.0
1769450147.1305432,6.749960660934448,-4.995262145996094,-2.1744382449875523,-6.645295221067105e-18,4.636318828676231e-15,7.428811250853212e-16,0.0,0.0,0.0,0.0,0.0,0.0
1769450147.1805646,6.749960660934448,-4.995262145996094,-2.1744382449875523,1.7894991967801066e-15,4.966422364992381e-15,7.428811250853212e-16,0.0,0.0,0.0,0.0,0.0,0.0
1769450147.2306142,6.749960660934448,-4.995262145996094,-2.1744382449875523,1.7894991967801066e-15,4.966422364992381e-15,7.428811250853212e-16,0.0,0.0,0.0,0.0,0.0,0.0
1769450147.280486,6.749960660934448,-4.995262145996094,-2.1744382449875523,2.8529292981798546e-15,4.23319084101345e-15,7.428811250853212e-16,0.0,0.0,0.0,0.0,0.0,0.0
1769450147.3305218,6.749960660934448,-4.995262145996094,-2.1744382449875523,2.8529292981798546e-15,4.23319084101345e-15,7.428811250853212e-16,0.0,0.0,0.0,0.0,0.0,0.0
1769450147.3806007,6.749960660934448,-4.995262145996094,-2.1744382449875523,3.183006353291563e-15,2.4371904373490136e-15,7.428811250853212e-16,0.0,0.0,0.0,0.0,0.0,0.0
1769450147.4306083,6.749960660934448,-4.995262145996094,-2.1744382449875523,3.183006353291563e-15,2.4371904373490136e-15,7.428811250853212e-16,0.0,0.0,0.0,0.0,0.0,0.0
1769450147.4805255,6.749960660934448,-4.995262145996094,-2.1744382449875523,3.5131711203723625e-15,6.407127792694201e-16,7.428811250853212e-16,0.0,0.0,0.0,0.0,0.0,0.0
1769450147.530605,6.749960660934448,-4.995262145996094,-2.1744382449875523,3.5131711203723625e-15,6.407127792694201e-16,7.428811250853212e-16,0.0,0.0,0.0,0.0,0.0,0.0
1769450147.5805197,6.749960660934448,-4.995262145996094,-2.1744382449875523,3.8432861953247315e-15,-1.1554944962393839e-15,7.428811250853212e-16,0.0,0.0,0.0,0.0,0.0,0.0
1769450147.6305645,6.749960660934448,-4.995262145996094,-2.1744382449875523,3.8432861953247315e-15,-1.1554944962393839e-15,7.428811250853212e-16,0.0,0.0,0.0,0.0,0.0,0.0
1769450147.6805787,6.749960660934448,-4.995262145996094,-2.1744382449875523,4.1745473127334035e-15,-2.957937566336938e-15,7.428811250853212e-16,0.0,0.0,-100.0,0.0,0.0,-100.0
1769450147.730552,6.749960660934448,-4.995262145996094,-2.1744382449875523,4.1745473127334035e-15,-2.957937566336938e-15,7.428811250853212e-16,0.0,0.0,-100.0,0.0,0.0,-100.0
1769450147.780557,6.749960660934448,-4.995262145996094,-2.1744382449875523,3.443648785548189e-15,-4.017984044780264e-15,7.428811250853212e-16,0.0,0.0,-100.0,0.0,0.0,-100.0
1769450147.8305242,6.749960660934448,-4.995262145996094,-2.1744382449875523,3.443648785548189e-15,-4.017984044780264e-15,7.428811250853212e-16,0.0,0.0,-100.0,0.0,0.0,-100.0
1769450147.8804922,6.749960660934448,-4.995262145996094,-2.1744382449875523,1.6484077435598594e-15,-4.347921540978009e-15,7.428811250853212e-16,0.0,0.0,-100.0,0.0,0.0,-100.0
1769450147.9305675,6.749960660934448,-4.995262145996094,-2.1744382449875523,1.6484077435598594e-15,-4.347921540978009e-15,7.428811250853212e-16,0.0,0.0,-100.0,0.0,0.0,-100.0
1769450147.9804986,6.749960660934448,-4.995262145996094,-2.1744382449875523,-1.4809179878793423e-16,-4.678090330048328e-15,7.428811250853212e-16,0.0,0.0,-100.0,0.0,0.0,-100.0
1769450148.030546,6.749960660934448,-4.995262145996094,-2.1744382449875523,-1.4809179878793423e-16,-4.678090330048328e-15,7.428811250853212e-16,0.0,0.0,-100.0,0.0,0.0,-100.0
1769450148.0804932,6.749960660934448,-4.995262145996094,-2.1744382449875523,-1.9446194450312465e-15,-5.00826428417933e-15,7.428811250853212e-16,0.0,0.0,-100.0,0.0,0.0,-100.0
1769450148.130563,6.749960660934448,-4.995262145996094,-2.1744382449875523,-1.9446194450312465e-15,-5.00826428417933e-15,7.428811250853212e-16,0.0,0.0,-100.0,0.0,0.0,-100.0
1769450148.180542,6.749960660934448,-4.995262145996094,-2.1744382449875523,-3.007941048623106e-15,-4.27510756907869e-15,7.428811250853212e-16,0.0,0.0,-100.0,0.0,0.0,-100.0
1769450148.230497,6.749960660934448,-4.995262145996094,-2.1744382449875523,-3.007941048623106e-15,-4.27510756907869e-15,7.428811250853212e-16,0.0,0.0,-100.0,0.0,0.0,-100.0
1769450148.2805138,6.749960660934448,-4.995262145996094,-2.1744382449875523,-3.3380363373103763e-15,-2.4790079537042506e-15,7.428811250853212e-16,0.0,0.0,-100.0,0.0,0.0,-100.0
1769450148.3305058,6.749960660934448,-4.995262145996094,-2.1744382449875523,-3.3380363373103763e-15,-2.4790079537042506e-15,7.428811250853212e-16,0.0,0.0,-100.0,0.0,0.0,-100.0
1769450148.3805397,6.749960660934448,-4.995262145996094,-2.1744382449875523,-3.6681332993607325e-15,-6.828992333019677e-16,7.428811250853212e-16,0.0,0.0,-100.0,0.0,0.0,-100.0
1769450148.430498,6.749960660934448,-4.995262145996094,-2.1744382449875523,-3.6681332993607325e-15,-6.828992333019677e-16,7.428811250853212e-16,0.0,0.0,-100.0,0.0,0.0,-100.0
1769450148.4805279,6.749960660934448,-4.995262145996094,-2.1744382449875523,-3.998261221150238e-15,1.1133779438383683e-15,7.428811250853212e-16,0.0,0.0,-100.0,0.0,0.0,-100.0
1769450148.530613,6.749960660934448,-4.995262145996094,-2.1744382449875523,-3.998261221150238e-15,1.1133779438383683e-15,7.428811250853212e-16,0.0,0.0,-100.0,0.0,0.0,-100.0
1769450148.5804527,6.749960660934448,-4.995262145996094,-2.1744382449875523,-4.328354224181775e-15,2.909465122605784e-15,7.428811250853212e-16,0.0,0.0,-100.0,0.0,0.0,-100.0
1769450148.6305146,6.749960660934448,-4.995262145996094,-2.1744382449875523,-4.328354224181775e-15,2.909465122605784e-15,7.428811250853212e-16,0.0,0.0,-100.0,0.0,0.0,-100.0
1769450148.6804261,6.749960660934448,-4.995262145996094,-2.1744382449875523,-3.595256368098123e-15,3.972701361004853e-15,7.428811250853212e-16,0.0,0.0,-100.0,0.0,0.0,-100.0
1769450148.730525,6.749960660934448,-4.995262145996094,-2.1744382449875523,-3.595256368098123e-15,3.972701361004853e-15,7.428811250853212e-16,0.0,0.0,-100.0,0.0,0.0,-100.0
1769450148.7805176,6.749960660934448,-4.995262145996094,-2.1744382449875523,-1.7989297141477315e-15,4.3028383758656784e-15,7.428811250853212e-16,0.0,0.0,-100.0,0.0,0.0,-100.0
1769450148.8306208,6.749960660934448,-4.995262145996094,-2.1744382449875523,-1.7989297141477315e-15,4.3028383758656784e-15,7.428811250853212e-16,0.0,0.0,-100.0,0.0,0.0,-100.0
1769450148.8804963,6.749960660934448,-4.995262145996094,-2.1744382449875523,-2.671223690409919e-18,4.632962863332293e-15,7.428811250853212e-16,0.0,0.0,-100.0,0.0,0.0,-100.0
1769450148.9305193,6.749960660934448,-4.995262145996094,-2.1744382449875523,-2.671223690409919e-18,4.632962863332293e-15,7.428811250853212e-16,0.0,0.0,-100.0,0.0,0.0,-100.0
1769450148.9804966,6.749960660934448,-4.995262145996094,-2.1744382449875523,1.793559623820793e-15,4.963082270453586e-15,7.428811250853212e-16,0.0,0.0,-100.0,0.0,0.0,-100.0
1769450149.0305672,6.749960660934448,-4.995262145996094,-2.1744382449875523,1.793559623820793e-15,4.963082270453586e-15,7.428811250853212e-16,0.0,0.0,-100.0,0.0,0.0,-100.0
1769450149.0805209,6.749960660934448,-4.995262145996094,-2.1744382449875523,2.8567384415905868e-15,4.230024005703165e-15,7.428811250853212e-16,0.0,0.0,-100.0,0.0,0.0,-100.0
1769450149.1305323,6.749960660934448,-4.995262145996094,-2.1744382449875523,2.8567384415905868e-15,4.230024005703165e-15,7.428811250853212e-16,0.0,0.0,-100.0,0.0,0.0,-100.0
1769450149.180526,6.749960660934448,-4.995262145996094,-2.1744382449875523,3.186886274101563e-15,2.4336384912420604e-15,7.428811250853212e-16,0.0,0.0,-100.0,0.0,0.0,-100.0
1769450149.2304685,6.749960660934448,-4.995262145996094,-2.1744382449875523,3.186886274101563e-15,2.4336384912420604e-15,7.428811250853212e-16,0.0,0.0,-100.0,0.0,0.0,-100.0
1769450149.2804942,6.749960660934448,-4.995262145996094,-2.1744382449875523,3.51702457798045e-15,6.373048235446568e-16,7.428811250853212e-16,0.0,0.0,-100.0,0.0,0.0,-100.0
1769450149.3304996,6.749960660934448,-4.995262145996094,-2.1744382449875523,3.51702457798045e-15,6.373048235446568e-16,7.428811250853212e-16,0.0,0.0,-100.0,0.0,0.0,-100.0
1769450149.380508,6.749960660934448,-4.995262145996094,-2.1744382449875523,3.847163857554123e-15,-1.1590341530592667e-15,7.428811250853212e-16,0.0,0.0,-100.0,0.0,0.0,-100.0
1769450149.4305797,6.749960660934448,-4.995262145996094,-2.1744382449875523,3.847163857554123e-15,-1.1590341530592667e-15,7.428811250853212e-16,0.0,0.0,-100.0,0.0,0.0,-100.0
1769450149.4805021,6.749960660934448,-4.995262145996094,-2.1744382449875523,4.177283090208492e-15,-2.955264051268909e-15,7.428811250853212e-16,0.0,0.0,-100.0,0.0,0.0,-100.0
1769450149.5305243,6.749960660934448,-4.995262145996094,-2.1744382449875523,4.177283090208492e-15,-2.955264051268909e-15,7.428811250853212e-16,0.0,0.0,-100.0,0.0,0.0,-100.0
1769450149.5804765,6.749960660934448,-4.995262145996094,-2.1744382449875523,3.4441639919239367e-15,-4.018531097939475e-15,7.428811250853212e-16,0.0,0.0,-100.0,0.0,0.0,-100.0
1769450149.6305444,6.749960660934448,-4.995262145996094,-2.1744382449875523,3.4441639919239367e-15,-4.018531097939475e-15,7.428811250853212e-16,0.0,0.0,-100.0,0.0,0.0,-100.0
1769450149.6805513,6.749960660934448,-4.995262145996094,-2.1744382449875523,1.6476752755508782e-15,-4.3486978973633265e-15,7.428811250853212e-16,0.0,0.0,-100.0,0.0,0.0,-100.0
1769450149.7305386,6.749960660934448,-4.995262145996094,-2.1744382449875523,1.6476752755508782e-15,-4.3486978973633265e-15,7.428811250853212e-16,0.0,0.0,-100.0,0.0,0.0,-100.0
1769450149.780567,6.749960660934448,-4.995262145996094,-2.1744382449875523,-1.4858546883099564e-16,-4.678822799066362e-15,7.428811250853212e-16,0.0,0.0,-100.0,0.0,0.0,-100.0
1769450149.830627,6.749960660934448,-4.995262145996094,-2.1744382449875523,-1.4858546883099564e-16,-4.678822799066362e-15,7.428811250853212e-16,0.0,0.0,-100.0,0.0,0.0,-100.0
1769450149.8805428,6.749960660934448,-4.995262145996094,-2.1744382449875523,-1.9447619222762496e-15,-5.008932209400868e-15,7.428811250853212e-16,0.0,0.0,-100.0,0.0,0.0,-100.0
1769450149.9305642,6.749960660934448,-4.995262145996094,-2.1744382449875523,-1.9447619222762496e-15,-5.008932209400868e-15,7.428811250853212e-16,0.0,0.0,-100.0,0.0,0.0,-100.0
1769450149.9804904,6.749960660934448,-4.995262145996094,-2.1744382449875523,-3.0080581902143766e-15,-4.275792963149354e-15,7.428811250853212e-16,0.0,0.0,-100.0,0.0,0.0,-100.0
1769450150.0305543,6.749960660934448,-4.995262145996094,-2.1744382449875523,-3.0080581902143766e-15,-4.275792963149354e-15,7.428811250853212e-16,0.0,0.0,-100.0,0.0,0.0,-100.0
1769450150.0805628,6.749960660934448,-4.995262145996094,-2.1744382449875523,-3.338190992396095e-15,-2.479489231038755e-15,7.428811250853212e-16,0.0,0.0,-100.0,0.0,0.0,-100.0
1769450150.1305685,6.749960660934448,-4.995262145996094,-2.1744382449875523,-3.338190992396095e-15,-2.479489231038755e-15,7.428811250853212e-16,0.0,0.0,-100.0,0.0,0.0,-100.0
1769450150.1806195,6.749960660934448,-4.995262145996094,-2.1744382449875523,-3.6683091236432255e-15,-6.832653257565703e-16,7.428811250853212e-16,0.0,0.0,-100.0,0.0,0.0,-100.0
1769450150.230568,6.749960660934448,-4.995262145996094,-2.1744382449875523,-3.6683091236432255e-15,-6.832653257565703e-16,7.428811250853212e-16,0.0,0.0,-100.0,0.0,0.0,-100.0
1769450150.2806337,6.749960660934448,-4.995262145996094,-2.1744382449875523,-3.998447066164252e-15,1.1130663757367223e-15,7.428811250853212e-16,0.0,0.0,-100.0,0.0,0.0,-100.0
1769450150.3306348,6.749960660934448,-4.995262145996094,-2.1744382449875523,-3.998447066164252e-15,1.1130663757367223e-15,7.428811250853212e-16,0.0,0.0,-100.0,0.0,0.0,-100.0
1769450150.3804667,6.749960660934448,-4.995262145996094,-2.1744382449875523,-4.328590623115129e-15,2.9094286262128096e-15,7.428811250853212e-16,0.0,0.0,-100.0,0.0,0.0,-100.0
1769450150.4305422,6.749960660934448,-4.995262145996094,-2.1744382449875523,-4.328590623115129e-15,2.9094286262128096e-15,7.428811250853212e-16,0.0,0.0,-100.0,0.0,0.0,-100.0
1769450150.4805431,6.749960660934448,-4.995262145996094,-2.1744382449875523,-3.595536256540667e-15,3.9726017903281705e-15,7.428811250853212e-16,0.0,0.0,-100.0,0.0,0.0,-100.0
1769450150.5305407,6.749960660934448,-4.995262145996094,-2.1744382449875523,-3.595536256540667e-15,3.9726017903281705e-15,7.428811250853212e-16,0.0,0.0,-100.0,0.0,0.0,-100.0
1769450150.5805418,6.749960660934448,-4.995262145996094,-2.1744382449875523,-1.7992950038757683e-15,4.302723109755542e-15,7.428811250853212e-16,0.0,0.0,-100.0,0.0,0.0,-100.0
1769450150.630541,6.749960660934448,-4.995262145996094,-2.1744382449875523,-1.7992950038757683e-15,4.302723109755542e-15,7.428811250853212e-16,0.0,0.0,-100.0,0.0,0.0,-100.0
1769450150.6805356,6.749960660934448,-4.995262145996094,-2.1744382449875523,-3.0069304552750814e-18,4.6328530341125644e-15,7.428811250853212e-16,0.0,0.0,-100.0,0.0,0.0,-100.0
1769450150.7305448,6.749960660934448,-4.995262145996094,-2.1744382449875523,-3.0069304552750814e-18,4.6328530341125644e-15,7.428811250853212e-16,0.0,0.0,-100.0,0.0,0.0,-100.0
1769450150.7805302,6.749960660934448,-4.995262145996094,-2.1744382449875523,1.793592935743238e-15,4.963040261152683e-15,7.428811250853212e-16,0.0,0.0,-100.0,0.0,0.0,-100.0
1769450150.8305478,6.749960660934448,-4.995262145996094,-2.1744382449875523,1.793592935743238e-15,4.963040261152683e-15,7.428811250853212e-16,0.0,0.0,-100.0,0.0,0.0,-100.0
1769450150.8805275,6.749960660934448,-4.995262145996094,-2.1744382449875523,2.856655730324694e-15,4.230061994005385e-15,7.428811250853212e-16,0.0,0.0,-100.0,0.0,0.0,-100.0
1769450150.9305243,6.749960660934448,-4.995262145996094,-2.1744382449875523,2.856655730324694e-15,4.230061994005385e-15,7.428811250853212e-16,0.0,0.0,-100.0,0.0,0.0,-100.0
1769450150.9805188,6.749960660934448,-4.995262145996094,-2.1744382449875523,3.1867917948044646e-15,2.433740511225576e-15,7.428811250853212e-16,0.0,0.0,-100.0,0.0,0.0,-100.0
1769450151.0305228,6.749960660934448,-4.995262145996094,-2.1744382449875523,3.1867917948044646e-15,2.433740511225576e-15,7.428811250853212e-16,0.0,0.0,-100.0,0.0,0.0,-100.0
1769450151.0805323,6.749960660934448,-4.995262145996094,-2.1744382449875523,3.516928032819959e-15,6.3741808421100495e-16,7.428811250853212e-16,0.0,0.0,-100.0,0.0,0.0,-100.0
1769450151.1305206,6.749960660934448,-4.995262145996094,-2.1744382449875523,3.516928032819959e-15,6.3741808421100495e-16,7.428811250853212e-16,0.0,0.0,-100.0,0.0,0.0,-100.0
1769450151.1806104,6.749960660934448,-4.995262145996094,-2.1744382449875523,3.84703649925755e-15,-1.1587532333448751e-15,7.428811250853212e-16,0.0,0.0,-100.0,0.0,0.0,-100.0
1769450151.2305079,6.749960660934448,-4.995262145996094,-2.1744382449875523,3.84703649925755e-15,-1.1587532333448751e-15,7.428811250853212e-16,0.0,0.0,-100.0,0.0,0.0,-100.0
1769450151.2805293,6.749960660934448,-4.995262145996094,-2.1744382449875523,4.177181134778565e-15,-2.9551213524882077e-15,7.428811250853212e-16,0.0,0.0,-100.0,0.0,0.0,-100.0
1769450151.3305497,6.749960660934448,-4.995262145996094,-2.1744382449875523,4.177181134778565e-15,-2.9551213524882077e-15,7.428811250853212e-16,0.0,0.0,-100.0,0.0,0.0,-100.0
1769450151.3805583,6.749960660934448,-4.995262145996094,-2.1744382449875523,3.4440876005833516e-15,-4.0183513227085224e-15,7.428811250853212e-16,0.0,0.0,-100.0,0.0,0.0,-100.0
1769450151.430456,6.749960660934448,-4.995262145996094,-2.1744382449875523,3.4440876005833516e-15,-4.0183513227085224e-15,7.428811250853212e-16,0.0,0.0,-100.0,0.0,0.0,-100.0
1769450151.480531,6.749960660934448,-4.995262145996094,-2.1744382449875523,1.647594945437295e-15,-4.348518846017841e-15,7.428811250853212e-16,0.0,0.0,-100.0,0.0,0.0,-100.0
1769450151.5304344,6.749960660934448,-4.995262145996094,-2.1744382449875523,1.647594945437295e-15,-4.348518846017841e-15,7.428811250853212e-16,0.0,0.0,-100.0,0.0,0.0,-100.0
1769450151.5804164,6.749960660934448,-4.995262145996094,-2.1744382449875523,-1.4867940275177757e-16,-4.678646247889924e-15,7.428811250853212e-16,0.0,0.0,-100.0,0.0,0.0,-100.0
1769450151.6305358,6.749960660934448,-4.995262145996094,-2.1744382449875523,-1.4867940275177757e-16,-4.678646247889924e-15,7.428811250853212e-16,0.0,0.0,-100.0,0.0,0.0,-100.0
1769450151.6804876,6.749960660934448,-4.995262145996094,-2.1744382449875523,-1.9466024289605354e-15,-5.009076651244888e-15,7.428811250853212e-16,0.0,0.0,-100.0,0.0,0.0,-100.0
1769450151.730425,6.749960660934448,-4.995262145996094,-2.1744382449875523,-1.9466024289605354e-15,-5.009076651244888e-15,7.428811250853212e-16,0.0,0.0,-100.0,0.0,0.0,-100.0
1769450151.780567,6.749960660934448,-4.995262145996094,-2.1744382449875523,-3.0088802989110564e-15,-4.276639587024413e-15,7.428811250853212e-16,0.0,0.0,-100.0,0.0,0.0,-100.0
1769450151.8305929,6.749960660934448,-4.995262145996094,-2.1744382449875523,-3.0088802989110564e-15,-4.276639587024413e-15,7.428811250853212e-16,0.0,0.0,-100.0,0.0,0.0,-100.0
1769450151.8805256,6.749960660934448,-4.995262145996094,-2.1744382449875523,-3.339017057921452e-15,-2.4803143251958555e-15,7.428811250853212e-16,0.0,0.0,-100.0,0.0,0.0,-100.0
1769450151.9305696,6.749960660934448,-4.995262145996094,-2.1744382449875523,-3.339017057921452e-15,-2.4803143251958555e-15,7.428811250853212e-16,0.0,0.0,-100.0,0.0,0.0,-100.0
1769450151.9805443,6.749960660934448,-4.995262145996094,-2.1744382449875523,-3.6691615579350875e-15,-6.839469433691675e-16,7.428811250853212e-16,0.0,0.0,-100.0,0.0,0.0,-100.0
1769450152.0305412,6.749960660934448,-4.995262145996094,-2.1744382449875523,-3.6691615579350875e-15,-6.839469433691675e-16,7.428811250853212e-16,0.0,0.0,-100.0,0.0,0.0,-100.0
1769450152.080472,6.749960660934448,-4.995262145996094,-2.1744382449875523,-3.9993312873188645e-15,1.112557715369856e-15,7.428811250853212e-16,0.0,0.0,-100.0,0.0,0.0,-100.0
1769450152.130435,6.749960660934448,-4.995262145996094,-2.1744382449875523,-3.9993312873188645e-15,1.112557715369856e-15,7.428811250853212e-16,0.0,0.0,-100.0,0.0,0.0,-100.0
1769450152.1805592,6.749960660934448,-4.995262145996094,-2.1744382449875523,-4.329450368563964e-15,2.9087867897381955e-15,7.428811250853212e-16,0.0,0.0,-100.0,0.0,0.0,-100.0
1769450152.2306283,6.749960660934448,-4.995262145996094,-2.1744382449875523,-4.329450368563964e-15,2.9087867897381955e-15,7.428811250853212e-16,0.0,0.0,-100.0,0.0,0.0,-100.0
1769450152.280587,6.749960660934448,-4.995262145996094,-2.1744382449875523,-3.596367342114907e-15,3.972001520224273e-15,7.428811250853212e-16,0.0,0.0,-100.0,0.0,0.0,-100.0
1769450152.330551,6.749960660934448,-4.995262145996094,-2.1744382449875523,-3.596367342114907e-15,3.972001520224273e-15,7.428811250853212e-16,0.0,0.0,-100.0,0.0,0.0,-100.0
1769450152.3805733,6.749960660934448,-4.995262145996094,-2.1744382449875523,-1.8005363480657266e-15,4.302047440472761e-15,7.428811250853212e-16,0.0,0.0,-100.0,0.0,0.0,-100.0
1769450152.430546,6.749960660934448,-4.995262145996094,-2.1744382449875523,-1.8005363480657266e-15,4.302047440472761e-15,7.428811250853212e-16,0.0,0.0,-100.0,0.0,0.0,-100.0
1769450152.480425,6.749960660934448,-4.995262145996094,-2.1744382449875523,-3.979851334243979e-18,4.632226696876609e-15,7.428811250853212e-16,0.0,0.0,-100.0,0.0,0.0,-100.0
1769450152.5305808,6.749960660934448,-4.995262145996094,-2.1744382449875523,-3.979851334243979e-18,4.632226696876609e-15,7.428811250853212e-16,0.0,0.0,-100.0,0.0,0.0,-100.0
1769450152.5805738,6.749960660934448,-4.995262145996094,-2.1744382449875523,1.7924314751690457e-15,4.962379273241124e-15,7.428811250853212e-16,0.0,0.0,-100.0,0.0,0.0,-100.0
1769450152.630442,6.749960660934448,-4.995262145996094,-2.1744382449875523,1.7924314751690457e-15,4.962379273241124e-15,7.428811250853212e-16,0.0,0.0,-100.0,0.0,0.0,-100.0
1769450152.6804917,6.749960660934448,-4.995262145996094,-2.1744382449875523,2.855672889434402e-15,4.229277848414853e-15,7.428811250853212e-16,0.0,0.0,-100.0,0.0,0.0,-100.0
1769450152.7305806,6.749960660934448,-4.995262145996094,-2.1744382449875523,2.855672889434402e-15,4.229277848414853e-15,7.428811250853212e-16,0.0,0.0,-100.0,0.0,0.0,-100.0
1769450152.78054,6.749960660934448,-4.995262145996094,-2.1744382449875523,3.1857942777424312e-15,2.4330362209596225e-15,7.428811250853212e-16,0.0,0.0,-100.0,0.0,0.0,-100.0
1769450152.8305082,6.749960660934448,-4.995262145996094,-2.1744382449875523,3.1857942777424312e-15,2.4330362209596225e-15,7.428811250853212e-16,0.0,0.0,-100.0,0.0,0.0,-100.0
1769450152.8804188,6.749960660934448,-4.995262145996094,-2.1744382449875523,3.51592492512991e-15,6.367442134183751e-16,7.428811250853212e-16,0.0,0.0,-100.0,0.0,0.0,-100.0
1769450152.9305542,6.749960660934448,-4.995262145996094,-2.1744382449875523,3.51592492512991e-15,6.367442134183751e-16,7.428811250853212e-16,0.0,0.0,-100.0,0.0,0.0,-100.0
1769450152.9804952,6.749960660934448,-4.995262145996094,-2.1744382449875523,3.8460528383421155e-15,-1.1595329170515373e-15,7.428811250853212e-16,0.0,0.0,-100.0,0.0,0.0,-100.0
1769450153.030581,6.749960660934448,-4.995262145996094,-2.1744382449875523,3.8460528383421155e-15,-1.1595329170515373e-15,7.428811250853212e-16,0.0,0.0,-100.0,0.0,0.0,-100.0
1769450153.0805173,6.749960660934448,-4.995262145996094,-2.1744382449875523,4.176183967643046e-15,-2.95582754675855e-15,7.428811250853212e-16,0.0,0.0,-100.0,0.0,0.0,-100.0
1769450153.1305034,6.749960660934448,-4.995262145996094,-2.1744382449875523,4.176183967643046e-15,-2.95582754675855e-15,7.428811250853212e-16,0.0,0.0,-100.0,0.0,0.0,-100.0
1769450153.1805685,6.749960660934448,-4.995262145996094,-2.1744382449875523,3.4430557209300295e-15,-4.0191078616996256e-15,7.428811250853212e-16,0.0,0.0,-100.0,0.0,0.0,-100.0
1769450153.2306023,6.749960660934448,-4.995262145996094,-2.1744382449875523,3.4430557209300295e-15,-4.0191078616996256e-15,7.428811250853212e-16,0.0,0.0,-100.0,0.0,0.0,-100.0
1769450153.2805436,6.749960660934448,-4.995262145996094,-2.1744382449875523,1.6466913986991819e-15,-4.3492517994069374e-15,7.428811250853212e-16,0.0,0.0,-100.0,0.0,0.0,-100.0
1769450153.3305743,6.749960660934448,-4.995262145996094,-2.1744382449875523,1.6466913986991819e-15,-4.3492517994069374e-15,7.428811250853212e-16,0.0,0.0,-100.0,0.0,0.0,-100.0
1769450153.3805254,6.749960660934448,-4.995262145996094,-2.1744382449875523,-1.4925910000559435e-16,-4.6793196827600615e-15,7.428811250853212e-16,0.0,0.0,-100.0,0.0,0.0,-100.0
1769450153.4305344,6.749960660934448,-4.995262145996094,-2.1744382449875523,-1.4925910000559435e-16,-4.6793196827600615e-15,7.428811250853212e-16,0.0,0.0,-100.0,0.0,0.0,-100.0
1769450153.4805653,6.749960660934448,-4.995262145996094,-2.1744382449875523,-1.945786736408479e-15,-5.009493635082544e-15,7.428811250853212e-16,0.0,0.0,-100.0,0.0,0.0,-100.0
1769450153.5305562,6.749960660934448,-4.995262145996094,-2.1744382449875523,-1.945786736408479e-15,-5.009493635082544e-15,7.428811250853212e-16,0.0,0.0,-100.0,0.0,0.0,-100.0
1769450153.5805364,6.749960660934448,-4.995262145996094,-2.1744382449875523,-3.009002534721629e-15,-4.276409872370266e-15,7.428811250853212e-16,0.0,0.0,-100.0,0.0,0.0,-100.0
1769450153.6305823,6.749960660934448,-4.995262145996094,-2.1744382449875523,-3.009002534721629e-15,-4.276409872370266e-15,7.428811250853212e-16,0.0,0.0,-100.0,0.0,0.0,-100.0
1769450153.6805668,6.749960660934448,-4.995262145996094,-2.1744382449875523,-3.3402138626357444e-15,-2.4742377146276815e-15,7.428811250853212e-16,0.0,0.0,-100.0,0.0,0.0,-100.0
1769450153.7305655,6.749960660934448,-4.995262145996094,-2.1744382449875523,-3.3402138626357444e-15,-2.4742377146276815e-15,7.428811250853212e-16,0.0,0.0,-100.0,0.0,0.0,-100.0
1769450153.7805638,6.749960660934448,-4.995262145996094,-2.1744382449875523,-3.6693946113159054e-15,-6.831142531436732e-16,7.428811250853212e-16,0.0,0.0,-100.0,0.0,0.0,-100.0
1769450153.8305256,6.749960660934448,-4.995262145996094,-2.1744382449875523,-3.6693946113159054e-15,-6.831142531436732e-16,7.428811250853212e-16,0.0,0.0,-100.0,0.0,0.0,-100.0
1769450153.8804872,6.749960660934448,-4.995262145996094,-2.1744382449875523,-3.9993583091556016e-15,1.1122693560385669e-15,7.428811250853212e-16,0.0,0.0,-100.0,0.0,0.0,-100.0
1769450153.9305456,6.749960660934448,-4.995262145996094,-2.1744382449875523,-3.9993583091556016e-15,1.1122693560385669e-15,7.428811250853212e-16,0.0,0.0,-100.0,0.0,0.0,-100.0
1769450153.9805086,6.749960660934448,-4.995262145996094,-2.1744382449875523,-4.329510994923867e-15,2.908681277824614e-15,7.428811250853212e-16,0.0,0.0,-100.0,0.0,0.0,-100.0
1769450154.030446,6.749960660934448,-4.995262145996094,-2.1744382449875523,-4.329510994923867e-15,2.908681277824614e-15,7.428811250853212e-16,0.0,0.0,-100.0,0.0,0.0,-100.0
1769450154.0805001,6.749960660934448,-4.995262145996094,-2.1744382449875523,-3.596364153061984e-15,3.97198856192945e-15,7.428811250853212e-16,0.0,0.0,-100.0,0.0,0.0,-100.0
1769450154.1304803,6.749960660934448,-4.995262145996094,-2.1744382449875523,-3.596364153061984e-15,3.97198856192945e-15,7.428811250853212e-16,0.0,0.0,-100.0,0.0,0.0,-100.0
1769450154.1805274,6.749960660934448,-4.995262145996094,-2.1744382449875523,-1.800024608426225e-15,4.302127945898576e-15,7.428811250853212e-16,0.0,0.0,-100.0,0.0,0.0,-100.0
1769450154.2304413,6.749960660934448,-4.995262145996094,-2.1744382449875523,-1.800024608426225e-15,4.302127945898576e-15,7.428811250853212e-16,0.0,0.0,-100.0,0.0,0.0,-100.0
1769450154.2804263,6.749960660934448,-4.995262145996094,-2.1744382449875523,-3.94287276355734e-18,4.63221994857177e-15,7.428811250853212e-16,0.0,0.0,-100.0,0.0,0.0,-100.0
1769450154.330516,6.749960660934448,-4.995262145996094,-2.1744382449875523,-3.94287276355734e-18,4.63221994857177e-15,7.428811250853212e-16,0.0,0.0,-100.0,0.0,0.0,-100.0
1769450154.3805134,6.749960660934448,-4.995262145996094,-2.1744382449875523,1.792329505085211e-15,4.962346988325824e-15,7.428811250853212e-16,0.0,0.0,-100.0,0.0,0.0,-100.0
1769450154.4305508,6.749960660934448,-4.995262145996094,-2.1744382449875523,1.792329505085211e-15,4.962346988325824e-15,7.428811250853212e-16,0.0,0.0,-100.0,0.0,0.0,-100.0
1769450154.4805193,6.749960660934448,-4.995262145996094,-2.1744382449875523,2.8556296817570893e-15,4.229205047015366e-15,7.428811250853212e-16,0.0,0.0,-100.0,0.0,0.0,-100.0
1769450154.530494,6.749960660934448,-4.995262145996094,-2.1744382449875523,2.8556296817570893e-15,4.229205047015366e-15,7.428811250853212e-16,0.0,0.0,-100.0,0.0,0.0,-100.0
1769450154.580511,6.749960660934448,-4.995262145996094,-2.1744382449875523,3.185674853826733e-15,2.433378123923212e-15,7.428811250853212e-16,0.0,0.0,-100.0,0.0,0.0,-100.0
1769450154.6305275,6.749960660934448,-4.995262145996094,-2.1744382449875523,3.185674853826733e-15,2.433378123923212e-15,7.428811250853212e-16,0.0,0.0,-100.0,0.0,0.0,-100.0
1769450154.6804435,6.749960660934448,-4.995262145996094,-2.1744382449875523,3.515844190748493e-15,6.368756006308381e-16,7.428811250853212e-16,0.0,0.0,-100.0,0.0,0.0,-100.0
1769450154.7306824,6.749960660934448,-4.995262145996094,-2.1744382449875523,3.515844190748493e-15,6.368756006308381e-16,7.428811250853212e-16,0.0,0.0,-100.0,0.0,0.0,-100.0
1769450154.7805872,6.749960660934448,-4.995262145996094,-2.1744382449875523,3.845944728827471e-15,-1.1592525774972962e-15,7.428811250853212e-16,0.0,0.0,-100.0,0.0,0.0,-100.0
1769450154.830549,6.749960660934448,-4.995262145996094,-2.1744382449875523,3.845944728827471e-15,-1.1592525774972962e-15,7.428811250853212e-16,0.0,0.0,-100.0,0.0,0.0,-100.0
1769450154.880513,6.749960660934448,-4.995262145996094,-2.1744382449875523,4.176086198893984e-15,-2.955603472912186e-15,7.428811250853212e-16,0.0,0.0,-100.0,0.0,0.0,-100.0
1769450154.9305656,6.749960660934448,-4.995262145996094,-2.1744382449875523,4.176086198893984e-15,-2.955603472912186e-15,7.428811250853212e-16,0.0,0.0,-100.0,0.0,0.0,-100.0
1769450154.9804215,6.749960660934448,-4.995262145996094,-2.1744382449875523,3.442963295501649e-15,-4.018876038257304e-15,7.428811250853212e-16,0.0,0.0,-100.0,0.0,0.0,-100.0
1769450155.0305226,6.749960660934448,-4.995262145996094,-2.1744382449875523,3.442963295501649e-15,-4.018876038257304e-15,7.428811250853212e-16,0.0,0.0,-100.0,0.0,0.0,-100.0
1769450155.0805168,6.749960660934448,-4.995262145996094,-2.1744382449875523,1.6467241256451325e-15,-4.348996974896756e-15,7.428811250853212e-16,0.0,0.0,-100.0,0.0,0.0,-100.0
1769450155.130467,6.749960660934448,-4.995262145996094,-2.1744382449875523,1.6467241256451325e-15,-4.348996974896756e-15,7.428811250853212e-16,0.0,0.0,-100.0,0.0,0.0,-100.0
1769450155.1805089,6.749960660934448,-4.995262145996094,-2.1744382449875523,-1.5006465670392404e-16,-4.679218921799135e-15,7.428811250853212e-16,0.0,0.0,-100.0,0.0,0.0,-100.0
1769450155.23059,6.749960660934448,-4.995262145996094,-2.1744382449875523,-1.5006465670392404e-16,-4.679218921799135e-15,7.428811250853212e-16,0.0,0.0,-100.0,0.0,0.0,-100.0
1769450155.2805612,6.749960660934448,-4.995262145996094,-2.1744382449875523,-1.9464986401491296e-15,-5.009375662158631e-15,7.428811250853212e-16,0.0,0.0,-100.0,0.0,0.0,-100.0
1769450155.330538,6.749960660934448,-4.995262145996094,-2.1744382449875523,-1.9464986401491296e-15,-5.009375662158631e-15,7.428811250853212e-16,0.0,0.0,-100.0,0.0,0.0,-100.0
1769450155.380556,6.749960660934448,-4.995262145996094,-2.1744382449875523,-3.009473797313482e-15,-4.276457820719442e-15,7.428811250853212e-16,0.0,0.0,-100.0,0.0,0.0,-100.0
1769450155.4305182,6.749960660934448,-4.995262145996094,-2.1744382449875523,-3.009473797313482e-15,-4.276457820719442e-15,7.428811250853212e-16,0.0,0.0,-100.0,0.0,0.0,-100.0
1769450155.4805243,6.749960660934448,-4.995262145996094,-2.1744382449875523,-3.3395867563616466e-15,-2.4802620581732855e-15,7.428811250853212e-16,0.0,0.0,-100.0,0.0,0.0,-100.0
1769450155.5305538,6.749960660934448,-4.995262145996094,-2.1744382449875523,-3.3395867563616466e-15,-2.4802620581732855e-15,7.428811250853212e-16,0.0,0.0,-100.0,0.0,0.0,-100.0
1769450155.5805852,6.749960660934448,-4.995262145996094,-2.1744382449875523,-3.6697571034412365e-15,-6.837540384556302e-16,7.428811250853212e-16,0.0,0.0,-100.0,0.0,0.0,-100.0
1769450155.6304934,6.749960660934448,-4.995262145996094,-2.1744382449875523,-3.6697571034412365e-15,-6.837540384556302e-16,7.428811250853212e-16,0.0,0.0,-100.0,0.0,0.0,-100.0
1769450155.6805787,6.749960660934448,-4.995262145996094,-2.1744382449875523,-3.9999368198694394e-15,1.1128049613396465e-15,7.428811250853212e-16,0.0,0.0,-100.0,0.0,0.0,-100.0
1769450155.7305908,6.749960660934448,-4.995262145996094,-2.1744382449875523,-3.9999368198694394e-15,1.1128049613396465e-15,7.428811250853212e-16,0.0,0.0,-100.0,0.0,0.0,-100.0
1769450155.7805548,6.749960660934448,-4.995262145996094,-2.1744382449875523,-4.330008261841582e-15,2.9087748230419274e-15,7.428811250853212e-16,0.0,0.0,-100.0,0.0,0.0,-100.0
1769450155.830582,6.749960660934448,-4.995262145996094,-2.1744382449875523,-4.330008261841582e-15,2.9087748230419274e-15,7.428811250853212e-16,0.0,0.0,-100.0,0.0,0.0,-100.0
1769450155.8805652,6.749960660934448,-4.995262145996094,-2.1744382449875523,-3.596928943716646e-15,3.971984175222017e-15,7.428811250853212e-16,0.0,0.0,-100.0,0.0,0.0,-100.0
1769450155.930484,6.749960660934448,-4.995262145996094,-2.1744382449875523,-3.596928943716646e-15,3.971984175222017e-15,7.428811250853212e-16,0.0,0.0,-100.0,0.0,0.0,-100.0
1769450155.9805346,6.749960660934448,-4.995262145996094,-2.1744382449875523,-1.800777315924463e-15,4.3020890229860245e-15,7.428811250853212e-16,0.0,0.0,-100.0,0.0,0.0,-100.0
1769450156.0304282,6.749960660934448,-4.995262145996094,-2.1744382449875523,-1.800777315924463e-15,4.3020890229860245e-15,7.428811250853212e-16,0.0,0.0,-100.0,0.0,0.0,-100.0
1769450156.080542,6.749960660934448,-4.995262145996094,-2.1744382449875523,-3.903104174108936e-18,4.632326670489106e-15,7.428811250853212e-16,0.0,0.0,-100.0,0.0,0.0,-100.0
1769450156.130532,6.749960660934448,-4.995262145996094,-2.1744382449875523,-3.903104174108936e-18,4.632326670489106e-15,7.428811250853212e-16,0.0,0.0,-100.0,0.0,0.0,-100.0
1769450156.1804988,6.749960660934448,-4.995262145996094,-2.1744382449875523,1.792163741647011e-15,4.96241593664006e-15,7.428811250853212e-16,0.0,0.0,-100.0,0.0,0.0,-100.0
1769450156.2304966,6.749960660934448,-4.995262145996094,-2.1744382449875523,1.792163741647011e-15,4.96241593664006e-15,7.428811250853212e-16,0.0,0.0,-100.0,0.0,0.0,-100.0
1769450156.2805321,6.749960660934448,-4.995262145996094,-2.1744382449875523,2.855794785697491e-15,4.2290458633706444e-15,7.428811250853212e-16,0.0,0.0,-100.0,0.0,0.0,-100.0
1769450156.3304908,6.749960660934448,-4.995262145996094,-2.1744382449875523,2.855794785697491e-15,4.2290458633706444e-15,7.428811250853212e-16,0.0,0.0,-100.0,0.0,0.0,-100.0
1769450156.3805501,6.749960660934448,-4.995262145996094,-2.1744382449875523,3.1857884392576014e-15,2.4334992604718658e-15,7.428811250853212e-16,0.0,0.0,-100.0,0.0,0.0,-100.0
1769450156.4305978,6.749960660934448,-4.995262145996094,-2.1744382449875523,3.1857884392576014e-15,2.4334992604718658e-15,7.428811250853212e-16,0.0,0.0,-100.0,0.0,0.0,-100.0
1769450156.4804704,6.749960660934448,-4.995262145996094,-2.1744382449875523,3.51590229832953e-15,6.37298600756945e-16,7.428811250853212e-16,0.0,0.0,-100.0,0.0,0.0,-100.0
1769450156.530753,6.749960660934448,-4.995262145996094,-2.1744382449875523,3.51590229832953e-15,6.37298600756945e-16,7.428811250853212e-16,0.0,0.0,-100.0,0.0,0.0,-100.0
1769450156.5804858,6.749960660934448,-4.995262145996094,-2.1744382449875523,3.846050317961819e-15,-1.1590879318602153e-15,7.428811250853212e-16,0.0,0.0,-100.0,0.0,0.0,-100.0
1769450156.6304934,6.749960660934448,-4.995262145996094,-2.1744382449875523,3.846050317961819e-15,-1.1590879318602153e-15,7.428811250853212e-16,0.0,0.0,-100.0,0.0,0.0,-100.0
1769450156.6805413,6.749960660934448,-4.995262145996094,-2.1744382449875523,4.176217375167964e-15,-2.95557805086668e-15,7.428811250853212e-16,0.0,0.0,-100.0,0.0,0.0,-100.0
1769450156.7305007,6.749960660934448,-4.995262145996094,-2.1744382449875523,4.176217375167964e-15,-2.95557805086668e-15,7.428811250853212e-16,0.0,0.0,-100.0,0.0,0.0,-100.0
1769450156.7805183,6.749960660934448,-4.995262145996094,-2.1744382449875523,3.4430980132881023e-15,-4.018845479838298e-15,7.428811250853212e-16,0.0,0.0,-100.0,0.0,0.0,-100.0
1769450156.8305047,6.749960660934448,-4.995262145996094,-2.1744382449875523,3.4430980132881023e-15,-4.018845479838298e-15,7.428811250853212e-16,0.0,0.0,-100.0,0.0,0.0,-100.0
1769450156.8805716,6.749960660934448,-4.995262145996094,-2.1744382449875523,1.646757035162879e-15,-4.348985127260583e-15,7.428811250853212e-16,0.0,0.0,-100.0,0.0,0.0,-100.0
1769450156.930577,6.749960660934448,-4.995262145996094,-2.1744382449875523,1.646757035162879e-15,-4.348985127260583e-15,7.428811250853212e-16,0.0,0.0,-100.0,0.0,0.0,-100.0
1769450156.9804466,6.749960660934448,-4.995262145996094,-2.1744382449875523,-1.4906101024128683e-16,-4.679028667748686e-15,7.428811250853212e-16,0.0,0.0,-100.0,0.0,0.0,-100.0
1769450157.0305207,6.749960660934448,-4.995262145996094,-2.1744382449875523,-1.4906101024128683e-16,-4.679028667748686e-15,7.428811250853212e-16,0.0,0.0,-100.0,0.0,0.0,-100.0
1769450157.0805254,6.749960660934448,-4.995262145996094,-2.1744382449875523,-1.945734441950981e-15,-5.009229414990269e-15,7.428811250853212e-16,0.0,0.0,-100.0,0.0,0.0,-100.0
1769450157.130505,6.749960660934448,-4.995262145996094,-2.1744382449875523,-1.945734441950981e-15,-5.009229414990269e-15,7.428811250853212e-16,0.0,0.0,-100.0,0.0,0.0,-100.0
1769450157.1805723,6.749960660934448,-4.995262145996094,-2.1744382449875523,-3.0087921280448072e-15,-4.27625467012823e-15,7.428811250853212e-16,0.0,0.0,-100.0,0.0,0.0,-100.0
1769450157.2305214,6.749960660934448,-4.995262145996094,-2.1744382449875523,-3.0087921280448072e-15,-4.27625467012823e-15,7.428811250853212e-16,0.0,0.0,-100.0,0.0,0.0,-100.0
1769450157.2804375,6.749960660934448,-4.995262145996094,-2.1744382449875523,-3.3389601670338255e-15,-2.4797592090890235e-15,7.428811250853212e-16,0.0,0.0,-100.0,0.0,0.0,-100.0
1769450157.330533,6.749960660934448,-4.995262145996094,-2.1744382449875523,-3.3389601670338255e-15,-2.4797592090890235e-15,7.428811250853212e-16,0.0,0.0,-100.0,0.0,0.0,-100.0
1769450157.3805444,6.749960660934448,-4.995262145996094,-2.1744382449875523,-3.669028658436831e-15,-6.838054018906231e-16,7.428811250853212e-16,0.0,0.0,-100.0,0.0,0.0,-100.0
1769450157.430439,6.749960660934448,-4.995262145996094,-2.1744382449875523,-3.669028658436831e-15,-6.838054018906231e-16,7.428811250853212e-16,0.0,0.0,-100.0,0.0,0.0,-100.0
1769450157.480524,6.749960660934448,-4.995262145996094,-2.1744382449875523,-3.999219357790391e-15,1.1128133577033725e-15,7.428811250853212e-16,0.0,0.0,-100.0,0.0,0.0,-100.0
1769450157.530523,6.749960660934448,-4.995262145996094,-2.1744382449875523,-3.999219357790391e-15,1.1128133577033725e-15,7.428811250853212e-16,0.0,0.0,-100.0,0.0,0.0,-100.0
1769450157.5805378,6.749960660934448,-4.995262145996094,-2.1744382449875523,-4.329308153520476e-15,2.908877643891653e-15,7.428811250853212e-16,0.0,0.0,-100.0,0.0,0.0,-100.0
1769450157.6305285,6.749960660934448,-4.995262145996094,-2.1744382449875523,-4.329308153520476e-15,2.908877643891653e-15,7.428811250853212e-16,0.0,0.0,-100.0,0.0,0.0,-100.0
1769450157.6804695,6.749960660934448,-4.995262145996094,-2.1744382449875523,-3.593312014043776e-15,3.976317359230488e-15,7.428811250853212e-16,0.0,0.0,-100.0,0.0,0.0,-100.0
1769450157.7304964,6.749960660934448,-4.995262145996094,-2.1744382449875523,-3.593312014043776e-15,3.976317359230488e-15,7.428811250853212e-16,0.0,0.0,-100.0,0.0,0.0,-100.0
1769450157.7805302,6.749960660934448,-4.995262145996094,-2.1744382449875523,-1.802868838295127e-15,4.305373081929751e-15,7.428811250853212e-16,0.0,0.0,-100.0,0.0,0.0,-100.0
1769450157.8305266,6.749960660934448,-4.995262145996094,-2.1744382449875523,-1.802868838295127e-15,4.305373081929751e-15,7.428811250853212e-16,0.0,0.0,-100.0,0.0,0.0,-100.0
1769450157.880529,6.749960660934448,-4.995262145996094,-2.1744382449875523,-7.739026081131683e-18,4.635290135817863e-15,7.428811250853212e-16,0.0,0.0,-100.0,0.0,0.0,-100.0
1769450157.9305277,6.749960660934448,-4.995262145996094,-2.1744382449875523,-7.739026081131683e-18,4.635290135817863e-15,7.428811250853212e-16,0.0,0.0,-100.0,0.0,0.0,-100.0
1769450157.9805589,6.749960660934448,-4.995262145996094,-2.1744382449875523,1.788862418582838e-15,4.965477652955483e-15,7.428811250853212e-16,0.0,0.0,-100.0,0.0,0.0,-100.0
1769450158.0305548,6.749960660934448,-4.995262145996094,-2.1744382449875523,1.788862418582838e-15,4.965477652955483e-15,7.428811250853212e-16,0.0,0.0,-100.0,0.0,0.0,-100.0
1769450158.0804968,6.749960660934448,-4.995262145996094,-2.1744382449875523,2.852254094747414e-15,4.2322726230486184e-15,7.428811250853212e-16,0.0,0.0,-100.0,0.0,0.0,-100.0
1769450158.1305623,6.749960660934448,-4.995262145996094,-2.1744382449875523,2.852254094747414e-15,4.2322726230486184e-15,7.428811250853212e-16,0.0,0.0,-100.0,0.0,0.0,-100.0
1769450158.1804576,6.749960660934448,-4.995262145996094,-2.1744382449875523,3.182393332323518e-15,2.435933874959977e-15,7.428811250853212e-16,0.0,0.0,-100.0,0.0,0.0,-100.0
1769450158.2305694,6.749960660934448,-4.995262145996094,-2.1744382449875523,3.182393332323518e-15,2.435933874959977e-15,7.428811250853212e-16,0.0,0.0,-100.0,0.0,0.0,-100.0
1769450158.2805352,6.749960660934448,-4.995262145996094,-2.1744382449875523,3.5125180585235313e-15,6.396740855172412e-16,7.428811250853212e-16,0.0,0.0,-100.0,0.0,0.0,-100.0
1769450158.3304503,6.749960660934448,-4.995262145996094,-2.1744382449875523,3.5125180585235313e-15,6.396740855172412e-16,7.428811250853212e-16,0.0,0.0,-100.0,0.0,0.0,-100.0
1769450158.380459,6.749960660934448,-4.995262145996094,-2.1744382449875523,3.842619884696139e-15,-1.1564611013279263e-15,7.428811250853212e-16,0.0,0.0,-100.0,0.0,0.0,-100.0
1769450158.4305563,6.749960660934448,-4.995262145996094,-2.1744382449875523,3.842619884696139e-15,-1.1564611013279263e-15,7.428811250853212e-16,0.0,0.0,-100.0,0.0,0.0,-100.0
1769450158.4805279,6.749960660934448,-4.995262145996094,-2.1744382449875523,4.172690913052414e-15,-2.9524287124821784e-15,7.428811250853212e-16,0.0,0.0,-100.0,0.0,0.0,-100.0
